PMID,Title,Authors,Citation,First Author,Journal/Book,Publication Year,Create Date,PMCID,NIHMS ID,DOI
"38925291","Heart rate variability for neuro-prognostication after CA: Insight from the Parisian registry","Benghanem S, Sharshar T, Gavaret M, Dumas F, Diehl JL, Brechot N, Picard F, Candia-Rivera D, Le MP, Pène F, Cariou A, Hermann B.","Resuscitation. 2024 Jun 24:110294. doi: 10.1016/j.resuscitation.2024.110294. Online ahead of print.","Benghanem S","Resuscitation","2024","2024/06/26","","","10.1016/j.resuscitation.2024.110294"
"38860229","Heartbeat evoked potentials and autonomic arousal during dissociative seizures: insights from electrophysiology and neuroimaging","Flasbeck V, Jungilligens J, Lemke I, Beckers J, Öztürk H, Wellmer J, Seliger C, Juckel G, Popkirov S.","BMJ Neurol Open. 2024 Jun 5;6(1):e000665. doi: 10.1136/bmjno-2024-000665. eCollection 2024.","Flasbeck V","BMJ Neurol Open","2024","2024/06/11","PMC11163632","","10.1136/bmjno-2024-000665"
"38839034","Intranasal Oxytocin Improves Interoceptive Accuracy and Heartbeat-Evoked Potentials During a Cardiac Interoceptive Task","Zhou M, Cheng L, Zhou Y, Zhu S, Zhang Y, Kendrick KM, Yao S.","Biol Psychiatry Cogn Neurosci Neuroimaging. 2024 Jun 3:S2451-9022(24)00137-X. doi: 10.1016/j.bpsc.2024.05.004. Online ahead of print.","Zhou M","Biol Psychiatry Cogn Neurosci Neuroimaging","2024","2024/06/05","","","10.1016/j.bpsc.2024.05.004"
"38797841","A neurophysiological profiling of the heartbeat-evoked potential in severe acquired brain injuries: A focus on unconsciousness","Liuzzi P, Cassioli T, Secci S, Hakiki B, Scarpino M, Burali R, di Palma A, Toci T, Grippo A, Cecchi F, Frosini A, Mannini A.","Eur J Neurosci. 2024 May 26. doi: 10.1111/ejn.16394. Online ahead of print.","Liuzzi P","Eur J Neurosci","2024","2024/05/26","","","10.1111/ejn.16394"
"38738870","BrainBeats as an Open-Source EEGLAB Plugin to Jointly Analyze EEG and Cardiovascular Signals","Cannard C, Wahbeh H, Delorme A.","J Vis Exp. 2024 Apr 26;(206). doi: 10.3791/65829.","Cannard C","J Vis Exp","2024","2024/05/13","","","10.3791/65829"
"38732499","Electrophysiological Characteristics of Inhibitive Control for Adults with Different Physiological or Psychological Obesity","Guo J, Wan X, Lian J, Ma H, Dong D, Liu Y, Zhao J.","Nutrients. 2024 Apr 23;16(9):1252. doi: 10.3390/nu16091252.","Guo J","Nutrients","2024","2024/05/11","PMC11085209","","10.3390/nu16091252"
"38623333","Attention to cardiac sensations enhances the heartbeat-evoked potential during exhalation","Zaccaro A, Della Penna F, Mussini E, Parrotta E, Perrucci MG, Costantini M, Ferri F.","iScience. 2024 Mar 27;27(4):109586. doi: 10.1016/j.isci.2024.109586. eCollection 2024 Apr 19.","Zaccaro A","iScience","2024","2024/04/16","PMC11016802","","10.1016/j.isci.2024.109586"
"38559271","Low-intensity focused ultrasound to the human insular cortex differentially modulates the heartbeat-evoked potential: a proof-of-concept study","Strohman A, Isaac G, Payne B, Verdonk C, Khalsa SS, Legon W.","bioRxiv [Preprint]. 2024 Mar 13:2024.03.08.584152. doi: 10.1101/2024.03.08.584152.","Strohman A","bioRxiv","2024","2024/04/01","PMC10979877","","10.1101/2024.03.08.584152"
"38520130","Triggered by your heart: Effects of cardioafferent traffic and stress on automatic responses in a Simon task","von Haugwitz L, Wascher E, Larra MF.","Psychophysiology. 2024 Aug;61(8):e14572. doi: 10.1111/psyp.14572. Epub 2024 Mar 22.","von Haugwitz L","Psychophysiology","2024","2024/03/23","","","10.1111/psyp.14572"
"38518888","Delving into the relationship between regular physical exercise and cardiac interoception in two cross-sectional studies","Yoris AE, Cira LF, Luque-Casado A, Salvotti C, Tajadura-Jiménez A, Avancini C, Zarza-Rebollo JA, Sanabria D, Perakakis P.","Neuropsychologia. 2024 Jun 6;198:108867. doi: 10.1016/j.neuropsychologia.2024.108867. Epub 2024 Mar 20.","Yoris AE","Neuropsychologia","2024","2024/03/22","","","10.1016/j.neuropsychologia.2024.108867"
"38467585","Unpredictable threat increases early event-related potential amplitudes and cardiac acceleration: A brain-heart coupling study","Gerpheide K, Unterschemmann SL, Panitz C, Bierwirth P, Gross JJ, Mueller EM.","Psychophysiology. 2024 Jul;61(7):e14563. doi: 10.1111/psyp.14563. Epub 2024 Mar 11.","Gerpheide K","Psychophysiology","2024","2024/03/11","","","10.1111/psyp.14563"
"38403782","Exploring the neural underpinnings of chord prediction uncertainty: an electroencephalography (EEG) study","Ono K, Mizuochi R, Yamamoto K, Sasaoka T, Ymawaki S.","Sci Rep. 2024 Feb 26;14(1):4586. doi: 10.1038/s41598-024-55366-1.","Ono K","Sci Rep","2024","2024/02/25","PMC10894873","","10.1038/s41598-024-55366-1"
"38396068","Cardio-audio synchronization elicits neural and cardiac surprise responses in human wakefulness and sleep","Pelentritou A, Pfeiffer C, Schwartz S, De Lucia M.","Commun Biol. 2024 Feb 23;7(1):226. doi: 10.1038/s42003-024-05895-2.","Pelentritou A","Commun Biol","2024","2024/02/23","PMC10891147","","10.1038/s42003-024-05895-2"
"38369098","Aberrant heartbeat-evoked potential in schizophrenia","Koreki A, Ogyu K, Miyazaki T, Takenouchi K, Matsushita K, Honda S, Koizumi T, Onaya M, Uchida H, Mimura M, Nakajima S, Noda Y.","Prog Neuropsychopharmacol Biol Psychiatry. 2024 Jun 8;132:110969. doi: 10.1016/j.pnpbp.2024.110969. Epub 2024 Feb 16.","Koreki A","Prog Neuropsychopharmacol Biol Psychiatry","2024","2024/02/18","","","10.1016/j.pnpbp.2024.110969"
"38318683","Interoception as a function of hypnotizability during rest and a heartbeat counting task","Giusti G, Zelič Ž, Callara AL, Sebastiani L, Santarcangelo EL.","Psychophysiology. 2024 Jun;61(6):e14535. doi: 10.1111/psyp.14535. Epub 2024 Feb 6.","Giusti G","Psychophysiology","2024","2024/02/06","","","10.1111/psyp.14535"
"38314779","Noninvasive neuromodulation of subregions of the human insula differentially affect pain processing and heart-rate variability: a within-subjects pseudo-randomized trial","Legon W, Strohman A, In A, Payne B.","Pain. 2024 Jul 1;165(7):1625-1641. doi: 10.1097/j.pain.0000000000003171. Epub 2024 Feb 1.","Legon W","Pain","2024","2024/02/05","PMC11189760","NIHMS1950367","10.1097/j.pain.0000000000003171"
"38291167","Heartbeat-evoked neural response abnormalities in generalized anxiety disorder during peripheral adrenergic stimulation","Verdonk C, Teed AR, White EJ, Ren X, Stewart JL, Paulus MP, Khalsa SS.","Neuropsychopharmacology. 2024 Jul;49(8):1246-1254. doi: 10.1038/s41386-024-01806-5. Epub 2024 Jan 30.","Verdonk C","Neuropsychopharmacology","2024","2024/01/30","PMC11224228","","10.1038/s41386-024-01806-5"
"38243640","Aberrant brain-heart coupling is associated with the severity of post cardiac arrest brain injury","Hermann B, Candia-Rivera D, Sharshar T, Gavaret M, Diehl JL, Cariou A, Benghanem S.","Ann Clin Transl Neurol. 2024 Apr;11(4):866-882. doi: 10.1002/acn3.52000. Epub 2024 Jan 19.","Hermann B","Ann Clin Transl Neurol","2024","2024/01/20","PMC11021613","","10.1002/acn3.52000"
"38232584","Cost-benefit analysis of intraoperative neuromonitoring for cardiac surgery","Jain B, Rahim FO, Thirumala PD, McGarvey ML, Balzer J, Nogueira RG, van der Goes DN, de Havenon A, Sultan I, Ney J.","J Stroke Cerebrovasc Dis. 2024 Mar;33(3):107576. doi: 10.1016/j.jstrokecerebrovasdis.2024.107576. Epub 2024 Jan 12.","Jain B","J Stroke Cerebrovasc Dis","2024","2024/01/17","","","10.1016/j.jstrokecerebrovasdis.2024.107576"
"38187733","Neural Interoceptive Processing is Modulated by Deep Brain Stimulation for Treatment Resistant Depression","Xu E, Pitts S, Dahill-Fuchel J, Scherrer S, Nauvel T, Overton JG, Riva-Posse P, Crowell A, Figee M, Alagapan S, Rozell C, Choi KS, Mayberg HS, Waters AC.","bioRxiv [Preprint]. 2023 Dec 20:2023.12.15.571885. doi: 10.1101/2023.12.15.571885.","Xu E","bioRxiv","2023","2024/01/08","PMC10769181","","10.1101/2023.12.15.571885"
"38182418","Low-Intensity Focused Ultrasound to the Human Dorsal Anterior Cingulate Attenuates Acute Pain Perception and Autonomic Responses","Strohman A, Payne B, In A, Stebbins K, Legon W.","J Neurosci. 2024 Feb 21;44(8):e1011232023. doi: 10.1523/JNEUROSCI.1011-23.2023.","Strohman A","J Neurosci","2024","2024/01/05","PMC10883612","","10.1523/JNEUROSCI.1011-23.2023"
"38015826","Cardiac activity impacts cortical motor excitability","Al E, Stephani T, Engelhardt M, Haegens S, Villringer A, Nikulin VV.","PLoS Biol. 2023 Nov 28;21(11):e3002393. doi: 10.1371/journal.pbio.3002393. eCollection 2023 Nov.","Al E","PLoS Biol","2023","2023/11/28","PMC10684011","","10.1371/journal.pbio.3002393"
"38009624","Cardiac interoception in Anorexia Nervosa: A resting-state heartbeat-evoked potential study","Cambi S, Solcà M, Micali N, Berchio C.","Eur Eat Disord Rev. 2024 May;32(3):417-430. doi: 10.1002/erv.3049. Epub 2023 Nov 27.","Cambi S","Eur Eat Disord Rev","2024","2023/11/27","","","10.1002/erv.3049"
"37920446","Time-varying information measures: an adaptive estimation of information storage with application to brain-heart interactions","Antonacci Y, Barà C, Zaccaro A, Ferri F, Pernice R, Faes L.","Front Netw Physiol. 2023 Oct 18;3:1242505. doi: 10.3389/fnetp.2023.1242505. eCollection 2023.","Antonacci Y","Front Netw Physiol","2023","2023/11/03","PMC10619917","","10.3389/fnetp.2023.1242505"
"37888955","Conscious processing of global and local auditory irregularities causes differentiated heartbeat-evoked responses","Candia-Rivera D, Raimondo F, Pérez P, Naccache L, Tallon-Baudry C, Sitt JD.","Elife. 2023 Oct 27;12:e75352. doi: 10.7554/eLife.75352.","Candia-Rivera D","Elife","2023","2023/10/27","PMC10651171","","10.7554/eLife.75352"
"37775030","Elevated EEG heartbeat-evoked potentials in adolescents with more ADHD symptoms","Rapp L, Mai-Lippold SA, Georgiou E, Pollatos O.","Biol Psychol. 2023 Nov;184:108698. doi: 10.1016/j.biopsycho.2023.108698. Epub 2023 Sep 28.","Rapp L","Biol Psychol","2023","2023/09/29","","","10.1016/j.biopsycho.2023.108698"
"37752179","Ictogenesis proceeds through discrete phases in hippocampal CA1 seizures in mice","Mueller JS, Tescarollo FC, Huynh T, Brenner DA, Valdivia DJ, Olagbegi K, Sangappa S, Chen SC, Sun H.","Nat Commun. 2023 Sep 26;14(1):6010. doi: 10.1038/s41467-023-41711-x.","Mueller JS","Nat Commun","2023","2023/09/26","PMC10522592","","10.1038/s41467-023-41711-x"
"37597447","The development of the relationship between auditory and visual neural sensitivity and autonomic arousal from 6 m to 12 m","Daubney K, Suata Z, Marriott Haresign I, Thomas M, Kushnerenko E, Wass SV.","Dev Cogn Neurosci. 2023 Oct;63:101289. doi: 10.1016/j.dcn.2023.101289. Epub 2023 Aug 9.","Daubney K","Dev Cogn Neurosci","2023","2023/08/19","PMC10458697","","10.1016/j.dcn.2023.101289"
"37496524","Effect of aerobic exercise training on EEG: event-related potential and neuropsychological functions in depressed elderly with mild cognitive impairment","Khan Z, Saif A, Chaudhry N, Parveen A.","Dement Neuropsychol. 2023 Jul 17;17:e20220082. doi: 10.1590/1980-5764-DN-2022-0082. eCollection 2023.","Khan Z","Dement Neuropsychol","2023","2023/07/27","PMC10367970","","10.1590/1980-5764-DN-2022-0082"
"37490801","Modulation of heartbeat-evoked potential and cardiac cycle effect by auditory stimuli","Tanaka Y, Ito Y, Terasawa Y, Umeda S.","Biol Psychol. 2023 Sep;182:108637. doi: 10.1016/j.biopsycho.2023.108637. Epub 2023 Jul 23.","Tanaka Y","Biol Psychol","2023","2023/07/25","","","10.1016/j.biopsycho.2023.108637"
"37455508","Reduced Heartbeat-Evoked Responses in a Near-Death Case Report","Candia-Rivera D, Machado C.","J Clin Neurol. 2023 Nov;19(6):581-588. doi: 10.3988/jcn.2022.0415. Epub 2023 Jun 1.","Candia-Rivera D","J Clin Neurol","2023","2023/07/17","PMC10622722","","10.3988/jcn.2022.0415"
"37421217","Cardiac interoception in infants: Behavioral and neurophysiological measures in various emotional and self-related contexts","Weijs ML, Daum MM, Lenggenhager B.","Psychophysiology. 2023 Dec;60(12):e14386. doi: 10.1111/psyp.14386. Epub 2023 Jul 8.","Weijs ML","Psychophysiology","2023","2023/07/08","","","10.1111/psyp.14386"
"37405324","Increased neurocardiological interplay after mindfulness meditation: a brain oscillation-based approach","Gao J, Sun R, Leung HK, Roberts A, Wu BWY, Tsang EW, Tang ACW, Sik HH.","Front Hum Neurosci. 2023 Jun 19;17:1008490. doi: 10.3389/fnhum.2023.1008490. eCollection 2023.","Gao J","Front Hum Neurosci","2023","2023/07/05","PMC10315629","","10.3389/fnhum.2023.1008490"
"37398268","Heartbeat-evoked neural response abnormalities in generalized anxiety disorder during peripheral adrenergic stimulation","Verdonk C, Teed AR, White EJ, Ren X, Stewart JL, Paulus MP, Khalsa SS.","medRxiv [Preprint]. 2023 Dec 22:2023.06.09.23291166. doi: 10.1101/2023.06.09.23291166.","Verdonk C","medRxiv","2023","2023/07/03","PMC10312828","","10.1101/2023.06.09.23291166"
"37382151","Multidimensional assessment of heartbeat-evoked responses in disorders of consciousness","Candia-Rivera D, Machado C.","Eur J Neurosci. 2023 Aug;58(4):3098-3110. doi: 10.1111/ejn.16079. Epub 2023 Jun 29.","Candia-Rivera D","Eur J Neurosci","2023","2023/06/29","","","10.1111/ejn.16079"
"37271351","No Evidence That Working Memory Modulates the Plasticity of the Nociceptive System, as Measured by Secondary Mechanical Hypersensitivity","Meyers E, Alves M, Teugels A, Torta DM.","J Pain. 2023 Nov;24(11):1931-1945. doi: 10.1016/j.jpain.2023.05.016. Epub 2023 Jun 2.","Meyers E","J Pain","2023","2023/06/04","","","10.1016/j.jpain.2023.05.016"
"37230745","Changes in the heartbeat-evoked potential are associated with functional seizures","Elkommos S, Martin-Lopez D, Koreki A, Jolliffe C, Kandasamy R, Mula M, Critchley HD, Edwards MJ, Garfinkel S, Richardson MP, Yogarajah M.","J Neurol Neurosurg Psychiatry. 2023 Sep;94(9):769-775. doi: 10.1136/jnnp-2022-330167. Epub 2023 May 25.","Elkommos S","J Neurol Neurosurg Psychiatry","2023","2023/05/25","","","10.1136/jnnp-2022-330167"
"37205396","Non-invasive neuromodulation of sub-regions of the human insula differentially affect pain processing and heart-rate variability","Legon W, Strohman A, In A, Stebbins K, Payne B.","bioRxiv [Preprint]. 2023 May 5:2023.05.05.539593. doi: 10.1101/2023.05.05.539593.","Legon W","bioRxiv","2023","2023/05/19","PMC10187309","","10.1101/2023.05.05.539593"
"37141936","Towards optimizing single pulse electrical stimulation: High current intensity, short pulse width stimulation most effectively elicits evoked potentials","Hays MA, Kamali G, Koubeissi MZ, Sarma SV, Crone NE, Smith RJ, Kang JY.","Brain Stimul. 2023 May-Jun;16(3):772-782. doi: 10.1016/j.brs.2023.04.023. Epub 2023 May 2.","Hays MA","Brain Stimul","2023","2023/05/04","PMC10330807","NIHMS1910690","10.1016/j.brs.2023.04.023"
"37078023","Enhanced external counterpulsation modulates the heartbeat evoked potential","Liu H, Liang H, Yu X, Wang G, Han Y, Yan M, Li S, Wang W.","Front Physiol. 2023 Apr 3;14:1144073. doi: 10.3389/fphys.2023.1144073. eCollection 2023.","Liu H","Front Physiol","2023","2023/04/20","PMC10106756","","10.3389/fphys.2023.1144073"
"37070749","Modulation of the heartbeat evoked cortical potential by hypnotizability and hypnosis","Callara AL, Fontanelli L, Belcari I, Rho G, Greco A, Zelič Ž, Sebastiani L, Santarcangelo EL.","Psychophysiology. 2023 Sep;60(9):e14309. doi: 10.1111/psyp.14309. Epub 2023 Apr 18.","Callara AL","Psychophysiology","2023","2023/04/18","","","10.1111/psyp.14309"
"36927872","Heartbeat-Evoked Potential in Major Depressive Disorder: A Biomarker for Differential Treatment Prediction between Venlafaxine and rTMS?","Zwienenberg L, van Dijk H, Enriquez-Geppert S, van der Vinne N, Gevirtz R, Gordon E, Sack AT, Arns M.","Neuropsychobiology. 2023;82(3):158-167. doi: 10.1159/000529308. Epub 2023 Mar 16.","Zwienenberg L","Neuropsychobiology","2023","2023/03/17","","","10.1159/000529308"
"36841904","Autonomous sensory meridian response is associated with a larger heartbeat-evoked potential amplitude without differences in interoceptive awareness","Villena-Gonzalez M, Rojas-Thomas F, Morales-Torres R, López V.","Psychophysiology. 2023 Jun;60(6):e14277. doi: 10.1111/psyp.14277. Epub 2023 Feb 25.","Villena-Gonzalez M","Psychophysiology","2023","2023/02/25","","","10.1111/psyp.14277"
"36610678","Whose emotion is it? Perspective matters to understand brain-body interactions in emotions","Engelen T, Buot A, Grèzes J, Tallon-Baudry C.","Neuroimage. 2023 Mar;268:119867. doi: 10.1016/j.neuroimage.2023.119867. Epub 2023 Jan 5.","Engelen T","Neuroimage","2023","2023/01/07","PMC9926012","","10.1016/j.neuroimage.2023.119867"
"36572348","Psychophysiological mechanisms underlying the effects of outdoor green and virtual green exercise during self-paced walking","Mavrantza AM, Bigliassi M, Calogiuri G.","Int J Psychophysiol. 2023 Feb;184:39-50. doi: 10.1016/j.ijpsycho.2022.12.006. Epub 2022 Dec 23.","Mavrantza AM","Int J Psychophysiol","2023","2022/12/26","","","10.1016/j.ijpsycho.2022.12.006"
"36535320","Dual interaction between heartbeat-evoked responses and stimuli","Zhang Y, Zhang J, Xie M, Ding N, Zhang Y, Qin P.","Neuroimage. 2023 Feb 1;266:119817. doi: 10.1016/j.neuroimage.2022.119817. Epub 2022 Dec 16.","Zhang Y","Neuroimage","2023","2022/12/19","","","10.1016/j.neuroimage.2022.119817"
"36325884","The effect of inherently threatening contexts on visuocortical engagement to conditioned threat","Stegmann Y, Andreatta M, Wieser MJ.","Psychophysiology. 2023 Apr;60(4):e14208. doi: 10.1111/psyp.14208. Epub 2022 Nov 3.","Stegmann Y","Psychophysiology","2023","2022/11/03","","","10.1111/psyp.14208"
"36265997","Attenuation of the Heartbeat-Evoked Potential in Patients With Atrial Fibrillation","Kumral D, Al E, Cesnaite E, Kornej J, Sander C, Hensch T, Zeynalova S, Tautenhahn S, Hagendorf A, Laufs U, Wachter R, Nikulin V, Villringer A.","JACC Clin Electrophysiol. 2022 Oct;8(10):1219-1230. doi: 10.1016/j.jacep.2022.06.019. Epub 2022 Aug 31.","Kumral D","JACC Clin Electrophysiol","2022","2022/10/20","","","10.1016/j.jacep.2022.06.019"
"36161147","Effects of 24-h acute total sleep deprivation on physiological coupling in healthy young adults","Liu H, Yu X, Wang G, Han Y, Wang W.","Front Neurosci. 2022 Sep 8;16:952329. doi: 10.3389/fnins.2022.952329. eCollection 2022.","Liu H","Front Neurosci","2022","2022/09/26","PMC9493191","","10.3389/fnins.2022.952329"
"36087362","Exploring the interplay between mechanisms of neuroplasticity and cardiovascular health in aging adults: A multiple linear regression analysis study","Cabral DF, Bigliassi M, Cattaneo G, Rundek T, Pascual-Leone A, Cahalin LP, Gomes-Osman J.","Auton Neurosci. 2022 Nov;242:103023. doi: 10.1016/j.autneu.2022.103023. Epub 2022 Sep 7.","Cabral DF","Auton Neurosci","2022","2022/09/10","PMC11012134","NIHMS1979150","10.1016/j.autneu.2022.103023"
"36034270","Dynamic coupling between the central and autonomic cardiac nervous systems in patients with refractory epilepsy: A pilot study","Melo E, Fiel J, Milhomens R, Ribeiro T, Navegantes R, Gomes F, Duarte Gomes B, Pereira A.","Front Neurol. 2022 Aug 10;13:904052. doi: 10.3389/fneur.2022.904052. eCollection 2022.","Melo E","Front Neurol","2022","2022/08/29","PMC9400810","","10.3389/fneur.2022.904052"
"35964864","Brain-heart interactions are modulated across the respiratory cycle via interoceptive attention","Zaccaro A, Perrucci MG, Parrotta E, Costantini M, Ferri F.","Neuroimage. 2022 Nov 15;262:119548. doi: 10.1016/j.neuroimage.2022.119548. Epub 2022 Aug 11.","Zaccaro A","Neuroimage","2022","2022/08/14","","","10.1016/j.neuroimage.2022.119548"
"35695703","Ballistocardiogram suppression in concurrent EEG-MRI by dynamic modeling of heartbeats","Lee HJ, Graham SJ, Kuo WJ, Lin FH.","Hum Brain Mapp. 2022 Oct 1;43(14):4444-4457. doi: 10.1002/hbm.25965. Epub 2022 Jun 13.","Lee HJ","Hum Brain Mapp","2022","2022/06/13","PMC9435020","","10.1002/hbm.25965"
"35491275","Allostatic-Interoceptive Overload in Frontotemporal Dementia","Birba A, Santamaría-García H, Prado P, Cruzat J, Ballesteros AS, Legaz A, Fittipaldi S, Duran-Aniotz C, Slachevsky A, Santibañez R, Sigman M, García AM, Whelan R, Moguilner S, Ibáñez A.","Biol Psychiatry. 2022 Jul 1;92(1):54-67. doi: 10.1016/j.biopsych.2022.02.955. Epub 2022 Feb 24.","Birba A","Biol Psychiatry","2022","2022/05/01","PMC11184918","NIHMS1998262","10.1016/j.biopsych.2022.02.955"
"35479498","Interoception Dysfunction Contributes to the Negative Emotional Bias in Major Depressive Disorder","Zhou H, Zou H, Dai Z, Zhao S, Hua L, Xia Y, Han Y, Yan R, Tang H, Huang Y, Du Y, Wang X, Yao Z, Lu Q.","Front Psychiatry. 2022 Apr 11;13:874859. doi: 10.3389/fpsyt.2022.874859. eCollection 2022.","Zhou H","Front Psychiatry","2022","2022/04/28","PMC9035634","","10.3389/fpsyt.2022.874859"
"35346793","Response inhibition is disrupted by interoceptive processing at cardiac systole","Ren Q, Marshall AC, Kaiser J, Schütz-Bosbach S.","Biol Psychol. 2022 Apr;170:108323. doi: 10.1016/j.biopsycho.2022.108323. Epub 2022 Mar 25.","Ren Q","Biol Psychol","2022","2022/03/29","","","10.1016/j.biopsycho.2022.108323"
"35339684","Steady-state visual evoked potentials differentiate between internally and externally directed attention","Kritzman L, Eidelman-Rothman M, Keil A, Freche D, Sheppes G, Levit-Binnun N.","Neuroimage. 2022 Jul 1;254:119133. doi: 10.1016/j.neuroimage.2022.119133. Epub 2022 Mar 23.","Kritzman L","Neuroimage","2022","2022/03/27","","","10.1016/j.neuroimage.2022.119133"
"35331342","Feasibility of non-invasive recording of somatosensory evoked potential in pigs","Hoareau GL, Peters A, Hilgart D, Iversen M, Clark G, Zabriskie M, Rieke V, Floyd C, Shah L.","Lab Anim Res. 2022 Mar 24;38(1):9. doi: 10.1186/s42826-022-00118-3.","Hoareau GL","Lab Anim Res","2022","2022/03/25","PMC8943992","","10.1186/s42826-022-00118-3"
"35182753","From the inside out: Interoceptive feedback facilitates the integration of visceral signals for efficient sensory processing","Marshall AC, Gentsch-Ebrahimzadeh A, Schütz-Bosbach S.","Neuroimage. 2022 May 1;251:119011. doi: 10.1016/j.neuroimage.2022.119011. Epub 2022 Feb 16.","Marshall AC","Neuroimage","2022","2022/02/19","","","10.1016/j.neuroimage.2022.119011"
"35138956","Cardiac cycle and respiration phase affect responses to the conditioned stimulus in young adults trained in trace eyeblink conditioning","Waselius T, Xu W, Sparre JI, Penttonen M, Nokia MS.","J Neurophysiol. 2022 Mar 1;127(3):767-775. doi: 10.1152/jn.00298.2021. Epub 2022 Feb 9.","Waselius T","J Neurophysiol","2022","2022/02/09","","","10.1152/jn.00298.2021"
"35134408","Motor cortex oscillates at its intrinsic post-movement beta rhythm following real (but not sham) single pulse, rhythmic and arrhythmic transcranial magnetic stimulation","Hannah R, Muralidharan V, Aron AR.","Neuroimage. 2022 May 1;251:118975. doi: 10.1016/j.neuroimage.2022.118975. Epub 2022 Feb 5.","Hannah R","Neuroimage","2022","2022/02/08","","","10.1016/j.neuroimage.2022.118975"
"34990964","The heartbeat evoked potential is a questionable biomarker in nightmare disorder: A replication study","Bogdány T, Perakakis P, Bódizs R, Simor P.","Neuroimage Clin. 2022;33:102933. doi: 10.1016/j.nicl.2021.102933. Epub 2021 Dec 31.","Bogdány T","Neuroimage Clin","2022","2022/01/06","PMC8743245","","10.1016/j.nicl.2021.102933"
"34958675","Premature infants display discriminable behavioral, physiological, and brain responses to noxious and nonnoxious stimuli","van der Vaart M, Hartley C, Baxter L, Mellado GS, Andritsou F, Cobo MM, Fry RE, Adams E, Fitzgibbon S, Slater R.","Cereb Cortex. 2022 Aug 22;32(17):3799-3815. doi: 10.1093/cercor/bhab449.","van der Vaart M","Cereb Cortex","2022","2021/12/27","PMC9433423","","10.1093/cercor/bhab449"
"34933143","Auricular transcutaneous vagus nerve stimulation modulates the heart-evoked potential","Poppa T, Benschop L, Horczak P, Vanderhasselt MA, Carrette E, Bechara A, Baeken C, Vonck K.","Brain Stimul. 2022 Jan-Feb;15(1):260-269. doi: 10.1016/j.brs.2021.12.004. Epub 2021 Dec 18.","Poppa T","Brain Stimul","2022","2021/12/21","","","10.1016/j.brs.2021.12.004"
"34906572","The relationship between acute stress and neurophysiological and behavioral measures of food-related inhibitory control: An event-related potential (ERP) study","Allen WD, Rodeback RE, Carbine KA, Hedges-Muncy AM, LeCheminant JD, Steffen PR, Larson MJ.","Appetite. 2022 Mar 1;170:105862. doi: 10.1016/j.appet.2021.105862. Epub 2021 Dec 11.","Allen WD","Appetite","2022","2021/12/15","","","10.1016/j.appet.2021.105862"
"34827462","The Paradox of Fiction Revisited-Improvised Fictional and Real-Life Social Rejections Evoke Associated and Relatively Similar Psychophysiological Responses","Seppänen S, Toivanen T, Makkonen T, Jääskeläinen IP, Tiippana K.","Brain Sci. 2021 Nov 5;11(11):1463. doi: 10.3390/brainsci11111463.","Seppänen S","Brain Sci","2021","2021/11/27","PMC8615758","","10.3390/brainsci11111463"
"34820298","Electroencephalographic Activity in Patients with Claustrophobia: A Pilot Study","Moradi D, Eyvazpour R, Rahimi F, Jahan A, Rasta SH, Esmaeili M.","J Med Signals Sens. 2021 Oct 20;11(4):262-268. doi: 10.4103/jmss.JMSS_62_20. eCollection 2021 Oct-Dec.","Moradi D","J Med Signals Sens","2021","2021/11/25","PMC8588885","","10.4103/jmss.JMSS_62_20"
"34804381","Heartbeat evoked potentials in patients with post-traumatic stress disorder: an unaltered neurobiological regulation system?","Schmitz M, Müller LE, Seitz KI, Schulz A, Steinmann S, Herpertz SC, Bertsch K.","Eur J Psychotraumatol. 2021 Nov 17;12(1):1987686. doi: 10.1080/20008198.2021.1987686. eCollection 2021.","Schmitz M","Eur J Psychotraumatol","2021","2021/11/22","PMC8604531","","10.1080/20008198.2021.1987686"
"34795160","Electrophysiological correlates of suicidality","Rakús T, Hubčíková K, Bruncvik L, Pechanová Z, Brunovský M.","Psychiatr Danub. 2021 Fall;33(3):266-279. doi: 10.24869/psyd.2021.266.","Rakús T","Psychiatr Danub","2021","2021/11/19","","","10.24869/psyd.2021.266"
"34733176","Anti-Heartbeat-Evoked Potentials Performance in Event-Related Potentials-Based Mental Workload Assessment","Park S, Ha J, Kim L.","Front Physiol. 2021 Oct 18;12:744071. doi: 10.3389/fphys.2021.744071. eCollection 2021.","Park S","Front Physiol","2021","2021/11/04","PMC8558224","","10.3389/fphys.2021.744071"
"34688923","Interoception Underlies Therapeutic Effects of Mindfulness Meditation for Posttraumatic Stress Disorder: A Randomized Clinical Trial","Kang SS, Sponheim SR, Lim KO.","Biol Psychiatry Cogn Neurosci Neuroimaging. 2022 Aug;7(8):793-804. doi: 10.1016/j.bpsc.2021.10.005. Epub 2021 Oct 21.","Kang SS","Biol Psychiatry Cogn Neurosci Neuroimaging","2022","2021/10/24","","","10.1016/j.bpsc.2021.10.005"
"34613430","Low doses of LSD reduce broadband oscillatory power and modulate event-related potentials in healthy adults","Murray CH, Tare I, Perry CM, Malina M, Lee R, de Wit H.","Psychopharmacology (Berl). 2022 Jun;239(6):1735-1747. doi: 10.1007/s00213-021-05991-9. Epub 2021 Oct 6.","Murray CH","Psychopharmacology (Berl)","2022","2021/10/06","PMC9847217","NIHMS1858969","10.1007/s00213-021-05991-9"
"34554380","Modulation of Heart and Brain Function by Surah Al-Rehman Recitation Among Distressed Diabetic Patients in Pakistan","Majeed U, Aftab MF, Baloch DM, Ahmed S, Yusuf IM, Hasan MA, Qureshi MS.","J Relig Health. 2022 Oct;61(5):3852-3865. doi: 10.1007/s10943-021-01431-2. Epub 2021 Sep 23.","Majeed U","J Relig Health","2022","2021/09/23","","","10.1007/s10943-021-01431-2"
"34439708","Heartbeat-Evoked Cortical Potential during Sleep and Interoceptive Sensitivity: A Matter of Hypnotizability","Billeci L, Faraguna U, Santarcangelo EL, d'Ascanio P, Varanini M, Sebastiani L.","Brain Sci. 2021 Aug 19;11(8):1089. doi: 10.3390/brainsci11081089.","Billeci L","Brain Sci","2021","2021/08/27","PMC8391801","","10.3390/brainsci11081089"
"34311031","Gut inference: A computational modelling approach","Smith R, Mayeli A, Taylor S, Al Zoubi O, Naegele J, Khalsa SS.","Biol Psychol. 2021 Sep;164:108152. doi: 10.1016/j.biopsycho.2021.108152. Epub 2021 Jul 24.","Smith R","Biol Psychol","2021","2021/07/26","PMC8429276","NIHMS1727775","10.1016/j.biopsycho.2021.108152"
"34267619","Short-Term Fasting and Ingestion of Caloric Drinks Affect Heartbeat-Evoked Potentials and Autonomic Nervous System Activity in Males","Flasbeck V, Bamberg C, Brüne M.","Front Neurosci. 2021 Jun 29;15:622428. doi: 10.3389/fnins.2021.622428. eCollection 2021.","Flasbeck V","Front Neurosci","2021","2021/07/16","PMC8276132","","10.3389/fnins.2021.622428"
"34227116","The heartbeat evoked potential does not support strong interoceptive sensibility in trait mindfulness","Verdonk C, Trousselard M, Di Bernardi Luft C, Medani T, Billaud JB, Ramdani C, Canini F, Claverie D, Jaumard-Hakoun A, Vialatte F.","Psychophysiology. 2021 Oct;58(10):e13891. doi: 10.1111/psyp.13891. Epub 2021 Jul 5.","Verdonk C","Psychophysiology","2021","2021/07/06","","","10.1111/psyp.13891"
"34175363","Time course of recovery from acute hypoxia exposure as measured by vigilance and event-related potentials","Blacker KJ, McHail DG.","Physiol Behav. 2021 Oct 1;239:113508. doi: 10.1016/j.physbeh.2021.113508. Epub 2021 Jun 24.","Blacker KJ","Physiol Behav","2021","2021/06/27","","","10.1016/j.physbeh.2021.113508"
"34171310","The role of electroencephalography electrical reference in the assessment of functional brain-heart interplay: From methodology to user guidelines","Candia-Rivera D, Catrambone V, Valenza G.","J Neurosci Methods. 2021 Aug 1;360:109269. doi: 10.1016/j.jneumeth.2021.109269. Epub 2021 Jun 24.","Candia-Rivera D","J Neurosci Methods","2021","2021/06/25","","","10.1016/j.jneumeth.2021.109269"
"34111514","Heartbeat and somatosensory perception","Al E, Iliopoulos F, Nikulin VV, Villringer A.","Neuroimage. 2021 Sep;238:118247. doi: 10.1016/j.neuroimage.2021.118247. Epub 2021 Jun 7.","Al E","Neuroimage","2021","2021/06/10","","","10.1016/j.neuroimage.2021.118247"
"34031900","Threat imminence modulates neural gain in attention and motor relevant brain circuits in humans","de Echegaray J, Moratti S.","Psychophysiology. 2021 Aug;58(8):e13849. doi: 10.1111/psyp.13849. Epub 2021 May 24.","de Echegaray J","Psychophysiology","2021","2021/05/25","","","10.1111/psyp.13849"
"33986337","Comparing physiological responses during cognitive tests in virtual environments vs. in identical real-world environments","Kalantari S, Rounds JD, Kan J, Tripathi V, Cruz-Garza JG.","Sci Rep. 2021 May 13;11(1):10227. doi: 10.1038/s41598-021-89297-y.","Kalantari S","Sci Rep","2021","2021/05/14","PMC8119471","","10.1038/s41598-021-89297-y"
"33951406","The effect of muscle blood flow restriction on hemodynamics, cerebral oxygenation and activation at rest","Cherouveim ED, Miliotis PG, Dipla K, Koskolou MD, Vrabas IS, Geladas ND.","Appl Physiol Nutr Metab. 2021 Oct;46(10):1216-1224. doi: 10.1139/apnm-2020-1082. Epub 2021 May 5.","Cherouveim ED","Appl Physiol Nutr Metab","2021","2021/05/05","","","10.1139/apnm-2020-1082"
"33948453","A set of electroencephalographic (EEG) data recorded during amplitude-modulated transcranial alternating current stimulation (AM-tACS) targeting 10-Hz steady-state visually evoked potentials (SSVEP)","Haslacher D, Nasr K, Robinson SE, Braun C, Soekadar SR.","Data Brief. 2021 Mar 29;36:107011. doi: 10.1016/j.dib.2021.107011. eCollection 2021 Jun.","Haslacher D","Data Brief","2021","2021/05/05","PMC8080469","","10.1016/j.dib.2021.107011"
"33926998","Responses to Heartbeats in Ventromedial Prefrontal Cortex Contribute to Subjective Preference-Based Decisions","Azzalini D, Buot A, Palminteri S, Tallon-Baudry C.","J Neurosci. 2021 Jun 9;41(23):5102-5114. doi: 10.1523/JNEUROSCI.1932-20.2021. Epub 2021 Apr 29.","Azzalini D","J Neurosci","2021","2021/04/30","PMC8197644","","10.1523/JNEUROSCI.1932-20.2021"
"33870427","Cortical monitoring of cardiac activity during rapid eye movement sleep: the heartbeat evoked potential in phasic and tonic rapid-eye-movement microstates","Simor P, Bogdány T, Bódizs R, Perakakis P.","Sleep. 2021 Sep 13;44(9):zsab100. doi: 10.1093/sleep/zsab100.","Simor P","Sleep","2021","2021/04/19","PMC8633618","","10.1093/sleep/zsab100"
"33833671","Increase in Beta Power Reflects Attentional Top-Down Modulation After Psychosocial Stress Induction","Palacios-García I, Silva J, Villena-González M, Campos-Arteaga G, Artigas-Vergara C, Luarte N, Rodríguez E, Bosman CA.","Front Hum Neurosci. 2021 Mar 23;15:630813. doi: 10.3389/fnhum.2021.630813. eCollection 2021.","Palacios-García I","Front Hum Neurosci","2021","2021/04/09","PMC8021732","","10.3389/fnhum.2021.630813"
"33819501","SSEP amplitude accurately predicts both good and poor neurological outcome early after cardiac arrest; a post-hoc analysis of the ProNeCA multicentre study","Scarpino M, Lolli F, Lanzo G, Carrai R, Spalletti M, Valzania F, Lombardi M, Audenino D, Contardi S, Celani MG, Marrelli A, Mecarelli O, Minardi C, Minicucci F, Politini L, Vitelli E, Peris A, Amantini A, Grippo A, Sandroni C; ProNeCA study group.","Resuscitation. 2021 Jun;163:162-171. doi: 10.1016/j.resuscitation.2021.03.028. Epub 2021 Apr 2.","Scarpino M","Resuscitation","2021","2021/04/05","","","10.1016/j.resuscitation.2021.03.028"
"33758019","Neural Responses to Heartbeats Detect Residual Signs of Consciousness during Resting State in Postcomatose Patients","Candia-Rivera D, Annen J, Gosseries O, Martial C, Thibaut A, Laureys S, Tallon-Baudry C.","J Neurosci. 2021 Jun 16;41(24):5251-5262. doi: 10.1523/JNEUROSCI.1740-20.2021. Epub 2021 Mar 23.","Candia-Rivera D","J Neurosci","2021","2021/03/24","PMC8211547","","10.1523/JNEUROSCI.1740-20.2021"
"33705927","Verification of fetal evoked response by magnetic dipole fitting","Bisgin N, Wilson JD, Eswaran H.","Neurosci Lett. 2021 Apr 17;750:135791. doi: 10.1016/j.neulet.2021.135791. Epub 2021 Mar 8.","Bisgin N","Neurosci Lett","2021","2021/03/11","","","10.1016/j.neulet.2021.135791"
"33624899","Multivariate analysis of the systemic response to auditory stimulation: An integrative approach","Muñoz-Caracuel M, Muñoz V, Ruíz-Martínez FJ, Di Domenico D, Brigadoi S, Gómez CM.","Exp Physiol. 2021 Apr;106(4):1072-1098. doi: 10.1113/EP089125. Epub 2021 Mar 10.","Muñoz-Caracuel M","Exp Physiol","2021","2021/02/24","","","10.1113/EP089125"
"33508410","Test-retest reliability of paired pulse suppression paradigm using auditory change-related response","Takeuchi N, Fujita K, Kinukawa T, Sugiyama S, Kanemoto K, Nishihara M, Inui K.","J Neurosci Methods. 2021 Mar 15;352:109087. doi: 10.1016/j.jneumeth.2021.109087. Epub 2021 Jan 27.","Takeuchi N","J Neurosci Methods","2021","2021/01/28","","","10.1016/j.jneumeth.2021.109087"
"33482998","Modulation of attention and stress with arousal: The mental and physical effects of riding a motorcycle","Vaughn DA, Maggiora MB, Vaughn KJ, Maggiora CJ, Tavakoli AV, Liang W, Zava D, Cohen MS, Lenartowicz A.","Brain Res. 2021 Feb 1;1752:147203. doi: 10.1016/j.brainres.2020.147203. Epub 2021 Jan 19.","Vaughn DA","Brain Res","2021","2021/01/23","","","10.1016/j.brainres.2020.147203"
"33450326","Time is body: Multimodal evidence of crosstalk between interoception and time estimation","Richter F, Ibáñez A.","Biol Psychol. 2021 Feb;159:108017. doi: 10.1016/j.biopsycho.2021.108017. Epub 2021 Jan 12.","Richter F","Biol Psychol","2021","2021/01/15","","","10.1016/j.biopsycho.2021.108017"
"33406407","Older adults show a higher heartbeat-evoked potential than young adults and a negative association with everyday metacognition","Kamp SM, Schulz A, Forester G, Domes G.","Brain Res. 2021 Feb 1;1752:147238. doi: 10.1016/j.brainres.2020.147238. Epub 2021 Jan 3.","Kamp SM","Brain Res","2021","2021/01/06","","","10.1016/j.brainres.2020.147238"
"33325575","Behavioral and neurophysiological signatures of interoceptive enhancements following vagus nerve stimulation","Richter F, García AM, Rodriguez Arriagada N, Yoris A, Birba A, Huepe D, Zimmer H, Ibáñez A, Sedeño L.","Hum Brain Mapp. 2021 Apr 1;42(5):1227-1242. doi: 10.1002/hbm.25288. Epub 2020 Dec 16.","Richter F","Hum Brain Mapp","2021","2020/12/16","PMC7927286","","10.1002/hbm.25288"
"33122158","Magnetoencephalographic signatures of hierarchical rule learning in newborns","Moser J, Schleger F, Weiss M, Sippel K, Dehaene-Lambertz G, Preissl H.","Dev Cogn Neurosci. 2020 Dec;46:100871. doi: 10.1016/j.dcn.2020.100871. Epub 2020 Oct 10.","Moser J","Dev Cogn Neurosci","2020","2020/10/30","PMC7585041","","10.1016/j.dcn.2020.100871"
"33018049","Methodological Considerations on EEG Electrical Reference: A Functional Brain-Heart Interplay Study","Candia-Rivera D, Catrambone V, Valenza G.","Annu Int Conf IEEE Eng Med Biol Soc. 2020 Jul;2020:553-556. doi: 10.1109/EMBC44109.2020.9175226.","Candia-Rivera D","Annu Int Conf IEEE Eng Med Biol Soc","2020","2020/10/06","","","10.1109/EMBC44109.2020.9175226"
"32924586","Transcranial Direct Current Stimulation Combined With Cognitive Training Induces Response Inhibition Facilitation Through Distinct Neural Responses According to the Stimulation Site: A Follow-up Event-Related Potentials Study","Dousset C, Ingels A, Schröder E, Angioletti L, Balconi M, Kornreich C, Campanella S.","Clin EEG Neurosci. 2021 May;52(3):181-192. doi: 10.1177/1550059420958967. Epub 2020 Sep 14.","Dousset C","Clin EEG Neurosci","2021","2020/09/14","","","10.1177/1550059420958967"
"32697776","A pilot study: Auditory steady-state responses (ASSR) can be measured in human fetuses using fetal magnetoencephalography (fMEG)","Niepel D, Krishna B, Siegel ER, Draganova R, Preissl H, Govindan RB, Eswaran H.","PLoS One. 2020 Jul 22;15(7):e0235310. doi: 10.1371/journal.pone.0235310. eCollection 2020.","Niepel D","PLoS One","2020","2020/07/23","PMC7375519","","10.1371/journal.pone.0235310"
"32676977","A Phase I, Randomized, Single‑Blind, Placebo‑Controlled, Single Ascending Dose Study of the Safety, Tolerability, and Pharmacokinetics of Subcutaneous and Oral TRV250, a G Protein-Selective Delta Receptor Agonist, in Healthy Subjects","Fossler MJ, Schmith V, Greene SA, Lohmer L, Kramer MS, Arscott K, James IE, Demitrack MA.","CNS Drugs. 2020 Aug;34(8):853-865. doi: 10.1007/s40263-020-00738-0.","Fossler MJ","CNS Drugs","2020","2020/07/18","PMC7392943","","10.1007/s40263-020-00738-0"
"32488680","Comparison of haemodynamic- and electroencephalographic-monitored effects evoked by four combinations of effect-site concentrations of propofol and remifentanil, yielding a predicted tolerance to laryngoscopy of 90","van den Berg JP, Absalom AR, Venema AM, Kalmar AF, Van Amsterdam K, Hannivoort LN, Proost JH, Meier S, Scheeren TWL, Struys MMRF, Vereecke HEM.","J Clin Monit Comput. 2021 Aug;35(4):815-825. doi: 10.1007/s10877-020-00540-9. Epub 2020 Jun 3.","van den Berg JP","J Clin Monit Comput","2021","2020/06/04","PMC8286956","","10.1007/s10877-020-00540-9"
"32462407","Finding Suitable Clinical Endpoints for a Potential Treatment of a Rare Genetic Disease: the Case of ARID1B","Kruizinga MD, Zuiker RGJA, Sali E, de Kam ML, Doll RJ, Groeneveld GJ, Santen GWE, Cohen AF.","Neurotherapeutics. 2020 Jul;17(3):1300-1310. doi: 10.1007/s13311-020-00868-9.","Kruizinga MD","Neurotherapeutics","2020","2020/05/29","PMC7609730","","10.1007/s13311-020-00868-9"
"32438047","Behavioral and neurophysiological evidence for altered interoceptive bodily processing in chronic pain","Solcà M, Park HD, Bernasconi F, Blanke O.","Neuroimage. 2020 Aug 15;217:116902. doi: 10.1016/j.neuroimage.2020.116902. Epub 2020 May 11.","Solcà M","Neuroimage","2020","2020/05/22","","","10.1016/j.neuroimage.2020.116902"
"32341167","Heart-brain interactions shape somatosensory perception and evoked potentials","Al E, Iliopoulos F, Forschack N, Nierhaus T, Grund M, Motyka P, Gaebler M, Nikulin VV, Villringer A.","Proc Natl Acad Sci U S A. 2020 May 12;117(19):10575-10584. doi: 10.1073/pnas.1915629117. Epub 2020 Apr 27.","Al E","Proc Natl Acad Sci U S A","2020","2020/04/29","PMC7229654","","10.1073/pnas.1915629117"
"32114841","Real-Time Multi-Modal Estimation of Dynamically Evoked Emotions Using EEG, Heart Rate and Galvanic Skin Response","Val-Calvo M, Álvarez-Sánchez JR, Ferrández-Vicente JM, Díaz-Morcillo A, Fernández-Jover E.","Int J Neural Syst. 2020 Apr;30(4):2050013. doi: 10.1142/S0129065720500136. Epub 2020 Mar 2.","Val-Calvo M","Int J Neural Syst","2020","2020/03/03","","","10.1142/S0129065720500136"
"32101777","A multidimensional and multi-feature framework for cardiac interoception","Fittipaldi S, Abrevaya S, Fuente A, Pascariello GO, Hesse E, Birba A, Salamone P, Hildebrandt M, Martí SA, Pautassi RM, Huepe D, Martorell MM, Yoris A, Roca M, García AM, Sedeño L, Ibáñez A.","Neuroimage. 2020 May 15;212:116677. doi: 10.1016/j.neuroimage.2020.116677. Epub 2020 Feb 23.","Fittipaldi S","Neuroimage","2020","2020/02/27","PMC7165068","NIHMS1570062","10.1016/j.neuroimage.2020.116677"
"32044337","Muscular effort coding in action representation in ballet dancers and controls: Electrophysiological evidence","Orlandi A, D'Incà S, Proverbio AM.","Brain Res. 2020 Apr 15;1733:146712. doi: 10.1016/j.brainres.2020.146712. Epub 2020 Feb 7.","Orlandi A","Brain Res","2020","2020/02/12","","","10.1016/j.brainres.2020.146712"
"32039482","Cortical and affective regulation of autonomic coordination","Gatzke-Kopp LM, Benson L, Ryan PJ, Ram N.","Psychophysiology. 2020 May;57(5):e13544. doi: 10.1111/psyp.13544. Epub 2020 Feb 10.","Gatzke-Kopp LM","Psychophysiology","2020","2020/02/11","PMC7324931","NIHMS1600678","10.1111/psyp.13544"
"31987870","Individual differences under acute stress: Higher cortisol responders performs better on N-back task in young men","Lin L, Leung AWS, Wu J, Zhang L.","Int J Psychophysiol. 2020 Apr;150:20-28. doi: 10.1016/j.ijpsycho.2020.01.006. Epub 2020 Jan 24.","Lin L","Int J Psychophysiol","2020","2020/01/29","","","10.1016/j.ijpsycho.2020.01.006"
"31898811","Acute psychological stress promotes general alertness and attentional control processes: An ERP study","Qi M, Gao H.","Psychophysiology. 2020 Apr;57(4):e13521. doi: 10.1111/psyp.13521. Epub 2020 Jan 3.","Qi M","Psychophysiology","2020","2020/01/04","","","10.1111/psyp.13521"
"31846808","Heart and brain: Cortical representation of cardiac signals is disturbed in borderline personality disorder, but unaffected by oxytocin administration","Schmitz M, Müller LE, Schulz A, Kleindienst N, Herpertz SC, Bertsch K.","J Affect Disord. 2020 Mar 1;264:24-28. doi: 10.1016/j.jad.2019.11.139. Epub 2019 Nov 30.","Schmitz M","J Affect Disord","2020","2019/12/18","","","10.1016/j.jad.2019.11.139"
"31662092","Emotional Reactivity as a Vulnerability for Psychogenic Nonepileptic Seizures? Responses While Reliving Specific Emotions","Roberts NA, Burleson MH, Torres DL, Parkhurst DK, Garrett R, Mitchell LB, Duncan CJ, Mintert M, Wang NC.","J Neuropsychiatry Clin Neurosci. 2020 Winter;32(1):95-100. doi: 10.1176/appi.neuropsych.19040084. Epub 2019 Oct 30.","Roberts NA","J Neuropsychiatry Clin Neurosci","2020","2019/10/31","","","10.1176/appi.neuropsych.19040084"
"31614504","Explicit and Implicit Responses to Tasting Drinks Associated with Different Tasting Experiences","Kaneko D, Hogervorst M, Toet A, van Erp JBF, Kallen V, Brouwer AM.","Sensors (Basel). 2019 Oct 11;19(20):4397. doi: 10.3390/s19204397.","Kaneko D","Sensors (Basel)","2019","2019/10/17","PMC6832136","","10.3390/s19204397"
"31543837","Altered Interoceptive Processing in Generalized Anxiety Disorder-A Heartbeat-Evoked Potential Research","Pang J, Tang X, Li H, Hu Q, Cui H, Zhang L, Li W, Zhu Z, Wang J, Li C.","Front Psychiatry. 2019 Sep 5;10:616. doi: 10.3389/fpsyt.2019.00616. eCollection 2019.","Pang J","Front Psychiatry","2019","2019/09/24","PMC6739601","","10.3389/fpsyt.2019.00616"
"31539623","Evoked K-complexes and altered interaction between the central and autonomic nervous systems during sleep in alcohol use disorder","Willoughby AR, de Zambotti M, Baker FC, Colrain IM.","Alcohol. 2020 May;84:1-7. doi: 10.1016/j.alcohol.2019.09.005. Epub 2019 Sep 17.","Willoughby AR","Alcohol","2020","2019/09/21","PMC10005844","NIHMS1625270","10.1016/j.alcohol.2019.09.005"
"35546868","Multimodal pain assessment improves discrimination between noxious and non-noxious stimuli in infants","van der Vaart M, Duff E, Raafat N, Rogers R, Hartley C, Slater R.","Paediatr Neonatal Pain. 2019 Sep 9;1(1):21-30. doi: 10.1002/pne2.12007. eCollection 2019 Sep.","van der Vaart M","Paediatr Neonatal Pain","2019","2022/05/13","PMC8974881","","10.1002/pne2.12007"
"31476555","Sleep's benefits to emotional processing emerge in the long term","Bolinger E, Cunningham TJ, Payne JD, Bowman MA, Bulca E, Born J, Zinke K.","Cortex. 2019 Nov;120:457-470. doi: 10.1016/j.cortex.2019.07.008. Epub 2019 Aug 2.","Bolinger E","Cortex","2019","2019/09/03","","","10.1016/j.cortex.2019.07.008"
"31454445","Pathological responses to single-pulse electrical stimuli in epilepsy: The role of feedforward inhibition","Hebbink J, Huiskamp G, van Gils SA, Leijten FSS, Meijer HGE.","Eur J Neurosci. 2020 Feb;51(4):1122-1136. doi: 10.1111/ejn.14562. Epub 2019 Sep 23.","Hebbink J","Eur J Neurosci","2020","2019/08/28","PMC7079068","","10.1111/ejn.14562"
"31445953","Effects of acute aerobic and resistance exercise on executive function: An ERP study","Wu CH, Karageorghis CI, Wang CC, Chu CH, Kao SC, Hung TM, Chang YK.","J Sci Med Sport. 2019 Dec;22(12):1367-1372. doi: 10.1016/j.jsams.2019.07.009. Epub 2019 Jul 24.","Wu CH","J Sci Med Sport","2019","2019/08/26","","","10.1016/j.jsams.2019.07.009"
"31362956","Heartbeat Induces a Cortical Theta-Synchronized Network in the Resting State","Kim J, Jeong B.","eNeuro. 2019 Aug 8;6(4):ENEURO.0200-19.2019. doi: 10.1523/ENEURO.0200-19.2019. Print 2019 Jul/Aug.","Kim J","eNeuro","2019","2019/08/01","PMC6709221","","10.1523/ENEURO.0200-19.2019"
"31353957","Electroencephalogram Characteristics in Critical Ill Patients Before Cardiac Arrest: A Case Series","Xu J, Mohamed W, Basha MM, Zutshi D.","Clin EEG Neurosci. 2019 Nov;50(6):423-428. doi: 10.1177/1550059419865679. Epub 2019 Jul 29.","Xu J","Clin EEG Neurosci","2019","2019/07/30","","","10.1177/1550059419865679"
"31323488","Enhanced cortical processing of cardio-afferent signals in anorexia nervosa","Lutz APC, Schulz A, Voderholzer U, Koch S, van Dyck Z, Vögele C.","Clin Neurophysiol. 2019 Sep;130(9):1620-1627. doi: 10.1016/j.clinph.2019.06.009. Epub 2019 Jul 2.","Lutz APC","Clin Neurophysiol","2019","2019/07/20","","","10.1016/j.clinph.2019.06.009"
"31173904","Neural correlates of anticipatory cardiac deceleration and its association with the speed of perceptual decision-making, in young and older adults","Ribeiro MJ, Castelo-Branco M.","Neuroimage. 2019 Oct 1;199:521-533. doi: 10.1016/j.neuroimage.2019.06.004. Epub 2019 Jun 5.","Ribeiro MJ","Neuroimage","2019","2019/06/08","","","10.1016/j.neuroimage.2019.06.004"
"31153913","Affective and temporal orientation of thoughts: Electrophysiological evidence","Ito Y, Shibata M, Tanaka Y, Terasawa Y, Umeda S.","Brain Res. 2019 Sep 15;1719:148-156. doi: 10.1016/j.brainres.2019.05.041. Epub 2019 May 30.","Ito Y","Brain Res","2019","2019/06/03","","","10.1016/j.brainres.2019.05.041"
"31136776","Don't you want me, baby? Cardiac and electrocortical concomitants of romantic interest and rejection","van der Veen FM, Burdzina A, Langeslag SJE.","Biol Psychol. 2019 Sep;146:107707. doi: 10.1016/j.biopsycho.2019.05.007. Epub 2019 May 25.","van der Veen FM","Biol Psychol","2019","2019/05/29","","","10.1016/j.biopsycho.2019.05.007"
"31051292","Cardiac afferent activity modulates early neural signature of error detection during skilled performance","Bury G, García-Huéscar M, Bhattacharya J, Ruiz MH.","Neuroimage. 2019 Oct 1;199:704-717. doi: 10.1016/j.neuroimage.2019.04.043. Epub 2019 Apr 30.","Bury G","Neuroimage","2019","2019/05/04","","","10.1016/j.neuroimage.2019.04.043"
"31045914","Noninvasive Neurological Monitoring in Extracorporeal Membrane Oxygenation","Cho SM, Ziai W, Mayasi Y, Gusdon AM, Creed J, Sharrock M, Stephens RS, Choi CW, Ritzl EK, Suarez J, Whitman G, Geocadin RG.","ASAIO J. 2020 Apr;66(4):388-393. doi: 10.1097/MAT.0000000000001013.","Cho SM","ASAIO J","2020","2019/05/03","","","10.1097/MAT.0000000000001013"
"30870769","Heightened sensitivity to panic-related sounds with reduced sensitivity to neutral sounds in preattentive processing among panic patients","Zheng Y, Li R, Guo H, Li J, Zhang H, Liu X, Pang X, Zhang B, Shen H, Chang Y.","J Affect Disord. 2019 May 1;250:204-209. doi: 10.1016/j.jad.2019.03.019. Epub 2019 Mar 5.","Zheng Y","J Affect Disord","2019","2019/03/15","","","10.1016/j.jad.2019.03.019"
"30776528","I feel what I do: Relating interoceptive processes and reward-related behavior","Marshall AC, Gentsch A, Blum AL, Broering C, Schütz-Bosbach S.","Neuroimage. 2019 May 1;191:315-324. doi: 10.1016/j.neuroimage.2019.02.032. Epub 2019 Feb 16.","Marshall AC","Neuroimage","2019","2019/02/19","","","10.1016/j.neuroimage.2019.02.032"
"30742980","Investigating the variability of cardiac pulse artifacts across heartbeats in simultaneous EEG-fMRI recordings: A 7T study","Jorge J, Bouloc C, Bréchet L, Michel CM, Gruetter R.","Neuroimage. 2019 May 1;191:21-35. doi: 10.1016/j.neuroimage.2019.02.021. Epub 2019 Feb 8.","Jorge J","Neuroimage","2019","2019/02/12","","","10.1016/j.neuroimage.2019.02.021"
"30739843","Increased heartbeat-evoked potential during REM sleep in nightmare disorder","Perogamvros L, Park HD, Bayer L, Perrault AA, Blanke O, Schwartz S.","Neuroimage Clin. 2019;22:101701. doi: 10.1016/j.nicl.2019.101701. Epub 2019 Jan 29.","Perogamvros L","Neuroimage Clin","2019","2019/02/12","PMC6370851","","10.1016/j.nicl.2019.101701"
"30738205","Neural responses to heartbeats distinguish self from other during imagination","Babo-Rebelo M, Buot A, Tallon-Baudry C.","Neuroimage. 2019 May 1;191:10-20. doi: 10.1016/j.neuroimage.2019.02.012. Epub 2019 Feb 7.","Babo-Rebelo M","Neuroimage","2019","2019/02/10","PMC6503945","","10.1016/j.neuroimage.2019.02.012"
"30674995","Sad faces increase the heartbeat-associated interoceptive information flow within the salience network: a MEG study","Kim J, Park HD, Kim KW, Shin DW, Lim S, Kwon H, Kim MY, Kim K, Jeong B.","Sci Rep. 2019 Jan 23;9(1):430. doi: 10.1038/s41598-018-36498-7.","Kim J","Sci Rep","2019","2019/01/25","PMC6344475","","10.1038/s41598-018-36498-7"
"30610654","Phenomenal, bodily and brain correlates of fictional reappraisal as an implicit emotion regulation strategy","Makowski D, Sperduti M, Pelletier J, Blondé P, La Corte V, Arcangeli M, Zalla T, Lemaire S, Dokic J, Nicolas S, Piolino P.","Cogn Affect Behav Neurosci. 2019 Aug;19(4):877-897. doi: 10.3758/s13415-018-00681-0.","Makowski D","Cogn Affect Behav Neurosci","2019","2019/01/06","","","10.3758/s13415-018-00681-0"
"30476520","Sympathetic responding to unconditioned stimuli predicts subsequent threat expectancy, orienting, and visuocortical bias in human aversive Pavlovian conditioning","Gruss LF, Keil A.","Biol Psychol. 2019 Jan;140:64-74. doi: 10.1016/j.biopsycho.2018.11.009. Epub 2018 Nov 23.","Gruss LF","Biol Psychol","2019","2018/11/27","PMC6343857","NIHMS1515413","10.1016/j.biopsycho.2018.11.009"
"30472370","Focus of attention modulates the heartbeat evoked potential","Petzschner FH, Weber LA, Wellstein KV, Paolini G, Do CT, Stephan KE.","Neuroimage. 2019 Feb 1;186:595-606. doi: 10.1016/j.neuroimage.2018.11.037. Epub 2018 Nov 22.","Petzschner FH","Neuroimage","2019","2018/11/26","","","10.1016/j.neuroimage.2018.11.037"
"30303838","Late Awakening in Survivors of Postanoxic Coma: Early Neurophysiologic Predictors and Association With ICU and Long-Term Neurologic Recovery","Rey A, Rossetti AO, Miroz JP, Eckert P, Oddo M.","Crit Care Med. 2019 Jan;47(1):85-92. doi: 10.1097/CCM.0000000000003470.","Rey A","Crit Care Med","2019","2018/10/11","","","10.1097/CCM.0000000000003470"
"30296402","High-intensity interval exercise impairs neuroelectric indices of reinforcement-learning","Walsh JJ, Colino FL, Krigolson OE, Luehr S, Gurd BJ, Tschakovsky ME.","Physiol Behav. 2019 Jan 1;198:18-26. doi: 10.1016/j.physbeh.2018.10.005. Epub 2018 Oct 5.","Walsh JJ","Physiol Behav","2019","2018/10/09","","","10.1016/j.physbeh.2018.10.005"
"30290212","The relationship between social anxiety and heartbeat evoked potential amplitude","Judah MR, Shurkova EY, Hager NM, White EJ, Taylor DL, Grant DM.","Biol Psychol. 2018 Nov;139:1-7. doi: 10.1016/j.biopsycho.2018.09.013. Epub 2018 Oct 2.","Judah MR","Biol Psychol","2018","2018/10/06","","","10.1016/j.biopsycho.2018.09.013"
"30267020","Excitability regulation in the dorsomedial prefrontal cortex during sustained instructed fear responses: a TMS-EEG study","Gonzalez-Escamilla G, Chirumamilla VC, Meyer B, Bonertz T, von Grotthus S, Vogt J, Stroh A, Horstmann JP, Tüscher O, Kalisch R, Muthuraman M, Groppa S.","Sci Rep. 2018 Sep 28;8(1):14506. doi: 10.1038/s41598-018-32781-9.","Gonzalez-Escamilla G","Sci Rep","2018","2018/09/30","PMC6162240","","10.1038/s41598-018-32781-9"
"30188809","A Wearable Multi-Modal Bio-Sensing System Towards Real-World Applications","Siddharth, Patel AN, Jung TP, Sejnowski TJ.","IEEE Trans Biomed Eng. 2019 Apr;66(4):1137-1147. doi: 10.1109/TBME.2018.2868759. Epub 2018 Sep 4.","Siddharth","IEEE Trans Biomed Eng","2019","2018/09/07","","","10.1109/TBME.2018.2868759"
"30159945","Affective interoceptive inference: Evidence from heart-beat evoked brain potentials","Gentsch A, Sel A, Marshall AC, Schütz-Bosbach S.","Hum Brain Mapp. 2019 Jan;40(1):20-33. doi: 10.1002/hbm.24352. Epub 2018 Aug 30.","Gentsch A","Hum Brain Mapp","2019","2018/08/31","PMC6865546","","10.1002/hbm.24352"
"30148395","Effects of early adversity on neural mechanisms of distractor suppression are mediated by sympathetic nervous system activity in preschool-aged children","Giuliano RJ, Karns CM, Roos LE, Bell TA, Petersen S, Skowron EA, Neville HJ, Pakulak E.","Dev Psychol. 2018 Sep;54(9):1674-1686. doi: 10.1037/dev0000499.","Giuliano RJ","Dev Psychol","2018","2018/08/28","","","10.1037/dev0000499"
"30114382","CARE-rCortex: A Matlab toolbox for the analysis of CArdio-REspiratory-related activity in the Cortex","Grosselin F, Navarro-Sune X, Raux M, Similowski T, Chavez M.","J Neurosci Methods. 2018 Oct 1;308:309-316. doi: 10.1016/j.jneumeth.2018.08.011. Epub 2018 Aug 13.","Grosselin F","J Neurosci Methods","2018","2018/08/17","","","10.1016/j.jneumeth.2018.08.011"
"30076770","Altered neural signatures of interoception in multiple sclerosis","Salamone PC, Esteves S, Sinay VJ, García-Cordero I, Abrevaya S, Couto B, Adolfi F, Martorell M, Petroni A, Yoris A, Torquati K, Alifano F, Legaz A, Cassará FP, Bruno D, Kemp AH, Herrera E, García AM, Ibáñez A, Sedeño L.","Hum Brain Mapp. 2018 Dec;39(12):4743-4754. doi: 10.1002/hbm.24319. Epub 2018 Aug 4.","Salamone PC","Hum Brain Mapp","2018","2018/08/05","PMC6866398","","10.1002/hbm.24319"
"30056746","P300 and Heart Rate Variability Recorded Simultaneously in Meditation","Telles S, Singh D, Naveen KV, Pailoor S, Singh N, Pathak S.","Clin EEG Neurosci. 2019 May;50(3):161-171. doi: 10.1177/1550059418790717. Epub 2018 Jul 30.","Telles S","Clin EEG Neurosci","2019","2018/07/31","","","10.1177/1550059418790717"
"29990070","40-Hz ASSR for Measuring Depth of Anaesthesia During Induction Phase","Haghighi SJ, Komeili M, Hatzinakos D, Beheiry HE.","IEEE J Biomed Health Inform. 2018 Nov;22(6):1871-1882. doi: 10.1109/JBHI.2017.2778140. Epub 2017 Nov 28.","Haghighi SJ","IEEE J Biomed Health Inform","2018","2018/07/11","","","10.1109/JBHI.2017.2778140"
"29944962","Interoception is associated with heartbeat-evoked brain potentials (HEPs) in adolescents","Mai S, Wong CK, Georgiou E, Pollatos O.","Biol Psychol. 2018 Sep;137:24-33. doi: 10.1016/j.biopsycho.2018.06.007. Epub 2018 Jun 23.","Mai S","Biol Psychol","2018","2018/06/27","","","10.1016/j.biopsycho.2018.06.007"
"29935584","Nociceptive activation in spinal cord and brain persists during deep general anaesthesia","Lichtner G, Auksztulewicz R, Velten H, Mavrodis D, Scheel M, Blankenburg F, von Dincklage F.","Br J Anaesth. 2018 Jul;121(1):291-302. doi: 10.1016/j.bja.2018.03.031.","Lichtner G","Br J Anaesth","2018","2018/06/25","","","10.1016/j.bja.2018.03.031"
"29929061","Hypervigilance during anxiety and selective attention during fear: Using steady-state visual evoked potentials (ssVEPs) to disentangle attention mechanisms during predictable and unpredictable threat","Kastner-Dorn AK, Andreatta M, Pauli P, Wieser MJ.","Cortex. 2018 Sep;106:120-131. doi: 10.1016/j.cortex.2018.05.008. Epub 2018 May 21.","Kastner-Dorn AK","Cortex","2018","2018/06/22","","","10.1016/j.cortex.2018.05.008"
"29915337","Cardio-visual full body illusion alters bodily self-consciousness and tactile processing in somatosensory cortex","Heydrich L, Aspell JE, Marillier G, Lavanchy T, Herbelin B, Blanke O.","Sci Rep. 2018 Jun 18;8(1):9230. doi: 10.1038/s41598-018-27698-2.","Heydrich L","Sci Rep","2018","2018/06/20","PMC6006256","","10.1038/s41598-018-27698-2"
"29868834","Cardiac interoceptive learning is modulated by emotional valence perceived from facial expressions","Marshall AC, Gentsch A, Schröder L, Schütz-Bosbach S.","Soc Cogn Affect Neurosci. 2018 Sep 4;13(7):677-686. doi: 10.1093/scan/nsy042.","Marshall AC","Soc Cogn Affect Neurosci","2018","2018/06/06","PMC6121145","","10.1093/scan/nsy042"
"29782969","Electroencephalographic and cardiovascular markers of vulnerability within families of suicidal adolescents: A pilot study","Kaufman EA, Crowell SE, Coleman J, Puzia ME, Gray DD, Strayer DL.","Biol Psychol. 2018 Jul;136:46-56. doi: 10.1016/j.biopsycho.2018.05.007. Epub 2018 May 18.","Kaufman EA","Biol Psychol","2018","2018/05/22","","","10.1016/j.biopsycho.2018.05.007"
"29782873","Sleep divergently affects cognitive and automatic emotional response in children","Bolinger E, Born J, Zinke K.","Neuropsychologia. 2018 Aug;117:84-91. doi: 10.1016/j.neuropsychologia.2018.05.015. Epub 2018 May 19.","Bolinger E","Neuropsychologia","2018","2018/05/22","","","10.1016/j.neuropsychologia.2018.05.015"
"29742028","Learning by heart: cardiac cycle reveals an effective time window for learning","Waselius T, Wikgren J, Halkola H, Penttonen M, Nokia MS.","J Neurophysiol. 2018 Aug 1;120(2):830-838. doi: 10.1152/jn.00128.2018. Epub 2018 May 9.","Waselius T","J Neurophysiol","2018","2018/05/10","","","10.1152/jn.00128.2018"
"29715704","Benefits and Risks of Prophylactic Cerebrospinal Fluid Catheter and Evoked Potential Monitoring in Symptomatic Spinal Cord Ischemia Low-Risk Thoracic Endovascular Aortic Repair","Maier S, Shcherbakova M, Beyersdorf F, Benk C, Kari FA, Siepe M, Czerny M, Rylski B.","Thorac Cardiovasc Surg. 2019 Aug;67(5):379-384. doi: 10.1055/s-0038-1642611. Epub 2018 May 1.","Maier S","Thorac Cardiovasc Surg","2019","2018/05/02","","","10.1055/s-0038-1642611"
"29693214","Transcutaneous vagus nerve stimulation (tVNS) enhances conflict-triggered adjustment of cognitive control","Fischer R, Ventura-Bort C, Hamm A, Weymar M.","Cogn Affect Behav Neurosci. 2018 Aug;18(4):680-693. doi: 10.3758/s13415-018-0596-2.","Fischer R","Cogn Affect Behav Neurosci","2018","2018/04/26","","","10.3758/s13415-018-0596-2"
"29624675","Parasympathetic and sympathetic activity are associated with individual differences in neural indices of selective attention in adults","Giuliano RJ, Karns CM, Bell TA, Petersen S, Skowron EA, Neville HJ, Pakulak E.","Psychophysiology. 2018 Aug;55(8):e13079. doi: 10.1111/psyp.13079. Epub 2018 Apr 6.","Giuliano RJ","Psychophysiology","2018","2018/04/07","","","10.1111/psyp.13079"
"29596153","The neural underpinnings of music listening under different attention conditions","Jäncke L, Leipold S, Burkhard A.","Neuroreport. 2018 May 2;29(7):594-604. doi: 10.1097/WNR.0000000000001019.","Jäncke L","Neuroreport","2018","2018/03/30","","","10.1097/WNR.0000000000001019"
"29525680","I see neither your Fear, nor your Sadness - Interoception in adolescents","Georgiou E, Mai S, Fernandez KC, Pollatos O.","Conscious Cogn. 2018 Apr;60:52-61. doi: 10.1016/j.concog.2018.02.011.","Georgiou E","Conscious Cogn","2018","2018/03/12","","","10.1016/j.concog.2018.02.011"
"29447999","Late heartbeat-evoked potentials are associated with survival after cardiac arrest","Schulz A, Stammet P, Dierolf AM, Vögele C, Beyenburg S, Werer C, Devaux Y.","Resuscitation. 2018 May;126:7-13. doi: 10.1016/j.resuscitation.2018.02.009. Epub 2018 Feb 12.","Schulz A","Resuscitation","2018","2018/02/16","","","10.1016/j.resuscitation.2018.02.009"
"29382555","Reliability and robustness of feedback-evoked brain-heart coupling after placebo, dopamine, and noradrenaline challenge","Lueckel M, Panitz C, Nater UM, Mueller EM.","Int J Psychophysiol. 2018 Oct;132(Pt B):298-310. doi: 10.1016/j.ijpsycho.2018.01.010. Epub 2018 Jan 31.","Lueckel M","Int J Psychophysiol","2018","2018/02/01","","","10.1016/j.ijpsycho.2018.01.010"
"29271093","Multilevel convergence of interoceptive impairments in hypertension: New evidence of disrupted body-brain interactions","Yoris A, Abrevaya S, Esteves S, Salamone P, Lori N, Martorell M, Legaz A, Alifano F, Petroni A, Sánchez R, Sedeño L, García AM, Ibáñez A.","Hum Brain Mapp. 2018 Apr;39(4):1563-1581. doi: 10.1002/hbm.23933. Epub 2017 Dec 21.","Yoris A","Hum Brain Mapp","2018","2017/12/23","PMC6866355","","10.1002/hbm.23933"
"29199079","Nociceptive Cortical Activity Is Dissociated from Nociceptive Behavior in Newborn Human Infants under Stress","Jones L, Fabrizi L, Laudiano-Dray M, Whitehead K, Meek J, Verriotis M, Fitzgerald M.","Curr Biol. 2017 Dec 18;27(24):3846-3851.e3. doi: 10.1016/j.cub.2017.10.063. Epub 2017 Nov 30.","Jones L","Curr Biol","2017","2017/12/05","PMC5742634","","10.1016/j.cub.2017.10.063"
"29184095","Exteroceptive expectations modulate interoceptive processing: repetition-suppression effects for visual and heartbeat evoked potentials","Marshall AC, Gentsch A, Jelinčić V, Schütz-Bosbach S.","Sci Rep. 2017 Nov 28;7(1):16525. doi: 10.1038/s41598-017-16595-9.","Marshall AC","Sci Rep","2017","2017/11/30","PMC5705640","","10.1038/s41598-017-16595-9"
"29097660","Acute Psychological Stress Disrupts Attentional Bias to Threat-Related Stimuli","Jiang C, Buchanan TW, Yao Z, Zhang K, Wu J, Zhang L.","Sci Rep. 2017 Nov 6;7(1):14607. doi: 10.1038/s41598-017-14138-w.","Jiang C","Sci Rep","2017","2017/11/04","PMC5668362","","10.1038/s41598-017-14138-w"
"29089235","Transcranial magnetic stimulation modulation of corticospinal excitability by targeting cortical I-waves with biphasic paired-pulses","Kallioniemi E, Savolainen P, Järnefelt G, Koskenkorva P, Karhu J, Julkunen P.","Brain Stimul. 2018 Mar-Apr;11(2):322-326. doi: 10.1016/j.brs.2017.10.014. Epub 2017 Oct 20.","Kallioniemi E","Brain Stimul","2018","2017/11/02","","","10.1016/j.brs.2017.10.014"
"29053180","Infant Visual Attention and Stimulus Repetition Effects on Object Recognition","Reynolds GD, Richards JE.","Child Dev. 2019 Jul;90(4):1027-1042. doi: 10.1111/cdev.12982. Epub 2017 Oct 20.","Reynolds GD","Child Dev","2019","2017/10/21","PMC5910295","NIHMS908477","10.1111/cdev.12982"
"29028955","Gamma-Band Oscillations Preferential for Nociception can be Recorded in the Human Insula","Liberati G, Klöcker A, Algoet M, Mulders D, Maia Safronova M, Ferrao Santos S, Ribeiro Vaz JG, Raftopoulos C, Mouraux A.","Cereb Cortex. 2018 Oct 1;28(10):3650-3664. doi: 10.1093/cercor/bhx237.","Liberati G","Cereb Cortex","2018","2017/10/14","PMC6366557","EMS81577","10.1093/cercor/bhx237"
"28972124","Activity Patterns Elicited by Airflow in the Olfactory Bulb and Their Possible Functions","Wu R, Liu Y, Wang L, Li B, Xu F.","J Neurosci. 2017 Nov 1;37(44):10700-10711. doi: 10.1523/JNEUROSCI.2210-17.2017. Epub 2017 Oct 2.","Wu R","J Neurosci","2017","2017/10/04","PMC6596515","","10.1523/JNEUROSCI.2210-17.2017"
"28947266","Dynamics of defensive response mobilization during repeated terminations of exposure to increasing interoceptive threat","Benke C, Krause E, Hamm AO, Pané-Farré CA.","Int J Psychophysiol. 2018 Sep;131:44-56. doi: 10.1016/j.ijpsycho.2017.09.013. Epub 2017 Sep 23.","Benke C","Int J Psychophysiol","2018","2017/09/27","","","10.1016/j.ijpsycho.2017.09.013"
"28927724","Empirical evidence for the relationship between cognitive workload and attentional reserve","Jaquess KJ, Gentili RJ, Lo LC, Oh H, Zhang J, Rietschel JC, Miller MW, Tan YY, Hatfield BD.","Int J Psychophysiol. 2017 Nov;121:46-55. doi: 10.1016/j.ijpsycho.2017.09.007. Epub 2017 Sep 18.","Jaquess KJ","Int J Psychophysiol","2017","2017/09/21","","","10.1016/j.ijpsycho.2017.09.007"
"28892566","Brain-heart interactions reveal consciousness in noncommunicating patients","Raimondo F, Rohaut B, Demertzi A, Valente M, Engemann DA, Salti M, Fernandez Slezak D, Naccache L, Sitt JD.","Ann Neurol. 2017 Oct;82(4):578-591. doi: 10.1002/ana.25045. Epub 2017 Oct 11.","Raimondo F","Ann Neurol","2017","2017/09/12","","","10.1002/ana.25045"
"28778551","Brain responses and self-reported indices of interoception: Heartbeat evoked potentials are inversely associated with worrying about body sensations","Baranauskas M, Grabauskaitė A, Griškova-Bulanova I.","Physiol Behav. 2017 Oct 15;180:1-7. doi: 10.1016/j.physbeh.2017.07.032. Epub 2017 Aug 1.","Baranauskas M","Physiol Behav","2017","2017/08/06","","","10.1016/j.physbeh.2017.07.032"
"28769749","Attention, in and Out: Scalp-Level and Intracranial EEG Correlates of Interoception and Exteroception","García-Cordero I, Esteves S, Mikulan EP, Hesse E, Baglivo FH, Silva W, García MDC, Vaucheret E, Ciraolo C, García HS, Adolfi F, Pietto M, Herrera E, Legaz A, Manes F, García AM, Sigman M, Bekinschtein TA, Ibáñez A, Sedeño L.","Front Neurosci. 2017 Jul 19;11:411. doi: 10.3389/fnins.2017.00411. eCollection 2017.","García-Cordero I","Front Neurosci","2017","2017/08/04","PMC5515904","","10.3389/fnins.2017.00411"
"28700538","Autonomic responses to tonic pain are more closely related to stimulus intensity than to pain intensity","Nickel MM, May ES, Tiemann L, Postorino M, Ta Dinh S, Ploner M.","Pain. 2017 Nov;158(11):2129-2136. doi: 10.1097/j.pain.0000000000001010.","Nickel MM","Pain","2017","2017/07/13","","","10.1097/j.pain.0000000000001010"
"28669917","Interoceptive signals impact visual processing: Cardiac modulation of visual body perception","Ronchi R, Bernasconi F, Pfeiffer C, Bello-Ruiz J, Kaliuzhna M, Blanke O.","Neuroimage. 2017 Sep;158:176-185. doi: 10.1016/j.neuroimage.2017.06.064. Epub 2017 Jun 29.","Ronchi R","Neuroimage","2017","2017/07/04","","","10.1016/j.neuroimage.2017.06.064"
"28591822","Neural Sources and Underlying Mechanisms of Neural Responses to Heartbeats, and their Role in Bodily Self-consciousness: An Intracranial EEG Study","Park HD, Bernasconi F, Salomon R, Tallon-Baudry C, Spinelli L, Seeck M, Schaller K, Blanke O.","Cereb Cortex. 2018 Jul 1;28(7):2351-2364. doi: 10.1093/cercor/bhx136.","Park HD","Cereb Cortex","2018","2017/06/08","","","10.1093/cercor/bhx136"
"28560781","Attending to the heart is associated with posterior alpha band increase and a reduction in sensitivity to concurrent visual stimuli","Villena-González M, Moënne-Loccoz C, Lagos RA, Alliende LM, Billeke P, Aboitiz F, López V, Cosmelli D.","Psychophysiology. 2017 Oct;54(10):1483-1497. doi: 10.1111/psyp.12894. Epub 2017 May 31.","Villena-González M","Psychophysiology","2017","2017/06/01","","","10.1111/psyp.12894"
"28539079","A cognitive stressor for event-related potential studies: the Portland arithmetic stress task","Atchley R, Ellingson R, Klee D, Memmott T, Oken B.","Stress. 2017 May;20(3):277-284. doi: 10.1080/10253890.2017.1335300. Epub 2017 Jun 19.","Atchley R","Stress","2017","2017/05/26","PMC5983890","NIHMS970005","10.1080/10253890.2017.1335300"
"28497927","The potential role of pain-related SSEPs in the early prognostication of long-term functional outcome in post-anoxic coma","Del Felice A, Bargellesi S, Linassi F, Scarpa B, Formaggio E, Boldrini P, Masiero S, Zanatta P.","Eur J Phys Rehabil Med. 2017 Dec;53(6):883-891. doi: 10.23736/S1973-9087.17.04303-9. Epub 2017 May 12.","Del Felice A","Eur J Phys Rehabil Med","2017","2017/05/13","","","10.23736/S1973-9087.17.04303-9"
"28470675","Early prediction of coma recovery after cardiac arrest with blinded pupillometry","Solari D, Rossetti AO, Carteron L, Miroz JP, Novy J, Eckert P, Oddo M.","Ann Neurol. 2017 Jun;81(6):804-810. doi: 10.1002/ana.24943. Epub 2017 Jun 2.","Solari D","Ann Neurol","2017","2017/05/05","","","10.1002/ana.24943"
"28406812","Electroencephalography Predicts Poor and Good Outcomes After Cardiac Arrest: A Two-Center Study","Rossetti AO, Tovar Quiroga DF, Juan E, Novy J, White RD, Ben-Hamouda N, Britton JW, Oddo M, Rabinstein AA.","Crit Care Med. 2017 Jul;45(7):e674-e682. doi: 10.1097/CCM.0000000000002337.","Rossetti AO","Crit Care Med","2017","2017/04/14","","","10.1097/CCM.0000000000002337"
"28244001","Relating Clinical and Electrophysiological Parameters in Death Determination in a Laboratory Model of Progressive Hypoxemia","Park E, Liu E, Shemie SD, Baker AJ.","Neurocrit Care. 2018 Feb;28(1):133-141. doi: 10.1007/s12028-017-0382-y.","Park E","Neurocrit Care","2018","2017/03/01","","","10.1007/s12028-017-0382-y"
"28160751","Pain perception in patients with chronic disorders of consciousness: What can limbic system tell us?","Calabrò RS, Naro A, Manuli A, Leo A, De Luca R, Lo Buono V, Russo M, Bramanti A, Bramanti P.","Clin Neurophysiol. 2017 Mar;128(3):454-462. doi: 10.1016/j.clinph.2016.12.011. Epub 2016 Dec 29.","Calabrò RS","Clin Neurophysiol","2017","2017/02/05","","","10.1016/j.clinph.2016.12.011"
"28089714","Effects of touch on emotional face processing: A study of event-related potentials, facial EMG and cardiac activity","Spapé MM, Harjunen V, Ravaja N.","Biol Psychol. 2017 Mar;124:1-10. doi: 10.1016/j.biopsycho.2017.01.002. Epub 2017 Jan 12.","Spapé MM","Biol Psychol","2017","2017/01/17","","","10.1016/j.biopsycho.2017.01.002"
"28080963","Is the cardiac monitoring function related to the self in both the default network and right anterior insula?","Babo-Rebelo M, Wolpert N, Adam C, Hasboun D, Tallon-Baudry C.","Philos Trans R Soc Lond B Biol Sci. 2016 Nov 19;371(1708):20160004. doi: 10.1098/rstb.2016.0004. Epub 2016 Oct 10.","Babo-Rebelo M","Philos Trans R Soc Lond B Biol Sci","2016","2017/01/13","PMC5062094","","10.1098/rstb.2016.0004"
"27708614","Diving Response in Rats: Role of the Subthalamic Vasodilator Area","Golanov EV, Shiflett JM, Britz GW.","Front Neurol. 2016 Sep 21;7:157. doi: 10.3389/fneur.2016.00157. eCollection 2016.","Golanov EV","Front Neurol","2016","2016/10/07","PMC5030511","","10.3389/fneur.2016.00157"
"27634787","I Keep a Close Watch on This Heart of Mine: Increased Interoception in Insomnia","Wei Y, Ramautar JR, Colombo MA, Stoffers D, Gómez-Herrero G, van der Meijden WP, Te Lindert BH, van der Werf YD, Van Someren EJ.","Sleep. 2016 Dec 1;39(12):2113-2124. doi: 10.5665/sleep.6308.","Wei Y","Sleep","2016","2016/09/17","PMC5103799","","10.5665/sleep.6308"
"27573986","Electrophysiological and Behavioral Outcomes of Berard Auditory Integration Training (AIT) in Children with Autism Spectrum Disorder","Sokhadze EM, Casanova MF, Tasman A, Brockett S.","Appl Psychophysiol Biofeedback. 2016 Dec;41(4):405-420. doi: 10.1007/s10484-016-9343-z.","Sokhadze EM","Appl Psychophysiol Biofeedback","2016","2016/08/31","","","10.1007/s10484-016-9343-z"
"27511016","Transient Modulations of Neural Responses to Heartbeats Covary with Bodily Self-Consciousness","Park HD, Bernasconi F, Bello-Ruiz J, Pfeiffer C, Salomon R, Blanke O.","J Neurosci. 2016 Aug 10;36(32):8453-60. doi: 10.1523/JNEUROSCI.0311-16.2016.","Park HD","J Neurosci","2016","2016/08/12","PMC6601861","","10.1523/JNEUROSCI.0311-16.2016"
"27466329","Neural Responses to Heartbeats in the Default Network Encode the Self in Spontaneous Thoughts","Babo-Rebelo M, Richter CG, Tallon-Baudry C.","J Neurosci. 2016 Jul 27;36(30):7829-40. doi: 10.1523/JNEUROSCI.0262-16.2016.","Babo-Rebelo M","J Neurosci","2016","2016/07/29","PMC4961773","","10.1523/JNEUROSCI.0262-16.2016"
"27445083","The occurrence of individual slow waves in sleep is predicted by heart rate","Mensen A, Zhang Z, Qi M, Khatami R.","Sci Rep. 2016 Jul 22;6:29671. doi: 10.1038/srep29671.","Mensen A","Sci Rep","2016","2016/07/23","PMC4957222","","10.1038/srep29671"
"27404234","What makes medical students better listeners?","De Meo R, Matusz PJ, Knebel JF, Murray MM, Thompson WR, Clarke S.","Curr Biol. 2016 Jul 11;26(13):R519-R520. doi: 10.1016/j.cub.2016.05.024.","De Meo R","Curr Biol","2016","2016/07/13","","","10.1016/j.cub.2016.05.024"
"27217109","Performance monitoring during a minimal group manipulation","Pfabigan DM, Holzner MT, Lamm C.","Soc Cogn Affect Neurosci. 2016 Oct;11(10):1560-8. doi: 10.1093/scan/nsw071. Epub 2016 May 20.","Pfabigan DM","Soc Cogn Affect Neurosci","2016","2016/05/25","PMC5040912","","10.1093/scan/nsw071"
"27194564","Neural response patterns in spider, blood-injection-injury and social fearful individuals: new insights from a simultaneous EEG/ECG-fMRI study","Michałowski JM, Matuszewski J, Droździel D, Koziejowski W, Rynkiewicz A, Jednoróg K, Marchewka A.","Brain Imaging Behav. 2017 Jun;11(3):829-845. doi: 10.1007/s11682-016-9557-y.","Michałowski JM","Brain Imaging Behav","2017","2016/05/20","","","10.1007/s11682-016-9557-y"
"27171616","Electrophysiological approaches to noise sensitivity","Shepherd D, Hautus MJ, Lee SY, Mulgrew J.","J Clin Exp Neuropsychol. 2016 Oct;38(8):900-12. doi: 10.1080/13803395.2016.1176995. Epub 2016 May 12.","Shepherd D","J Clin Exp Neuropsychol","2016","2016/05/13","","","10.1080/13803395.2016.1176995"
"27165337","Thumbs up or thumbs down? Effects of neuroticism and depressive symptoms on psychophysiological responses to social evaluation in healthy students","van der Veen FM, van der Molen MJ, van der Molen MW, Franken IH.","Cogn Affect Behav Neurosci. 2016 Oct;16(5):836-47. doi: 10.3758/s13415-016-0435-2.","van der Veen FM","Cogn Affect Behav Neurosci","2016","2016/05/12","PMC5018028","","10.3758/s13415-016-0435-2"
"27159263","Effects of interstimulus intervals on behavioral, heart rate, and event-related potential indices of infant engagement and sustained attention","Xie W, Richards JE.","Psychophysiology. 2016 Aug;53(8):1128-42. doi: 10.1111/psyp.12670. Epub 2016 May 9.","Xie W","Psychophysiology","2016","2016/05/10","PMC4949138","NIHMS788809","10.1111/psyp.12670"
"27039705","Physiological processes non-linearly affect electrophysiological recordings during transcranial electric stimulation","Noury N, Hipp JF, Siegel M.","Neuroimage. 2016 Oct 15;140:99-109. doi: 10.1016/j.neuroimage.2016.03.065. Epub 2016 Apr 1.","Noury N","Neuroimage","2016","2016/04/05","","","10.1016/j.neuroimage.2016.03.065"
"26956658","Electrocortical Evidence of Enhanced Performance Monitoring in Social Anxiety","Judah MR, Grant DM, Frosio KE, White EJ, Taylor DL, Mills AC.","Behav Ther. 2016 Mar;47(2):274-85. doi: 10.1016/j.beth.2015.12.002. Epub 2015 Dec 29.","Judah MR","Behav Ther","2016","2016/03/10","","","10.1016/j.beth.2015.12.002"
"26883623","Time-dependent and independent neurophysiological indicators of prognosis in post-anoxic coma subjects treated by therapeutic hypothermia","Carrai R, Grippo A, Scarpino M, Spalletti M, Cossu C, Lanzo G, Peris A, Cianchi G, Batacchi S, Valente S, Gensini G, Amantini A.","Minerva Anestesiol. 2016 Sep;82(9):940-9. Epub 2016 Feb 16.","Carrai R","Minerva Anestesiol","2016","2016/02/18","","",""
"26856907","K-Complexes: Interaction between the Central and Autonomic Nervous Systems during Sleep","de Zambotti M, Willoughby AR, Franzen PL, Clark DB, Baker FC, Colrain IM.","Sleep. 2016 May 1;39(5):1129-37. doi: 10.5665/sleep.5770.","de Zambotti M","Sleep","2016","2016/02/10","PMC4835312","","10.5665/sleep.5770"
"26749161","Effect of temporal resolution and serial autocorrelations in event-related functional MRI","Sahib AK, Mathiak K, Erb M, Elshahabi A, Klamer S, Scheffler K, Focke NK, Ethofer T.","Magn Reson Med. 2016 Dec;76(6):1805-1813. doi: 10.1002/mrm.26073. Epub 2016 Jan 9.","Sahib AK","Magn Reson Med","2016","2016/01/11","","","10.1002/mrm.26073"
"26738634","Joint effects of sensory feedback and interoceptive awareness on conscious error detection: Evidence from event related brain potentials","Godefroid E, Pourtois G, Wiersema JR.","Biol Psychol. 2016 Feb;114:49-60. doi: 10.1016/j.biopsycho.2015.12.005. Epub 2015 Dec 29.","Godefroid E","Biol Psychol","2016","2016/01/08","","","10.1016/j.biopsycho.2015.12.005"
"26724251","Heart rate and P300: Integrating peripheral and central indices of cognitive processing","Guerra PM, Sánchez-Adam A, Miccoli L, Polich J, Vila J.","Int J Psychophysiol. 2016 Feb;100:1-11. doi: 10.1016/j.ijpsycho.2015.12.008. Epub 2015 Dec 23.","Guerra PM","Int J Psychophysiol","2016","2016/01/03","","","10.1016/j.ijpsycho.2015.12.008"
"28334126","Heartfelt Self: Cardio-Visual Integration Affects Self-Face Recognition and Interoceptive Cortical Processing","Sel A, Azevedo RT, Tsakiris M.","Cereb Cortex. 2017 Nov 1;27(11):5144-5155. doi: 10.1093/cercor/bhw296.","Sel A","Cereb Cortex","2017","2017/03/24","","","10.1093/cercor/bhw296"
"26503014","Aroused with heart: Modulation of heartbeat evoked potential by arousal induction and its oscillatory correlates","Luft CD, Bhattacharya J.","Sci Rep. 2015 Oct 27;5:15717. doi: 10.1038/srep15717.","Luft CD","Sci Rep","2015","2015/10/28","PMC4621540","","10.1038/srep15717"
"26485310","Cortical localization of phase and amplitude dynamics predicting access to somatosensory awareness","Hirvonen J, Palva S.","Hum Brain Mapp. 2016 Jan;37(1):311-26. doi: 10.1002/hbm.23033. Epub 2015 Oct 20.","Hirvonen J","Hum Brain Mapp","2016","2015/10/21","PMC6867440","","10.1002/hbm.23033"
"26376409","Cortical Representation of Afferent Bodily Signals in Borderline Personality Disorder: Neural Correlates and Relationship to Emotional Dysregulation","Müller LE, Schulz A, Andermann M, Gäbel A, Gescher DM, Spohn A, Herpertz SC, Bertsch K.","JAMA Psychiatry. 2015 Nov;72(11):1077-86. doi: 10.1001/jamapsychiatry.2015.1252.","Müller LE","JAMA Psychiatry","2015","2015/09/17","","","10.1001/jamapsychiatry.2015.1252"
"26318337","Multiple stages of information processing are modulated during acute bouts of exercise","Bullock T, Cecotti H, Giesbrecht B.","Neuroscience. 2015 Oct 29;307:138-50. doi: 10.1016/j.neuroscience.2015.08.046. Epub 2015 Aug 28.","Bullock T","Neuroscience","2015","2015/08/31","","","10.1016/j.neuroscience.2015.08.046"
"26268858","Heartbeat-related EEG amplitude and phase modulations from wakefulness to deep sleep: Interactions with sleep spindles and slow oscillations","Lechinger J, Heib DP, Gruber W, Schabus M, Klimesch W.","Psychophysiology. 2015 Nov;52(11):1441-50. doi: 10.1111/psyp.12508. Epub 2015 Aug 13.","Lechinger J","Psychophysiology","2015","2015/08/14","","","10.1111/psyp.12508"
"26257624","Time course of EEG oscillations during repeated listening of a well-known aria","Jäncke L, Kühnis J, Rogenmoser L, Elmer S.","Front Hum Neurosci. 2015 Jul 20;9:401. doi: 10.3389/fnhum.2015.00401. eCollection 2015.","Jäncke L","Front Hum Neurosci","2015","2015/08/11","PMC4507057","","10.3389/fnhum.2015.00401"
"26255255","Trials and intensity effects in single-trial ERP components and autonomic responses in a dishabituation paradigm with very long ISIs","MacDonald B, Barry RJ, Bonfield RC.","Int J Psychophysiol. 2015 Dec;98(3 Pt 1):394-412. doi: 10.1016/j.ijpsycho.2015.08.002. Epub 2015 Aug 5.","MacDonald B","Int J Psychophysiol","2015","2015/08/10","","","10.1016/j.ijpsycho.2015.08.002"
"26189975","Conditioned and extinguished fear modulate functional corticocardiac coupling in humans","Panitz C, Hermann C, Mueller EM.","Psychophysiology. 2015 Oct;52(10):1351-60. doi: 10.1111/psyp.12498. Epub 2015 Jul 20.","Panitz C","Psychophysiology","2015","2015/07/21","","","10.1111/psyp.12498"
"26060324","The dual nature of eye contact: to see and to be seen","Myllyneva A, Hietanen JK.","Soc Cogn Affect Neurosci. 2016 Jul;11(7):1089-95. doi: 10.1093/scan/nsv075. Epub 2015 Jun 8.","Myllyneva A","Soc Cogn Affect Neurosci","2016","2015/06/11","PMC4927030","","10.1093/scan/nsv075"
"25925534","The classic P300 encodes a build-to-threshold decision variable","Twomey DM, Murphy PR, Kelly SP, O'Connell RG.","Eur J Neurosci. 2015 Jul;42(1):1636-43. doi: 10.1111/ejn.12936. Epub 2015 May 28.","Twomey DM","Eur J Neurosci","2015","2015/05/01","","","10.1111/ejn.12936"
"25912598","Effect of respiration on heartbeat-evoked potentials during sleep in children with sleep-disordered breathing","Baumert M, Pamula Y, Kohler M, Martin J, Kennedy D, Nalivaiko E, Immanuel SA.","Sleep Med. 2015 May;16(5):665-7. doi: 10.1016/j.sleep.2015.02.528. Epub 2015 Mar 9.","Baumert M","Sleep Med","2015","2015/04/28","","","10.1016/j.sleep.2015.02.528"
"25911524","Evaluation of 3D cognitive fatigue using heart-brain synchronization","Park S, Won MJ, Lee EC, Mun S, Park MC, Whang M.","Int J Psychophysiol. 2015 Aug;97(2):120-30. doi: 10.1016/j.ijpsycho.2015.04.006. Epub 2015 Apr 21.","Park S","Int J Psychophysiol","2015","2015/04/26","","","10.1016/j.ijpsycho.2015.04.006"
"25899708","Auditory Feedback Differentially Modulates Behavioral and Neural Markers of Objective and Subjective Performance When Tapping to Your Heartbeat","Canales-Johnson A, Silva C, Huepe D, Rivera-Rei Á, Noreika V, Garcia Mdel C, Silva W, Ciraolo C, Vaucheret E, Sedeño L, Couto B, Kargieman L, Baglivo F, Sigman M, Chennu S, Ibáñez A, Rodríguez E, Bekinschtein TA.","Cereb Cortex. 2015 Nov;25(11):4490-503. doi: 10.1093/cercor/bhv076. Epub 2015 Apr 21.","Canales-Johnson A","Cereb Cortex","2015","2015/04/23","PMC4816795","","10.1093/cercor/bhv076"
"25870439","Cardiac and electro-cortical concomitants of social feedback processing in women","Dekkers LM, van der Molen MJ, Gunther Moor B, van der Veen FM, van der Molen MW.","Soc Cogn Affect Neurosci. 2015 Nov;10(11):1506-14. doi: 10.1093/scan/nsv039. Epub 2015 Apr 13.","Dekkers LM","Soc Cogn Affect Neurosci","2015","2015/04/15","PMC4631146","","10.1093/scan/nsv039"
"25848007","Asphyxia-activated corticocardiac signaling accelerates onset of cardiac arrest","Li D, Mabrouk OS, Liu T, Tian F, Xu G, Rengifo S, Choi SJ, Mathur A, Crooks CP, Kennedy RT, Wang MM, Ghanbari H, Borjigin J.","Proc Natl Acad Sci U S A. 2015 Apr 21;112(16):E2073-82. doi: 10.1073/pnas.1423936112. Epub 2015 Apr 6.","Li D","Proc Natl Acad Sci U S A","2015","2015/04/08","PMC4413312","","10.1073/pnas.1423936112"
"25630906","Neuroelectric adaptations to cognitive processing in virtual environments: an exercise-related approach","Vogt T, Herpers R, Scherfgen D, Strüder HK, Schneider S.","Exp Brain Res. 2015 Apr;233(4):1321-9. doi: 10.1007/s00221-015-4208-x. Epub 2015 Jan 29.","Vogt T","Exp Brain Res","2015","2015/01/30","","","10.1007/s00221-015-4208-x"
"25571329","Brain biomarkers based assessment of cognitive workload in pilots under various task demands","Gentili RJ, Rietschel JC, Jaquess KJ, Lo LC, Prevost M, Miller MW, Mohler JM, Oh H, Tan YY, Hatfield BD.","Annu Int Conf IEEE Eng Med Biol Soc. 2014;2014:5860-3. doi: 10.1109/EMBC.2014.6944961.","Gentili RJ","Annu Int Conf IEEE Eng Med Biol Soc","2014","2015/01/09","","","10.1109/EMBC.2014.6944961"
"25431244","Short-term food deprivation increases amplitudes of heartbeat-evoked potentials","Schulz A, Ferreira de Sá DS, Dierolf AM, Lutz A, van Dyck Z, Vögele C, Schächinger H.","Psychophysiology. 2015 May;52(5):695-703. doi: 10.1111/psyp.12388. Epub 2014 Nov 28.","Schulz A","Psychophysiology","2015","2014/11/29","","","10.1111/psyp.12388"
"25398141","Enhanced slow-wave EEG activity and thermoregulatory impairment following the inhibition of the lateral hypothalamus in the rat","Cerri M, Del Vecchio F, Mastrotto M, Luppi M, Martelli D, Perez E, Tupone D, Zamboni G, Amici R.","PLoS One. 2014 Nov 14;9(11):e112849. doi: 10.1371/journal.pone.0112849. eCollection 2014.","Cerri M","PLoS One","2014","2014/11/15","PMC4232523","","10.1371/journal.pone.0112849"
"25355852","The influence of an acute bout of aerobic exercise on cortical contributions to motor preparation and execution","Thacker JS, Middleton LE, McIlroy WE, Staines WR.","Physiol Rep. 2014 Oct 28;2(10):e12178. doi: 10.14814/phy2.12178. Print 2014 Oct 1.","Thacker JS","Physiol Rep","2014","2014/10/31","PMC4254103","","10.14814/phy2.12178"
"25342100","Effect of acupuncture on patients with insomnia: study protocol for a randomized controlled trial","Han KH, Kim SY, Chung SY.","Trials. 2014 Oct 23;15:403. doi: 10.1186/1745-6215-15-403.","Han KH","Trials","2014","2014/10/25","PMC4213556","","10.1186/1745-6215-15-403"
"25330003","Sex differences in orienting to pictures with and without humans: evidence from the cardiac evoked response (ECR) and the cortical long latency parietal positivity (LPP)","Althaus M, Groen Y, van der Schaft L, Minderaa RB, Tucha O, Mulder LJ, Wijers AA.","PLoS One. 2014 Oct 15;9(10):e108224. doi: 10.1371/journal.pone.0108224. eCollection 2014.","Althaus M","PLoS One","2014","2014/10/21","PMC4198108","","10.1371/journal.pone.0108224"
"25317937","Heartbeat evoked potentials during sleep and daytime behavior in children with sleep-disordered breathing","Immanuel SA, Pamula Y, Kohler M, Martin J, Kennedy D, Nalivaiko E, Saint DA, Baumert M.","Am J Respir Crit Care Med. 2014 Nov 15;190(10):1149-57. doi: 10.1164/rccm.201405-0920OC.","Immanuel SA","Am J Respir Crit Care Med","2014","2014/10/16","","","10.1164/rccm.201405-0920OC"
"25308605","Effect of acute exercise and cardiovascular fitness on cognitive function: an event-related cortical desynchronization study","Chang YK, Chu CH, Wang CC, Song TF, Wei GX.","Psychophysiology. 2015 Mar;52(3):342-51. doi: 10.1111/psyp.12364. Epub 2014 Oct 13.","Chang YK","Psychophysiology","2015","2014/10/14","","","10.1111/psyp.12364"
"25218826","Noxious stimulation in children receiving general anaesthesia evokes an increase in delta frequency brain activity","Hartley C, Poorun R, Goksan S, Worley A, Boyd S, Rogers R, Ali T, Slater R.","Pain. 2014 Nov;155(11):2368-76. doi: 10.1016/j.pain.2014.09.006. Epub 2014 Sep 10.","Hartley C","Pain","2014","2014/09/15","PMC4247379","","10.1016/j.pain.2014.09.006"
"25109434","Physiological and cognitive consequences of suppressing and expressing emotion in dyadic interactions","Peters BJ, Overall NC, Jamieson JP.","Int J Psychophysiol. 2014 Oct;94(1):100-7. doi: 10.1016/j.ijpsycho.2014.07.015. Epub 2014 Aug 7.","Peters BJ","Int J Psychophysiol","2014","2014/08/12","","","10.1016/j.ijpsycho.2014.07.015"
"24916920","Memory detection with the Concealed Information Test: a meta analysis of skin conductance, respiration, heart rate, and P300 data","Meijer EH, klein Selle N, Elber L, Ben-Shakhar G.","Psychophysiology. 2014 Sep;51(9):879-904. doi: 10.1111/psyp.12239. Epub 2014 Jun 10.","Meijer EH","Psychophysiology","2014","2014/06/12","","","10.1111/psyp.12239"
"24887007","Sex differences in the neural representation of pain unpleasantness","Girard-Tremblay L, Auclair V, Daigle K, Léonard G, Whittingstall K, Goffaux P.","J Pain. 2014 Aug;15(8):867-77. doi: 10.1016/j.jpain.2014.05.004. Epub 2014 Jun 2.","Girard-Tremblay L","J Pain","2014","2014/06/03","","","10.1016/j.jpain.2014.05.004"
"24824678","Contribution of neurophysiological endophenotype, individual frequency of EEG alpha oscillations, to mechanisms of emotional reactivity","Tumyalis AV, Aftanas LI.","Bull Exp Biol Med. 2014 Apr;156(6):711-6. doi: 10.1007/s10517-014-2431-2. Epub 2014 May 3.","Tumyalis AV","Bull Exp Biol Med","2014","2014/05/15","","","10.1007/s10517-014-2431-2"
"24681245","Trial effects in single-trial ERP components and autonomic responses at very long ISIs","MacDonald B, Barry RJ.","Int J Psychophysiol. 2014 Jun;92(3):99-112. doi: 10.1016/j.ijpsycho.2014.03.007. Epub 2014 Mar 26.","MacDonald B","Int J Psychophysiol","2014","2014/04/01","","","10.1016/j.ijpsycho.2014.03.007"
"24680787","Suppression of the auditory N1-component for heartbeat-related sounds reflects interoceptive predictive coding","van Elk M, Lenggenhager B, Heydrich L, Blanke O.","Biol Psychol. 2014 May;99:172-82. doi: 10.1016/j.biopsycho.2014.03.004. Epub 2014 Mar 26.","van Elk M","Biol Psychol","2014","2014/04/01","","","10.1016/j.biopsycho.2014.03.004"
"24609466","Spontaneous fluctuations in neural responses to heartbeats predict visual detection","Park HD, Correia S, Ducorps A, Tallon-Baudry C.","Nat Neurosci. 2014 Apr;17(4):612-8. doi: 10.1038/nn.3671. Epub 2014 Mar 9.","Park HD","Nat Neurosci","2014","2014/03/11","","","10.1038/nn.3671"
"24530435","Non-invasive detection of optical changes elicited by seizure activity using time-series analysis of light scattering images in a rat model of generalized seizure","Hajihashemi MR, Zhang T, Ormerod BK, Jiang H.","J Neurosci Methods. 2014 Apr 30;227:18-28. doi: 10.1016/j.jneumeth.2014.02.002. Epub 2014 Feb 11.","Hajihashemi MR","J Neurosci Methods","2014","2014/02/18","","","10.1016/j.jneumeth.2014.02.002"
"24329704","Effect of an inhibitor of neuronal nitric oxide synthase 7-nitroindazole on cerebral hemodynamic response and brain excitability in urethane-anesthetized rats","Brožíčková C, Otáhal J.","Physiol Res. 2013;62(Suppl 1):S57-66. doi: 10.33549/physiolres.932564.","Brožíčková C","Physiol Res","2013","2013/12/17","","","10.33549/physiolres.932564"
"24311196","Mindfulness based cognitive therapy may improve emotional processing in bipolar disorder: pilot ERP and HRV study","Howells FM, Laurie Rauch HG, Ives-Deliperi VL, Horn NR, Stein DJ.","Metab Brain Dis. 2014 Jun;29(2):367-75. doi: 10.1007/s11011-013-9462-7. Epub 2013 Dec 7.","Howells FM","Metab Brain Dis","2014","2013/12/07","","","10.1007/s11011-013-9462-7"
"24111201","Changes in behavior of evoked potentials in the brain as a possible indicator of fatigue in people","Kadambi P, Lovelace JA, Beyette FR.","Annu Int Conf IEEE Eng Med Biol Soc. 2013;2013:6381-4. doi: 10.1109/EMBC.2013.6611014.","Kadambi P","Annu Int Conf IEEE Eng Med Biol Soc","2013","2013/10/11","","","10.1109/EMBC.2013.6611014"
"23954302","The influence of social evaluation on cerebral cortical activity and motor performance: a study of ""Real-Life"" competition","Hatfield BD, Costanzo ME, Goodman RN, Lo LC, Oh H, Rietschel JC, Saffer M, Bradberry T, Contreras-Vidal J, Haufler A.","Int J Psychophysiol. 2013 Nov;90(2):240-9. doi: 10.1016/j.ijpsycho.2013.08.002. Epub 2013 Aug 14.","Hatfield BD","Int J Psychophysiol","2013","2013/08/20","","","10.1016/j.ijpsycho.2013.08.002"
"23933516","Wakefulness-promoting role of the inferior colliculus","Cabrera G, Cavelli M, Lopez C, Rodriguez-Servetti Z, Vanini G, Chase MH, Falconi A, Torterolo P.","Behav Brain Res. 2013 Nov 1;256:82-94. doi: 10.1016/j.bbr.2013.07.049. Epub 2013 Aug 7.","Cabrera G","Behav Brain Res","2013","2013/08/13","","","10.1016/j.bbr.2013.07.049"
"23892096","Mindfulness (Vipassana) meditation: effects on P3b event-related potential and heart rate variability","Delgado-Pastor LC, Perakakis P, Subramanya P, Telles S, Vila J.","Int J Psychophysiol. 2013 Nov;90(2):207-14. doi: 10.1016/j.ijpsycho.2013.07.006. Epub 2013 Jul 24.","Delgado-Pastor LC","Int J Psychophysiol","2013","2013/07/30","","","10.1016/j.ijpsycho.2013.07.006"
"23887821","The heart-break of social rejection versus the brain wave of social acceptance","van der Veen FM, van der Molen MW, Sahibdin PP, Franken IH.","Soc Cogn Affect Neurosci. 2014 Sep;9(9):1346-51. doi: 10.1093/scan/nst120. Epub 2013 Jul 25.","van der Veen FM","Soc Cogn Affect Neurosci","2014","2013/07/27","PMC4158370","","10.1093/scan/nst120"
"23887813","The man who feels two hearts: the different pathways of interoception","Couto B, Salles A, Sedeño L, Peradejordi M, Barttfeld P, Canales-Johnson A, Dos Santos YV, Huepe D, Bekinschtein T, Sigman M, Favaloro R, Manes F, Ibanez A.","Soc Cogn Affect Neurosci. 2014 Sep;9(9):1253-60. doi: 10.1093/scan/nst108. Epub 2013 Jul 24.","Couto B","Soc Cogn Affect Neurosci","2014","2013/07/27","PMC4158360","","10.1093/scan/nst108"
"23850227","Cortisol rapidly affects amplitudes of heartbeat-evoked brain potentials--implications for the contribution of stress to an altered perception of physical sensations?","Schulz A, Strelzyk F, Ferreira de Sá DS, Naumann E, Vögele C, Schächinger H.","Psychoneuroendocrinology. 2013 Nov;38(11):2686-93. doi: 10.1016/j.psyneuen.2013.06.027. Epub 2013 Jul 11.","Schulz A","Psychoneuroendocrinology","2013","2013/07/16","","","10.1016/j.psyneuen.2013.06.027"
"23840700","Mild Transient Hypercapnia as a Novel Fear Conditioning Stimulus Allowing Re-Exposure during Sleep","McDowell AL, Filippone AB, Balbir A, Germain A, O'Donnell CP.","PLoS One. 2013 Jun 26;8(6):e67435. doi: 10.1371/journal.pone.0067435. Print 2013.","McDowell AL","PLoS One","2013","2013/07/11","PMC3693948","","10.1371/journal.pone.0067435"
"23809738","Predicting outcome after cardiopulmonary arrest in therapeutic hypothermia patients: clinical, electrophysiological and imaging prognosticators","Maia B, Roque R, Amaral-Silva A, Lourenço S, Bento L, Alcântara J.","Acta Med Port. 2013 Mar-Apr;26(2):93-7. Epub 2013 May 31.","Maia B","Acta Med Port","2013","2013/07/02","","",""
"23770890","Moderate cycling exercise enhances neurocognitive processing in adolescents with intellectual and developmental disabilities","Vogt T, Schneider S, Anneken V, Strüder HK.","Res Dev Disabil. 2013 Sep;34(9):2708-16. doi: 10.1016/j.ridd.2013.05.037. Epub 2013 Jun 14.","Vogt T","Res Dev Disabil","2013","2013/06/18","","","10.1016/j.ridd.2013.05.037"
"23735706","Brain-heart coupling at the P300 latency is linked to anterior cingulate cortex and insula--a cardio-electroencephalographic covariance tracing study","Panitz C, Wacker J, Stemmler G, Mueller EM.","Biol Psychol. 2013 Sep;94(1):185-91. doi: 10.1016/j.biopsycho.2013.05.017. Epub 2013 Jun 2.","Panitz C","Biol Psychol","2013","2013/06/06","","","10.1016/j.biopsycho.2013.05.017"
"23684883","Heart cycle-related effects on event-related potentials, spectral power changes, and connectivity patterns in the human ECoG","Kern M, Aertsen A, Schulze-Bonhage A, Ball T.","Neuroimage. 2013 Nov 1;81:178-190. doi: 10.1016/j.neuroimage.2013.05.042. Epub 2013 May 16.","Kern M","Neuroimage","2013","2013/05/21","","","10.1016/j.neuroimage.2013.05.042"
"23623172","Altered psychophysiological responses to the view of others' pain and anger faces in fibromyalgia patients","González-Roldán AM, Muñoz MA, Cifre I, Sitges C, Montoya P.","J Pain. 2013 Jul;14(7):709-19. doi: 10.1016/j.jpain.2013.01.775. Epub 2013 Apr 25.","González-Roldán AM","J Pain","2013","2013/04/30","","","10.1016/j.jpain.2013.01.775"
"23612694","Is there a relationship between fetal brain function and the fetal behavioral state? A fetal MEG-study","Kiefer-Schmidt I, Raufer J, Brändle J, Münßinger J, Abele H, Wallwiener D, Eswaran H, Preissl H.","J Perinat Med. 2013 Sep 1;41(5):605-12. doi: 10.1515/jpm-2013-0022.","Kiefer-Schmidt I","J Perinat Med","2013","2013/04/25","","","10.1515/jpm-2013-0022"
"23583420","Cleaning MEG artifacts using external cues","Tal I, Abeles M.","J Neurosci Methods. 2013 Jul 15;217(1-2):31-8. doi: 10.1016/j.jneumeth.2013.04.002. Epub 2013 Apr 11.","Tal I","J Neurosci Methods","2013","2013/04/16","","","10.1016/j.jneumeth.2013.04.002"
"23560794","Identifying concealment-related responses in the concealed information test","Matsuda I, Nittono H, Ogawa T.","Psychophysiology. 2013 Jul;50(7):617-26. doi: 10.1111/psyp.12046. Epub 2013 Apr 8.","Matsuda I","Psychophysiology","2013","2013/04/09","","","10.1111/psyp.12046"
"23407956","The inhibition of neurons in the central nervous pathways for thermoregulatory cold defense induces a suspended animation state in the rat","Cerri M, Mastrotto M, Tupone D, Martelli D, Luppi M, Perez E, Zamboni G, Amici R.","J Neurosci. 2013 Feb 13;33(7):2984-93. doi: 10.1523/JNEUROSCI.3596-12.2013.","Cerri M","J Neurosci","2013","2013/02/15","PMC6619194","","10.1523/JNEUROSCI.3596-12.2013"
"23395562","Linking components of event-related potentials and autonomic measures of the orienting reflex","Barry RJ, MacDonald B, De Blasio FM, Steiner GZ.","Int J Psychophysiol. 2013 Sep;89(3):366-73. doi: 10.1016/j.ijpsycho.2013.01.016. Epub 2013 Feb 5.","Barry RJ","Int J Psychophysiol","2013","2013/02/12","","","10.1016/j.ijpsycho.2013.01.016"
"23370163","Neurological prognostication after cardiac arrest--recommendations from the Swedish Resuscitation Council","Cronberg T, Brizzi M, Liedholm LJ, Rosén I, Rubertsson S, Rylander C, Friberg H.","Resuscitation. 2013 Jul;84(7):867-72. doi: 10.1016/j.resuscitation.2013.01.019. Epub 2013 Jan 29.","Cronberg T","Resuscitation","2013","2013/02/02","","","10.1016/j.resuscitation.2013.01.019"
"23351098","Does arousal per se account for the influence of appetitive stimuli on attentional scope and the late positive potential?","Gable PA, Harmon-Jones E.","Psychophysiology. 2013 Apr;50(4):344-50. doi: 10.1111/psyp.12023. Epub 2013 Jan 25.","Gable PA","Psychophysiology","2013","2013/01/29","","","10.1111/psyp.12023"
"23253105","Auditory evoked arousal responses of 3-month-old infants exposed to methamphetamine in utero: a nap study","Galland BC, Mitchell EA, Thompson JM, Wouldes T; NZ IDEAL Study Group.","Acta Paediatr. 2013 Apr;102(4):424-30. doi: 10.1111/apa.12136. Epub 2013 Jan 29.","Galland BC","Acta Paediatr","2013","2012/12/21","PMC5341078","NIHMS848242","10.1111/apa.12136"
"23247189","EEG acquisition in ultra-high static magnetic fields up to 9.4 T","Neuner I, Warbrick T, Arrubla J, Felder J, Celik A, Reske M, Boers F, Shah NJ.","Neuroimage. 2013 Mar;68:214-20. doi: 10.1016/j.neuroimage.2012.11.064. Epub 2012 Dec 14.","Neuner I","Neuroimage","2013","2012/12/19","","","10.1016/j.neuroimage.2012.11.064"
"23142016","Effects of acute nicotine on somatosensory change-related cortical responses","Kodaira M, Wasaka T, Motomura E, Tanii H, Inui K, Kakigi R.","Neuroscience. 2013 Jan 15;229:20-6. doi: 10.1016/j.neuroscience.2012.10.060. Epub 2012 Nov 6.","Kodaira M","Neuroscience","2013","2012/11/13","","","10.1016/j.neuroscience.2012.10.060"
"23049783","The practice of therapeutic hypothermia after cardiac arrest in France: a national survey","Orban JC, Cattet F, Lefrant JY, Leone M, Jaber S, Constantin JM, Allaouchiche B, Ichai C; AzuRéa group.","PLoS One. 2012;7(9):e45284. doi: 10.1371/journal.pone.0045284. Epub 2012 Sep 25.","Orban JC","PLoS One","2012","2012/10/11","PMC3458038","","10.1371/journal.pone.0045284"
"22972958","An evaluation of in vivo voltage-sensitive dyes: pharmacological side effects and signal-to-noise ratios after effective removal of brain-pulsation artifacts","Grandy TH, Greenfield SA, Devonshire IM.","J Neurophysiol. 2012 Dec;108(11):2931-45. doi: 10.1152/jn.00512.2011. Epub 2012 Sep 12.","Grandy TH","J Neurophysiol","2012","2012/09/14","","","10.1152/jn.00512.2011"
"22849835","Haemodynamic parameters and cognitive function during modeled acute volume loss","Tuboly G, Rudas L, Csillik A, Nagy A, Benedek K, Benedek G, Braunitzer G.","Acta Physiol Hung. 2012 Jun;99(2):118-25. doi: 10.1556/APhysiol.99.2012.2.4.","Tuboly G","Acta Physiol Hung","2012","2012/08/02","","","10.1556/APhysiol.99.2012.2.4"
"22685240","The influence of concentration/meditation on autonomic nervous system activity and the innate immune response: a case study","Kox M, Stoffels M, Smeekens SP, van Alfen N, Gomes M, Eijsvogels TM, Hopman MT, van der Hoeven JG, Netea MG, Pickkers P.","Psychosom Med. 2012 Jun;74(5):489-94. doi: 10.1097/PSY.0b013e3182583c6d.","Kox M","Psychosom Med","2012","2012/06/12","","","10.1097/PSY.0b013e3182583c6d"
"22653135","Influence of antipsychotic agents on heart rate variability in male WKY rats: implications for cardiovascular safety","Wang YC, Chen CY, Kuo TB, Lai CJ, Yang CC.","Neuropsychobiology. 2012 Jun;65(4):216-26. doi: 10.1159/000337459. Epub 2012 May 25.","Wang YC","Neuropsychobiology","2012","2012/06/02","","","10.1159/000337459"
"22541740","Heartbeat evoked potentials mirror altered body perception in depressed patients","Terhaar J, Viola FC, Bär KJ, Debener S.","Clin Neurophysiol. 2012 Oct;123(10):1950-7. doi: 10.1016/j.clinph.2012.02.086. Epub 2012 Apr 25.","Terhaar J","Clin Neurophysiol","2012","2012/05/01","","","10.1016/j.clinph.2012.02.086"
"22509162","Acute tryptophan depletion attenuates brain-heart coupling following external feedback","Mueller EM, Evers EA, Wacker J, van der Veen F.","Front Hum Neurosci. 2012 Apr 9;6:77. doi: 10.3389/fnhum.2012.00077. eCollection 2012.","Mueller EM","Front Hum Neurosci","2012","2012/04/18","PMC3321412","","10.3389/fnhum.2012.00077"
"22425471","Nicotine and the hallucinating brain: effects on mismatch negativity (MMN) in schizophrenia","Fisher DJ, Grant B, Smith DM, Borracci G, Labelle A, Knott VJ.","Psychiatry Res. 2012 Apr 30;196(2-3):181-7. doi: 10.1016/j.psychres.2012.01.026. Epub 2012 Mar 16.","Fisher DJ","Psychiatry Res","2012","2012/03/20","","","10.1016/j.psychres.2012.01.026"
"22337155","Pain-related middle-latency somatosensory evoked potentials in the prognosis of post anoxic coma: a preliminary report","Zanatta P, Messerotti Benvenuti S, Baldanzi F, Bosco E.","Minerva Anestesiol. 2012 Jul;78(7):749-56. Epub 2012 Feb 15.","Zanatta P","Minerva Anestesiol","2012","2012/02/17","","",""
"22269488","Electroencephalogram and electrocardiograph assessment of mental fatigue in a driving simulator","Zhao C, Zhao M, Liu J, Zheng C.","Accid Anal Prev. 2012 Mar;45:83-90. doi: 10.1016/j.aap.2011.11.019. Epub 2011 Dec 26.","Zhao C","Accid Anal Prev","2012","2012/01/25","","","10.1016/j.aap.2011.11.019"
"22254732","HRV and EEG based indicators of stress in children with Asperger syndrome in audio-visual stimulus test","Tiinanen S, Määttä A, Silfverhuth M, Suominen K, Jansson-Verkasalo E, Seppänen T.","Annu Int Conf IEEE Eng Med Biol Soc. 2011;2011:2021-4. doi: 10.1109/IEMBS.2011.6090371.","Tiinanen S","Annu Int Conf IEEE Eng Med Biol Soc","2011","2012/01/19","","","10.1109/IEMBS.2011.6090371"
"22139005","aepEX monitor for the measurement of hypnotic depth in patients undergoing balanced xenon anaesthesia","Stoppe C, Peters D, Fahlenkamp AV, Cremer J, Rex S, Schälte G, Rossaint R, Coburn M.","Br J Anaesth. 2012 Jan;108(1):80-8. doi: 10.1093/bja/aer393. Epub 2011 Dec 2.","Stoppe C","Br J Anaesth","2012","2011/12/06","","","10.1093/bja/aer393"
"22101380","Neural signatures of economic parameters during decision-making: a functional MRI (FMRI), electroencephalography (EEG) and autonomic monitoring study","Minati L, Grisoli M, Franceschetti S, Epifani F, Granvillano A, Medford N, Harrison NA, Piacentini S, Critchley HD.","Brain Topogr. 2012 Jan;25(1):73-96. doi: 10.1007/s10548-011-0210-1. Epub 2011 Nov 20.","Minati L","Brain Topogr","2012","2011/11/22","","","10.1007/s10548-011-0210-1"
"22062246","Single-trial event-related potentials and autonomic measures of the orienting reflex","Macdonald B, Barry RJ, Rushby JA.","Int J Psychophysiol. 2012 Jan;83(1):79-86. doi: 10.1016/j.ijpsycho.2011.10.007. Epub 2011 Nov 4.","Macdonald B","Int J Psychophysiol","2012","2011/11/09","","","10.1016/j.ijpsycho.2011.10.007"
"22032747","Some evidence supporting the safety of quadripulse stimulation (QPS)","Nakatani-Enomoto S, Hanajima R, Hamada M, Mochizuki H, Kobayashi S, Enomoto H, Sugiura Y, Matsumoto H, Furubayashi T, Terao Y, Sato F, Ugawa Y.","Brain Stimul. 2011 Oct;4(4):303-5. doi: 10.1016/j.brs.2010.10.004. Epub 2010 Nov 13.","Nakatani-Enomoto S","Brain Stimul","2011","2011/10/29","","","10.1016/j.brs.2010.10.004"
"21879884","Why is Facebook so successful? Psychophysiological measures describe a core flow state while using Facebook","Mauri M, Cipresso P, Balgera A, Villamira M, Riva G.","Cyberpsychol Behav Soc Netw. 2011 Dec;14(12):723-31. doi: 10.1089/cyber.2010.0377. Epub 2011 Aug 31.","Mauri M","Cyberpsychol Behav Soc Netw","2011","2011/09/02","","","10.1089/cyber.2010.0377"
"21806637","Event-related potentials increase the discrimination performance of the autonomic-based concealed information test","Matsuda I, Nittono H, Ogawa T.","Psychophysiology. 2011 Dec;48(12):1701-10. doi: 10.1111/j.1469-8986.2011.01266.x. Epub 2011 Aug 1.","Matsuda I","Psychophysiology","2011","2011/08/03","","","10.1111/j.1469-8986.2011.01266.x"
"21786030","Dissociation between medial frontal negativity and cardiac responses in the ultimatum game: Effects of offer size and fairness","Van der Veen FM, Sahibdin PP.","Cogn Affect Behav Neurosci. 2011 Dec;11(4):516-25. doi: 10.3758/s13415-011-0050-1.","Van der Veen FM","Cogn Affect Behav Neurosci","2011","2011/07/26","PMC3232350","","10.3758/s13415-011-0050-1"
"21723949","Ketamine effects on brain function--simultaneous fMRI/EEG during a visual oddball task","Musso F, Brinkmeyer J, Ecker D, London MK, Thieme G, Warbrick T, Wittsack HJ, Saleh A, Greb W, de Boer P, Winterer G.","Neuroimage. 2011 Sep 15;58(2):508-25. doi: 10.1016/j.neuroimage.2011.06.045. Epub 2011 Jun 29.","Musso F","Neuroimage","2011","2011/07/05","","","10.1016/j.neuroimage.2011.06.045"
"21516545","Effects of instructed emotion regulation on valence, arousal, and attentional measures of affective processing","Bernat EM, Cadwallader M, Seo D, Vizueta N, Patrick CJ.","Dev Neuropsychol. 2011;36(4):493-518. doi: 10.1080/87565641.2010.549881.","Bernat EM","Dev Neuropsychol","2011","2011/04/26","","","10.1080/87565641.2010.549881"
"21511527","Intraoperative neurophysiological monitoring of the afferent pain pathway in cardiac surgery patients","Zanatta P, Messerotti Benvenuti S, Bosco E, Baldanzi F, Longo C, Palomba D, Salandin V, Sorbara C.","Clin Neurophysiol. 2011 Oct;122(10):2093-9. doi: 10.1016/j.clinph.2011.03.017. Epub 2011 Apr 20.","Zanatta P","Clin Neurophysiol","2011","2011/04/23","","","10.1016/j.clinph.2011.03.017"
"21396887","Effect of pain perception on the heartbeat evoked potential","Shao S, Shen K, Wilder-Smith EP, Li X.","Clin Neurophysiol. 2011 Sep;122(9):1838-45. doi: 10.1016/j.clinph.2011.02.014. Epub 2011 Mar 10.","Shao S","Clin Neurophysiol","2011","2011/03/15","","","10.1016/j.clinph.2011.02.014"
"21268673","Error awareness revisited: accumulation of multimodal evidence from central and autonomic nervous systems","Wessel JR, Danielmeier C, Ullsperger M.","J Cogn Neurosci. 2011 Oct;23(10):3021-36. doi: 10.1162/jocn.2011.21635. Epub 2011 Jan 26.","Wessel JR","J Cogn Neurosci","2011","2011/01/28","","","10.1162/jocn.2011.21635"
"21238507","Late cortical positivity and cardiac responsitivity in female dental phobics when exposed to phobia-relevant pictures","Leutgeb V, Schäfer A, Schienle A.","Int J Psychophysiol. 2011 Mar;79(3):410-6. doi: 10.1016/j.ijpsycho.2011.01.003. Epub 2011 Jan 14.","Leutgeb V","Int J Psychophysiol","2011","2011/01/18","PMC3072525","","10.1016/j.ijpsycho.2011.01.003"
"21237155","Correlation between fetal brain activity patterns and behavioral states: an exploratory fetal magnetoencephalography study","Haddad N, Govindan RB, Vairavan S, Siegel E, Temple J, Preissl H, Lowery CL, Eswaran H.","Exp Neurol. 2011 Apr;228(2):200-5. doi: 10.1016/j.expneurol.2011.01.003. Epub 2011 Jan 13.","Haddad N","Exp Neurol","2011","2011/01/18","PMC3216634","NIHMS271327","10.1016/j.expneurol.2011.01.003"
"21224001","Using pulse oximetry to account for high and low frequency physiological artifacts in the BOLD signal","Verstynen TD, Deshpande V.","Neuroimage. 2011 Apr 15;55(4):1633-44. doi: 10.1016/j.neuroimage.2010.11.090. Epub 2011 Jan 9.","Verstynen TD","Neuroimage","2011","2011/01/13","","","10.1016/j.neuroimage.2010.11.090"
"21182891","Autonomic nervous system reactivity to positive and negative mood induction: the role of acute psychological responses and frontal electrocortical activity","Kop WJ, Synowski SJ, Newell ME, Schmidt LA, Waldstein SR, Fox NA.","Biol Psychol. 2011 Mar;86(3):230-8. doi: 10.1016/j.biopsycho.2010.12.003. Epub 2010 Dec 21.","Kop WJ","Biol Psychol","2011","2010/12/25","PMC3061260","NIHMS270797","10.1016/j.biopsycho.2010.12.003"
"21144862","The environmental pollutant endosulfan disrupts cerebral cortical function at low doses","Scremin OU, Chialvo DR, Lavarello S, Berra HH, Lucero MA.","Neurotoxicology. 2011 Jan;32(1):31-7. doi: 10.1016/j.neuro.2010.12.001. Epub 2010 Dec 7.","Scremin OU","Neurotoxicology","2011","2010/12/15","","","10.1016/j.neuro.2010.12.001"
"21061401","Predictors of neurologic outcome in hypothermia after cardiac arrest","Fugate JE, Wijdicks EF, Mandrekar J, Claassen DO, Manno EM, White RD, Bell MR, Rabinstein AA.","Ann Neurol. 2010 Dec;68(6):907-14. doi: 10.1002/ana.22133.","Fugate JE","Ann Neurol","2010","2010/11/10","","","10.1002/ana.22133"
"21055427","Association between interoception and empathy: evidence from heartbeat-evoked brain potential","Fukushima H, Terasawa Y, Umeda S.","Int J Psychophysiol. 2011 Feb;79(2):259-65. doi: 10.1016/j.ijpsycho.2010.10.015. Epub 2010 Nov 3.","Fukushima H","Int J Psychophysiol","2011","2010/11/09","","","10.1016/j.ijpsycho.2010.10.015"
"20888803","Transient changes in frontal alpha asymmetry as a measure of emotional and physical distress during sleep","Flo E, Steine I, Blågstad T, Grønli J, Pallesen S, Portas CM.","Brain Res. 2011 Jan 7;1367:234-49. doi: 10.1016/j.brainres.2010.09.090. Epub 2010 Oct 1.","Flo E","Brain Res","2011","2010/10/05","","","10.1016/j.brainres.2010.09.090"
"20888366","Locomotion-induced hippocampal theta is independent of visual information in rats during movement through a pipe","Chen CY, Yang CC, Lin YY, Kuo TB.","Behav Brain Res. 2011 Jan 20;216(2):699-704. doi: 10.1016/j.bbr.2010.09.021. Epub 2010 Oct 1.","Chen CY","Behav Brain Res","2011","2010/10/05","","","10.1016/j.bbr.2010.09.021"
"20887756","Single-trial event-related potentials and the orienting reflex to monaural tones","Barry RJ, Macdonald B, Rushby JA.","Int J Psychophysiol. 2011 Feb;79(2):127-36. doi: 10.1016/j.ijpsycho.2010.09.010. Epub 2010 Sep 29.","Barry RJ","Int J Psychophysiol","2011","2010/10/05","","","10.1016/j.ijpsycho.2010.09.010"
"20871644","Sepsis induces apoptotic cell death in different regions of the brain in a rat model of sepsis","Kafa IM, Uysal M, Bakirci S, Ayberk Kurt M.","Acta Neurobiol Exp (Wars). 2010;70(3):246-60. doi: 10.55782/ane-2010-1796.","Kafa IM","Acta Neurobiol Exp (Wars)","2010","2010/09/28","","","10.55782/ane-2010-1796"
"20846894","Deep brain stimulation does not change neurovascular coupling in non-motor visual cortex: an autonomic and visual evoked blood flow velocity response study","Azevedo E, Santos R, Freitas J, Rosas MJ, Gago M, Garrett C, Rosengarten B.","Parkinsonism Relat Disord. 2010 Nov;16(9):600-3. doi: 10.1016/j.parkreldis.2010.08.016. Epub 2010 Sep 16.","Azevedo E","Parkinsonism Relat Disord","2010","2010/09/18","","","10.1016/j.parkreldis.2010.08.016"
"20842164","The influence of carbon dioxide on brain activity and metabolism in conscious humans","Xu F, Uh J, Brier MR, Hart J Jr, Yezhuvath US, Gu H, Yang Y, Lu H.","J Cereb Blood Flow Metab. 2011 Jan;31(1):58-67. doi: 10.1038/jcbfm.2010.153. Epub 2010 Sep 15.","Xu F","J Cereb Blood Flow Metab","2011","2010/09/16","PMC3049465","","10.1038/jcbfm.2010.153"
"20817247","Oral sucrose as an analgesic drug for procedural pain in newborn infants: a randomised controlled trial","Slater R, Cornelissen L, Fabrizi L, Patten D, Yoxen J, Worley A, Boyd S, Meek J, Fitzgerald M.","Lancet. 2010 Oct 9;376(9748):1225-32. doi: 10.1016/S0140-6736(10)61303-7.","Slater R","Lancet","2010","2010/09/07","PMC2958259","","10.1016/S0140-6736(10)61303-7"
"20713075","Defensive engagement and perceptual enhancement","Keil A, Bradley MM, Ihssen N, Heim S, Vila J, Guerra P, Lang PJ.","Neuropsychologia. 2010 Oct;48(12):3580-4. doi: 10.1016/j.neuropsychologia.2010.08.007. Epub 2010 Aug 14.","Keil A","Neuropsychologia","2010","2010/08/18","PMC2949445","NIHMS235801","10.1016/j.neuropsychologia.2010.08.007"
"20702807","Differential control of renal and lumbar sympathetic nerve activity during freezing behavior in conscious rats","Yoshimoto M, Nagata K, Miki K.","Am J Physiol Regul Integr Comp Physiol. 2010 Oct;299(4):R1114-20. doi: 10.1152/ajpregu.00831.2009. Epub 2010 Aug 11.","Yoshimoto M","Am J Physiol Regul Integr Comp Physiol","2010","2010/08/13","","","10.1152/ajpregu.00831.2009"
"20678982","Affective processing of loved faces: contributions from peripheral and central electrophysiology","Vico C, Guerra P, Robles H, Vila J, Anllo-Vento L.","Neuropsychologia. 2010 Aug;48(10):2894-902. doi: 10.1016/j.neuropsychologia.2010.05.031. Epub 2010 Jun 8.","Vico C","Neuropsychologia","2010","2010/08/04","","","10.1016/j.neuropsychologia.2010.05.031"
"20674556","Alterations in the brain electrical activity in a rat model of sepsis-associated encephalopathy","Kafa IM, Bakirci S, Uysal M, Kurt MA.","Brain Res. 2010 Oct 1;1354:217-26. doi: 10.1016/j.brainres.2010.07.049. Epub 2010 Jul 29.","Kafa IM","Brain Res","2010","2010/08/03","","","10.1016/j.brainres.2010.07.049"
"20615239","Perceived mental effort correlates with changes in tonic arousal during attentional tasks","Howells FM, Stein DJ, Russell VA.","Behav Brain Funct. 2010 Jul 8;6:39. doi: 10.1186/1744-9081-6-39.","Howells FM","Behav Brain Funct","2010","2010/07/10","PMC2909988","","10.1186/1744-9081-6-39"
"20604609","Infant attention and visual preferences: converging evidence from behavior, event-related potentials, and cortical source localization","Reynolds GD, Courage ML, Richards JE.","Dev Psychol. 2010 Jul;46(4):886-904. doi: 10.1037/a0019670.","Reynolds GD","Dev Psychol","2010","2010/07/08","PMC3961705","NIHMS563310","10.1037/a0019670"
"20601208","Functional topography of respiratory, cardiovascular and pontine-wave responses to glutamate microstimulation of the pedunculopontine tegmentum of the rat","Topchiy I, Waxman J, Radulovacki M, Carley DW.","Respir Physiol Neurobiol. 2010 Aug 31;173(1):64-70. doi: 10.1016/j.resp.2010.06.006. Epub 2010 Jun 19.","Topchiy I","Respir Physiol Neurobiol","2010","2010/07/06","PMC2979313","NIHMS223647","10.1016/j.resp.2010.06.006"
"20600251","Neurophysiological and cognitive effects of smoked marijuana in frequent users","Hart CL, Ilan AB, Gevins A, Gunderson EW, Role K, Colley J, Foltin RW.","Pharmacol Biochem Behav. 2010 Sep;96(3):333-41. doi: 10.1016/j.pbb.2010.06.003. Epub 2010 Jun 18.","Hart CL","Pharmacol Biochem Behav","2010","2010/07/06","PMC5858872","NIHMS215262","10.1016/j.pbb.2010.06.003"
"20582271","The hybrid BCI","Pfurtscheller G, Allison BZ, Brunner C, Bauernfeind G, Solis-Escalante T, Scherer R, Zander TO, Mueller-Putz G, Neuper C, Birbaumer N.","Front Neurosci. 2010 Apr 21;4:30. doi: 10.3389/fnpro.2010.00003. eCollection 2010.","Pfurtscheller G","Front Neurosci","2010","2010/06/29","PMC2891647","","10.3389/fnpro.2010.00003"
"20570555","Neurophysiological evidence of impaired musical sound perception in cochlear-implant users","Sandmann P, Kegel A, Eichele T, Dillier N, Lai W, Bendixen A, Debener S, Jancke L, Meyer M.","Clin Neurophysiol. 2010 Dec;121(12):2070-82. doi: 10.1016/j.clinph.2010.04.032. Epub 2010 Jun 8.","Sandmann P","Clin Neurophysiol","2010","2010/06/24","","","10.1016/j.clinph.2010.04.032"
"20536902","Aversive picture processing: effects of a concurrent task on sustained defensive system engagement","Wangelin BC, Löw A, McTeague LM, Bradley MM, Lang PJ.","Psychophysiology. 2011 Jan;48(1):112-6. doi: 10.1111/j.1469-8986.2010.01041.x.","Wangelin BC","Psychophysiology","2011","2010/06/12","","","10.1111/j.1469-8986.2010.01041.x"
"20419566","Exploring the relationship between vagal tone and event-related potentials in response to an affective picture task","Dufey M, Hurtado E, Fernández AM, Manes F, Ibáñez A.","Soc Neurosci. 2011;6(1):48-62. doi: 10.1080/17470911003691402. Epub 2010 Apr 23.","Dufey M","Soc Neurosci","2011","2010/04/27","","","10.1080/17470911003691402"
"20163444","Etomidate accurately localizes the epileptic area in patients with temporal lobe epilepsy","Pastor J, Wix R, Meilán ML, Martínez-Chacón JL, de Dios E, Domínguez-Gadea L, Herrera-Peco I, Sola RG.","Epilepsia. 2010 Apr;51(4):602-9. doi: 10.1111/j.1528-1167.2009.02500.x. Epub 2010 Feb 12.","Pastor J","Epilepsia","2010","2010/02/19","","","10.1111/j.1528-1167.2009.02500.x"
"20089200","Effects of Parecoxib and Fentanyl on nociception-induced cortical activity","Peng YZ, Li XX, Wang YW.","Mol Pain. 2010 Jan 21;6:3. doi: 10.1186/1744-8069-6-3.","Peng YZ","Mol Pain","2010","2010/01/22","PMC2819047","","10.1186/1744-8069-6-3"
"20084411","Monitoring of motor and somatosensory systems in a 26-week pregnant woman","Pastor J, Pulido P, López A, Sola RG.","Acta Neurochir (Wien). 2010 Jul;152(7):1231-4. doi: 10.1007/s00701-009-0585-x. Epub 2010 Jan 19.","Pastor J","Acta Neurochir (Wien)","2010","2010/01/20","","","10.1007/s00701-009-0585-x"
"20048770","ERPs and the evoked cardiac response to auditory stimuli: Intensity and cognitive load effects","Lawrence CA, Barry RJ.","Acta Neurobiol Exp (Wars). 2009;69(4):552-9. doi: 10.55782/ane-2009-1764.","Lawrence CA","Acta Neurobiol Exp (Wars)","2009","2010/01/06","","","10.55782/ane-2009-1764"
"20038441","Single-trial electroencephalogram predicts cardiac acceleration: a time-lagged P-correlation approach for studying neurovisceral connectivity","Mueller EM, Stemmler G, Wacker J.","Neuroscience. 2010 Mar 17;166(2):491-500. doi: 10.1016/j.neuroscience.2009.12.051. Epub 2009 Dec 28.","Mueller EM","Neuroscience","2010","2009/12/30","","","10.1016/j.neuroscience.2009.12.051"
"20026133","A Concealed Information Test with multimodal measurement","Ambach W, Bursch S, Stark R, Vaitl D.","Int J Psychophysiol. 2010 Mar;75(3):258-67. doi: 10.1016/j.ijpsycho.2009.12.007. Epub 2009 Dec 21.","Ambach W","Int J Psychophysiol","2010","2009/12/23","","","10.1016/j.ijpsycho.2009.12.007"
"20025851","The effect of smoking on pain-related evoked potentials","Miyazaki T, Wang X, Inui K, Domino EF, Kakigi R.","Brain Res. 2010 Feb 8;1313:185-91. doi: 10.1016/j.brainres.2009.12.022. Epub 2009 Dec 16.","Miyazaki T","Brain Res","2010","2009/12/23","","","10.1016/j.brainres.2009.12.022"
"20015674","Auditory evoked potentials for monitoring during anaesthesia: a study of data quality","Notley SV, Bell SL, Smith DC.","Med Eng Phys. 2010 Mar;32(2):168-73. doi: 10.1016/j.medengphy.2009.11.006. Epub 2009 Dec 16.","Notley SV","Med Eng Phys","2010","2009/12/18","","","10.1016/j.medengphy.2009.11.006"
"19963519","Mental workload classification using heart rate metrics","Henelius A, Hirvonen K, Holm A, Korpela J, Muller K.","Annu Int Conf IEEE Eng Med Biol Soc. 2009;2009:1836-9. doi: 10.1109/IEMBS.2009.5332602.","Henelius A","Annu Int Conf IEEE Eng Med Biol Soc","2009","2009/12/08","","","10.1109/IEMBS.2009.5332602"
"19955018","Behavioural and neurophysiological correlates of human cataplexy: a video-polygraphic study","Vetrugno R, D'Angelo R, Moghadam KK, Vandi S, Franceschini C, Mignot E, Montagna P, Plazzi G.","Clin Neurophysiol. 2010 Feb;121(2):153-62. doi: 10.1016/j.clinph.2009.10.012. Epub 2009 Dec 1.","Vetrugno R","Clin Neurophysiol","2010","2009/12/04","","","10.1016/j.clinph.2009.10.012"
"19896894","Emotional MMN: Anxiety and heart rate correlate with the ERP signature for auditory change detection","Schirmer A, Escoffier N.","Clin Neurophysiol. 2010 Jan;121(1):53-9. doi: 10.1016/j.clinph.2009.09.029. Epub 2009 Nov 6.","Schirmer A","Clin Neurophysiol","2010","2009/11/10","","","10.1016/j.clinph.2009.09.029"
"19686855","Fetal MEG evoked response latency from beamformer with random field theory","McCubbin J, Vrba J, Murphy P, Temple J, Eswaran H, Lowery CL, Preissl H.","Neuroimage. 2010 Jan 1;49(1):282-92. doi: 10.1016/j.neuroimage.2009.08.019. Epub 2009 Aug 15.","McCubbin J","Neuroimage","2010","2009/08/19","PMC2764827","NIHMS139252","10.1016/j.neuroimage.2009.08.019"
"19648155","Influence of different remifentanil concentrations on the performance of the surgical stress index to detect a standardized painful stimulus during sevoflurane anaesthesia","Gruenewald M, Meybohm P, Ilies C, Höcker J, Hanss R, Scholz J, Bein B.","Br J Anaesth. 2009 Oct;103(4):586-93. doi: 10.1093/bja/aep206. Epub 2009 Jul 31.","Gruenewald M","Br J Anaesth","2009","2009/08/04","","","10.1093/bja/aep206"
"19647796","Brain and autonomic association accompanying stochastic decision-making","Ohira H, Ichikawa N, Nomura M, Isowa T, Kimura K, Kanayama N, Fukuyama S, Shinoda J, Yamada J.","Neuroimage. 2010 Jan 1;49(1):1024-37. doi: 10.1016/j.neuroimage.2009.07.060. Epub 2009 Jul 30.","Ohira H","Neuroimage","2010","2009/08/04","","","10.1016/j.neuroimage.2009.07.060"
"19631702","Event-related brain potentials during the standard autonomic-based concealed information test","Matsuda I, Nittono H, Hirota A, Ogawa T, Takasawa N.","Int J Psychophysiol. 2009 Oct;74(1):58-68. doi: 10.1016/j.ijpsycho.2009.07.004. Epub 2009 Jul 23.","Matsuda I","Int J Psychophysiol","2009","2009/07/28","","","10.1016/j.ijpsycho.2009.07.004"
"19618092","Estimating brain load from the EEG","Holm A, Lukander K, Korpela J, Sallinen M, Müller KM.","ScientificWorldJournal. 2009 Jul 14;9:639-51. doi: 10.1100/tsw.2009.83.","Holm A","ScientificWorldJournal","2009","2009/07/21","PMC5823228","","10.1100/tsw.2009.83"
"19607864","Event-related potential and autonomic signs of maladaptive information processing during an auditory oddball task in panic disorder","Wise V, McFarlane AC, Clark CR, Battersby M.","Int J Psychophysiol. 2009 Oct;74(1):34-44. doi: 10.1016/j.ijpsycho.2009.07.001. Epub 2009 Jul 14.","Wise V","Int J Psychophysiol","2009","2009/07/18","","","10.1016/j.ijpsycho.2009.07.001"
"19575506","Non-invasive computerized system for automatically initiating vagus nerve stimulation following patient-specific detection of seizures or epileptiform discharges","Shoeb A, Pang T, Guttag J, Schachter S.","Int J Neural Syst. 2009 Jun;19(3):157-72. doi: 10.1142/S0129065709001938.","Shoeb A","Int J Neural Syst","2009","2009/07/04","PMC4211613","NIHMS511472","10.1142/S0129065709001938"
"19559213","Assessment of the level of sedation in children after cardiac surgery","Lamas A, López-Herce J, Sancho L, Mencía S, Carrillo A, Santiago MJ, Martínez V.","Ann Thorac Surg. 2009 Jul;88(1):144-50. doi: 10.1016/j.athoracsur.2009.03.074.","Lamas A","Ann Thorac Surg","2009","2009/06/30","","","10.1016/j.athoracsur.2009.03.074"
"19541291","The effect of lutein supplementation on visual fatigue: a psychophysiological analysis","Yagi A, Fujimoto K, Michihiro K, Goh B, Tsi D, Nagai H.","Appl Ergon. 2009 Nov;40(6):1047-54. doi: 10.1016/j.apergo.2009.04.013. Epub 2009 Jun 21.","Yagi A","Appl Ergon","2009","2009/06/23","","","10.1016/j.apergo.2009.04.013"
"19414053","The acute effect of low-dose alcohol on working memory during mental arithmetic: II. Changes of nonlinear and linear EEG-complexity in the theta band, heart rate and electrodermal activity","Molnár M, Boha R, Czigler B, Gaál ZA, Benyovszky M, Róna K, Klausz G.","Int J Psychophysiol. 2009 Aug;73(2):138-42. doi: 10.1016/j.ijpsycho.2009.02.007. Epub 2009 May 3.","Molnár M","Int J Psychophysiol","2009","2009/05/06","","","10.1016/j.ijpsycho.2009.02.007"
"19363089","Acute effects of aerobic exercise on cognitive function in older adults","Kamijo K, Hayashi Y, Sakai T, Yahiro T, Tanaka K, Nishihira Y.","J Gerontol B Psychol Sci Soc Sci. 2009 May;64(3):356-63. doi: 10.1093/geronb/gbp030. Epub 2009 Apr 10.","Kamijo K","J Gerontol B Psychol Sci Soc Sci","2009","2009/04/14","","","10.1093/geronb/gbp030"
"19356688","The effect of acute treadmill walking on cognitive control and academic achievement in preadolescent children","Hillman CH, Pontifex MB, Raine LB, Castelli DM, Hall EE, Kramer AF.","Neuroscience. 2009 Mar 31;159(3):1044-54. doi: 10.1016/j.neuroscience.2009.01.057. Epub 2009 Feb 3.","Hillman CH","Neuroscience","2009","2009/04/10","PMC2667807","NIHMS94275","10.1016/j.neuroscience.2009.01.057"
"19345611","Semi-automatic identification of independent components representing EEG artifact","Viola FC, Thorne J, Edmonds B, Schneider T, Eichele T, Debener S.","Clin Neurophysiol. 2009 May;120(5):868-77. doi: 10.1016/j.clinph.2009.01.015. Epub 2009 Apr 3.","Viola FC","Clin Neurophysiol","2009","2009/04/07","","","10.1016/j.clinph.2009.01.015"
"19325644","Influence of emotional arousal on the N150 of the Auditory Evoked Potential from the rat amygdala","Knippenberg JMJ, Maes JHR, Coenen AML, van Luijtelaar GLJM.","Acta Neurobiol Exp (Wars). 2009;69(1):109-18. doi: 10.55782/ane-2009-1733.","Knippenberg JMJ","Acta Neurobiol Exp (Wars)","2009","2009/03/28","","","10.55782/ane-2009-1733"
"19299639","Differential infraslow (<0.1 Hz) cortical activations in the affected and unaffected hemispheres from patients with subacute stroke demonstrated by noninvasive DC-magnetoencephalography","Leistner S, Sander T, Wachs M, Burghoff M, Curio G, Trahms L, Mackert BM.","Stroke. 2009 May;40(5):1683-6. doi: 10.1161/STROKEAHA.108.536110. Epub 2009 Mar 19.","Leistner S","Stroke","2009","2009/03/21","","","10.1161/STROKEAHA.108.536110"
"19285454","The dmNTS is not the source of increased blood pressure variability in baroreflex denervated rats","Tang X, Dworkin BR.","Auton Neurosci. 2009 Jun 15;148(1-2):21-7. doi: 10.1016/j.autneu.2009.02.002. Epub 2009 Mar 13.","Tang X","Auton Neurosci","2009","2009/03/17","PMC2766566","NIHMS119828","10.1016/j.autneu.2009.02.002"
"19254703","Effect of appetitive Pavlovian conditioning on the N150 of the amygdalar Auditory Evoked Potential in the rat","Knippenberg JM, Maes JH, Coenen AM, van Luijtelaar G.","Brain Res. 2009 Apr 24;1267:57-64. doi: 10.1016/j.brainres.2009.02.032. Epub 2009 Feb 27.","Knippenberg JM","Brain Res","2009","2009/03/04","","","10.1016/j.brainres.2009.02.032"
"19190608","Auditory evoked potentials compared with bispectral index for monitoring of midazolam and propofol sedation during colonoscopy","von Delius S, Thies P, Rieder T, Wagenpfeil S, Herberich E, Karagianni A, Frimberger E, Meining A, Ludwig L, Ebert MP, Schulte-Frohlinde E, Neu B, Prinz C, Schmid RM, Huber W.","Am J Gastroenterol. 2009 Feb;104(2):318-25. doi: 10.1038/ajg.2008.73. Epub 2009 Jan 20.","von Delius S","Am J Gastroenterol","2009","2009/02/05","","","10.1038/ajg.2008.73"
"19171503","Relationship between scalp potential and autonomic nervous activity during a mental arithmetic task","Yu X, Zhang J, Xie D, Wang J, Zhang C.","Auton Neurosci. 2009 Mar 12;146(1-2):81-6. doi: 10.1016/j.autneu.2008.12.005. Epub 2009 Jan 25.","Yu X","Auton Neurosci","2009","2009/01/28","","","10.1016/j.autneu.2008.12.005"
"19163779","Combining newborn EEG and HRV information for automatic seizure detection","Malarvili MB, Mesbah M.","Annu Int Conf IEEE Eng Med Biol Soc. 2008;2008:4756-9. doi: 10.1109/IEMBS.2008.4650276.","Malarvili MB","Annu Int Conf IEEE Eng Med Biol Soc","2008","2009/01/24","","","10.1109/IEMBS.2008.4650276"
"19154656","Haloperidol counteracts the ketamine-induced disruption of processing negativity, but not that of the P300 amplitude","Oranje B, Gispen-de Wied CC, Westenberg HG, Kemner C, Verbaten MN, Kahn RS.","Int J Neuropsychopharmacol. 2009 Jul;12(6):823-32. doi: 10.1017/S1461145708009814. Epub 2009 Jan 21.","Oranje B","Int J Neuropsychopharmacol","2009","2009/01/22","","","10.1017/S1461145708009814"
"19032296","Responsiveness to stimuli of bispectral index, middle latency auditory evoked potentials and clinical scales in critically ill children","Lamas A, López-Herce J, Sancho L, Mencía S, Carrillo A, José Santiago M, Martínez V.","Anaesthesia. 2008 Dec;63(12):1296-301. doi: 10.1111/j.1365-2044.2008.05654.x.","Lamas A","Anaesthesia","2008","2008/11/27","","","10.1111/j.1365-2044.2008.05654.x"
"18854202","Effects of Transcendental Meditation practice on brain functioning and stress reactivity in college students","Travis F, Haaga DA, Hagelin J, Tanner M, Nidich S, Gaylord-King C, Grosswald S, Rainforth M, Schneider RH.","Int J Psychophysiol. 2009 Feb;71(2):170-6. doi: 10.1016/j.ijpsycho.2008.09.007. Epub 2008 Sep 30.","Travis F","Int J Psychophysiol","2009","2008/10/16","","","10.1016/j.ijpsycho.2008.09.007"
"18845227","Fitness and action monitoring: evidence for improved cognitive flexibility in young adults","Themanson JR, Pontifex MB, Hillman CH.","Neuroscience. 2008 Nov 19;157(2):319-28. doi: 10.1016/j.neuroscience.2008.09.014. Epub 2008 Sep 13.","Themanson JR","Neuroscience","2008","2008/10/11","PMC2657808","NIHMS81145","10.1016/j.neuroscience.2008.09.014"
"18612459","Effects of unexpected chords and of performer's expression on brain responses and electrodermal activity","Koelsch S, Kilches S, Steinbeis N, Schelinski S.","PLoS One. 2008 Jul 9;3(7):e2631. doi: 10.1371/journal.pone.0002631.","Koelsch S","PLoS One","2008","2008/07/10","PMC2435625","","10.1371/journal.pone.0002631"
"18600313","Assessing sedation in critically ill children by bispectral index, auditory-evoked potentials and clinical scales","Lamas A, López-Herce J, Sancho L, Mencía S, Carrillo A, Santiago MJ, Martínez V.","Intensive Care Med. 2008 Nov;34(11):2092-9. doi: 10.1007/s00134-008-1198-1. Epub 2008 Jul 4.","Lamas A","Intensive Care Med","2008","2008/07/05","","","10.1007/s00134-008-1198-1"
"18580845","P300 wave: a comparative study of impulsive aggressive criminals","Zukov I, Hrubý T, Kozelek P, Ptácek R, Paclt I, Harsa P.","Neuro Endocrinol Lett. 2008 Jun;29(3):379-84.","Zukov I","Neuro Endocrinol Lett","2008","2008/06/27","","",""
"18534623","Impact of loudness dependency of auditory evoked potentials on the panic response to CCK-4","Eser D, Leicht G, Baghai T, Pogarell O, Schüle C, Karch S, Nothdurfter C, Rupprecht R, Mulert C.","J Psychiatr Res. 2009 Jan;43(4):393-400. doi: 10.1016/j.jpsychires.2008.04.010. Epub 2008 Jun 4.","Eser D","J Psychiatr Res","2009","2008/06/07","","","10.1016/j.jpsychires.2008.04.010"
"18506425","Acute tryptophan depletion in healthy males attenuates phasic cardiac slowing but does not affect electro-cortical response to negative feedback","van der Veen FM, Mies GW, van der Molen MW, Evers EA.","Psychopharmacology (Berl). 2008 Aug;199(2):255-63. doi: 10.1007/s00213-008-1176-x. Epub 2008 May 28.","van der Veen FM","Psychopharmacology (Berl)","2008","2008/05/29","","","10.1007/s00213-008-1176-x"
"18495529","Central and cardiovascular responses to emotional stimuli are normal in non-phobic subjects with Reflex Syncope","Calandra-Buonaura G, Cortelli P, Pierangeli G, Ribani MA, Barletta G, Mazzetti M, Codispoti M.","Clin Neurophysiol. 2008 Sep;119(9):1966-72. doi: 10.1016/j.clinph.2008.03.033. Epub 2008 May 21.","Calandra-Buonaura G","Clin Neurophysiol","2008","2008/05/23","","","10.1016/j.clinph.2008.03.033"
"18221446","Autonomic and electrophysiological correlates of emotional intensity in older and younger adults","Dywan J, Mathewson KJ, Choma BL, Rosenfeld B, Segalowitz SJ.","Psychophysiology. 2008 May;45(3):389-97. doi: 10.1111/j.1469-8986.2007.00637.x. Epub 2008 Jan 23.","Dywan J","Psychophysiology","2008","2008/01/29","","","10.1111/j.1469-8986.2007.00637.x"
"18187220","Centrally controlled heart rate changes during mental practice in immersive virtual environment: a case study with a tetraplegic","Pfurtscheller G, Leeb R, Friedman D, Slater M.","Int J Psychophysiol. 2008 Apr;68(1):1-5. doi: 10.1016/j.ijpsycho.2007.11.003. Epub 2007 Nov 29.","Pfurtscheller G","Int J Psychophysiol","2008","2008/01/12","","","10.1016/j.ijpsycho.2007.11.003"
"18068150","Affective picture perception: emotion, context, and the late positive potential","Pastor MC, Bradley MM, Löw A, Versace F, Moltó J, Lang PJ.","Brain Res. 2008 Jan 16;1189:145-51. doi: 10.1016/j.brainres.2007.10.072. Epub 2007 Nov 4.","Pastor MC","Brain Res","2008","2007/12/11","PMC2993239","NIHMS243050","10.1016/j.brainres.2007.10.072"
"18064066","Effect of heartbeat perception on heartbeat evoked potential waves","Yuan H, Yan HM, Xu XG, Han F, Yan Q.","Neurosci Bull. 2007 Nov;23(6):357-62. doi: 10.1007/s12264-007-0053-7.","Yuan H","Neurosci Bull","2007","2007/12/08","PMC5550650","","10.1007/s12264-007-0053-7"
"18057501","Self-initiation of EEG-based brain-computer communication using the heart rate response","Scherer R, Müller-Putz GR, Pfurtscheller G.","J Neural Eng. 2007 Dec;4(4):L23-9. doi: 10.1088/1741-2560/4/4/L01. Epub 2007 Nov 28.","Scherer R","J Neural Eng","2007","2007/12/07","","","10.1088/1741-2560/4/4/L01"
"17974933","Failure of extinction of fear responses in posttraumatic stress disorder: evidence from second-order conditioning","Wessa M, Flor H.","Am J Psychiatry. 2007 Nov;164(11):1684-92. doi: 10.1176/appi.ajp.2007.07030525.","Wessa M","Am J Psychiatry","2007","2007/11/03","","","10.1176/appi.ajp.2007.07030525"
"17913977","Activity of murine raphe magnus cells predicts tachypnea and on-going nociceptive responsiveness","Hellman KM, Brink TS, Mason P.","J Neurophysiol. 2007 Dec;98(6):3121-33. doi: 10.1152/jn.00904.2007. Epub 2007 Oct 3.","Hellman KM","J Neurophysiol","2007","2007/10/05","PMC3759357","NIHMS504826","10.1152/jn.00904.2007"
"17893451","Accuracy of cerebral monitoring in detecting cerebral ischemia during carotid endarterectomy: a comparison of transcranial Doppler sonography, near-infrared spectroscopy, stump pressure, and somatosensory evoked potentials","Moritz S, Kasprzak P, Arlt M, Taeger K, Metz C.","Anesthesiology. 2007 Oct;107(4):563-9. doi: 10.1097/01.anes.0000281894.69422.ff.","Moritz S","Anesthesiology","2007","2007/09/26","","","10.1097/01.anes.0000281894.69422.ff"
"17888560","Physiological correlates of learning by performance feedback in children: a study of EEG event-related potentials and evoked heart rate","Groen Y, Wijers AA, Mulder LJ, Minderaa RB, Althaus M.","Biol Psychol. 2007 Oct;76(3):174-87. doi: 10.1016/j.biopsycho.2007.07.006. Epub 2007 Jul 28.","Groen Y","Biol Psychol","2007","2007/09/25","","","10.1016/j.biopsycho.2007.07.006"
"17826182","Single trial variability of EEG and fMRI responses to visual stimuli","Bagshaw AP, Warbrick T.","Neuroimage. 2007 Nov 1;38(2):280-92. doi: 10.1016/j.neuroimage.2007.07.042. Epub 2007 Aug 11.","Bagshaw AP","Neuroimage","2007","2007/09/11","","","10.1016/j.neuroimage.2007.07.042"
"17709296","Heartbeat perception and P300 amplitude in a visual oddball paradigm","Pollatos O, Matthias E, Schandry R.","Clin Neurophysiol. 2007 Oct;118(10):2248-53. doi: 10.1016/j.clinph.2007.06.057. Epub 2007 Aug 20.","Pollatos O","Clin Neurophysiol","2007","2007/08/22","","","10.1016/j.clinph.2007.06.057"
"17686048","The subthalamic region is activated during valence-related emotional processing in patients with Parkinson's disease","Brücke C, Kupsch A, Schneider GH, Hariz MI, Nuttin B, Kopp U, Kempf F, Trottenberg T, Doyle L, Chen CC, Yarrow K, Brown P, Kühn AA.","Eur J Neurosci. 2007 Aug;26(3):767-74. doi: 10.1111/j.1460-9568.2007.05683.x.","Brücke C","Eur J Neurosci","2007","2007/08/10","","","10.1111/j.1460-9568.2007.05683.x"
"17682660","Pulse transit time and blood pressure changes following auditory-evoked subcortical arousal and waking of infants","Galland BC, Tan E, Taylor BJ.","Sleep. 2007 Jul;30(7):891-7. doi: 10.1093/sleep/30.7.891.","Galland BC","Sleep","2007","2007/08/09","PMC1978362","","10.1093/sleep/30.7.891"
"17659820","Frontal brain electrical activity (EEG) and heart rate in response to affective infant-directed (ID) speech in 9-month-old infants","Santesso DL, Schmidt LA, Trainor LJ.","Brain Cogn. 2007 Oct;65(1):14-21. doi: 10.1016/j.bandc.2007.02.008. Epub 2007 Jul 30.","Santesso DL","Brain Cogn","2007","2007/07/31","","","10.1016/j.bandc.2007.02.008"
"17561954","Ketogenic diet: electrophysiological effects on the normal human cortex","Cantello R, Varrasi C, Tarletti R, Cecchin M, D'Andrea F, Veggiotti P, Bellomo G, Monaco F.","Epilepsia. 2007 Sep;48(9):1756-1763. doi: 10.1111/j.1528-1167.2007.01156.x. Epub 2007 Jun 11.","Cantello R","Epilepsia","2007","2007/06/15","","","10.1111/j.1528-1167.2007.01156.x"
"17543405","Interoceptive sensitivity and emotion processing: an EEG study","Herbert BM, Pollatos O, Schandry R.","Int J Psychophysiol. 2007 Sep;65(3):214-27. doi: 10.1016/j.ijpsycho.2007.04.007. Epub 2007 Apr 29.","Herbert BM","Int J Psychophysiol","2007","2007/06/05","","","10.1016/j.ijpsycho.2007.04.007"
"17474951","Level of sedation evaluation with Cerebral State Index and A-Line Arx in children undergoing diagnostic procedures","Disma N, Lauretta D, Palermo F, Sapienza D, Ingelmo PM, Astuto M.","Paediatr Anaesth. 2007 May;17(5):445-51. doi: 10.1111/j.1460-9592.2006.02146.x.","Disma N","Paediatr Anaesth","2007","2007/05/04","","","10.1111/j.1460-9592.2006.02146.x"
"17472226","An integrative approach to determine the best behavioral and biological markers of methylphenidate","Hermens DF, Cooper NJ, Clark CR, Debrota D, Clarke SD, Williams LM.","J Integr Neurosci. 2007 Mar;6(1):105-40. doi: 10.1142/s0219635207001441.","Hermens DF","J Integr Neurosci","2007","2007/05/03","","","10.1142/s0219635207001441"
"17462117","Auditory-evoked potentials in bispectral index-guided anaesthesia for cardiac surgery","Musialowicz T, Niskanen M, Yppärilä-Wolters H, Pöyhönen M, Pitkänen O, Hynynen M.","Eur J Anaesthesiol. 2007 Jul;24(7):571-9. doi: 10.1017/S0265021507000403. Epub 2007 Apr 27.","Musialowicz T","Eur J Anaesthesiol","2007","2007/04/28","","","10.1017/S0265021507000403"
"17420478","A cortical potential reflecting cardiac function","Gray MA, Taggart P, Sutton PM, Groves D, Holdright DR, Bradbury D, Brull D, Critchley HD.","Proc Natl Acad Sci U S A. 2007 Apr 17;104(16):6818-23. doi: 10.1073/pnas.0609509104. Epub 2007 Apr 9.","Gray MA","Proc Natl Acad Sci U S A","2007","2007/04/11","PMC1871868","","10.1073/pnas.0609509104"
"17395326","Stimulus-Preceding Negativity and heart rate changes in anticipation of affective pictures","Poli S, Sarlo M, Bortoletto M, Buodo G, Palomba D.","Int J Psychophysiol. 2007 Jul;65(1):32-9. doi: 10.1016/j.ijpsycho.2007.02.008. Epub 2007 Feb 24.","Poli S","Int J Psychophysiol","2007","2007/03/31","","","10.1016/j.ijpsycho.2007.02.008"
"17343712","Music and emotion: electrophysiological correlates of the processing of pleasant and unpleasant music","Sammler D, Grigutsch M, Fritz T, Koelsch S.","Psychophysiology. 2007 Mar;44(2):293-304. doi: 10.1111/j.1469-8986.2007.00497.x.","Sammler D","Psychophysiology","2007","2007/03/09","","","10.1111/j.1469-8986.2007.00497.x"
"17333313","Effects of music on the recovery of autonomic and electrocortical activity after stress induced by aversive visual stimuli","Sokhadze EM.","Appl Psychophysiol Biofeedback. 2007 Mar;32(1):31-50. doi: 10.1007/s10484-007-9033-y.","Sokhadze EM","Appl Psychophysiol Biofeedback","2007","2007/03/03","","","10.1007/s10484-007-9033-y"
"17321222","Specific acupuncture sensation correlates with EEGs and autonomic changes in human subjects","Sakai S, Hori E, Umeno K, Kitabayashi N, Ono T, Nishijo H.","Auton Neurosci. 2007 May 30;133(2):158-69. doi: 10.1016/j.autneu.2007.01.001. Epub 2007 Feb 22.","Sakai S","Auton Neurosci","2007","2007/02/27","","","10.1016/j.autneu.2007.01.001"
"17140849","Heart rate and spectral EEG changes accompanying periodic and non-periodic leg movements during sleep","Ferri R, Zucconi M, Rundo F, Spruyt K, Manconi M, Ferini-Strambi L.","Clin Neurophysiol. 2007 Feb;118(2):438-48. doi: 10.1016/j.clinph.2006.10.007. Epub 2006 Nov 30.","Ferri R","Clin Neurophysiol","2007","2006/12/05","","","10.1016/j.clinph.2006.10.007"
"17095295","Neuroelectric and behavioral indices of interference control during acute cycling","Pontifex MB, Hillman CH.","Clin Neurophysiol. 2007 Mar;118(3):570-80. doi: 10.1016/j.clinph.2006.09.029. Epub 2006 Nov 13.","Pontifex MB","Clin Neurophysiol","2007","2006/11/11","","","10.1016/j.clinph.2006.09.029"
"16924008","SSEPs and prognosis in postanoxic coma: only short or also long latency responses?","Zandbergen EG, Koelman JH, de Haan RJ, Hijdra A; PROPAC-Study Group.","Neurology. 2006 Aug 22;67(4):583-6. doi: 10.1212/01.wnl.0000230162.35249.7f.","Zandbergen EG","Neurology","2006","2006/08/23","","","10.1212/01.wnl.0000230162.35249.7f"
"16859422","The role of harmonic expectancy violations in musical emotions: evidence from subjective, physiological, and neural responses","Steinbeis N, Koelsch S, Sloboda JA.","J Cogn Neurosci. 2006 Aug;18(8):1380-93. doi: 10.1162/jocn.2006.18.8.1380.","Steinbeis N","J Cogn Neurosci","2006","2006/07/25","","","10.1162/jocn.2006.18.8.1380"
"16784726","Fetal auditory responses to external sounds and mother's heart beat: detection improved by Independent Component Analysis","Porcaro C, Zappasodi F, Barbati G, Salustri C, Pizzella V, Rossini PM, Tecchio F.","Brain Res. 2006 Jul 26;1101(1):51-8. doi: 10.1016/j.brainres.2006.04.134. Epub 2006 Jun 19.","Porcaro C","Brain Res","2006","2006/06/21","","","10.1016/j.brainres.2006.04.134"
"16729289","Neural systems connecting interoceptive awareness and feelings","Pollatos O, Gramann K, Schandry R.","Hum Brain Mapp. 2007 Jan;28(1):9-18. doi: 10.1002/hbm.20258.","Pollatos O","Hum Brain Mapp","2007","2006/05/27","PMC6871500","","10.1002/hbm.20258"
"16714037","Retrieval and emotional processing of traumatic memories in posttraumatic stress disorder: peripheral and central correlates","Wessa M, Jatzko A, Flor H.","Neuropsychologia. 2006;44(10):1683-96. doi: 10.1016/j.neuropsychologia.2006.03.024. Epub 2006 May 22.","Wessa M","Neuropsychologia","2006","2006/05/23","","","10.1016/j.neuropsychologia.2006.03.024"
"16712592","Fear but not awareness predicts enhanced sensory processing in fear conditioning","Moratti S, Keil A, Miller GA.","Psychophysiology. 2006 Mar;43(2):216-26. doi: 10.1111/j.1464-8986.2006.00386.x.","Moratti S","Psychophysiology","2006","2006/05/23","","","10.1111/j.1464-8986.2006.00386.x"
"16580081","Effect of allocating attention to aversive events on cardiovascular responses and event-related potentials in a dual-task paradigm","Ishida M.","Int J Psychophysiol. 2006 Oct;62(1):93-102. doi: 10.1016/j.ijpsycho.2006.02.004. Epub 2006 Mar 6.","Ishida M","Int J Psychophysiol","2006","2006/04/04","","","10.1016/j.ijpsycho.2006.02.004"
"16544371","Distractibility in AD/HD predominantly inattentive and combined subtypes: the P3a ERP component, heart rate and performance","Keage HA, Clark CR, Hermens DF, Kohn MR, Clarke S, Williams LM, Crewther D, Lamb C, Gordon E.","J Integr Neurosci. 2006 Mar;5(1):139-58. doi: 10.1142/s0219635206001070.","Keage HA","J Integr Neurosci","2006","2006/03/18","","","10.1142/s0219635206001070"
"16458068","The effect of CNS activation versus EEG arousal during sleep on heart rate response and daytime tests","Guilleminault C, Abad VC, Philip P, Stoohs R.","Clin Neurophysiol. 2006 Apr;117(4):731-9. doi: 10.1016/j.clinph.2005.08.035. Epub 2006 Feb 2.","Guilleminault C","Clin Neurophysiol","2006","2006/02/07","","","10.1016/j.clinph.2005.08.035"
"16415310","Combined use of Bispectral Index and A-Line Autoregressive Index to assess anti-nociceptive component of balanced anaesthesia during lumbar arthrodesis","Bonhomme V, Llabres V, Dewandre PY, Brichant JF, Hans P.","Br J Anaesth. 2006 Mar;96(3):353-60. doi: 10.1093/bja/ael004. Epub 2006 Jan 16.","Bonhomme V","Br J Anaesth","2006","2006/01/18","","","10.1093/bja/ael004"
"16406043","Murine auditory brainstem evoked response: putative two-channel differentiation of peripheral and central neural pathways","Galbraith G, Waschek J, Armstrong B, Edmond J, Lopez I, Liu W, Kurtz I.","J Neurosci Methods. 2006 Jun 15;153(2):214-20. doi: 10.1016/j.jneumeth.2005.10.017. Epub 2006 Jan 6.","Galbraith G","J Neurosci Methods","2006","2006/01/13","","","10.1016/j.jneumeth.2005.10.017"
"16403475","Repetitive picture processing: autonomic and cortical correlates","Codispoti M, Ferrari V, Bradley MM.","Brain Res. 2006 Jan 12;1068(1):213-20. doi: 10.1016/j.brainres.2005.11.009. Epub 2006 Jan 5.","Codispoti M","Brain Res","2006","2006/01/13","","","10.1016/j.brainres.2005.11.009"
"16298111","On the relationship between interoceptive awareness, emotional experience, and brain processes","Pollatos O, Kirsch W, Schandry R.","Brain Res Cogn Brain Res. 2005 Dec;25(3):948-62. doi: 10.1016/j.cogbrainres.2005.09.019. Epub 2005 Nov 17.","Pollatos O","Brain Res Cogn Brain Res","2005","2005/11/22","","","10.1016/j.cogbrainres.2005.09.019"
"16270178","Analysis of evoked EEG synchronization and desynchronization during perception of emotiogenic stimuli: association with autonomic activation processes","Aftanas LI, Savotina LN, Makhnev VP, Reva NV.","Neurosci Behav Physiol. 2005 Nov;35(9):951-7. doi: 10.1007/s11055-005-0151-9.","Aftanas LI","Neurosci Behav Physiol","2005","2005/11/05","","","10.1007/s11055-005-0151-9"
"16150610","Removal of FMRI environment artifacts from EEG data using optimal basis sets","Niazy RK, Beckmann CF, Iannetti GD, Brady JM, Smith SM.","Neuroimage. 2005 Nov 15;28(3):720-37. doi: 10.1016/j.neuroimage.2005.06.067. Epub 2005 Sep 16.","Niazy RK","Neuroimage","2005","2005/09/10","","","10.1016/j.neuroimage.2005.06.067"
"16148455","Neurophysiological and subjective profile of marijuana with varying concentrations of cannabinoids","Ilan AB, Gevins A, Coleman M, ElSohly MA, de Wit H.","Behav Pharmacol. 2005 Sep;16(5-6):487-96. doi: 10.1097/00008877-200509000-00023.","Ilan AB","Behav Pharmacol","2005","2005/09/09","","","10.1097/00008877-200509000-00023"
"16140512","Cortical activation during Pavlovian fear conditioning depends on heart rate response patterns: an MEG study","Moratti S, Keil A.","Brain Res Cogn Brain Res. 2005 Oct;25(2):459-71. doi: 10.1016/j.cogbrainres.2005.07.006. Epub 2005 Sep 2.","Moratti S","Brain Res Cogn Brain Res","2005","2005/09/06","","","10.1016/j.cogbrainres.2005.07.006"
"16034572","Central and peripheral psychophysiological responses to trauma-related cues in subclinical posttraumatic stress disorder: a pilot study","Wessa M, Karl A, Flor H.","Exp Brain Res. 2005 Nov;167(1):56-65. doi: 10.1007/s00221-005-0007-0. Epub 2005 Oct 29.","Wessa M","Exp Brain Res","2005","2005/07/22","","","10.1007/s00221-005-0007-0"
"16012661","Fetal MCG and fetal MEG measurements with a 3-channel SQUID system","Schneider U, Giessler F, Nowak H, Logemann T, Grimm B, Haueisen J, Schleussner E.","Neurol Clin Neurophysiol. 2004 Nov 30;2004:65.","Schneider U","Neurol Clin Neurophysiol","2004","2005/07/14","","",""
"15993964","From emotion perception to emotion experience: emotions evoked by pictures and classical music","Baumgartner T, Esslen M, Jäncke L.","Int J Psychophysiol. 2006 Apr;60(1):34-43. doi: 10.1016/j.ijpsycho.2005.04.007. Epub 2005 Jul 5.","Baumgartner T","Int J Psychophysiol","2006","2005/07/05","","","10.1016/j.ijpsycho.2005.04.007"
"15920989","Real-time recording of neuropsychophysiological parameters during 50 Hz magnetic field exposure","Sadafi HA, Cadusch P, Wood AW.","Australas Phys Eng Sci Med. 2005 Mar;28(1):43-50. doi: 10.1007/BF03178863.","Sadafi HA","Australas Phys Eng Sci Med","2005","2005/06/01","","","10.1007/BF03178863"
"15903151","Attention to affective pictures in closed head injury: event-related brain potentials and cardiac responses","Solbakk AK, Reinvang I, Svebak S, Nielsen CS, Sundet K.","J Clin Exp Neuropsychol. 2005 Feb;27(2):205-23. doi: 10.1080/13803390490515739.","Solbakk AK","J Clin Exp Neuropsychol","2005","2005/05/21","","","10.1080/13803390490515739"
"15852466","Brain structures involved in interoceptive awareness and cardioafferent signal processing: a dipole source localization study","Pollatos O, Kirsch W, Schandry R.","Hum Brain Mapp. 2005 Sep;26(1):54-64. doi: 10.1002/hbm.20121.","Pollatos O","Hum Brain Mapp","2005","2005/04/27","PMC6871699","","10.1002/hbm.20121"
"15825875","Optimal electrical stimulation modality for cortical esophageal evoked potentials: transmural or intraesophageal?","Kamath MV, Hollerbach S, Spaziani R, Shine G, Upton AR, Tougas G.","IEEE Trans Biomed Eng. 2005 Apr;52(4):736-9. doi: 10.1109/TBME.2005.844044.","Kamath MV","IEEE Trans Biomed Eng","2005","2005/04/14","","","10.1109/TBME.2005.844044"
"15778268","Antagonism of neuromuscular blockade but not muscle relaxation affects depth of anaesthesia","Vasella FC, Frascarolo P, Spahn DR, Magnusson L.","Br J Anaesth. 2005 Jun;94(6):742-7. doi: 10.1093/bja/aei120. Epub 2005 Mar 18.","Vasella FC","Br J Anaesth","2005","2005/03/22","","","10.1093/bja/aei120"
"15714323","Withdrawal following sufentanil/propofol and sufentanil/midazolam. Sedation in surgical ICU patients: correlation with central nervous parameters and endogenous opioids","Korak-Leiter M, Likar R, Oher M, Trampitsch E, Ziervogel G, Levy JV, Freye EC.","Intensive Care Med. 2005 Mar;31(3):380-7. doi: 10.1007/s00134-005-2579-3. Epub 2005 Feb 16.","Korak-Leiter M","Intensive Care Med","2005","2005/02/17","","","10.1007/s00134-005-2579-3"
"15650862","Prediction of responses to various stimuli during sedation: a comparison of three EEG variables","Doi M, Morita K, Mantzaridis H, Sato S, Kenny GN.","Intensive Care Med. 2005 Jan;31(1):41-7. doi: 10.1007/s00134-004-2516-x. Epub 2004 Dec 1.","Doi M","Intensive Care Med","2005","2005/01/15","","","10.1007/s00134-004-2516-x"
"15621474","Cooling to 10 degrees C and treatment with Cyclosporine A improve cerebral recovery following prolonged hypothermic circulatory arrest in a chronic porcine model","Strauch JT, Spielvogel D, Haldenwang PL, Zhang N, Weisz D, Bodian CA, Tatton NA, Griepp RB.","Eur J Cardiothorac Surg. 2005 Jan;27(1):74-80. doi: 10.1016/j.ejcts.2004.10.045.","Strauch JT","Eur J Cardiothorac Surg","2005","2004/12/29","","","10.1016/j.ejcts.2004.10.045"
"15582921","Two new neurophysiological indices of cocaine craving: evoked brain potentials and cue modulated startle reflex","Franken IH, Hulstijn KP, Stam CJ, Hendriks VM, van den Brink W.","J Psychopharmacol. 2004 Dec;18(4):544-52. doi: 10.1177/0269881104047282.","Franken IH","J Psychopharmacol","2004","2004/12/08","","","10.1177/0269881104047282"
"15562062","Measuring depth of sedation with auditory evoked potentials during controlled infusion of propofol and remifentanil in healthy volunteers","Haenggi M, Ypparila H, Takala J, Korhonen I, Luginbühl M, Petersen-Felix S, Jakob SM.","Anesth Analg. 2004 Dec;99(6):1728-1736. doi: 10.1213/01.ANE.0000135634.46493.0A.","Haenggi M","Anesth Analg","2004","2004/11/25","","","10.1213/01.ANE.0000135634.46493.0A"
"15561378","Pavlovian conditioning of muscular responses in chronic pain patients: central and peripheral correlates","Schneider C, Palomba D, Flor H.","Pain. 2004 Dec;112(3):239-247. doi: 10.1016/j.pain.2004.08.025.","Schneider C","Pain","2004","2004/11/25","","","10.1016/j.pain.2004.08.025"
"15518935","Error-related psychophysiology and negative affect","Hajcak G, McDonald N, Simons RF.","Brain Cogn. 2004 Nov;56(2):189-97. doi: 10.1016/j.bandc.2003.11.001.","Hajcak G","Brain Cogn","2004","2004/11/03","","","10.1016/j.bandc.2003.11.001"
"15502936","Effects of marijuana on neurophysiological signals of working and episodic memory","Ilan AB, Smith ME, Gevins A.","Psychopharmacology (Berl). 2004 Nov;176(2):214-22. doi: 10.1007/s00213-004-1868-9. Epub 2004 May 7.","Ilan AB","Psychopharmacology (Berl)","2004","2004/10/27","PMC1463999","NIHMS3925","10.1007/s00213-004-1868-9"
"15498547","Maturational effects on newborn ERPs measured in the mismatch negativity paradigm","Leppänen PH, Guttorm TK, Pihko E, Takkinen S, Eklund KM, Lyytinen H.","Exp Neurol. 2004 Nov;190 Suppl 1:S91-101. doi: 10.1016/j.expneurol.2004.06.002.","Leppänen PH","Exp Neurol","2004","2004/10/23","","","10.1016/j.expneurol.2004.06.002"
"15385365","A comparison of bispectral index and rapidly extracted auditory evoked potentials index responses to noxious stimulation during sevoflurane anesthesia","Ekman A, Brudin L, Sandin R.","Anesth Analg. 2004 Oct;99(4):1141-1146. doi: 10.1213/01.ANE.0000130618.99860.48.","Ekman A","Anesth Analg","2004","2004/09/24","","","10.1213/01.ANE.0000130618.99860.48"
"15315622","Is the ARX index a more sensitive indicator of anesthetic depth than the bispectral index during sevoflurane/nitrous oxide anesthesia?","Nishiyama T, Matsukawa T, Hanaoka K.","Acta Anaesthesiol Scand. 2004 Sep;48(8):1028-32. doi: 10.1111/j.0001-5172.2004.00468.x.","Nishiyama T","Acta Anaesthesiol Scand","2004","2004/08/19","","","10.1111/j.0001-5172.2004.00468.x"
"15219580","Augmentation of serotonin enhances pleasant and suppresses unpleasant cortical electrophysiological responses to visual emotional stimuli in humans","Kemp AH, Gray MA, Silberstein RB, Armstrong SM, Nathan PJ.","Neuroimage. 2004 Jul;22(3):1084-96. doi: 10.1016/j.neuroimage.2004.03.022.","Kemp AH","Neuroimage","2004","2004/06/29","","","10.1016/j.neuroimage.2004.03.022"
"15197114","The A-line ARX index may be a more sensitive detector of arousal than the bispectral index during propofol-fentanyl-nitrous oxide anesthesia: a preliminary investigation","Nishiyama T, Hanaoka K.","Can J Anaesth. 2004 Jun-Jul;51(6):539-44. doi: 10.1007/BF03018394.","Nishiyama T","Can J Anaesth","2004","2004/06/16","","","10.1007/BF03018394"
"15165413","Electrophysiological evidence of intuition: Part 2. A system-wide process?","McCraty R, Atkinson M, Bradley RT.","J Altern Complement Med. 2004 Apr;10(2):325-36. doi: 10.1089/107555304323062310.","McCraty R","J Altern Complement Med","2004","2004/05/29","","","10.1089/107555304323062310"
"15165412","Event-related electroencephalographic correlations between isolated human subjects","Radin DI.","J Altern Complement Med. 2004 Apr;10(2):315-23. doi: 10.1089/107555304323062301.","Radin DI","J Altern Complement Med","2004","2004/05/29","","","10.1089/107555304323062301"
"15141795","No difference in electroencephalographic power spectra or sensory-evoked potentials in patients anaesthetized with desflurane or sevoflurane","Freye E, Brückner J, Latasch L.","Eur J Anaesthesiol. 2004 May;21(5):373-8. doi: 10.1017/s0265021504005046.","Freye E","Eur J Anaesthesiol","2004","2004/05/15","","","10.1017/s0265021504005046"
"15135977","Attentional processes and cognitive performance during expectancy of painful galvanic stimulations: a high-resolution EEG study","Babiloni C, Brancucci A, Arendt-Nielsen L, Babiloni F, Capotosto P, Carducci F, Cincotti F, Del Percio C, Petrini L, Rossini PM, Chen AC.","Behav Brain Res. 2004 Jun 4;152(1):137-47. doi: 10.1016/j.bbr.2003.10.004.","Babiloni C","Behav Brain Res","2004","2004/05/12","","","10.1016/j.bbr.2003.10.004"
"15135915","Peripheral and electrocortical responses to painful and non-painful stimulation in chronic pain patients, tension headache patients and healthy controls","Flor H, Diers M, Birbaumer N.","Neurosci Lett. 2004 May 6;361(1-3):147-50. doi: 10.1016/j.neulet.2003.12.064.","Flor H","Neurosci Lett","2004","2004/05/12","","","10.1016/j.neulet.2003.12.064"
"15127083","Effects of lorazepam on the neuromagnetic mismatch negativity (MMNm) and auditory evoked field component N100m","Rosburg T, Marinou V, Haueisen J, Smesny S, Sauer H.","Neuropsychopharmacology. 2004 Sep;29(9):1723-33. doi: 10.1038/sj.npp.1300477.","Rosburg T","Neuropsychopharmacology","2004","2004/05/06","","","10.1038/sj.npp.1300477"
"15105212","A comparison of the clinical usefulness of three different electroencephalogram monitors: Bispectral Index, processed electroencephalogram, and Alaris auditory evoked potentials","Nishiyama T, Matsukawa T, Hanaoka K.","Anesth Analg. 2004 May;98(5):1341-5, table of contents. doi: 10.1213/01.ane.0000111109.42728.51.","Nishiyama T","Anesth Analg","2004","2004/04/24","","","10.1213/01.ane.0000111109.42728.51"
"15102134","Accuracy of heartbeat perception is reflected in the amplitude of the heartbeat-evoked brain potential","Pollatos O, Schandry R.","Psychophysiology. 2004 May;41(3):476-82. doi: 10.1111/1469-8986.2004.00170.x.","Pollatos O","Psychophysiology","2004","2004/04/23","","","10.1111/1469-8986.2004.00170.x"
"15025887","Electrophysiological evidence of intuition: part 1. The surprising role of the heart","McCraty R, Atkinson M, Bradley RT.","J Altern Complement Med. 2004 Feb;10(1):133-43. doi: 10.1089/107555304322849057.","McCraty R","J Altern Complement Med","2004","2004/03/18","","","10.1089/107555304322849057"
"14998709","From mental power to muscle power--gaining strength by using the mind","Ranganathan VK, Siemionow V, Liu JZ, Sahgal V, Yue GH.","Neuropsychologia. 2004;42(7):944-56. doi: 10.1016/j.neuropsychologia.2003.11.018.","Ranganathan VK","Neuropsychologia","2004","2004/03/05","","","10.1016/j.neuropsychologia.2003.11.018"
"14741675","Noninvasive measurement of neuronal activity with near-infrared optical imaging","Franceschini MA, Boas DA.","Neuroimage. 2004 Jan;21(1):372-86. doi: 10.1016/j.neuroimage.2003.09.040.","Franceschini MA","Neuroimage","2004","2004/01/27","PMC3786741","NIHMS347708","10.1016/j.neuroimage.2003.09.040"
"14693608","Acupuncture decreases somatosensory evoked potential amplitudes to noxious stimuli in anesthetized volunteers","Meissner W, Weiss T, Trippe RH, Hecht H, Krapp C, Miltner WH.","Anesth Analg. 2004 Jan;98(1):141-147. doi: 10.1213/01.ANE.0000096191.07929.44.","Meissner W","Anesth Analg","2004","2003/12/25","","","10.1213/01.ANE.0000096191.07929.44"
"12957369","Late-developing rostral ventrolateral medullary surface responses to cardiovascular challenges during sleep","Richard CA, Rector DM, Macey PM, Ali N, Harper RM.","Brain Res. 2003 Sep 19;985(1):65-77. doi: 10.1016/s0006-8993(03)03159-7.","Richard CA","Brain Res","2003","2003/09/06","","","10.1016/s0006-8993(03)03159-7"
"12951229","On the use of isoflurane versus halothane in the study of visual response properties of single cells in the primary visual cortex","Villeneuve MY, Casanova C.","J Neurosci Methods. 2003 Oct 15;129(1):19-31. doi: 10.1016/s0165-0270(03)00198-5.","Villeneuve MY","J Neurosci Methods","2003","2003/09/03","","","10.1016/s0165-0270(03)00198-5"
"12885175","Correlation beween AAI-index and the BIS-index during propofol hypnosis: a clinical study","Anderson RE, Barr G, Jakobsson JG.","J Clin Monit Comput. 2002 Aug;17(6):325-9. doi: 10.1023/a:1024283303023.","Anderson RE","J Clin Monit Comput","2002","2003/07/30","","","10.1023/a:1024283303023"
"12837559","Heart rate variability during interictal epileptiform discharges","Zaatreh MM, Quint SR, Tennison MB, D'Cruz O, Vaughn BB.","Epilepsy Res. 2003 May;54(2-3):85-90. doi: 10.1016/s0920-1211(03)00059-7.","Zaatreh MM","Epilepsy Res","2003","2003/07/03","","","10.1016/s0920-1211(03)00059-7"
"12818956","ARX-derived auditory evoked potential index and bispectral index during the induction of anesthesia with propofol and remifentanil","Schmidt GN, Bischoff P, Standl T, Issleib M, Voigt M, Schulte Am Esch J.","Anesth Analg. 2003 Jul;97(1):139-44, table of contents. doi: 10.1213/01.ane.0000065546.78919.82.","Schmidt GN","Anesth Analg","2003","2003/06/24","","","10.1213/01.ane.0000065546.78919.82"
"12812807","Central and autonomic nervous system integration in emotion","Hagemann D, Waldstein SR, Thayer JF.","Brain Cogn. 2003 Jun;52(1):79-87. doi: 10.1016/s0278-2626(03)00011-3.","Hagemann D","Brain Cogn","2003","2003/06/19","","","10.1016/s0278-2626(03)00011-3"
"12549733","A resampling approach to estimate the stability of one-dimensional or multidimensional independent components","Meinecke F, Ziehe A, Kawanabe M, Müller KR.","IEEE Trans Biomed Eng. 2002 Dec;49(12 Pt 2):1514-25. doi: 10.1109/TBME.2002.805480.","Meinecke F","IEEE Trans Biomed Eng","2002","2003/01/29","","","10.1109/TBME.2002.805480"
"12399142","Modulating sensory gating in healthy volunteers: the effects of ketamine and haloperidol","Oranje B, Gispen-de Wied CC, Verbaten MN, Kahn RS.","Biol Psychiatry. 2002 Nov 1;52(9):887-95. doi: 10.1016/s0006-3223(02)01377-x.","Oranje B","Biol Psychiatry","2002","2002/10/26","","","10.1016/s0006-3223(02)01377-x"
"11951061","Effects of acute hypoxemia/ischemia on EEG and evoked responses at normothermia and hypothermia in humans","Stecker MM, Escherich A, Patterson T, Bavaria JE, Cheung AT.","Med Sci Monit. 2002 Apr;8(4):CR223-8.","Stecker MM","Med Sci Monit","2002","2002/04/16","","",""
"11943075","Effects of CO2 anaesthesia on central nervous system activity in swine","Martoft L, Lomholt L, Kolthoff C, Rodriguez BE, Jensen EW, Jørgensen PF, Pedersen HD, Forslid A.","Lab Anim. 2002 Apr;36(2):115-26. doi: 10.1258/0023677021912398.","Martoft L","Lab Anim","2002","2002/04/12","","","10.1258/0023677021912398"
"11927175","The effects of hydrocortisone on cognitive and neural function: a behavioral and event-related potential investigation","Monk CS, Nelson CA.","Neuropsychopharmacology. 2002 Apr;26(4):505-19. doi: 10.1016/S0893-133X(01)00384-0.","Monk CS","Neuropsychopharmacology","2002","2002/04/03","","","10.1016/S0893-133X(01)00384-0"
"11852158","Time-dependent cortical asymmetries induced by emotional arousal: EEG analysis of event-related synchronization and desynchronization in individually defined frequency bands","Aftanas LI, Varlamov AA, Pavlov SV, Makhnev VP, Reva NV.","Int J Psychophysiol. 2002 Apr;44(1):67-82. doi: 10.1016/s0167-8760(01)00194-5.","Aftanas LI","Int J Psychophysiol","2002","2002/02/20","","","10.1016/s0167-8760(01)00194-5"
"11850088","Habituation and recovery of a slow negative wave of the event-related brain potential","Zimmer H.","Int J Psychophysiol. 2002 Mar;43(3):225-35. doi: 10.1016/s0167-8760(01)00185-4.","Zimmer H","Int J Psychophysiol","2002","2002/02/19","","","10.1016/s0167-8760(01)00185-4"
"11812390","Neurophysiological study of patients with perceived 'electrical hypersensitivity'","Lyskov E, Sandström M, Hansson Mild K.","Int J Psychophysiol. 2001 Nov;42(3):233-41. doi: 10.1016/s0167-8760(01)00141-6.","Lyskov E","Int J Psychophysiol","2001","2002/01/29","","","10.1016/s0167-8760(01)00141-6"
"11599534","Signal analysis of auditory evoked cortical fields in fetal magnetoencephalography","Schneider U, Schleussner E, Haueisen J, Nowak H, Seewald HJ.","Brain Topogr. 2001 Fall;14(1):69-80. doi: 10.1023/a:1012519923583.","Schneider U","Brain Topogr","2001","2001/10/16","","","10.1023/a:1012519923583"
"11568930","Provocation study of persons with perceived electrical hypersensitivity and controls using magnetic field exposure and recording of electrophysiological characteristics","Lyskov E, Sandström M, Mild KH.","Bioelectromagnetics. 2001 Oct;22(7):457-62.","Lyskov E","Bioelectromagnetics","2001","2001/09/25","","",""
"11543028","Effects of hyper +Gz acceleration on brainstem and auditory cortical evoked potentials and cerebral blood flow in anesthetized rats","Matsunami K, Konishi T, Satake H.","J Gravit Physiol. 1999 Jul;6(1):P61-2.","Matsunami K","J Gravit Physiol","1999","2001/09/07","","",""
"11542381","Effects of hyper +Gz acceleration on cardiovascular function, visual evoked potentials and cerebral blood flow in anesthetized rats","Matsunami K, Satake H, Konishi T.","J Gravit Physiol. 1998 Jul;5(1):P99-100.","Matsunami K","J Gravit Physiol","1998","2001/09/07","","",""
"11376908","Topical bicuculline to the rat spinal cord induces highly localized allodynia that is mediated by spinal prostaglandins","Zhang Z, Hefferan MP, Loomis CW.","Pain. 2001 Jun;92(3):351-361. doi: 10.1016/S0304-3959(01)00276-7.","Zhang Z","Pain","2001","2001/05/30","","","10.1016/S0304-3959(01)00276-7"
"11291946","Pediatric anesthesia monitoring with the help of EEG and ECG","Senhadji L, Carrault G, Gauvrit H, Wodey E, Pladys P, Carré F.","Acta Biotheor. 2000 Dec;48(3-4):289-302. doi: 10.1023/a:1010233615281.","Senhadji L","Acta Biotheor","2000","2001/04/09","PMC1945047","HALMS134400","10.1023/a:1010233615281"
"11282316","Evaluation of cognitive performance in the heat by functional brain imaging and psychometric testing","Hocking C, Silberstein RB, Lau WM, Stough C, Roberts W.","Comp Biochem Physiol A Mol Integr Physiol. 2001 Apr;128(4):719-34. doi: 10.1016/s1095-6433(01)00278-1.","Hocking C","Comp Biochem Physiol A Mol Integr Physiol","2001","2001/04/03","","","10.1016/s1095-6433(01)00278-1"
"11275540","The heartbeat-evoked brain potential in patients suffering from diabetic neuropathy and in healthy control persons","Leopold C, Schandry R.","Clin Neurophysiol. 2001 Apr;112(4):674-82. doi: 10.1016/s1388-2457(01)00480-1.","Leopold C","Clin Neurophysiol","2001","2001/03/29","","","10.1016/s1388-2457(01)00480-1"
"11123711","Abnormal cerebral processing of oesophageal stimuli in patients with noncardiac chest pain (NCCP)","Hollerbach S, Bulat R, May A, Kamath MV, Upton AR, Fallen EL, Tougas G.","Neurogastroenterol Motil. 2000 Dec;12(6):555-65. doi: 10.1046/j.1365-2982.2000.00230.x.","Hollerbach S","Neurogastroenterol Motil","2000","2000/12/21","","","10.1046/j.1365-2982.2000.00230.x"
"11112000","Non-invasive graft monitoring after heart transplantation: rationale to reduce the number of endomyocardial biopsies","Grasser B, Iberer F, Schaffellner S, Kniepeiss D, Schreier G, Kastner P, Tscheliessnigg KH.","Transpl Int. 2000;13 Suppl 1:S225-7. doi: 10.1007/s001470050329.","Grasser B","Transpl Int","2000","2000/12/09","","","10.1007/s001470050329"
"11099805","Frontal electrocortical and cardiovascular reactivity during happiness and anger","Waldstein SR, Kop WJ, Schmidt LA, Haufler AJ, Krantz DS, Fox NA.","Biol Psychol. 2000 Nov;55(1):3-23. doi: 10.1016/s0301-0511(00)00065-x.","Waldstein SR","Biol Psychol","2000","2000/12/02","","","10.1016/s0301-0511(00)00065-x"
"11094584","Effect of tramadol on electroencephalographic and auditory-evoked response variables during light anaesthesia","Vaughan DJ, Shinner G, Thornton C, Brunner MD.","Br J Anaesth. 2000 Nov;85(5):705-7. doi: 10.1093/bja/85.5.705.","Vaughan DJ","Br J Anaesth","2000","2000/11/30","","","10.1093/bja/85.5.705"
"11037043","Event-related brain potential and heart rate manifestations of visual selective attention","van der Veen FM, Lange JJ, van der Molen MW, Mulder G, Mulder LJ.","Psychophysiology. 2000 Sep;37(5):677-82. doi: 10.1017/s0048577200991625.","van der Veen FM","Psychophysiology","2000","2000/10/19","","","10.1017/s0048577200991625"
"11000664","Anesthesia with deep hypothermic circulatory arrest for giant basilar aneurysm surgery","Yu CL, Tan PP, Wu CT, Hsu JC, Chen JF, Wang YL, Lee ST.","Acta Anaesthesiol Sin. 2000 Mar;38(1):47-51.","Yu CL","Acta Anaesthesiol Sin","2000","2000/09/23","","",""
"10934900","Acute changes in carbon dioxide levels alter the electroencephalogram without affecting cognitive function","Bloch-Salisbury E, Lansing R, Shea SA.","Psychophysiology. 2000 Jul;37(4):418-26.","Bloch-Salisbury E","Psychophysiology","2000","2000/08/10","","",""
"10883907","Experimental study of medullary trigeminal evoked potentials: development of a new method of intraoperative monitoring of the medulla oblongata","Oikawa T, Matsumoto M, Sasaki T, Kodama N.","J Neurosurg. 2000 Jul;93(1):68-76. doi: 10.3171/jns.2000.93.1.0068.","Oikawa T","J Neurosurg","2000","2000/07/07","","","10.3171/jns.2000.93.1.0068"
"10860414","P300, N400, aerobic fitness, and maximal aerobic exercise","Magnié MN, Bermon S, Martin F, Madany-Lounis M, Suisse G, Muhammad W, Dolisi C.","Psychophysiology. 2000 May;37(3):369-77.","Magnié MN","Psychophysiology","2000","2000/06/22","","",""
"10853945","Pavlovian aversive and appetitive odor conditioning in humans: subjective, peripheral, and electrocortical changes","Hermann C, Ziegler S, Birbaumer N, Flor H.","Exp Brain Res. 2000 May;132(2):203-15. doi: 10.1007/s002210000343.","Hermann C","Exp Brain Res","2000","2000/06/15","","","10.1007/s002210000343"
"10838117","Hypoxic-ischemic encephalopathy with cystic brain stem necroses and thalamic calcifications in a preterm twin","Peters B, Walka MM, Friedmann W, Stoltenburg-Didinger G, Obladen M.","Brain Dev. 2000 Jun;22(4):265-71. doi: 10.1016/s0387-7604(00)00114-5.","Peters B","Brain Dev","2000","2000/06/06","","","10.1016/s0387-7604(00)00114-5"
"10749799","Sleep states alter ventral medullary surface responses to blood pressure challenges","Rector DM, Richard CA, Staba RJ, Harper RM.","Am J Physiol Regul Integr Comp Physiol. 2000 Apr;278(4):R1090-8. doi: 10.1152/ajpregu.2000.278.4.R1090.","Rector DM","Am J Physiol Regul Integr Comp Physiol","2000","2000/04/06","","","10.1152/ajpregu.2000.278.4.R1090"
"10599849","Expression in paradoxical sleep of a conditioned heart rate response","Maho C, Hennevin E.","Neuroreport. 1999 Nov 8;10(16):3381-5. doi: 10.1097/00001756-199911080-00023.","Maho C","Neuroreport","1999","1999/12/22","","","10.1097/00001756-199911080-00023"
"10562791","Effect of bolus doses of alfentanil on the arousal response to intubation, as assessed by the auditory evoked response","Shinner G, Sharpe RM, Thornton C, Doré CJ, Brunner MD.","Br J Anaesth. 1999 Jun;82(6):925-8. doi: 10.1093/bja/82.6.925.","Shinner G","Br J Anaesth","1999","1999/11/24","","","10.1093/bja/82.6.925"
"10494584","Electroencephalographic effects of intravenous nicotine--a dose-response study","Lindgren M, Molander L, Verbaan C, Lunell E, Rosén I.","Psychopharmacology (Berl). 1999 Aug;145(3):342-50. doi: 10.1007/s002130051067.","Lindgren M","Psychopharmacology (Berl)","1999","1999/09/24","","","10.1007/s002130051067"
"10450592","The evoked heart rate response to periodic leg movements of sleep","Winkelman JW.","Sleep. 1999 Aug 1;22(5):575-80. doi: 10.1093/sleep/22.5.575.","Winkelman JW","Sleep","1999","1999/08/18","","","10.1093/sleep/22.5.575"
"10420094","Brain potentials and attention after acute and subchronic intranasal administration ofACTH 4-10 and desacetyl-alpha-MSH in humans","Smolnik R, Mölle M, Fehm HL, Born J.","Neuroendocrinology. 1999 Jul;70(1):63-72. doi: 10.1159/000054460.","Smolnik R","Neuroendocrinology","1999","1999/07/27","","","10.1159/000054460"
"10364854","Cortical responses to auditory stimuli during isoflurane burst suppression anaesthesia","Hartikainen K, Rorarius MG.","Anaesthesia. 1999 Mar;54(3):210-4. doi: 10.1046/j.1365-2044.1999.00300.x.","Hartikainen K","Anaesthesia","1999","1999/06/12","","","10.1046/j.1365-2044.1999.00300.x"
"10357354","Middle latency auditory evoked responses and electroencephalographic derived variables do not predict movement to noxious stimulation during 1 minimum alveolar anesthetic concentration isoflurane/nitrous oxide anesthesia","Kochs E, Kalkman CJ, Thornton C, Newton D, Bischoff P, Kuppe H, Abke J, Konecny E, Nahm W, Stockmanns G.","Anesth Analg. 1999 Jun;88(6):1412-7. doi: 10.1097/00000539-199906000-00039.","Kochs E","Anesth Analg","1999","1999/06/05","","","10.1097/00000539-199906000-00039"
"9892860","Electroencephalographic characterization of brain dopaminergic stimulation by apomorphine in healthy volunteers","Luthringer R, Rinaudo G, Toussaint M, Bailey P, Muller G, Muzet A, Macher J.","Neuropsychobiology. 1999;39(1):49-56. doi: 10.1159/000026560.","Luthringer R","Neuropsychobiology","1999","1999/01/20","","","10.1159/000026560"
"9890381","Cerebral glucose metabolism in acute and persistent vegetative state","Rudolf J, Ghaemi M, Ghaemi M, Haupt WF, Szelies B, Heiss WD.","J Neurosurg Anesthesiol. 1999 Jan;11(1):17-24. doi: 10.1097/00008506-199901000-00004.","Rudolf J","J Neurosurg Anesthesiol","1999","1999/01/16","","","10.1097/00008506-199901000-00004"
"9819279","Stereotyped yawning responses induced by electrical and chemical stimulation of paraventricular nucleus of the rat","Sato-Suzuki I, Kita I, Oguri M, Arita H.","J Neurophysiol. 1998 Nov;80(5):2765-75. doi: 10.1152/jn.1998.80.5.2765.","Sato-Suzuki I","J Neurophysiol","1998","1998/11/18","","","10.1152/jn.1998.80.5.2765"
"9780661","Changes in brain barbiturate concentration in brain-dead rabbits","Saito T, Takeichi S, Osawa M, Yukawa N.","Nihon Hoigaku Zasshi. 1998 Jun;52(3):177-83.","Saito T","Nihon Hoigaku Zasshi","1998","1998/10/22","","",""
"9755023","Milacemide, a glycine pro-drug, inhibits strychnine-allodynia without affecting normal nociception in the rat","Khandwala H, Loomis CW.","Pain. 1998 Jul;77(1):87-95. doi: 10.1016/S0304-3959(98)00086-4.","Khandwala H","Pain","1998","1998/10/01","","","10.1016/S0304-3959(98)00086-4"
"9683005","The effects of low dose ketamine on sensory gating, neuroendocrine secretion and behavior in healthy human subjects","van Berckel BN, Oranje B, van Ree JM, Verbaten MN, Kahn RS.","Psychopharmacology (Berl). 1998 Jun;137(3):271-81. doi: 10.1007/s002130050620.","van Berckel BN","Psychopharmacology (Berl)","1998","1998/07/31","","","10.1007/s002130050620"
"9661091","Propofol and methohexital as anesthetic agents for electroconvulsive therapy (ECT): a comparison of seizure-quality measures and vital signs","Geretsegger C, Rochowanski E, Kartnig C, Unterrainer AF.","J ECT. 1998 Mar;14(1):28-35.","Geretsegger C","J ECT","1998","1998/07/14","","",""
"9545665","Effects of memory load on event-related patterns of 40-Hz EEG during cognitive and motor tasks","De Pascalis V, Ray WJ.","Int J Psychophysiol. 1998 May;28(3):301-15. doi: 10.1016/s0167-8760(97)00083-4.","De Pascalis V","Int J Psychophysiol","1998","1998/04/18","","","10.1016/s0167-8760(97)00083-4"
"9522266","P300 event-related-potential amplitudes and evoked cardiac responses during hypnotic alteration of somatosensory perception","De Pascalis V, Carboni G.","Int J Neurosci. 1997 Dec;92(3-4):187-207. doi: 10.3109/00207459708986401.","De Pascalis V","Int J Neurosci","1997","1998/04/02","","","10.3109/00207459708986401"
"9470386","On-line analysis of AEP and EEG for monitoring depth of anaesthesia","Capitanio L, Jensen EW, Filligoi GC, Makovec B, Gagliardi M, Henneberg SW, Lindholm P, Cerutti S.","Methods Inf Med. 1997 Dec;36(4-5):311-4.","Capitanio L","Methods Inf Med","1997","1998/02/21","","",""
"9469533","Processing of pain- and body-related verbal material in chronic pain patients: central and peripheral correlates","Flor H, Knost B, Birbaumer N.","Pain. 1997 Dec;73(3):413-421. doi: 10.1016/S0304-3959(97)00137-1.","Flor H","Pain","1997","1998/02/20","","","10.1016/S0304-3959(97)00137-1"
"9456458","Reversed discriminatory responses of heart rate during human REM sleep","Ikeda K, Morotomi T.","Sleep. 1997 Nov;20(11):942-7. doi: 10.1093/sleep/20.11.942.","Ikeda K","Sleep","1997","1998/02/11","","","10.1093/sleep/20.11.942"
"9404165","Effects of cardiopulmonary bypass and hypothermia on electroencephalographic variables","Doi M, Gajraj RJ, Mantzaridis H, Kenny GN.","Anaesthesia. 1997 Nov;52(11):1048-55. doi: 10.1111/j.1365-2044.1997.229-az0364.x.","Doi M","Anaesthesia","1997","1997/12/24","","","10.1111/j.1365-2044.1997.229-az0364.x"
"9401424","Effects of attentional and stressor manipulations on the P50 gating response","White PM, Yee CM.","Psychophysiology. 1997 Nov;34(6):703-11. doi: 10.1111/j.1469-8986.1997.tb02145.x.","White PM","Psychophysiology","1997","1997/12/24","","","10.1111/j.1469-8986.1997.tb02145.x"
"9361336","Chronic alcohol abuse and the acute sedative and neurophysiologic effects of midazolam","Bauer LO, Gross JB, Meyer RE, Greenblatt DJ.","Psychopharmacology (Berl). 1997 Oct;133(3):293-9. doi: 10.1007/s002130050404.","Bauer LO","Psychopharmacology (Berl)","1997","1997/11/15","","","10.1007/s002130050404"
"9342133","Effect of esmolol pretreatment on EEG seizure morphology in RUL ECT","McCall WV, Zvara D, Brooker R, Arias L.","Convuls Ther. 1997 Sep;13(3):175-80.","McCall WV","Convuls Ther","1997","1997/10/28","","",""
"9313270","Comparable dose-dependent inhibition of AP-7 sensitive strychnine-induced allodynia and paw pinch-induced nociception by mexiletine in the rat","Khandwala H, Hodge E, Loomis CW.","Pain. 1997 Sep;72(3):299-308. doi: 10.1016/s0304-3959(97)00021-3.","Khandwala H","Pain","1997","1997/10/06","","","10.1016/s0304-3959(97)00021-3"
"9421059","Awareness during general anaesthesia--incidence, clinical relevance and monitoring","Schwender D, Daunderer M, Kunze-Kronawitter H, Klasing S, Pöppel E, Peter K.","Acta Anaesthesiol Scand Suppl. 1997;111:313-4.","Schwender D","Acta Anaesthesiol Scand Suppl","1997","1997/01/01","","",""
"9105912","An event-related brain potential investigation of PTSD and PTSD symptoms in abused children","McPherson WB, Newton JE, Ackerman P, Oglesby DM, Dykman RA.","Integr Physiol Behav Sci. 1997 Jan-Mar;32(1):31-42. doi: 10.1007/BF02688611.","McPherson WB","Integr Physiol Behav Sci","1997","1997/01/01","","","10.1007/BF02688611"
"8951921","Evidence for a change in neural processing in phantom limb pain patients","Larbig W, Montoya P, Flor H, Bilow H, Weller S, Birbaumer N.","Pain. 1996 Oct;67(2-3):275-83. doi: 10.1016/0304-3959(96)03107-7.","Larbig W","Pain","1996","1996/10/01","","","10.1016/0304-3959(96)03107-7"
"8712446","Analgesic efficacy of low-dose ketamine. Somatosensory-evoked responses in relation to subjective pain ratings","Kochs E, Scharein E, Möllenberg O, Bromm B, Schulte am Esch J.","Anesthesiology. 1996 Aug;85(2):304-14. doi: 10.1097/00000542-199608000-00012.","Kochs E","Anesthesiology","1996","1996/08/01","","","10.1097/00000542-199608000-00012"
"8936398","Enhanced psychophysiological signs of attention after angiotensin-converting enzyme inhibition by captopril","Derad I, Pietrowsky R, Dodt C, Fehm HL, Born J.","Psychophysiology. 1996 May;33(3):295-301. doi: 10.1111/j.1469-8986.1996.tb00426.x.","Derad I","Psychophysiology","1996","1996/05/01","","","10.1111/j.1469-8986.1996.tb00426.x"
"8727549","Neurocirculatory consequences of abrupt change in sleep state in humans","Morgan BJ, Crabtree DC, Puleo DS, Badr MS, Toiber F, Skatrud JB.","J Appl Physiol (1985). 1996 May;80(5):1627-36. doi: 10.1152/jappl.1996.80.5.1627.","Morgan BJ","J Appl Physiol (1985)","1996","1996/05/01","","","10.1152/jappl.1996.80.5.1627"
"8688270","Haemodynamic responses to incision and sternotomy in relation to the auditory evoked potential and spontaneous EEG","de Beer NA, van Hooff JC, Cluitmans PJ, Korsten HH, Grouls RJ.","Br J Anaesth. 1996 May;76(5):685-93. doi: 10.1093/bja/76.5.685.","de Beer NA","Br J Anaesth","1996","1996/05/01","","","10.1093/bja/76.5.685"
"8770371","Event-related brain potentials and the processing of cardiac activity","Schandry R, Montoya P.","Biol Psychol. 1996 Jan 5;42(1-2):75-85. doi: 10.1016/0301-0511(95)05147-3.","Schandry R","Biol Psychol","1996","1996/01/05","","","10.1016/0301-0511(95)05147-3"
"8737684","Upper and lower extremity somatosensory evoked potential recording during surgery for aneurysms of the descending thoracic aorta","Shahin GM, Hamerlijnck RP, Schepens MA, Ter Beek HT, Vermeulen FE, Boezeman EH.","Eur J Cardiothorac Surg. 1996;10(5):299-304. doi: 10.1016/s1010-7940(96)80086-8.","Shahin GM","Eur J Cardiothorac Surg","1996","1996/01/01","","","10.1016/s1010-7940(96)80086-8"
"8750044","Generalization, duration, and low-frequency electroencephalographic persistence of bilateral electroconvulsive therapy seizure","Swartz CM.","Biol Psychiatry. 1995 Dec 15;38(12):837-42. doi: 10.1016/0006-3223(95)00080-1.","Swartz CM","Biol Psychiatry","1995","1995/12/15","","","10.1016/0006-3223(95)00080-1"
"8834483","Strychnine-dependent allodynia in the urethane-anesthetized rat is segmentally distributed and prevented by intrathecal glycine and betaine","Sherman SE, Loomis CW.","Can J Physiol Pharmacol. 1995 Dec;73(12):1698-705. doi: 10.1139/y95-733.","Sherman SE","Can J Physiol Pharmacol","1995","1995/12/01","","","10.1139/y95-733"
"8619015","Pharmacokinetic and pharmacodynamic responses to caffeine in poor and normal sleepers","Tiffin P, Ashton H, Marsh R, Kamali F.","Psychopharmacology (Berl). 1995 Oct;121(4):494-502. doi: 10.1007/BF02246500.","Tiffin P","Psychopharmacology (Berl)","1995","1995/10/01","","","10.1007/BF02246500"
"7488482","The auditory evoked potential and paediatric anaesthesia","O'Kelly SW, Smith DC, Pilkington SN.","Br J Anaesth. 1995 Oct;75(4):428-30. doi: 10.1093/bja/75.4.428.","O'Kelly SW","Br J Anaesth","1995","1995/10/01","","","10.1093/bja/75.4.428"
"7640124","Visually evoked bursts during isoflurane anaesthesia","Hartikainen K, Rorarius M, Mäkelä K, Peräkylä J, Varila E, Jäntti V.","Br J Anaesth. 1995 Jun;74(6):681-5. doi: 10.1093/bja/74.6.681.","Hartikainen K","Br J Anaesth","1995","1995/06/01","","","10.1093/bja/74.6.681"
"7649933","Mechanisms of airway protection after pharyngeal fluid infusion in healthy sleeping piglets","Page M, Jeffery HE, Marks V, Post EJ, Wood AK.","J Appl Physiol (1985). 1995 May;78(5):1942-9. doi: 10.1152/jappl.1995.78.5.1942.","Page M","J Appl Physiol (1985)","1995","1995/05/01","","","10.1152/jappl.1995.78.5.1942"
"9422178","What is the best test to predict outcome after prolonged cardiac arrest?","Sandroni C, Barelli A, Piazza O, Proietti R, Mastria D, Boninsegna R.","Eur J Emerg Med. 1995 Mar;2(1):33-7. doi: 10.1097/00063110-199503000-00008.","Sandroni C","Eur J Emerg Med","1995","1995/03/01","","","10.1097/00063110-199503000-00008"
"7793190","Eye symptoms, visual evoked potentials and EEG during intravenous infusion of glycine","Hahn RG, Andersson T, Sikk M.","Acta Anaesthesiol Scand. 1995 Feb;39(2):214-9. doi: 10.1111/j.1399-6576.1995.tb04046.x.","Hahn RG","Acta Anaesthesiol Scand","1995","1995/02/01","","","10.1111/j.1399-6576.1995.tb04046.x"
"7790290","Baroreceptor cortical effects, emotions and pain","Mini A, Rau H, Montoya P, Palomba D, Birbaumer N.","Int J Psychophysiol. 1995 Feb;19(1):67-77. doi: 10.1016/0167-8760(94)00084-r.","Mini A","Int J Psychophysiol","1995","1995/02/01","","","10.1016/0167-8760(94)00084-r"
"8642806","Effects of rilmenidine and clonidine on the electroencephalogram, saccadic eye movements, and psychomotor function","Harron DW, Hasson B, Regan M, McClelland RJ, King DJ.","J Cardiovasc Pharmacol. 1995;26 Suppl 2:S48-54.","Harron DW","J Cardiovasc Pharmacol","1995","1995/01/01","","",""
"7654986","Hippocampal and cerebral cortical sequencing of cardiac activity--theta rhythm (4-10Hz)","Turbes CC.","Biomed Sci Instrum. 1995;31:7-11.","Turbes CC","Biomed Sci Instrum","1995","1995/01/01","","",""
"7744546","Stimulus preceding slow potential shifts (SPS), EEG and visual evoked potentials (VEP) in rabbits","Wicher C, Richter F, Haschke W.","Int J Neurosci. 1994 Nov;79(1-2):111-20. doi: 10.3109/00207459408986072.","Wicher C","Int J Neurosci","1994","1994/11/01","","","10.3109/00207459408986072"
"7873702","Patterns of cortical electrophysiology and autonomic activity in adults' shyness and sociability","Schmidt LA, Fox NA.","Biol Psychol. 1994 Oct;38(2-3):183-98. doi: 10.1016/0301-0511(94)90038-8.","Schmidt LA","Biol Psychol","1994","1994/10/01","","","10.1016/0301-0511(94)90038-8"
"7696140","E-wave and heart rate responses during anticipation of nonmotor events","Aro M, Liimatainen M, Lyytinen H.","Integr Physiol Behav Sci. 1994 Oct-Dec;29(4):431-46. doi: 10.1007/BF02691363.","Aro M","Integr Physiol Behav Sci","1994","1994/10/01","","","10.1007/BF02691363"
"7917731","Auditory steady-state response, upper facial EMG, EEG and heart rate as predictors of movement during isoflurane-nitrous oxide anaesthesia","Yli-Hankala A, Edmonds HL Jr, Heine MF, Strickland T Jr, Tsueda K.","Br J Anaesth. 1994 Aug;73(2):174-9. doi: 10.1093/bja/73.2.174.","Yli-Hankala A","Br J Anaesth","1994","1994/08/01","","","10.1093/bja/73.2.174"
"7948468","P300 is unaffected by glucose increase","Geisler MW, Polich J.","Biol Psychol. 1994 Jul;37(3):235-45. doi: 10.1016/0301-0511(94)90005-1.","Geisler MW","Biol Psychol","1994","1994/07/01","","","10.1016/0301-0511(94)90005-1"
"8192853","Effects of electrical stimulation of the amygdaloid central nucleus on neocortical arousal in the rabbit","Kapp BS, Supple WF Jr, Whalen PJ.","Behav Neurosci. 1994 Feb;108(1):81-93. doi: 10.1037//0735-7044.108.1.81.","Kapp BS","Behav Neurosci","1994","1994/02/01","","","10.1037//0735-7044.108.1.81"
"8159438","Morphine insensitive allodynia is produced by intrathecal strychnine in the lightly anesthetized rat","Sherman SE, Loomis CW.","Pain. 1994 Jan;56(1):17-29. doi: 10.1016/0304-3959(94)90146-5.","Sherman SE","Pain","1994","1994/01/01","","","10.1016/0304-3959(94)90146-5"
"8257658","Temporal frequency responsivity shows multiple maturational phases: state-dependent visual evoked potential luminance flicker fusion from birth to 9 months","Apkarian P.","Vis Neurosci. 1993 Nov-Dec;10(6):1007-18. doi: 10.1017/s0952523800010117.","Apkarian P","Vis Neurosci","1993","1993/11/01","","","10.1017/s0952523800010117"
"8119481","Vocal perception: brain event-related potentials in a chimpanzee","Berntson GG, Boysen ST, Torello MW.","Dev Psychobiol. 1993 Sep;26(6):305-19. doi: 10.1002/dev.420260602.","Berntson GG","Dev Psychobiol","1993","1993/09/01","","","10.1002/dev.420260602"
"7684965","Heartbeat evoked potentials (HEP): topography and influence of cardiac awareness and focus of attention","Montoya P, Schandry R, Müller A.","Electroencephalogr Clin Neurophysiol. 1993 May-Jun;88(3):163-72. doi: 10.1016/0168-5597(93)90001-6.","Montoya P","Electroencephalogr Clin Neurophysiol","1993","1993/05/01","","","10.1016/0168-5597(93)90001-6"
"8493036","Preclinical trial of 4-aminopyridine in patients with chronic spinal cord injury","Hayes KC, Blight AR, Potter PJ, Allatt RD, Hsieh JT, Wolfe DL, Lam S, Hamilton JT.","Paraplegia. 1993 Apr;31(4):216-24. doi: 10.1038/sc.1993.40.","Hayes KC","Paraplegia","1993","1993/04/01","","","10.1038/sc.1993.40"
"8449176","The effect of progesterone and its metabolite 5 alpha-pregnan-3 alpha-ol-20-one on focal epileptic seizures in the cat's visual cortex in vivo","Taubøll E, Lindström S.","Epilepsy Res. 1993 Jan;14(1):17-30. doi: 10.1016/0920-1211(93)90071-e.","Taubøll E","Epilepsy Res","1993","1993/01/01","","","10.1016/0920-1211(93)90071-e"
"8442962","Modification of tonic-clonic convulsions by atracurium in multiple-monitored electroconvulsive therapy","Lui PW, Ma JY, Chan KK.","J Clin Anesth. 1993 Jan-Feb;5(1):16-21. doi: 10.1016/0952-8180(93)90082-p.","Lui PW","J Clin Anesth","1993","1993/01/01","","","10.1016/0952-8180(93)90082-p"
"7870961","Chlormethiazole attenuates the derangement of sensory evoked potential (SEP) induced by ICV administration of NMDA","Thoren P, Sjölander M.","Psychopharmacology (Berl). 1993;111(2):256-8. doi: 10.1007/BF02245534.","Thoren P","Psychopharmacology (Berl)","1993","1993/01/01","","","10.1007/BF02245534"
"1410181","Event-related potentials and autonomic responses to a change in unattended auditory stimuli","Lyytinen H, Blomberg AP, Näätänen R.","Psychophysiology. 1992 Sep;29(5):523-34. doi: 10.1111/j.1469-8986.1992.tb02025.x.","Lyytinen H","Psychophysiology","1992","1992/09/01","","","10.1111/j.1469-8986.1992.tb02025.x"
"1397164","Spreading depression induces prolonged reduction of cortical blood flow reactivity in the rat","Lacombe P, Sercombe R, Correze JL, Springhetti V, Seylaz J.","Exp Neurol. 1992 Sep;117(3):278-86. doi: 10.1016/0014-4886(92)90137-f.","Lacombe P","Exp Neurol","1992","1992/09/01","","","10.1016/0014-4886(92)90137-f"
"1643686","Brainstem auditory evoked potentials during procaine toxicity in dogs","Ding ZN, Yoshita Y, Hirota K, Yamamoto K, Kobayashi T, Murakami S.","Can J Anaesth. 1992 Jul;39(6):600-3. doi: 10.1007/BF03008327.","Ding ZN","Can J Anaesth","1992","1992/07/01","","","10.1007/BF03008327"
"1397145","Longitudinal neuronal organization of defensive reactions in the midbrain periaqueductal gray region of the rat","Depaulis A, Keay KA, Bandler R.","Exp Brain Res. 1992;90(2):307-18. doi: 10.1007/BF00227243.","Depaulis A","Exp Brain Res","1992","1992/01/01","","","10.1007/BF00227243"
"1361972","Quantitative EEG and autonomic patterns of synthetic peptides related to dermorphin","Marchioni E, Maurelli M, Tartara A.","Neuropsychobiology. 1992;26(1-2):81-8. doi: 10.1159/000118900.","Marchioni E","Neuropsychobiology","1992","1992/01/01","","","10.1159/000118900"
"1824389","Individual differences in cortical evoked potentials as a function of heartbeat detection ability","Katkin ES, Cestaro VL, Weitkunat R.","Int J Neurosci. 1991 Dec;61(3-4):269-76. doi: 10.3109/00207459108990745.","Katkin ES","Int J Neurosci","1991","1991/12/01","","","10.3109/00207459108990745"
"1914064","The anaesthetic management of a patient with a phaeochromocytoma and acute stroke","Fox JM, Manninen PH.","Can J Anaesth. 1991 Sep;38(6):775-9. doi: 10.1007/BF03008459.","Fox JM","Can J Anaesth","1991","1991/09/01","","","10.1007/BF03008459"
"1716564","Brain-stem auditory evoked potentials and brain death","Machado C, Valdés P, García-Tigera J, Virues T, Biscay R, Miranda J, Coutin P, Román J, García O.","Electroencephalogr Clin Neurophysiol. 1991 Sep-Oct;80(5):392-8. doi: 10.1016/0168-5597(91)90087-e.","Machado C","Electroencephalogr Clin Neurophysiol","1991","1991/09/01","","","10.1016/0168-5597(91)90087-e"
"1955282","Activation-induced changes in evoked and slow brain potentials: effect of cocaine in rabbits previously subchronically treated by cocaine","Kiyatkin EA, Belij VP, Richter F, Haschke W.","Int J Neurosci. 1991 Aug;59(4):213-8. doi: 10.3109/00207459108985975.","Kiyatkin EA","Int J Neurosci","1991","1991/08/01","","","10.3109/00207459108985975"
"1784595","Are the differential effects of chloral hydrate on hooded rats vs. albino rats due to pigmentation or strain differences?","Sisson DF, Siegel J, Westenberg IS.","Pharmacol Biochem Behav. 1991 Jul;39(3):665-70. doi: 10.1016/0091-3057(91)90144-q.","Sisson DF","Pharmacol Biochem Behav","1991","1991/07/01","","","10.1016/0091-3057(91)90144-q"
"1857499","Effects of behavioural state on visual processing in neonates","Apkarian P, Mirmiran M, Tijssen R.","Neuropediatrics. 1991 May;22(2):85-91. doi: 10.1055/s-2008-1071422.","Apkarian P","Neuropediatrics","1991","1991/05/01","","","10.1055/s-2008-1071422"
"1859518","Analgesic potency of a new anticonvulsant drug versus acetylsalicylic acid via laser somatosensory evoked potentials. Randomized placebo-controlled double-blind (5-way) crossover study","Schaffler K, Wauschkuhn CH, Gierend M.","Arzneimittelforschung. 1991 Apr;41(4):427-35.","Schaffler K","Arzneimittelforschung","1991","1991/04/01","","",""
"1938130","Activation-induced changes in evoked and slow brain potentials: effects of cocaine in awake rabbit","Richter F, Leichsenring A, Haschke W, Kiyatkin EA, Belij VP.","Int J Neurosci. 1991 Jan-Feb;56(1-4):151-9. doi: 10.3109/00207459108985411.","Richter F","Int J Neurosci","1991","1991/01/01","","","10.3109/00207459108985411"
"1865042","Continuous multivariable monitoring in neurological intensive care patients--preliminary reports on four cases","Hilz MJ, Litscher G, Weis M, Claus D, Druschky KF, Pfurtscheller G, Neundörfer B.","Intensive Care Med. 1991;17(2):87-93. doi: 10.1007/BF01691429.","Hilz MJ","Intensive Care Med","1991","1991/01/01","","","10.1007/BF01691429"
"1705324","Vagal stimulation for control of complex partial seizures in medically refractory epileptic patients","Wilder BJ, Uthman BM, Hammond EJ.","Pacing Clin Electrophysiol. 1991 Jan;14(1):108-15. doi: 10.1111/j.1540-8159.1991.tb04054.x.","Wilder BJ","Pacing Clin Electrophysiol","1991","1991/01/01","","","10.1111/j.1540-8159.1991.tb04054.x"
"1682104","Changes in EEG power, acoustic evoked potentials and heart rate after mildly arousing non-acoustic priming stimuli in carp (Cyprinus carpio)","Laming PR, Bullock TH, McClune MC.","Comp Biochem Physiol A Comp Physiol. 1991;100(1):81-93. doi: 10.1016/0300-9629(91)90187-h.","Laming PR","Comp Biochem Physiol A Comp Physiol","1991","1991/01/01","","","10.1016/0300-9629(91)90187-h"
"2272866","Cardiac deceleration and E-wave brain potential components in young, middle-aged and elderly adults","Friedman D, Putnam L, Hamberger MJ.","Int J Psychophysiol. 1990 Dec;10(2):185-90. doi: 10.1016/0167-8760(90)90033-a.","Friedman D","Int J Psychophysiol","1990","1990/12/01","","","10.1016/0167-8760(90)90033-a"
"2269644","Event-related perturbations in an electrophysiological measure of auditory sensitivity: effects of probability, intensity and repeated sessions","Rohrbaugh JW, Varner JL, Paige SR, Eckardt MJ, Ellingson RJ.","Int J Psychophysiol. 1990 Nov;10(1):17-32. doi: 10.1016/0167-8760(90)90041-b.","Rohrbaugh JW","Int J Psychophysiol","1990","1990/11/01","","","10.1016/0167-8760(90)90041-b"
"2103747","P300 and time of day: circadian rhythms, food intake, and body temperature","Geisler MW, Polich J.","Biol Psychol. 1990 Oct;31(2):117-36. doi: 10.1016/0301-0511(90)90012-l.","Geisler MW","Biol Psychol","1990","1990/10/01","","","10.1016/0301-0511(90)90012-l"
"2393105","Modulation of pain-related somatosensory evoked potentials by general anesthesia","Kochs E, Treede RD, Schulte am Esch J, Bromm B.","Anesth Analg. 1990 Sep;71(3):225-30. doi: 10.1213/00000539-199009000-00002.","Kochs E","Anesth Analg","1990","1990/09/01","","","10.1213/00000539-199009000-00002"
"2265945","Enhancement of heartbeat-related brain potentials through cardiac awareness training","Schandry R, Weitkunat R.","Int J Neurosci. 1990 Aug;53(2-4):243-53. doi: 10.3109/00207459008986611.","Schandry R","Int J Neurosci","1990","1990/08/01","","","10.3109/00207459008986611"
"2380732","Acute effects of electromagnetic stimulation of the brain on cortical activity, cortical blood flow, blood pressure and heart rate in the cat: an evaluation of safety","Eyre JA, Flecknell PA, Kenyon BR, Koh TH, Miller S.","J Neurol Neurosurg Psychiatry. 1990 Jun;53(6):507-13. doi: 10.1136/jnnp.53.6.507.","Eyre JA","J Neurol Neurosurg Psychiatry","1990","1990/06/01","PMC1014212","","10.1136/jnnp.53.6.507"
"2329124","Dissociation by chloralose of the cardiovascular and cerebrovascular responses evoked from the cerebellar fastigial nucleus","Iadecola C, Springston ME, Reis DJ.","J Cereb Blood Flow Metab. 1990 May;10(3):375-82. doi: 10.1038/jcbfm.1990.67.","Iadecola C","J Cereb Blood Flow Metab","1990","1990/05/01","","","10.1038/jcbfm.1990.67"
"2346625","Learning of physiological responses: I. Habituation, sensitization, and classical conditioning","Dworkin BR, Dworkin S.","Behav Neurosci. 1990 Apr;104(2):298-319. doi: 10.1037//0735-7044.104.2.298.","Dworkin BR","Behav Neurosci","1990","1990/04/01","","","10.1037//0735-7044.104.2.298"
"2340159","Autonomic and somatic responses evoked by stimulation of the cerebellar uvula in the conscious rabbit","Bradley DJ, Ghelarducci B, La Noce A, Spyer KM.","Exp Physiol. 1990 Mar;75(2):179-86. doi: 10.1113/expphysiol.1990.sp003392.","Bradley DJ","Exp Physiol","1990","1990/03/01","","","10.1113/expphysiol.1990.sp003392"
"2310797","Psychophysiological correlates of posttraumatic stress disorder in Vietnam veterans","Paige SR, Reid GM, Allen MG, Newton JE.","Biol Psychiatry. 1990 Feb 15;27(4):419-30. doi: 10.1016/0006-3223(90)90552-d.","Paige SR","Biol Psychiatry","1990","1990/02/15","","","10.1016/0006-3223(90)90552-d"
"2295893","Electroencephalographic and evoked potential monitoring in the hyperbaric environment","Litscher G, Friehs G, Maresch H, Pfurtscheller G.","J Clin Monit. 1990 Jan;6(1):10-7. doi: 10.1007/BF02832177.","Litscher G","J Clin Monit","1990","1990/01/01","","","10.1007/BF02832177"
"2160665","Influences of peripheral adrenocorticotropin 1-39 (ACTH) and human corticotropin releasing hormone (h-CRH) on human auditory evoked potentials (AEP)","Born J, Bathelt B, Pietrowsky R, Pauschinger P, Fehm HL.","Psychopharmacology (Berl). 1990;101(1):34-8. doi: 10.1007/BF02253714.","Born J","Psychopharmacology (Berl)","1990","1990/01/01","","","10.1007/BF02253714"
"1688979","Effects of lidocaine on Vmax and conduction velocity in uniform anisotropic canine ventricular muscle: possible role of its binding-rate constants","Quinteiro RA, Biagetti MO, de Forteza E.","J Cardiovasc Pharmacol. 1990 Jan;15(1):29-36. doi: 10.1097/00005344-199001000-00005.","Quinteiro RA","J Cardiovasc Pharmacol","1990","1990/01/01","","","10.1097/00005344-199001000-00005"
"2640160","Event-related perturbations in an electrophysiological measure of auditory function: a measure of sensitivity during orienting?","Rohrbaugh JW, Varner JL, Paige SR, Eckardt MJ, Ellingson RJ.","Biol Psychol. 1989 Dec;29(3):247-71. doi: 10.1016/0301-0511(89)90022-7.","Rohrbaugh JW","Biol Psychol","1989","1989/12/01","","","10.1016/0301-0511(89)90022-7"
"2623077","Effects of cholecystokinin and calcitonin on evoked brain potentials and satiety in man","Pietrowsky R, Preuss S, Born J, Pauschinger P, Fehm HL.","Physiol Behav. 1989 Sep;46(3):513-9. doi: 10.1016/0031-9384(89)90029-2.","Pietrowsky R","Physiol Behav","1989","1989/09/01","","","10.1016/0031-9384(89)90029-2"
"2716438","Psychophysiological research in psychiatry and neuropsychopharmacology. I. Methodological aspects of the Viennese Psychophysiological Test-System (VPTS)","Semlitsch HV, Anderer P, Saletu B, Resch F, Presslich O, Schuster P.","Methods Find Exp Clin Pharmacol. 1989 Jan;11(1):25-41.","Semlitsch HV","Methods Find Exp Clin Pharmacol","1989","1989/01/01","","",""
"2509123","Neurophysiological effects of recombinant interferon-gamma and -alpha in man","Born J, Späth-Schwalbe E, Pietrowsky R, Porzsolt F, Fehm HL.","Clin Physiol Biochem. 1989;7(3-4):119-27.","Born J","Clin Physiol Biochem","1989","1989/01/01","","",""
"2455201","The guinea-pig isolated atrium as a model system for the central actions of selected CNS stimulant and depressant drugs. Part 2. Mechanisms involved in the actions and interactions of the convulsant bemegride and its hypnotic homologue 3-methyl-3-n-butylglutarimide","Arblaster CI, Cameron DW, Lavi Y, Laycock GM, Shulman A.","Methods Find Exp Clin Pharmacol. 1988 Mar;10(3):177-211.","Arblaster CI","Methods Find Exp Clin Pharmacol","1988","1988/03/01","","",""
"3353429","Effects of cigarette smoking on resting EEG, visual evoked potentials and photic driving","Golding JF.","Pharmacol Biochem Behav. 1988 Jan;29(1):23-32. doi: 10.1016/0091-3057(88)90268-7.","Golding JF","Pharmacol Biochem Behav","1988","1988/01/01","","","10.1016/0091-3057(88)90268-7"
"3222357","Sleep patterns in a chelonian reptile (Gopherus flavomarginatus)","Ayala-Guerrero F, Calderón A, Pérez MC.","Physiol Behav. 1988;44(3):333-7. doi: 10.1016/0031-9384(88)90034-0.","Ayala-Guerrero F","Physiol Behav","1988","1988/01/01","","","10.1016/0031-9384(88)90034-0"
"3184782","Cardiovascular, electrocortical, and behavioral effects of nicotine chewing gum","Michel C, Hasenfratz M, Nil R, Bättig K.","Klin Wochenschr. 1988;66 Suppl 11:72-9.","Michel C","Klin Wochenschr","1988","1988/01/01","","",""
"3131794","Vasopressin but not oxytocin enhances cortical arousal: an integrative hypothesis on behavioral effects of neurohypophyseal hormones","Fehm-Wolfsdorf G, Bachholz G, Born J, Voigt K, Fehm HL.","Psychopharmacology (Berl). 1988;94(4):496-500. doi: 10.1007/BF00212844.","Fehm-Wolfsdorf G","Psychopharmacology (Berl)","1988","1988/01/01","","","10.1007/BF00212844"
"3073322","Effect of morphine on the electroencephalogram and other physiological and other physiological and behavioral parameters","Matejcek M, Pokorny R, Ferber G, Klee H.","Neuropsychobiology. 1988;19(4):202-11. doi: 10.1159/000118461.","Matejcek M","Neuropsychobiology","1988","1988/01/01","","","10.1159/000118461"
"3692699","The pattern and habituation of the orienting response in man and rats","Rockstroh B, Johnen M, Elbert T, Lutzenberger W, Birbaumer N, Rudolph K, Ostwald J, Schnitzler HU.","Int J Neurosci. 1987 Dec;37(3-4):169-82. doi: 10.3109/00207458708987145.","Rockstroh B","Int J Neurosci","1987","1987/12/01","","","10.3109/00207458708987145"
"3436846","Cardiac-related cortical activity during variations in mean heart rate","Koriath JJ, Lindholm E, Landers DM.","Int J Psychophysiol. 1987 Dec;5(4):289-99. doi: 10.1016/0167-8760(87)90060-2.","Koriath JJ","Int J Psychophysiol","1987","1987/12/01","","","10.1016/0167-8760(87)90060-2"
"3438435","Changes in heart rate and slow brain potentials related to motor preparation and stimulus anticipation in a time estimation task","Damen EJ, Brunia CH.","Psychophysiology. 1987 Nov;24(6):700-13. doi: 10.1111/j.1469-8986.1987.tb00353.x.","Damen EJ","Psychophysiology","1987","1987/11/01","","","10.1111/j.1469-8986.1987.tb00353.x"
"3671485","Psychophysiological aspects of depressive syndromes","Giedke H, Heimann H.","Pharmacopsychiatry. 1987 Sep;20(5):177-80. doi: 10.1055/s-2007-1017098.","Giedke H","Pharmacopsychiatry","1987","1987/09/01","","","10.1055/s-2007-1017098"
"2889508","Cardiovascular responses elicited by stimulation of neurons in the central amygdaloid nucleus in awake but not anesthetized rats resemble conditioned emotional responses","Iwata J, Chida K, LeDoux JE.","Brain Res. 1987 Aug 18;418(1):183-8. doi: 10.1016/0006-8993(87)90978-4.","Iwata J","Brain Res","1987","1987/08/18","","","10.1016/0006-8993(87)90978-4"
"3683824","Formation and development of temporary connections involving unperceived and perceived acoustic stimuli","Voronin LG, Novikov PP, Volkov EV, Dubynin VA.","Neurosci Behav Physiol. 1987 Jul-Aug;17(4):321-5. doi: 10.1007/BF01183062.","Voronin LG","Neurosci Behav Physiol","1987","1987/07/01","","","10.1007/BF01183062"
"3610727","Electrophysiological changes elicited by auditory stimuli given a positive or negative value: a study comparing anhedonic with hedonic subjects","Pierson A, Ragot R, Ripoche A, Lesevre N.","Int J Psychophysiol. 1987 Jul;5(2):107-23. doi: 10.1016/0167-8760(87)90015-8.","Pierson A","Int J Psychophysiol","1987","1987/07/01","","","10.1016/0167-8760(87)90015-8"
"3588662","Quantitative pharmaco-electroencephalographic differentiation between the CNS effects of bromocriptine and imipramine, drugs with qualitatively different antidepressant properties","Yamadera H, Ferber G, Matejcek M, Pokorny R.","Pharmacopsychiatry. 1987 Mar;20(2):54-9. doi: 10.1055/s-2007-1017075.","Yamadera H","Pharmacopsychiatry","1987","1987/03/01","","","10.1055/s-2007-1017075"
"3673691","Stable-xenon-CT: effects of xenon inhalation on EEG and cardio-respiratory parameters in the human","Holl K, Nemati N, Kohmura E, Gaab MR, Samii M.","Acta Neurochir (Wien). 1987;87(3-4):129-33. doi: 10.1007/BF01476063.","Holl K","Acta Neurochir (Wien)","1987","1987/01/01","","","10.1007/BF01476063"
"3040455","Dose-dependent influences on electrophysiological signs of attention in humans after neuropeptide ACTH 4-10","Born J, Bräuninger W, Fehm-Wolfsdorf G, Voigt KH, Pauschinger P, Fehm HL.","Exp Brain Res. 1987;67(1):85-92. doi: 10.1007/BF00269456.","Born J","Exp Brain Res","1987","1987/01/01","","","10.1007/BF00269456"
"3031714","Influences of ACTH 4-10 on event-related potentials reflecting attention in man","Born J, Fehm-Wolfsdorf G, Voigt KH, Fehm HL.","Physiol Behav. 1987;39(1):83-7. doi: 10.1016/0031-9384(87)90348-9.","Born J","Physiol Behav","1987","1987/01/01","","","10.1016/0031-9384(87)90348-9"
"3092576","Carbon dioxide narcosis: influence of short-term high concentration carbon dioxide inhalation on EEG and cortical evoked responses in the rat","Forslid A, Ingvar M, Rosén I, Ingvar DH.","Acta Physiol Scand. 1986 Jul;127(3):281-7. doi: 10.1111/j.1748-1716.1986.tb07907.x.","Forslid A","Acta Physiol Scand","1986","1986/07/01","","","10.1111/j.1748-1716.1986.tb07907.x"
"3737444","Vasopressin and electrophysiological signs of attention in man","Born J, Fehm-Wolfsdorf G, Lutzenberger W, Voigt KH, Fehm HL.","Peptides. 1986 Mar-Apr;7(2):189-93. doi: 10.1016/0196-9781(86)90211-1.","Born J","Peptides","1986","1986/03/01","","","10.1016/0196-9781(86)90211-1"
"3705984","Fetal cerebral, cardiovascular and metabolic reactions to intermittent occlusion of ovine maternal placental blood flow","Rosén KG, Hrbek A, Karlsson K, Kjellmer I.","Acta Physiol Scand. 1986 Feb;126(2):209-16. doi: 10.1111/j.1748-1716.1986.tb07807.x.","Rosén KG","Acta Physiol Scand","1986","1986/02/01","","","10.1111/j.1748-1716.1986.tb07807.x"
"4078255","Maternal treatment with a cardioselective beta-blocking agent--consequences for the ovine fetus during intermittent asphyxia","Dagbjartsson A, Karlsson K, Kjellmer I, Rosén KG.","J Dev Physiol. 1985 Dec;7(6):387-96.","Dagbjartsson A","J Dev Physiol","1985","1985/12/01","","",""
"2987636","An ACTH 4-9 analog impairs selective attention in man","Born J, Fehm-Wolfsdorf G, Schiebe M, Birbaumer N, Fehm HL, Voigt KH.","Life Sci. 1985 Jun 3;36(22):2117-25. doi: 10.1016/0024-3205(85)90308-x.","Born J","Life Sci","1985","1985/06/03","","","10.1016/0024-3205(85)90308-x"
"3843725","Habituation of heart rate in functionally decorticate rats","Klosterhalfen W, Klosterhalfen S.","Behav Neurosci. 1985 Jun;99(3):555-63. doi: 10.1037//0735-7044.99.3.555.","Klosterhalfen W","Behav Neurosci","1985","1985/06/01","","","10.1037//0735-7044.99.3.555"
"4086041","Effect of disturbances of the cerebral blood supply on evoked potentials and adaptive responses to mental work","Klimova-Cherkasova VI, Kuzemkin VA.","Hum Physiol. 1985 Mar-Apr;11(2):94-102.","Klimova-Cherkasova VI","Hum Physiol","1985","1985/03/01","","",""
"4035816","EEG and evoked potential changes during gas- and liquid-breathing dives to 1000 msw","Harris DJ, Coggin RR, Roby J, Turner G, Bennett PB.","Undersea Biomed Res. 1985 Mar;12(1):1-24.","Harris DJ","Undersea Biomed Res","1985","1985/03/01","","",""
"3832838","Discriminant parameters representing cerebral cortical function during anoxic anoxia investigations","Van Waeyenberge M, Vermariën H, De Backer H, Manil J, Bourgain RH.","Adv Exp Med Biol. 1985;191:149-61. doi: 10.1007/978-1-4684-3291-6_15.","Van Waeyenberge M","Adv Exp Med Biol","1985","1985/01/01","","","10.1007/978-1-4684-3291-6_15"
"2994148","Psychotropic effects of enalapril maleate in normal volunteers","Olajide D, Lader M.","Psychopharmacology (Berl). 1985;86(3):374-6. doi: 10.1007/BF00432232.","Olajide D","Psychopharmacology (Berl)","1985","1985/01/01","","","10.1007/BF00432232"
"6393696","Electrophysiological responses in high and low aggressive young adolescent boys","Dwivedi KN, Beaumont G, Brandon S.","Acta Paedopsychiatr. 1984 Oct;50(4):179-90.","Dwivedi KN","Acta Paedopsychiatr","1984","1984/10/01","","",""
"6095322","Dishabituating effects of an ACTH 4-9 analog in a vigilance task","Born J, Fehm-Wolfsdorf G, Schiebe M, Rockstroh B, Fehm HL, Voigt KH.","Pharmacol Biochem Behav. 1984 Oct;21(4):513-9. doi: 10.1016/s0091-3057(84)80032-5.","Born J","Pharmacol Biochem Behav","1984","1984/10/01","","","10.1016/s0091-3057(84)80032-5"
"6542082","Effects of reward and methylphenidate on heart rate response morphology of augmenting and reducing children","Ackerman PT, Holcomb PJ, Dykman RA.","Int J Psychophysiol. 1984 Jun;1(4):301-16. doi: 10.1016/0167-8760(84)90024-2.","Ackerman PT","Int J Psychophysiol","1984","1984/06/01","","","10.1016/0167-8760(84)90024-2"
"6377350","Electrophysiologic characteristics of respiratory suspension periods occurring during the practice of the Transcendental Meditation Program","Badawi K, Wallace RK, Orme-Johnson D, Rouzere AM.","Psychosom Med. 1984 May-Jun;46(3):267-76. doi: 10.1097/00006842-198405000-00008.","Badawi K","Psychosom Med","1984","1984/05/01","","","10.1097/00006842-198405000-00008"
"6748322","Detection of electrophysiological responses in rabbits affected by short-term exposure to static magnetic field","Nakagawa M.","Nihon Eiseigaku Zasshi. 1984 Feb;38(6):899-908.","Nakagawa M","Nihon Eiseigaku Zasshi","1984","1984/02/01","","",""
"6542078","Cardiovascular and electrodermal responses to simple stimuli in autistic, retarded and normal children","James AL, Barry RJ.","Int J Psychophysiol. 1984 Feb;1(2):179-93. doi: 10.1016/0167-8760(84)90037-0.","James AL","Int J Psychophysiol","1984","1984/02/01","","","10.1016/0167-8760(84)90037-0"
"6738784","Aerobic exercise training and improved neuropsychological function of older individuals","Dustman RE, Ruhling RO, Russell EM, Shearer DE, Bonekat HW, Shigeoka JW, Wood JS, Bradford DC.","Neurobiol Aging. 1984 Spring;5(1):35-42. doi: 10.1016/0197-4580(84)90083-6.","Dustman RE","Neurobiol Aging","1984","1984/01/01","","","10.1016/0197-4580(84)90083-6"
"6145286","Maternal beta-adrenoceptor blockade reduces fetal tolerance to asphyxia. A study in pregnant sheep","Kjellmer I, Dagbjartsson A, Hrbek A, Karlsson K, Rosén KG.","Acta Obstet Gynecol Scand Suppl. 1984;118:75-80. doi: 10.3109/00016348409157128.","Kjellmer I","Acta Obstet Gynecol Scand Suppl","1984","1984/01/01","","","10.3109/00016348409157128"
"6640016","The component structure of event-related slow potentials: task, ISI, and warning stimulus effects on the 'E' wave","Simons RF, Hoffman JE, MacMillan FW 3rd.","Biol Psychol. 1983 Sep-Nov;17(2-3):193-219. doi: 10.1016/0301-0511(83)90019-4.","Simons RF","Biol Psychol","1983","1983/09/01","","","10.1016/0301-0511(83)90019-4"
"6867228","Influence of total sleep deprivation on event-related potentials in man","Gauthier P, Gottesmann C.","Psychophysiology. 1983 May;20(3):351-5. doi: 10.1111/j.1469-8986.1983.tb02167.x.","Gauthier P","Psychophysiology","1983","1983/05/01","","","10.1111/j.1469-8986.1983.tb02167.x"
"6839789","Protective effects of beta blockade on pulmonary function when intracranial pressure is elevated","Colgan FJ, Sawa T, Teneyck LG, Izzo JL Jr.","Crit Care Med. 1983 May;11(5):368-72. doi: 10.1097/00003246-198305000-00010.","Colgan FJ","Crit Care Med","1983","1983/05/01","","","10.1097/00003246-198305000-00010"
"6301311","Bremazocine: an opiate that induces sedation and analgesia without respiratory depression","Freye E, Hartung E, Schenk GK.","Anesth Analg. 1983 May;62(5):483-8.","Freye E","Anesth Analg","1983","1983/05/01","","",""
"6669632","Evaluation of zopiclone physical dependence liability in normal volunteers","Dorian P, Sellers EM, Kaplan H, Hamilton C.","Pharmacology. 1983;27 Suppl 2:228-34. doi: 10.1159/000137931.","Dorian P","Pharmacology","1983","1983/01/01","","","10.1159/000137931"
"6667103","Evaluation of contingencies and conditional probabilities. A psychophysiological approach to anhedonia","Lutzenberger W, Birbaumer N, Rockstroh B, Elbert T.","Arch Psychiatr Nervenkr (1970). 1983;233(6):471-88. doi: 10.1007/BF00342787.","Lutzenberger W","Arch Psychiatr Nervenkr (1970)","1983","1983/01/01","","","10.1007/BF00342787"
"6144515","The psychophysiology of anxiety","Lader M.","Encephale. 1983;9(4 Suppl 2):205B-210B.","Lader M","Encephale","1983","1983/01/01","","",""
"6136936","Pharmaco-EEG and Psychometric study of the effect of single doses of temazepam and nitrazepam","Matejcek M, Neff G, Abt K, Wehrli W.","Neuropsychobiology. 1983;9(1):52-65. doi: 10.1159/000117938.","Matejcek M","Neuropsychobiology","1983","1983/01/01","","","10.1159/000117938"
"7178183","Interaction between nicotine and endogenous opioid mechanisms in the unanesthetized dog","Kamerling SG, Wettstein JG, Sloan JW, Su TP, Martin WR.","Pharmacol Biochem Behav. 1982 Oct;17(4):733-40. doi: 10.1016/0091-3057(82)90355-0.","Kamerling SG","Pharmacol Biochem Behav","1982","1982/10/01","","","10.1016/0091-3057(82)90355-0"
"7142486","Lateral septal lesions enhance conditioned bradycardia in the rabbit","Powell DA, Milligan WL, Mull P.","J Comp Physiol Psychol. 1982 Oct;96(5):742-54. doi: 10.1037/h0077929.","Powell DA","J Comp Physiol Psychol","1982","1982/10/01","","","10.1037/h0077929"
"7126726","Anticipatory pleasure deficit in subjects reporting physical anhedonia: slow cortical evidence","Simons RF, MacMillan FW 3rd, Ireland FB.","Biol Psychol. 1982 May-Jun;14(3-4):298-310. doi: 10.1016/0301-0511(82)90010-2.","Simons RF","Biol Psychol","1982","1982/05/01","","","10.1016/0301-0511(82)90010-2"
"7079380","Changes in hippocampal rhythmic slow activity during instrumental cardiovascular conditioning in the monkey (Macaca mulatta)","Joseph JA, Quilter RE, Engel BT.","Physiol Behav. 1982 Apr;28(4):653-9. doi: 10.1016/0031-9384(82)90047-6.","Joseph JA","Physiol Behav","1982","1982/04/01","","","10.1016/0031-9384(82)90047-6"
"7188376","Evaluation of zopiclone physical dependence liability in normal volunteers","Dorian P, Sellers EM, Kaplan H, Hamilton C.","Int Pharmacopsychiatry. 1982;17 Suppl 2:228-34.","Dorian P","Int Pharmacopsychiatry","1982","1982/01/01","","",""
"7170675","Effects of naloxone on ethanol and acetaldehyde-induced electroencephalographic changes in rabbits","Manzo L, Tartara A, Bo P, Maurelli M, Mazzella G, Savoldi F.","Subst Alcohol Actions Misuse. 1982;3(3):153-61.","Manzo L","Subst Alcohol Actions Misuse","1982","1982/01/01","","",""
"7159206","Slow brain potentials after withdrawal of control","Elbert T, Rockstroh B, Lutzenberger W, Birbaumer N.","Arch Psychiatr Nervenkr (1970). 1982;232(3):201-14. doi: 10.1007/BF02141781.","Elbert T","Arch Psychiatr Nervenkr (1970)","1982","1982/01/01","","","10.1007/BF02141781"
"6815696","Pharmaco-EEG study of 6-azamianserin (ORG 3770): dissociation of EEG and pharmacologic predictors of antidepressant activity","Fink M, Irwin P.","Psychopharmacology (Berl). 1982;78(1):44-8. doi: 10.1007/BF00470586.","Fink M","Psychopharmacology (Berl)","1982","1982/01/01","","","10.1007/BF00470586"
"7342986","EEG and cardiac correlates of neuroticism: a psychophysiological comparison of neurotics and normal controls in relation to personality","Plooij-van Gorsel E.","Biol Psychol. 1981 Dec;13:141-56. doi: 10.1016/0301-0511(81)90032-6.","Plooij-van Gorsel E","Biol Psychol","1981","1981/12/01","","","10.1016/0301-0511(81)90032-6"
"6275437","Effect of an ACTH 4-9 analog on human cortical evoked potentials in a constant foreperiod reaction time paradigm","Rockstroh B, Elbert T, Lutzenberger W, Birbaumer N, Fehm HL, Voigt KH.","Psychoneuroendocrinology. 1981 Dec;6(4):301-10. doi: 10.1016/0306-4530(81)90015-9.","Rockstroh B","Psychoneuroendocrinology","1981","1981/12/01","","","10.1016/0306-4530(81)90015-9"
"6119722","Effect of an ACTH 4-9 analog on human cortical evoked potentials in a two-stimulus reaction time paradigm","Fehm-Wolfsdorf G, Elbert T, Lutzenberger W, Rockstroh B, Birbaumer N, Fehm HL.","Psychoneuroendocrinology. 1981 Dec;6(4):311-20. doi: 10.1016/0306-4530(81)90016-0.","Fehm-Wolfsdorf G","Psychoneuroendocrinology","1981","1981/12/01","","","10.1016/0306-4530(81)90016-0"
"7233213","Electroencephalographic tolerance and abstinence phenomena during repeated alcohol ingestion by nonalcoholics","Zilm DH, Kaplan HL, Capell H.","Science. 1981 Jun 5;212(4499):1175-7. doi: 10.1126/science.7233213.","Zilm DH","Science","1981","1981/06/05","","","10.1126/science.7233213"
"7273668","Ethanol-induced spontaneous and evoked EEG, heart rate, and respiration rate changes in man","Zilm DH.","Clin Toxicol. 1981 May;18(5):549-63. doi: 10.3109/15563658108990282.","Zilm DH","Clin Toxicol","1981","1981/05/01","","","10.3109/15563658108990282"
"7228045","Evoked potential amplitude as a measure of attention in working environments: a comparative study of telephone switchboard design","Wastell DG, Brown ID, Copeman AK.","Hum Factors. 1981 Feb;23(1):117-21. doi: 10.1177/001872088102300111.","Wastell DG","Hum Factors","1981","1981/02/01","","","10.1177/001872088102300111"
"7329419","Electroconvulsive shock results in a functional activation of endorphin systems","Holaday JW, Tortella FC, Belenky GL.","Mod Probl Pharmacopsychiatry. 1981;17:142-57. doi: 10.1159/000402411.","Holaday JW","Mod Probl Pharmacopsychiatry","1981","1981/01/01","","","10.1159/000402411"
"7207807","Changes in the cortical slow potential and unit activity during conditioning in rabbits","Mnukhina RS.","Neurosci Behav Physiol. 1980 Sep-Oct;10(5):445-51. doi: 10.1007/BF01187008.","Mnukhina RS","Neurosci Behav Physiol","1980","1980/09/01","","","10.1007/BF01187008"
"7409042","Resistance to tonic-clonic seizures after amygdaloid kindling in cats","Stock G, Klimpel L, Sturm V, Schlör KH.","Exp Neurol. 1980 Aug;69(2):239-46. doi: 10.1016/0014-4886(80)90207-1.","Stock G","Exp Neurol","1980","1980/08/01","","","10.1016/0014-4886(80)90207-1"
"7398184","Sedative and cardiovascular effects of clonidine and nitrazepam","Hossmann V, Maling TJ, Hamilton CA, Reid JL, Dollery CT.","Clin Pharmacol Ther. 1980 Aug;28(2):167-76. doi: 10.1038/clpt.1980.146.","Hossmann V","Clin Pharmacol Ther","1980","1980/08/01","","","10.1038/clpt.1980.146"
"6770408","Combined effects of alcohol and sleep deprivation in normal young adults","Peeke SC, Callaway E, Jones RT, Stone GC, Doyle J.","Psychopharmacology (Berl). 1980;67(3):279-87. doi: 10.1007/BF00431270.","Peeke SC","Psychopharmacology (Berl)","1980","1980/01/01","","","10.1007/BF00431270"
"523172","Effects of the synthetic enkephalin analogue FK 33-824 on pain threshold and pain tolerance in man","Stacher G, Bauer P, Steinringer H, Schreiber E, Schmierer G.","Pain. 1979 Oct;7(2):159-172. doi: 10.1016/0304-3959(79)90007-1.","Stacher G","Pain","1979","1979/10/01","","","10.1016/0304-3959(79)90007-1"
"504423","Cholecystokinin decreases appetite and activation evoked by stimuli arising from the preparation of a meal in man","Stacher G, Bauer H, Steinringer H.","Physiol Behav. 1979 Aug;23(2):325-31. doi: 10.1016/0031-9384(79)90374-3.","Stacher G","Physiol Behav","1979","1979/08/01","","","10.1016/0031-9384(79)90374-3"
"464884","Effects of pentobaribtal and ketamine on brain stem auditory potentials. Latency and amplitude intensity functions after intraperitoneal administration","Bobbin RP, May JG, Lemoine RL.","Arch Otolaryngol. 1979 Aug;105(8):467-70. doi: 10.1001/archotol.1979.00790200029006.","Bobbin RP","Arch Otolaryngol","1979","1979/08/01","","","10.1001/archotol.1979.00790200029006"
"225298","Overview of selected basic research in autism","Piggott LR.","J Autism Dev Disord. 1979 Jun;9(2):199-218. doi: 10.1007/BF01531534.","Piggott LR","J Autism Dev Disord","1979","1979/06/01","","","10.1007/BF01531534"
"543441","Slow cortical and heart rate correlates of discrimination performance","Gaillard AW, Perdok J.","Acta Psychol (Amst). 1979 May;43(3):185-98. doi: 10.1016/0001-6918(79)90025-8.","Gaillard AW","Acta Psychol (Amst)","1979","1979/05/01","","","10.1016/0001-6918(79)90025-8"
"470396","Physiological responses of men alcoholics and controls to varying sensory stimulation","Ludwig AM, Wikler A, Buchsbaum M, Cain RB, Vannier MW.","J Stud Alcohol. 1979 May;40(5):472-5. doi: 10.15288/jsa.1979.40.472.","Ludwig AM","J Stud Alcohol","1979","1979/05/01","","","10.15288/jsa.1979.40.472"
"551738","Heart rate variability in full-term normal and abnormal newborn infants during sleep","Miyazaki S, Watanabe K, Hara K.","Brain Dev. 1979;1(1):57-60. doi: 10.1016/s0387-7604(79)80035-2.","Miyazaki S","Brain Dev","1979","1979/01/01","","","10.1016/s0387-7604(79)80035-2"
"491873","Visual evoked potentials and signal detection following a marathon race","Gliner JA, Matsen-Twisdale JA, Horvath SM, Maron MB.","Med Sci Sports. 1979 Summer;11(2):155-9.","Gliner JA","Med Sci Sports","1979","1979/01/01","","",""
"42141","Recent studies of psychophysiology in schizophrenia","Spohn HE, Patterson T.","Schizophr Bull. 1979;5(4):581-611. doi: 10.1093/schbul/5.4.581.","Spohn HE","Schizophr Bull","1979","1979/01/01","","","10.1093/schbul/5.4.581"
"215613","A review of psychophysiological research with hyperkinetic children","Hastings JE, Barkley RA.","J Abnorm Child Psychol. 1978 Dec;6(4):413-47. doi: 10.1007/BF00926054.","Hastings JE","J Abnorm Child Psychol","1978","1978/12/01","","","10.1007/BF00926054"
"81747","Evoked K-complexes and cardiovascular responses to spindle-synchronous and spindle-asynchronous stimulus clicks during NREM sleep","Church MW, Johnson LC, Seales DM.","Electroencephalogr Clin Neurophysiol. 1978 Oct;45(4):443-53. doi: 10.1016/0013-4694(78)90289-4.","Church MW","Electroencephalogr Clin Neurophysiol","1978","1978/10/01","","","10.1016/0013-4694(78)90289-4"
"365124","Psychophysiological correlates of the practice of Tantric Yoga meditation","Corby JC, Roth WT, Zarcone VP Jr, Kopell BS.","Arch Gen Psychiatry. 1978 May;35(5):571-7. doi: 10.1001/archpsyc.1978.01770290053005.","Corby JC","Arch Gen Psychiatry","1978","1978/05/01","","","10.1001/archpsyc.1978.01770290053005"
"619947","Central nervous system depressant actions of clonidine and UK-14,304: partial dissociation of EEG and behavioural effects","Ashton H, Rawlins MD.","Br J Clin Pharmacol. 1978 Feb;5(2):135-40. doi: 10.1111/j.1365-2125.1978.tb01614.x.","Ashton H","Br J Clin Pharmacol","1978","1978/02/01","PMC1429239","","10.1111/j.1365-2125.1978.tb01614.x"
"753626","Cerebral metabolic, hemodynamic and antihypoxic properties of l-eburnamonine","Linée P, Lacroix P, Le Polles JB, Aurousseau M, Boulu R, Van den Driessche J, Albert O.","Eur Neurol. 1978;17 Suppl 1:113-20. doi: 10.1159/000115014.","Linée P","Eur Neurol","1978","1978/01/01","","","10.1159/000115014"
"888655","Changes in the contingent negative variation at different intervals between stimuli [proceedings]","Dincheva E, Tsaneva N.","Act Nerv Super (Praha). 1977 May;19(2):138-40.","Dincheva E","Act Nerv Super (Praha)","1977","1977/05/01","","",""
"840599","Cardiac deceleration as an indicator of correct performance","Carriero NJ, Fite J Jr.","Percept Mot Skills. 1977 Feb;44(1):275-82. doi: 10.2466/pms.1977.44.1.275.","Carriero NJ","Percept Mot Skills","1977","1977/02/01","","","10.2466/pms.1977.44.1.275"
"1017457","Relationship between central and autonomic nervous system activity: correlates of psychomotor performance in elderly men","Harkins SW, Thompson LW, Moss SF, Nowlin JB.","Exp Aging Res. 1976 Sep;2(5):409-23. doi: 10.1080/03610737608257999.","Harkins SW","Exp Aging Res","1976","1976/09/01","","","10.1080/03610737608257999"
"22216493","A comparison of some physiological and psychological effects of propranolol and diazepam in normal subjects","Ashton H, Millman JE, Telford R, Thompson JW.","Br J Clin Pharmacol. 1976 Aug;3(4):551-9. doi: 10.1111/j.1365-2125.1976.tb04874.x.","Ashton H","Br J Clin Pharmacol","1976","2012/01/06","PMC1428901","","10.1111/j.1365-2125.1976.tb04874.x"
"22216490","An electroencephalographic investigation of short-term effects of three hypothalamic hormones (TRH, LH/FSH-RH, GH-RIH) in normal subjects","Ashton H, Millman JE, Telford R, Thompson JW, Davies TF, Hall R.","Br J Clin Pharmacol. 1976 Aug;3(4):523-31. doi: 10.1111/j.1365-2125.1976.tb04871.x.","Ashton H","Br J Clin Pharmacol","1976","2012/01/06","PMC1428921","","10.1111/j.1365-2125.1976.tb04871.x"
"938707","Psychophysical judgment: electro-cortical and heart rate correlates of accuracy and uncertainty","Simons RF, Lang PJ.","Biol Psychol. 1976 Mar;4(1):51-64. doi: 10.1016/0301-0511(76)90030-2.","Simons RF","Biol Psychol","1976","1976/03/01","","","10.1016/0301-0511(76)90030-2"
"1249570","Centrol and peripheral correlates of anxiety: a comparative study","Tyrer PJ, Lader MH.","J Nerv Ment Dis. 1976 Feb;162(2):99-104. doi: 10.1097/00005053-197602000-00003.","Tyrer PJ","J Nerv Ment Dis","1976","1976/02/01","","","10.1097/00005053-197602000-00003"
"237601","Effect of pentazocine on the evoked potentials recorded in the primary somesthetic cortical areas of guinea pigs","Moyano RS, Kayser D, Grall Y, Hernandez A, Ruiz S, Paeile C.","Brain Res. 1975 May 9;88(3):475-81. doi: 10.1016/0006-8993(75)90658-7.","Moyano RS","Brain Res","1975","1975/05/09","","","10.1016/0006-8993(75)90658-7"
"1172265","Marijuana: heart rate and EEG response","Linton PH, Kuechenmeister CA, White HB, Travis RP.","Res Commun Chem Pathol Pharmacol. 1975 Feb;10(2):201-14.","Linton PH","Res Commun Chem Pathol Pharmacol","1975","1975/02/01","","",""
"1123127","Electrophysiological tests of hearing","Henderson A.","Dev Med Child Neurol. 1975 Feb;17(1):96-9. doi: 10.1111/j.1469-8749.1975.tb04965.x.","Henderson A","Dev Med Child Neurol","1975","1975/02/01","","","10.1111/j.1469-8749.1975.tb04965.x"
"1226231","Hypno-analgesia and acupuncture analgesia: a neurophysiological reality?","Saletu B, Saletu M, Brown M, Stern J, Sletten I, Ulett G.","Neuropsychobiology. 1975;1(4):218-42. doi: 10.1159/000117497.","Saletu B","Neuropsychobiology","1975","1975/01/01","","","10.1159/000117497"
"234698","Comparative evaluation of a new inhalation anesthetic, BAX-3224, and halothane in Macaca speciosa","Sawyer DC, Hartsfield SM, Howard DR, Cunningham JG.","Anesth Analg. 1975 Jan-Feb;54(1):144-51. doi: 10.1213/00000539-197501000-00036.","Sawyer DC","Anesth Analg","1975","1975/01/01","","","10.1213/00000539-197501000-00036"
"22454915","Physiological response to propranolol and diazepam in chronic anxiety","Tyrer PJ, Lader MH.","Br J Clin Pharmacol. 1974 Oct;1(5):387-90. doi: 10.1111/j.1365-2125.1974.tb00274.x.","Tyrer PJ","Br J Clin Pharmacol","1974","2012/03/29","PMC1402483","","10.1111/j.1365-2125.1974.tb00274.x"
"22454914","Physiological and psychological effects of ±-propranolol, +-propranolol and diazepam in induced anxiety","Tyrer PJ, Lader MH.","Br J Clin Pharmacol. 1974 Oct;1(5):379-85. doi: 10.1111/j.1365-2125.1974.tb00273.x.","Tyrer PJ","Br J Clin Pharmacol","1974","2012/03/29","PMC1402475","","10.1111/j.1365-2125.1974.tb00273.x"
"4418485","Effect of emotions on visual evoked potentials","Torda C.","Percept Mot Skills. 1974 Aug;39(1 Pt 2):663-8. doi: 10.2466/pms.1974.39.1.663.","Torda C","Percept Mot Skills","1974","1974/08/01","","","10.2466/pms.1974.39.1.663"
"4437739","Electrographic studies of isoflurane (Forane)","Julien RM, Kavan EM.","Neuropharmacology. 1974 Jul;13(7):677-81. doi: 10.1016/0028-3908(74)90058-6.","Julien RM","Neuropharmacology","1974","1974/07/01","","","10.1016/0028-3908(74)90058-6"
"4772714","The contingent negative variation and the excitability of the spinal monosynaptic reflex","Papakostopoulos D, Cooper R.","J Neurol Neurosurg Psychiatry. 1973 Dec;36(6):1003-10. doi: 10.1136/jnnp.36.6.1003.","Papakostopoulos D","J Neurol Neurosurg Psychiatry","1973","1973/12/01","PMC1083601","","10.1136/jnnp.36.6.1003"
"4744249","Physiological and operational state of a group of aeroplane pilots under the conditions of stressing tracking tests","Strasser H, Brilling G, Klinger KP, Müller-Limmroth W.","Aerosp Med. 1973 Sep;44(9):1040-7.","Strasser H","Aerosp Med","1973","1973/09/01","","",""
"18843823","Relevance of the callosal transfer in defining the peripheral reactivity of somesthetic cortical neurones","Innocenti GM, Manzoni T, Spidalieri G.","Arch Ital Biol. 1973 Jun;111(2):187-221.","Innocenti GM","Arch Ital Biol","1973","1973/06/01","","",""
"4717648","Operant conditioning of heart-rate changes in the functionally decorticate curarised rat","Thornton EW, Van-Toller C.","Physiol Behav. 1973 Jun;10(6):983-8. doi: 10.1016/0031-9384(73)90176-5.","Thornton EW","Physiol Behav","1973","1973/06/01","","","10.1016/0031-9384(73)90176-5"
"4684623","The neurophysiological basis of the marijuana experience","Low MD, Klonoff H, Marcus A.","Can Med Assoc J. 1973 Jan 20;108(2):157-65.","Low MD","Can Med Assoc J","1973","1973/01/20","PMC1941138","",""
"4804295","The effects of eye fixation and stimulus and response location on the contingent negative variation (CNV)","Weerts TC, Lang PJ.","Biol Psychol. 1973;1(1):1-19. doi: 10.1016/0301-0511(73)90010-0.","Weerts TC","Biol Psychol","1973","1973/01/01","","","10.1016/0301-0511(73)90010-0"
"4801626","An experimental study of carbon monoxide poisoning: an apallic-like syndrome","Yukitake A.","Folia Psychiatr Neurol Jpn. 1973;27(4):341-9. doi: 10.1111/j.1440-1819.1973.tb02665.x.","Yukitake A","Folia Psychiatr Neurol Jpn","1973","1973/01/01","","","10.1111/j.1440-1819.1973.tb02665.x"
"4719552","Effects exerted by trigeminal and fastigial stimulation on Staderini's nucleus intercalatus","Bava A, Innocenti GM, Raffaele R.","Arch Sci Biol (Bologna). 1973 Jan-Mar;56(1):13-34.","Bava A","Arch Sci Biol (Bologna)","1973","1973/01/01","","",""
"4682844","Experimental human exposure to high concentrations of carbon monoxide","Stewart RD, Peterson JE, Fisher TN, Hosko MJ, Baretta ED, Dodd HC, Herrmann AA.","Arch Environ Health. 1973 Jan;26(1):1-7. doi: 10.1080/00039896.1973.10666210.","Stewart RD","Arch Environ Health","1973","1973/01/01","","","10.1080/00039896.1973.10666210"
"4574936","The effects of a single administration of etifoxine on several psychological tests","Sartory G, Rust J.","Psychopharmacologia. 1973;29(4):365-84. doi: 10.1007/BF00429284.","Sartory G","Psychopharmacologia","1973","1973/01/01","","","10.1007/BF00429284"
"4541487","Effects of diphenidol on the central vestibular and visual systems of cats","Matsuoka I, Takaori S, Morimoto M.","Jpn J Pharmacol. 1972 Dec;22(6):817-25. doi: 10.1254/jjp.22.817.","Matsuoka I","Jpn J Pharmacol","1972","1972/12/01","","","10.1254/jjp.22.817"
"4347318","Intrauterine electroencephalogram of the sheep fetus","Jost RG, Quilligan EJ, Yeh SY, Anderson GG.","Am J Obstet Gynecol. 1972 Oct 15;114(4):535-9. doi: 10.1016/0002-9378(72)90216-5.","Jost RG","Am J Obstet Gynecol","1972","1972/10/15","","","10.1016/0002-9378(72)90216-5"
"4114909","Occurrence of ""beta bursts"" in human frontal cortex related to psychological parameters","Kamp A, Schrijer CF, van Leeuwen WS.","Electroencephalogr Clin Neurophysiol. 1972 Sep;33(3):257-67. doi: 10.1016/0013-4694(72)90152-6.","Kamp A","Electroencephalogr Clin Neurophysiol","1972","1972/09/01","","","10.1016/0013-4694(72)90152-6"
"5054118","Intensity judgments and physiological response amplitude","Bull K, Lang PJ.","Psychophysiology. 1972 Jul;9(4):428-36. doi: 10.1111/j.1469-8986.1972.tb01790.x.","Bull K","Psychophysiology","1972","1972/07/01","","","10.1111/j.1469-8986.1972.tb01790.x"
"5035158","Cardiorespiratory reactions to neocortical manipulation in the anesthetized rat","Segura ET, De Juan AO.","Exp Neurol. 1972 Jun;35(3):503-12. doi: 10.1016/0014-4886(72)90120-3.","Segura ET","Exp Neurol","1972","1972/06/01","","","10.1016/0014-4886(72)90120-3"
"5065864","Variations of physiological parameters during defined mental load and rest","Klinger KP, Strasser H.","Pflugers Arch. 1972;332:Suppl 332:R82.","Klinger KP","Pflugers Arch","1972","1972/01/01","","",""
"5002528","Thermoregulation around a new set-point' established in the monkey by altering the ratio of sodium to calcium ions within the hypothalamus","Myers RD, Yaksh TL.","J Physiol. 1971 Nov;218(3):609-33. doi: 10.1113/jphysiol.1971.sp009636.","Myers RD","J Physiol","1971","1971/11/01","PMC1331604","","10.1113/jphysiol.1971.sp009636"
"5317227","On the periodic fluctuations of alpha waves","Mimura K.","Jpn J Physiol. 1971 Aug;21(4):375-86. doi: 10.2170/jjphysiol.21.375.","Mimura K","Jpn J Physiol","1971","1971/08/01","","","10.2170/jjphysiol.21.375"
"4336677","Recovery cycle of the evoked heart rate response in sleeping humans","Hord D, Ackerland V.","Cond Reflex. 1971 Jul-Sep;6(3):137-44. doi: 10.1007/BF03000379.","Hord D","Cond Reflex","1971","1971/07/01","","","10.1007/BF03000379"
"4995136","Changes in the somatosensory cortical evoked potential produced by hypovolemic shock","McCutcheon EP, Frazier DT, Boyarsky LL.","Proc Soc Exp Biol Med. 1971 Apr;136(4):1063-7. doi: 10.3181/00379727-136-35428.","McCutcheon EP","Proc Soc Exp Biol Med","1971","1971/04/01","","","10.3181/00379727-136-35428"
"5522502","Stimulus generalization and transfer of training in rabbits conditioned to electrical stimulation of lateral geniculate nucleus","Swadlow HA, Schneiderman N.","Physiol Behav. 1970 Aug;5(8):841-7. doi: 10.1016/0031-9384(70)90169-1.","Swadlow HA","Physiol Behav","1970","1970/08/01","","","10.1016/0031-9384(70)90169-1"
"4194595","Changes in the form of the cerebral evoked response related to the speed of simple reaction time","Bostock H, Jarvis MJ.","Electroencephalogr Clin Neurophysiol. 1970 Aug;29(2):137-45. doi: 10.1016/0013-4694(70)90116-1.","Bostock H","Electroencephalogr Clin Neurophysiol","1970","1970/08/01","","","10.1016/0013-4694(70)90116-1"
"4989248","Effect of cobra and rattlesnake venoms on the central nervous system of the primate","Vick JA, Lipp J.","Toxicon. 1970 May;8(1):33-9. doi: 10.1016/0041-0101(70)90170-4.","Vick JA","Toxicon","1970","1970/05/01","","","10.1016/0041-0101(70)90170-4"
"5293388","The function of the central nervous system after haemorrhage","Kovách AG.","J Clin Pathol Suppl (R Coll Pathol). 1970;4:202-12.","Kovách AG","J Clin Pathol Suppl (R Coll Pathol)","1970","1970/01/01","PMC1519991","",""
"4330026","Vestibulo-ocular response and its state dependency in newborn infants","von Bernuth H, Prechtl HF.","Neuropadiatrie. 1969 Jun-Jul;1(1):11-24. doi: 10.1055/s-0028-1091860.","von Bernuth H","Neuropadiatrie","1969","1969/06/01","","","10.1055/s-0028-1091860"
"4181984","Somato-sensory, auditory and visual evoked responses in newborn infants during sleep and wakefulness","Hrbek A, Hrbková M, Lenard HG.","Electroencephalogr Clin Neurophysiol. 1969 Jun;26(6):597-603. doi: 10.1016/0013-4694(69)90006-6.","Hrbek A","Electroencephalogr Clin Neurophysiol","1969","1969/06/01","","","10.1016/0013-4694(69)90006-6"
"5749338","Changing concepts in pain control during surgery: dissociative anesthesia with CI-581. A progress report","Corssen G, Miyasaka M, Domino EF.","Anesth Analg. 1968 Nov-Dec;47(6):746-59.","Corssen G","Anesth Analg","1968","1968/11/01","","",""
"6023527","Central and peripheral effects of muscarinic cholinergic blocking agents in man","Domino EF, Corssen G.","Anesthesiology. 1967 May-Jun;28(3):568-74.","Domino EF","Anesthesiology","1967","1967/05/01","","",""
"6031995","Evoked brain response as a measure of human sleep and wakefulness","Tepas DI.","Aerosp Med. 1967 Feb;38(2):148-53.","Tepas DI","Aerosp Med","1967","1967/02/01","","",""
"5602288","Neurogenic mechanisms in the evolution of cerebral circulatory insufficiency. Investigations on the role of the brain stem reticular formation","Ciurea E, Crighel E.","Confin Neurol. 1967;29(6):351-9. doi: 10.1159/000103724.","Ciurea E","Confin Neurol","1967","1967/01/01","","","10.1159/000103724"
"5588900","Autonomic, somatomotor and electroencephalographic responses upon stimulation of the hypothalamus and the rostral brain stem in man","Sano K, Yoshioka M, Ogashiwa M, Ishijima B, Ohye C, Sekino H, Mayanagi Y.","Confin Neurol. 1967;29(2):257-61. doi: 10.1159/000103717.","Sano K","Confin Neurol","1967","1967/01/01","","","10.1159/000103717"
"5938991","Effects of spreading cortical depression on cardiac and somatomotor conditioned responses","Mogenson GJ, Peterson RJ.","Can J Physiol Pharmacol. 1966 Jan;44(1):39-45. doi: 10.1139/y66-005.","Mogenson GJ","Can J Physiol Pharmacol","1966","1966/01/01","","","10.1139/y66-005"
"5868499","Effects of sleep dialysate, substance P and psychotropic drugs upon the thalamo-cortical evoked response","Schneiderman N, Monnier M, Lembeck F.","Experientia. 1965 Oct 15;21(10):596-8. doi: 10.1007/BF02151554.","Schneiderman N","Experientia","1965","1965/10/15","","","10.1007/BF02151554"
