"PMID","DOI","include","comment","title","authors","citation","year","preregistration","topic","patients","age_range","new_data","sample_size","setting","modality","meeg_num_electrodes","meg_num_grad","meg_num_mag","meeg_sfreq_orig","meeg_sfreq_final","meeg_layout","eeg_locations","length_min","ecg_num_electrodes","ecg_lead","ecg_locations","ecg_ground","ecg_sfreq_orig","ecg_sfreq_final","ecg_high_pass","ecg_low_pass","ecg_event_approach","ecg_event_method","ecg_event_toolbox","reference_online","reference_offline","high_pass","low_pass","ICA","ica_on_epochs","rejected_components","rejected_cardiac_ics","cfa_rej_approach","cfa_rej_criteria","other_cfa_removal_strategy","other_cleaning_strategy","hep_eeg_channels_selected","hep_meg_channels_selected","groups","conditions","trials","hep_window_type","hep_relative_to","hep_start","hep_end","baseline_start_ms","baseline_end_ms","hypothesis","value","averaging_channels","averaging_time","statistics","clustering","permutations","significant_test","significant_eeg_channels","significant_relative_to","significant_start_ms","significant_end_ms","controls","trial_estimation"
39048314,"10.1523/JNEUROSCI.2039-23.2024",1,"Consider","When the heart meets the mind: Exploring the brain-heart interaction during time perception","Khoshnoud S, Leitritz D, Çinar Bozdağ M, Alvarez Igarzábal F, Noreika V, Wittmann M.","J Neurosci. 2024 Jul 24:e2039232024. doi: 10.1523/JNEUROSCI.2039-23.2024. Online ahead of print.",2024,0,"Perception/Abstract/Time perception, Perception/Interoception/Cardiac",0,"22.9+-4.2",1,30,0,"EEG",32,"na","na","1000","250","standard32","Fp1, Fp2, F7, F3, Fz, F4, F8, FT9, FC5, FC1, FCz, FC2, FC6, FT10, T7, C3, Cz, C4, T8, TP9, CP5, CP1, CP2, CP6, TP10, P7, P3, Pz, P4, P8, O1, O2",,"2","Lead II","Right clavicle, Left abdomen","Left clavicle","unknown","unknown","unknown","unknown","unknown","sym4","unknown","Fz","Common average","1","70",1,0,"Blinks, Muscle, CFA, Eye Movements, Channel noise, Line noise, Other","","Automatic","ICLabel","","Manual removal of artifacts, Sleppian filters or multi-tappers","FC1, Cz, FC2, Fz","na",1,6,"[est136]","Primary","R-peak","-200","600","-100","-50","Group/Condition Differences","Amplitude",1,0,"t-test",1,"unknown","1","FC1, Cz, FC2, Fz","R-peak","130","520","","est number of trials = number of actual trials (42) * 3 seconds within a trial to average HEP"
39048314,"10.1523/JNEUROSCI.2039-23.2024",,"","When the heart meets the mind: Exploring the brain-heart interaction during time perception","Khoshnoud S, Leitritz D, Çinar Bozdağ M, Alvarez Igarzábal F, Noreika V, Wittmann M.","J Neurosci. 2024 Jul 24:e2039232024. doi: 10.1523/JNEUROSCI.2039-23.2024. Online ahead of print.",2024,0,"Perception/Abstract/Time perception, Perception/Interoception/Cardiac",0,"22.9+-4.2",1,30,0,"EEG",32,"na","na","1000","250","standard32","Fp1, Fp2, F7, F3, Fz, F4, F8, FT9, FC5, FC1, FCz, FC2, FC6, FT10, T7, C3, Cz, C4, T8, TP9, CP5, CP1, CP2, CP6, TP10, P7, P3, Pz, P4, P8, O1, O2",,"2","Lead II","Right clavicle, Left abdomen","Left clavicle","unknown","unknown","unknown","unknown","unknown","sym4","unknown","Fz","Common average","1","70",1,0,"Blinks, Muscle, CFA, Eye Movements, Channel noise, Line noise, Other","","Automatic","ICLabel","","Manual removal of artifacts, Sleppian filters or multi-tappers","FC1, Cz, FC2, Fz","na",1,6,"[est136]","Secondary","R-peak","470","520","-100","-50","Correlation","Amplitude",1,1,"Correlation",0,"","1","","","","","","est number of trials = number of actual trials (42) * 3 seconds within a trial to average HEP"
39048314,"10.1523/JNEUROSCI.2039-23.2024",,"","When the heart meets the mind: Exploring the brain-heart interaction during time perception","Khoshnoud S, Leitritz D, Çinar Bozdağ M, Alvarez Igarzábal F, Noreika V, Wittmann M.","J Neurosci. 2024 Jul 24:e2039232024. doi: 10.1523/JNEUROSCI.2039-23.2024. Online ahead of print.",2024,0,"Perception/Abstract/Time perception, Perception/Interoception/Cardiac",0,"22.9+-4.2",1,30,0,"EEG",32,"na","na","1000","250","standard32","Fp1, Fp2, F7, F3, Fz, F4, F8, FT9, FC5, FC1, FCz, FC2, FC6, FT10, T7, C3, Cz, C4, T8, TP9, CP5, CP1, CP2, CP6, TP10, P7, P3, Pz, P4, P8, O1, O2",,"2","Lead II","Right clavicle, Left abdomen","Left clavicle","unknown","unknown","unknown","unknown","unknown","sym4","unknown","Fz","Common average","1","70",1,0,"Blinks, Muscle, CFA, Eye Movements, Channel noise, Line noise, Other","","Automatic","ICLabel","","Manual removal of artifacts, Sleppian filters or multi-tappers","FC1, Cz, FC2, Fz","na",1,6,"[est136]","Secondary","R-peak","130","270","-100","-50","Correlation","Amplitude",1,1,"Regression",0,"","1","","","","","","est number of trials = number of actual trials (42) * 3 seconds within a trial to average HEP"
39048314,"10.1523/JNEUROSCI.2039-23.2024",,"","When the heart meets the mind: Exploring the brain-heart interaction during time perception","Khoshnoud S, Leitritz D, Çinar Bozdağ M, Alvarez Igarzábal F, Noreika V, Wittmann M.","J Neurosci. 2024 Jul 24:e2039232024. doi: 10.1523/JNEUROSCI.2039-23.2024. Online ahead of print.",2024,0,"Perception/Abstract/Time perception, Perception/Interoception/Cardiac",0,"22.9+-4.2",1,30,0,"EEG",32,"na","na","1000","250","standard32","Fp1, Fp2, F7, F3, Fz, F4, F8, FT9, FC5, FC1, FCz, FC2, FC6, FT10, T7, C3, Cz, C4, T8, TP9, CP5, CP1, CP2, CP6, TP10, P7, P3, Pz, P4, P8, O1, O2",,"2","Lead II","Right clavicle, Left abdomen","Left clavicle","unknown","unknown","unknown","unknown","unknown","sym4","unknown","Fz","Common average","1","70",1,0,"Blinks, Muscle, CFA, Eye Movements, Channel noise, Line noise, Other","","Automatic","ICLabel","","Manual removal of artifacts, Sleppian filters or multi-tappers","FC1, Cz, FC2, Fz","na",1,6,"[est136]","Secondary","R-peak","470","520","-100","-50","Correlation","Amplitude",1,1,"Regression",0,"","1","","","","","","est number of trials = number of actual trials (42) * 3 seconds within a trial to average HEP"
39035777,"10.3389/fnins.2024.1391437",1,"Consider","Heartbeat-evoked potentials following voluntary hyperventilation in epilepsy patients: respiratory influences on cardiac interoception","Stoupi NA, Weijs ML, Imbach L, Lenggenhager B.","Front Neurosci. 2024 Jul 5;18:1391437. doi: 10.3389/fnins.2024.1391437. eCollection 2024.",2024,1,"Patients/Neurological/Epilepsy, Manipulation/Respiration/Voluntary hyperventilation",1,"70.2+-4.17",1,40,0,"EEG",23,"na","na","200","unknown","standard19","Fp1, Fp2, F7, F3, Fz, F4, F8, T3, C3, Cz, C4, T4, T5, P3, Pz, P4, T6, O1, O2, A1, A2, T9, T10","3","3","Multiple leads","Right wrist, Left wrist, Left leg","3-lead","200","unknown","3","30","Semi-automatic","deCarvalho2002","HEPLAB","[C3 and C4]","Common average","0.16","30",1,0,"Eye movements, Blinks, Muscle","","","","RR at least 700 ms","Artifact Subspace Reconstruction (ASR), noisy epochs","All","na",1,2,"189","Primary","R-peak","200","650","none","none","Group/Condition Differences","Amplitude",0,0,"t-test",1,"1000","1","Fp1, F3, C3, F7, Fz","R-peak","530","560","HR, rrHRV, RMSSD, ECG",""
39035777,"10.3389/fnins.2024.1391437",,"","Heartbeat-evoked potentials following voluntary hyperventilation in epilepsy patients: respiratory influences on cardiac interoception","Stoupi NA, Weijs ML, Imbach L, Lenggenhager B.","Front Neurosci. 2024 Jul 5;18:1391437. doi: 10.3389/fnins.2024.1391437. eCollection 2024.",2024,1,"Patients/Neurological/Epilepsy, Manipulation/Respiration/Voluntary hyperventilation",1,"70.2+-4.17",1,40,0,"EEG",23,"na","na","200","unknown","standard19","Fp1, Fp2, F7, F3, Fz, F4, F8, T3, C3, Cz, C4, T4, T5, P3, Pz, P4, T6, O1, O2, A1, A2, T9, T10","3","3","Multiple leads","Right wrist, Left wrist, Left leg","3-lead","200","unknown","3","30","Semi-automatic","deCarvalho2002","HEPLAB","[C3 and C4]","Common average","0.16","30",1,0,"Eye movements, Blinks, Muscle","","","","RR at least 700 ms","Artifact Subspace Reconstruction (ASR), noisy epochs","Fp1, F3, C3, F7, Fz","na",1,2,"189","Secondary","R-peak","530","560","none","none","Group/Condition Differences","Amplitude",1,1,"t-test",0,"","1","","","","","",""
39035777,"10.3389/fnins.2024.1391437",,"","Heartbeat-evoked potentials following voluntary hyperventilation in epilepsy patients: respiratory influences on cardiac interoception","Stoupi NA, Weijs ML, Imbach L, Lenggenhager B.","Front Neurosci. 2024 Jul 5;18:1391437. doi: 10.3389/fnins.2024.1391437. eCollection 2024.",2024,1,"Patients/Neurological/Epilepsy, Manipulation/Respiration/Voluntary hyperventilation",1,"30.8+-7.79, 70.2+-4.17",1,76,1,"EEG",23,"na","na","200","unknown","standard19","Fp1, Fp2, F7, F3, Fz, F4, F8, T3, C3, Cz, C4, T4, T5, P3, Pz, P4, T6, O1, O2, A1, A2, T9, T10","3","3","Multiple leads","Right wrist, Left wrist, Left leg","3-lead","200","unknown","3","30","Semi-automatic","deCarvalho2002","HEPLAB","[C3 and C4]","Common average","0.16","30",1,0,"Eye movements, Blinks, Muscle","","","","RR at least 700 ms","Artifact Subspace Reconstruction (ASR), noisy epochs","All","na",2,1,"180","Primary","R-peak","200","650","none","none","Group/Condition Differences","Amplitude",0,0,"t-test",1,"1000","1","P3, O1, O2, T3, T5, Pz, T9","R-peak","310","365","HR, rrHRV, RMSSD, ECG",""
39035777,"10.3389/fnins.2024.1391437",,"","Heartbeat-evoked potentials following voluntary hyperventilation in epilepsy patients: respiratory influences on cardiac interoception","Stoupi NA, Weijs ML, Imbach L, Lenggenhager B.","Front Neurosci. 2024 Jul 5;18:1391437. doi: 10.3389/fnins.2024.1391437. eCollection 2024.",2024,1,"Patients/Neurological/Epilepsy, Manipulation/Respiration/Voluntary hyperventilation",1,"30.8+-7.79, 70.2+-4.17",1,76,1,"EEG",23,"na","na","200","unknown","standard19","Fp1, Fp2, F7, F3, Fz, F4, F8, T3, C3, Cz, C4, T4, T5, P3, Pz, P4, T6, O1, O2, A1, A2, T9, T10","3","3","Multiple leads","Right wrist, Left wrist, Left leg","3-lead","200","unknown","3","30","Semi-automatic","deCarvalho2002","HEPLAB","[C3 and C4]","Common average","0.16","30",1,0,"Eye movements, Blinks, Muscle","","","","RR at least 700 ms","Artifact Subspace Reconstruction (ASR), noisy epochs","P3, O1, O2, T3, T5, Pz, T9","na",2,1,"180","Secondary","R-peak","310","365","none","none","Group/Condition Differences","Amplitude",1,1,"t-test",0,"","1","","","","","",""
39035777,"10.3389/fnins.2024.1391437",,"","Heartbeat-evoked potentials following voluntary hyperventilation in epilepsy patients: respiratory influences on cardiac interoception","Stoupi NA, Weijs ML, Imbach L, Lenggenhager B.","Front Neurosci. 2024 Jul 5;18:1391437. doi: 10.3389/fnins.2024.1391437. eCollection 2024.",2024,1,"Patients/Neurological/Epilepsy, Manipulation/Respiration/Voluntary hyperventilation",1,"30.8+-7.79, 70.2+-4.17",1,76,1,"EEG",23,"na","na","200","unknown","standard19","Fp1, Fp2, F7, F3, Fz, F4, F8, T3, C3, Cz, C4, T4, T5, P3, Pz, P4, T6, O1, O2, A1, A2, T9, T10","3","3","Multiple leads","Right wrist, Left wrist, Left leg","3-lead","200","unknown","3","30","Semi-automatic","deCarvalho2002","HEPLAB","[C3 and C4]","Common average","0.16","30",1,0,"Eye movements, Blinks, Muscle","","","","RR at least 700 ms","Artifact Subspace Reconstruction (ASR), noisy epochs","All","na",2,1,"192","Primary","R-peak","200","650","none","none","Group/Condition Differences","Amplitude",0,0,"t-test",1,"1000","1","F8, T4, T6, T10, C3, P3, O1, T3, T5, Pz, T9","R-peak","280","360","HR, rrHRV, RMSSD, ECG",""
39035777,"10.3389/fnins.2024.1391437",,"","Heartbeat-evoked potentials following voluntary hyperventilation in epilepsy patients: respiratory influences on cardiac interoception","Stoupi NA, Weijs ML, Imbach L, Lenggenhager B.","Front Neurosci. 2024 Jul 5;18:1391437. doi: 10.3389/fnins.2024.1391437. eCollection 2024.",2024,1,"Patients/Neurological/Epilepsy, Manipulation/Respiration/Voluntary hyperventilation",1,"30.8+-7.79, 70.2+-4.17",1,76,1,"EEG",23,"na","na","200","unknown","standard19","Fp1, Fp2, F7, F3, Fz, F4, F8, T3, C3, Cz, C4, T4, T5, P3, Pz, P4, T6, O1, O2, A1, A2, T9, T10","3","3","Multiple leads","Right wrist, Left wrist, Left leg","3-lead","200","unknown","3","30","Semi-automatic","deCarvalho2002","HEPLAB","[C3 and C4]","Common average","0.16","30",1,0,"Eye movements, Blinks, Muscle","","","","RR at least 700 ms","Artifact Subspace Reconstruction (ASR), noisy epochs","F8, T4, T6, T10","na",2,1,"192","Secondary","R-peak","280","305","none","none","Group/Condition Differences","Amplitude",1,1,"t-test",0,"","1","","","","","",""
39035777,"10.3389/fnins.2024.1391437",,"","Heartbeat-evoked potentials following voluntary hyperventilation in epilepsy patients: respiratory influences on cardiac interoception","Stoupi NA, Weijs ML, Imbach L, Lenggenhager B.","Front Neurosci. 2024 Jul 5;18:1391437. doi: 10.3389/fnins.2024.1391437. eCollection 2024.",2024,1,"Patients/Neurological/Epilepsy, Manipulation/Respiration/Voluntary hyperventilation",1,"30.8+-7.79, 70.2+-4.17",1,76,1,"EEG",23,"na","na","200","unknown","standard19","Fp1, Fp2, F7, F3, Fz, F4, F8, T3, C3, Cz, C4, T4, T5, P3, Pz, P4, T6, O1, O2, A1, A2, T9, T10","3","3","Multiple leads","Right wrist, Left wrist, Left leg","3-lead","200","unknown","3","30","Semi-automatic","deCarvalho2002","HEPLAB","[C3 and C4]","Common average","0.16","30",1,0,"Eye movements, Blinks, Muscle","","","","RR at least 700 ms","Artifact Subspace Reconstruction (ASR), noisy epochs","C3, P3, O1, T3, T5, Pz, T9","na",2,1,"192","Secondary","R-peak","290","360","none","none","Group/Condition Differences","Amplitude",1,1,"t-test",0,"","1","","","","","",""
39035777,"10.3389/fnins.2024.1391437",,"","Heartbeat-evoked potentials following voluntary hyperventilation in epilepsy patients: respiratory influences on cardiac interoception","Stoupi NA, Weijs ML, Imbach L, Lenggenhager B.","Front Neurosci. 2024 Jul 5;18:1391437. doi: 10.3389/fnins.2024.1391437. eCollection 2024.",2024,1,"Patients/Neurological/Epilepsy, Manipulation/Respiration/Voluntary hyperventilation",1,"30.8+-7.79, 70.2+-4.17",1,76,1,"EEG",23,"na","na","200","unknown","standard19","Fp1, Fp2, F7, F3, Fz, F4, F8, T3, C3, Cz, C4, T4, T5, P3, Pz, P4, T6, O1, O2, A1, A2, T9, T10","3","3","Multiple leads","Right wrist, Left wrist, Left leg","3-lead","200","unknown","3","30","Semi-automatic","deCarvalho2002","HEPLAB","[C3 and C4]","Common average","0.16","30",1,0,"Eye movements, Blinks, Muscle","","","","RR at least 700 ms","Artifact Subspace Reconstruction (ASR), noisy epochs","All","na",2,1,"194","Primary","R-peak","200","650","none","none","Group/Condition Differences","Amplitude",0,0,"t-test",1,"1000","1","F4, C4, Cz, Pz","R-peak","560","585","HR, rrHRV, RMSSD, ECG",""
39035777,"10.3389/fnins.2024.1391437",,"","Heartbeat-evoked potentials following voluntary hyperventilation in epilepsy patients: respiratory influences on cardiac interoception","Stoupi NA, Weijs ML, Imbach L, Lenggenhager B.","Front Neurosci. 2024 Jul 5;18:1391437. doi: 10.3389/fnins.2024.1391437. eCollection 2024.",2024,1,"Patients/Neurological/Epilepsy, Manipulation/Respiration/Voluntary hyperventilation",1,"30.8+-7.79, 70.2+-4.17",1,76,1,"EEG",23,"na","na","200","unknown","standard19","Fp1, Fp2, F7, F3, Fz, F4, F8, T3, C3, Cz, C4, T4, T5, P3, Pz, P4, T6, O1, O2, A1, A2, T9, T10","3","3","Multiple leads","Right wrist, Left wrist, Left leg","3-lead","200","unknown","3","30","Semi-automatic","deCarvalho2002","HEPLAB","[C3 and C4]","Common average","0.16","30",1,0,"Eye movements, Blinks, Muscle","","","","RR at least 700 ms","Artifact Subspace Reconstruction (ASR), noisy epochs","F4, C4, Cz, Pz","na",2,1,"194","Secondary","R-peak","560","585","none","none","Group/Condition Differences","Amplitude",1,1,"t-test",0,"","1","","","","","",""
39035154,"10.7717/peerj.17754",0,"Not Related to HER","Exploring the technological dimension of Autonomous sensory meridian response-induced physiological responses","Seifzadeh S, Kostek B.","PeerJ. 2024 Jul 18;12:e17754. doi: 10.7717/peerj.17754. eCollection 2024.",2024,,"",,"",,,,"",,"","","","","","","","","","","","","","","","","","","","","","",,,"","","","","","","","",,,"","","","","","","","","",,,"",,"","","","","","","",""
38925291,"10.1016/j.resuscitation.2024.110294",0,"Not Related to HER","Heart rate variability for neuro-prognostication after CA: Insight from the Parisian registry","Benghanem S, Sharshar T, Gavaret M, Dumas F, Diehl JL, Brechot N, Picard F, Candia-Rivera D, Le MP, Pène F, Cariou A, Hermann B.","Resuscitation. 2024 Jun 24:110294. doi: 10.1016/j.resuscitation.2024.110294. Online ahead of print.",2024,,"",,"",,,,"",,"","","","","","","","","","","","","","","","","","","","","","",,,"","","","","","","","",,,"","","","","","","","","",,,"",,"","","","","","","",""
38860229,"10.1136/bmjno-2024-000665",1,"Consider","Heartbeat evoked potentials and autonomic arousal during dissociative seizures: insights from electrophysiology and neuroimaging","Flasbeck V, Jungilligens J, Lemke I, Beckers J, Öztürk H, Wellmer J, Seliger C, Juckel G, Popkirov S.","BMJ Neurol Open. 2024 Jun 5;6(1):e000665. doi: 10.1136/bmjno-2024-000665. eCollection 2024.",2024,0,"Patients/Neurological/Functional (dissociative) seizures, Affective processes/Arousal",1,"17-66",1,24,0,"EEG",19,"na","na","unknown","256","standard19","Fp1, Fpz, Fp2, F7, F3, Fz, F4, F8, T3, C3, Cz, C4, T4, T5, P3, Pz, P4, T6, O1, Oz, O2","2","2","unknown","unknown","unknown","unknown","unknown","unknown","unknown","unknown","PanTompkins1985","Kubios","unknown","Linked earlobes","0.1","35",1,0,"Eye movements","","","","","Noisy epochs","F7, F8, Fz, F3, F4, Fp1, Fp2, Fpz, C3, C4, Cz","na",1,2,"176+-47","Primary","R-peak","250","455","-125","-25","Group/Condition Differences","Amplitude",0,1,"ANOVA",0,"","1","","","","","ECG",""
38860229,"10.1136/bmjno-2024-000665",,"","Heartbeat evoked potentials and autonomic arousal during dissociative seizures: insights from electrophysiology and neuroimaging","Flasbeck V, Jungilligens J, Lemke I, Beckers J, Öztürk H, Wellmer J, Seliger C, Juckel G, Popkirov S.","BMJ Neurol Open. 2024 Jun 5;6(1):e000665. doi: 10.1136/bmjno-2024-000665. eCollection 2024.",2024,0,"Patients/Neurological/Functional (dissociative) seizures, Affective processes/Arousal",1,"17-66",1,24,0,"EEG",19,"na","na","unknown","256","standard19","Fp1, Fpz, Fp2, F7, F3, Fz, F4, F8, T3, C3, Cz, C4, T4, T5, P3, Pz, P4, T6, O1, Oz, O2","2","2","unknown","unknown","unknown","unknown","unknown","unknown","unknown","unknown","PanTompkins1985","Kubios","unknown","Linked earlobes","0.1","35",1,0,"Eye movements","","","","","Noisy epochs","F7, F8, Fz, F3, F4, Fp1, Fp2, Fpz, C3, C4, Cz","na",1,2,"176+-47","Primary","R-peak","455","595","-125","-25","Group/Condition Differences","Amplitude",0,1,"ANOVA",0,"","0","","","","","ECG",""
38860229,"10.1136/bmjno-2024-000665",,"","Heartbeat evoked potentials and autonomic arousal during dissociative seizures: insights from electrophysiology and neuroimaging","Flasbeck V, Jungilligens J, Lemke I, Beckers J, Öztürk H, Wellmer J, Seliger C, Juckel G, Popkirov S.","BMJ Neurol Open. 2024 Jun 5;6(1):e000665. doi: 10.1136/bmjno-2024-000665. eCollection 2024.",2024,0,"Patients/Neurological/Functional (dissociative) seizures, Affective processes/Arousal",1,"17-66",1,23,1,"EEG",19,"na","na","unknown","256","standard19","Fp1, Fpz, Fp2, F7, F3, Fz, F4, F8, T3, C3, Cz, C4, T4, T5, P3, Pz, P4, T6, O1, Oz, O2","2","2","unknown","unknown","unknown","unknown","unknown","unknown","unknown","unknown","PanTompkins1985","Kubios","unknown","Linked earlobes","0.1","35",1,0,"Eye movements","","","","","Noisy epochs","F7, F8, Fz","na",1,1,"176+-47","Primary","R-peak","250","455","-125","-25","Correlation","Amplitude",0,1,"Correlation",0,"","1","","","","","ECG",""
38860229,"10.1136/bmjno-2024-000665",,"","Heartbeat evoked potentials and autonomic arousal during dissociative seizures: insights from electrophysiology and neuroimaging","Flasbeck V, Jungilligens J, Lemke I, Beckers J, Öztürk H, Wellmer J, Seliger C, Juckel G, Popkirov S.","BMJ Neurol Open. 2024 Jun 5;6(1):e000665. doi: 10.1136/bmjno-2024-000665. eCollection 2024.",2024,0,"Patients/Neurological/Functional (dissociative) seizures, Affective processes/Arousal",1,"18-66",1,16,1,"EEG",19,"na","na","unknown","256","standard19","Fp1, Fpz, Fp2, F7, F3, Fz, F4, F8, T3, C3, Cz, C4, T4, T5, P3, Pz, P4, T6, O1, Oz, O2","2","2","unknown","unknown","unknown","unknown","unknown","unknown","unknown","unknown","PanTompkins1985","Kubios","unknown","Linked earlobes","0.1","35",1,0,"Eye movements","","","","","Noisy epochs","F7, F8, Fz","na",1,1,"176+-47","Primary","R-peak","250","455","-125","-25","Correlation","Amplitude",0,1,"Correlation",0,"unknown","1","","","","","Age, sex, total intracranial volume, scanner type",""
38839034,"10.1016/j.bpsc.2024.05.004",1,"Consider","Intranasal Oxytocin Improves Interoceptive Accuracy and Heartbeat-Evoked Potentials During a Cardiac Interoceptive Task","Zhou M, Cheng L, Zhou Y, Zhu S, Zhang Y, Kendrick KM, Yao S.","Biol Psychiatry Cogn Neurosci Neuroimaging. 2024 Jun 3:S2451-9022(24)00137-X. doi: 10.1016/j.bpsc.2024.05.004. Online ahead of print.",2024,0,"Manipulation/Medication/Oxytocin, Perception/Interoception/Cardiac",0,"20.65+-1.77",1,72,0,"EEG",64,"na","na","500","250","standard61","layout","3","2","Lead II","Left leg, Right wrist","unknown","1000","unknown","0.5","35","Semi-automatic","unknown","AcqKnowledge","Cz","Common average","0.1","40",1,0,"Eye movements, Muscle, CFA","","unknown","unknown","","Noisy epochs","FC1, FCz, FC2, FC4, C1, Cz, C2, C4","na",2,1,"[est160]","Primary","R-peak","480","600","unknown","unknown","Group/Condition Differences","Amplitude",1,1,"t-test",0,"","1","","","","","HR, HRV","est number of trials = min of recording * (1-average proportion of trials removed during cleaning)*60 bpm"
38839034,"10.1016/j.bpsc.2024.05.004",,"","Intranasal Oxytocin Improves Interoceptive Accuracy and Heartbeat-Evoked Potentials During a Cardiac Interoceptive Task","Zhou M, Cheng L, Zhou Y, Zhu S, Zhang Y, Kendrick KM, Yao S.","Biol Psychiatry Cogn Neurosci Neuroimaging. 2024 Jun 3:S2451-9022(24)00137-X. doi: 10.1016/j.bpsc.2024.05.004. Online ahead of print.",2024,0,"Manipulation/Medication/Oxytocin, Perception/Interoception/Cardiac",0,"20.65+-1.77",1,35,0,"EEG",64,"na","na","500","250","standard61","layout","3","2","Lead II","Left leg, Right wrist","unknown","1000","unknown","0.5","35","Semi-automatic","unknown","AcqKnowledge","Cz","Common average","0.1","40",1,0,"Eye movements, Muscle, CFA","","unknown","unknown","","Noisy epochs","FC1, FCz, FC2, FC4, C1, Cz, C2, C4","na",1,1,"[est160]","Primary","R-peak","480","600","unknown","unknown","Correlation","Amplitude",1,1,"Correlation",0,"","0","","","","","HR, HRV","est number of trials = min of recording * (1-average proportion of trials removed during cleaning)*60 bpm"
38839034,"10.1016/j.bpsc.2024.05.004",,"","Intranasal Oxytocin Improves Interoceptive Accuracy and Heartbeat-Evoked Potentials During a Cardiac Interoceptive Task","Zhou M, Cheng L, Zhou Y, Zhu S, Zhang Y, Kendrick KM, Yao S.","Biol Psychiatry Cogn Neurosci Neuroimaging. 2024 Jun 3:S2451-9022(24)00137-X. doi: 10.1016/j.bpsc.2024.05.004. Online ahead of print.",2024,0,"Manipulation/Medication/Oxytocin, Perception/Interoception/Cardiac",0,"20.65+-1.77",1,72,0,"EEG",64,"na","na","500","250","standard61","layout","4","2","Lead II","Left leg, Right wrist","unknown","1000","unknown","0.5","35","Semi-automatic","unknown","AcqKnowledge","Cz","Common average","0.1","40",1,0,"Eye movements, Muscle, CFA","","unknown","unknown","","Noisy epochs","FC1, FCz, FC2, FC4, C1, Cz, C2, C4","na",2,1,"[est213]","Primary","R-peak","480","600","unknown","unknown","Group/Condition Differences","Amplitude",1,1,"t-test",0,"","0","","","","","HR, HRV","est number of trials = min of recording * (1-average proportion of trials removed during cleaning)*60 bpm"
38811512,"10.1007/s12028-024-02005-2",1,"Consider","Resting-State EEG Signature of Early Consciousness Recovery in Comatose Patients with Traumatic Brain Injury","Alkhachroum A, Fló E, Manolovitz B, Cohan H, Shammassian B, Bass D, Aklepi G, Monexe E, Ghamasaee P, Sobczak E, Samano D, Saavedra AB, Massad N, Kottapally M, Merenda A, Cordeiro JG, Jagid J, Kanner AM, Rundek T, O'Phelan K, Claassen J, Sitt JD.","Neurocrit Care. 2024 May 29. doi: 10.1007/s12028-024-02005-2. Online ahead of print.",2024,0,"Patients/Disorders of consciousness/Coma, Patients/Neurological/Brain injury/Traumatic brain injury",1,"40.4+-17.9, 50.1+-20.4",1,100,1,"EEG",19,"na","na","256","256","standard19","layout","10","unknown","Unclassified","unknown","unknown","unknown","unknown","0.5","unknown","Semi-automatic","Brammer2020","Neurokit2","Cz","Common average","0.5","40",0,,"","","","","","Manual removal of artifacts","Cz","na",2,1,"695+-160","Primary","R-peak","0","600","unknown","unknown","Group/Condition Differences","Amplitude",0,0,"t-test",1,"unknown","0","","","","","",""
38811512,"10.1007/s12028-024-02005-2",,"","Resting-State EEG Signature of Early Consciousness Recovery in Comatose Patients with Traumatic Brain Injury","Alkhachroum A, Fló E, Manolovitz B, Cohan H, Shammassian B, Bass D, Aklepi G, Monexe E, Ghamasaee P, Sobczak E, Samano D, Saavedra AB, Massad N, Kottapally M, Merenda A, Cordeiro JG, Jagid J, Kanner AM, Rundek T, O'Phelan K, Claassen J, Sitt JD.","Neurocrit Care. 2024 May 29. doi: 10.1007/s12028-024-02005-2. Online ahead of print.",2024,0,"Patients/Disorders of consciousness/Coma, Patients/Neurological/Brain injury/Traumatic brain injury",1,"40.4+-17.9, 50.1+-20.4",1,100,1,"EEG",19,"na","na","256","256","standard19","layout","10","unknown","Unclassified","unknown","unknown","unknown","unknown","0.5","unknown","Semi-automatic","Brammer2020","Neurokit2","Cz","Common average","0.5","40",0,,"","","","","","Manual removal of artifacts","Cz","na",2,1,"695+-160","Secondary","R-peak","600","800","unknown","unknown","Group/Condition Differences","Amplitude",0,0,"t-test",1,"unknown","0","","","","","",""
38811318,"10.1016/j.tics.2024.05.007",0,"Commentary","The cardiac cycle modulates learning-related interoception","Nokia MS, Xu W, Wikgren J.","Trends Cogn Sci. 2024 May 28:S1364-6613(24)00133-5. doi: 10.1016/j.tics.2024.05.007. Online ahead of print.",2024,,"",,"",,,,"",,"","","","","","","","","","","","","","","","","","","","","","",,,"","","","","","","","",,,"","","","","","","","","",,,"",,"","","","","","","",""
38797841,"10.1111/ejn.16394",1,"Consider","A neurophysiological profiling of the heartbeat-evoked potential in severe acquired brain injuries: A focus on unconsciousness","Liuzzi P, Cassioli T, Secci S, Hakiki B, Scarpino M, Burali R, di Palma A, Toci T, Grippo A, Cecchi F, Frosini A, Mannini A.","Eur J Neurosci. 2024 May 26. doi: 10.1111/ejn.16394. Online ahead of print.",2024,0,"Patients/Neurological/Brain injury, Patients/Disorders of consciousness/Coma, Patients/Disorders of consciousness/Minimally conscious state (MCS)",1,"68[19], 65[19]",1,216,1,"EEG",19,"na","na","128","128","standard19","Fp1, Fp2, F7, F8, F3, F4, C3, C4, T3, T4, P3, P4, T5, T6, O1, O2, Fz, Cz, Pz","5","2","Unclassified","Right chest, Left chest","unknown","128","unknown","0.5","unknown","Semi-automatic","unknown","Neurokit2","unknown","Common average","1","unknown",1,0,"Blinks, CFA, Eye movements, Muscle, Channel noise, Line noise, Other","","Automatic","IClabel","","Bad channels","All","na",2,1,"355","Primary","R-peak","-250","250","unknown","unknown","Group/Condition Differences","Global Field Power",0,0,"Non-parametric comparison",0,"","1","","","","","",""
38797841,"10.1111/ejn.16394",,"","A neurophysiological profiling of the heartbeat-evoked potential in severe acquired brain injuries: A focus on unconsciousness","Liuzzi P, Cassioli T, Secci S, Hakiki B, Scarpino M, Burali R, di Palma A, Toci T, Grippo A, Cecchi F, Frosini A, Mannini A.","Eur J Neurosci. 2024 May 26. doi: 10.1111/ejn.16394. Online ahead of print.",2024,0,"Patients/Neurological/Brain injury, Patients/Disorders of consciousness/Coma, Patients/Disorders of consciousness/Minimally conscious state (MCS)",1,"68[19], 65[19]",1,216,1,"EEG",19,"na","na","128","128","standard19","Fp1, Fp2, F7, F8, F3, F4, C3, C4, T3, T4, P3, P4, T5, T6, O1, O2, Fz, Cz, Pz","5","2","Unclassified","Right chest, Left chest","unknown","128","unknown","0.5","unknown","Semi-automatic","unknown","Neurokit2","unknown","Common average","1","unknown",1,0,"Blinks, CFA, Eye movements, Muscle, Channel noise, Line noise, Other","","Automatic","IClabel","","Bad channels","All","na",2,1,"355","Primary","R-peak","-250","250","unknown","unknown","Group/Condition Differences","Latency",0,0,"Non-parametric comparison",0,"","0","","","","","",""
38738870,"10.3791/65829",0,"Toolbox","BrainBeats as an Open-Source EEGLAB Plugin to Jointly Analyze EEG and Cardiovascular Signals","Cannard C, Wahbeh H, Delorme A.","J Vis Exp. 2024 Apr 26;(206). doi: 10.3791/65829.",2024,,"",,"",,,,"",,"","","","","","","","","","","","","","","","","","","","","","",,,"","","","","","","","",,,"","","","","","","","","",,,"",,"","","","","","","",""
38732499,"10.3390/nu16091252",0,"Not Related to HER","Electrophysiological Characteristics of Inhibitive Control for Adults with Different Physiological or Psychological Obesity","Guo J, Wan X, Lian J, Ma H, Dong D, Liu Y, Zhao J.","Nutrients. 2024 Apr 23;16(9):1252. doi: 10.3390/nu16091252.",2024,,"",,"",,,,"",,"","","","","","","","","","","","","","","","","","","","","","",,,"","","","","","","","",,,"","","","","","","","","",,,"",,"","","","","","","",""
38623333,"10.1016/j.isci.2024.109586",1,"Consider","Attention to cardiac sensations enhances the heartbeat-evoked potential during exhalation","Zaccaro A, Della Penna F, Mussini E, Parrotta E, Perrucci MG, Costantini M, Ferri F.","iScience. 2024 Mar 27;27(4):109586. doi: 10.1016/j.isci.2024.109586. eCollection 2024 Apr 19.",2024,0,"Perception/Interoception/Cardiac, Perception/Interoception/Respiratory, Perception/Exteroception/Auditory/Heartbeat sounds, Perception/Exteroception/Auditory/Breathing sounds",0,"27.57+-4.33",1,32,0,"EEG",64,"na","na","2500","512","standard61","Fp1, Fp2, F7, F3, Fz, F4, F8, T7, C3, Cz, C4, T8, P7, P3, Pz, P4, P8, O1, O2, Fpz, FT9, FC5, FC1, FC2, FC6, FT10, TP9, CP5, CP1, CP2, CP6, TP10, Oz, AF7, AF3, AFz, AF4, AF8, F5, F1, F2, F6, FT7, FC3, FCz, FC4, FT8, C5, C1, C2, C6, TP7, CP3, CPz, CP4, TP8, P5, P1, P2, P6, PO7, PO3, POz, PO4, PO8",,"2","Lead II","Left chest, Right clavicle","Right chest","2500","512","0.1","unknown","Semi-automatic","PanTompkins1985","unknown","unknown","Common average","0.5","45",1,0,"Eye movements, muscle, CFA","0-3","Manual","Time course, Topography, Power spectrum, Correlation","RR at least 600 ms","Manual removal of artifacts, Noisy epochs","Fp1, AF7, AF3, F5, F3, F1, FC5, FC3, FC1, C3, C1, C5, CP1, CP3, CP5, P1, P3, P5, PO3, Fpz, AFz, Fz, FCz, Cz, CPz, Pz, POz, Fp2, AF8, AF4, F6, F4, F2, FC6, FC4, FC2, C4, C2, C6, CP2, CP4, CP6, P2, P4, P6, PO4","na",1,4,"722+-87","Primary","R-peak","100","350","unknown","unknown","Group/Condition Differences","Amplitude",0,0,"t-test",1,"10000","1","Fp1, AF7, AF3, F3, F1, Fpz, AFz, Fz, FCz, Fp2, AF8, AF4, F2","R-peak","242","313","ECG, HR, HFlog, HRV",""
38623333,"10.1016/j.isci.2024.109586",,"","Attention to cardiac sensations enhances the heartbeat-evoked potential during exhalation","Zaccaro A, Della Penna F, Mussini E, Parrotta E, Perrucci MG, Costantini M, Ferri F.","iScience. 2024 Mar 27;27(4):109586. doi: 10.1016/j.isci.2024.109586. eCollection 2024 Apr 19.",2024,0,"Perception/Interoception/Cardiac, Perception/Interoception/Respiratory, Perception/Exteroception/Auditory/Heartbeat sounds, Perception/Exteroception/Auditory/Breathing sounds",0,"27.57+-4.33",1,32,0,"EEG",64,"na","na","2500","512","standard61","Fp1, Fp2, F7, F3, Fz, F4, F8, T7, C3, Cz, C4, T8, P7, P3, Pz, P4, P8, O1, O2, Fpz, FT9, FC5, FC1, FC2, FC6, FT10, TP9, CP5, CP1, CP2, CP6, TP10, Oz, AF7, AF3, AFz, AF4, AF8, F5, F1, F2, F6, FT7, FC3, FCz, FC4, FT8, C5, C1, C2, C6, TP7, CP3, CPz, CP4, TP8, P5, P1, P2, P6, PO7, PO3, POz, PO4, PO8",,"2","Lead II","Left chest, Right clavicle","Right chest","2500","512","0.1","unknown","Semi-automatic","PanTompkins1985","unknown","unknown","Common average","0.5","45",1,0,"Eye movements, muscle, CFA","0-3","Manual","Time course, Topography, Power spectrum, Correlation","RR at least 600 ms","Manual removal of artifacts, Noisy epochs","Fp1, AF7, AF3, F3, F1, Fpz, AFz, Fz, FCz, Fp2, AF8, AF4, F2","na",1,4,"722+-87","Secondary","R-peak","242","313","unknown","unknown","Group/Condition Differences","Amplitude",1,1,"t-test",0,"","0","","","","","",""
38623333,"10.1016/j.isci.2024.109586",,"","Attention to cardiac sensations enhances the heartbeat-evoked potential during exhalation","Zaccaro A, Della Penna F, Mussini E, Parrotta E, Perrucci MG, Costantini M, Ferri F.","iScience. 2024 Mar 27;27(4):109586. doi: 10.1016/j.isci.2024.109586. eCollection 2024 Apr 19.",2024,0,"Perception/Interoception/Cardiac, Perception/Interoception/Respiratory, Perception/Exteroception/Auditory/Heartbeat sounds, Perception/Exteroception/Auditory/Breathing sounds",0,"27.57+-4.33",1,32,0,"EEG",64,"na","na","2500","512","standard61","Fp1, Fp2, F7, F3, Fz, F4, F8, T7, C3, Cz, C4, T8, P7, P3, Pz, P4, P8, O1, O2, Fpz, FT9, FC5, FC1, FC2, FC6, FT10, TP9, CP5, CP1, CP2, CP6, TP10, Oz, AF7, AF3, AFz, AF4, AF8, F5, F1, F2, F6, FT7, FC3, FCz, FC4, FT8, C5, C1, C2, C6, TP7, CP3, CPz, CP4, TP8, P5, P1, P2, P6, PO7, PO3, POz, PO4, PO8",,"2","Lead II","Left chest, Right clavicle","Right chest","2500","512","0.1","unknown","Semi-automatic","PanTompkins1985","unknown","unknown","Common average","0.5","45",1,0,"Eye movements, muscle, CFA","0-3","Manual","Time course, Topography, Power spectrum, Correlation","RR at least 600 ms","Manual removal of artifacts, Noisy epochs","Fp1, AF7, AF3, F5, F3, F1, FC5, FC3, FC1, C3, C1, C5, CP1, CP3, CP5, P1, P3, P5, PO3, Fpz, AFz, Fz, FCz, Cz, CPz, Pz, POz, Fp2, AF8, AF4, F6, F4, F2, FC6, FC4, FC2, C4, C2, C6, CP2, CP4, CP6, P2, P4, P6, PO4","na",1,4,"722+-87","Primary","R-peak","350","600","unknown","unknown","Group/Condition Differences","Amplitude",0,0,"t-test",1,"10000","1","F3, F1, FC1, C3, C1, CP1, CP3, Fpz, AFz, Fz, FCz, Cz, AF4, F6, F2, FC4, FC2","R-peak","352","508","ECG, HR",""
38623333,"10.1016/j.isci.2024.109586",,"","Attention to cardiac sensations enhances the heartbeat-evoked potential during exhalation","Zaccaro A, Della Penna F, Mussini E, Parrotta E, Perrucci MG, Costantini M, Ferri F.","iScience. 2024 Mar 27;27(4):109586. doi: 10.1016/j.isci.2024.109586. eCollection 2024 Apr 19.",2024,0,"Perception/Interoception/Cardiac, Perception/Interoception/Respiratory, Perception/Exteroception/Auditory/Heartbeat sounds, Perception/Exteroception/Auditory/Breathing sounds",0,"27.57+-4.33",1,32,0,"EEG",64,"na","na","2500","512","standard61","Fp1, Fp2, F7, F3, Fz, F4, F8, T7, C3, Cz, C4, T8, P7, P3, Pz, P4, P8, O1, O2, Fpz, FT9, FC5, FC1, FC2, FC6, FT10, TP9, CP5, CP1, CP2, CP6, TP10, Oz, AF7, AF3, AFz, AF4, AF8, F5, F1, F2, F6, FT7, FC3, FCz, FC4, FT8, C5, C1, C2, C6, TP7, CP3, CPz, CP4, TP8, P5, P1, P2, P6, PO7, PO3, POz, PO4, PO8",,"2","Lead II","Left chest, Right clavicle","Right chest","2500","512","0.1","unknown","Semi-automatic","PanTompkins1985","unknown","unknown","Common average","0.5","45",1,0,"Eye movements, muscle, CFA","0-3","Manual","Time course, Topography, Power spectrum, Correlation","RR at least 600 ms","Manual removal of artifacts, Noisy epochs","F3, F1, FC1, C3, C1, CP1, CP3, Fpz, AFz, Fz, FCz, Cz, AF4, F6, F2, FC4, FC2","na",1,4,"722+-87","Secondary","R-peak","352","508","unknown","unknown","Group/Condition Differences","Amplitude",1,1,"t-test",0,"","1","","","","","",""
38623333,"10.1016/j.isci.2024.109586",,"","Attention to cardiac sensations enhances the heartbeat-evoked potential during exhalation","Zaccaro A, Della Penna F, Mussini E, Parrotta E, Perrucci MG, Costantini M, Ferri F.","iScience. 2024 Mar 27;27(4):109586. doi: 10.1016/j.isci.2024.109586. eCollection 2024 Apr 19.",2024,0,"Perception/Interoception/Cardiac, Perception/Interoception/Respiratory, Perception/Exteroception/Auditory/Heartbeat sounds, Perception/Exteroception/Auditory/Breathing sounds",0,"27.88+-4.46",1,28,0,"EEG",64,"na","na","2500","512","standard61","Fp1, Fp2, F7, F3, Fz, F4, F8, T7, C3, Cz, C4, T8, P7, P3, Pz, P4, P8, O1, O2, Fpz, FT9, FC5, FC1, FC2, FC6, FT10, TP9, CP5, CP1, CP2, CP6, TP10, Oz, AF7, AF3, AFz, AF4, AF8, F5, F1, F2, F6, FT7, FC3, FCz, FC4, FT8, C5, C1, C2, C6, TP7, CP3, CPz, CP4, TP8, P5, P1, P2, P6, PO7, PO3, POz, PO4, PO8",,"2","Lead II","Left chest, Right clavicle","Right chest","2500","512","0.1","unknown","Semi-automatic","PanTompkins1985","unknown","unknown","Common average","0.5","45",1,0,"Eye movements, muscle, CFA","0-3","Manual","Time course, Topography, Power spectrum, Correlation","RR at least 600 ms","Manual removal of artifacts, Noisy epochs","Fp1, AF7, AF3, F5, F3, F1, FC5, FC3, FC1, C3, C1, C5, CP1, CP3, CP5, P1, P3, P5, PO3, Fpz, AFz, Fz, FCz, Cz, CPz, Pz, POz, Fp2, AF8, AF4, F6, F4, F2, FC6, FC4, FC2, C4, C2, C6, CP2, CP4, CP6, P2, P4, P6, PO4","na",1,8,"273+-76","Primary","R-peak","100","350","unknown","unknown","Group/Condition Differences","Amplitude",0,0,"t-test",1,"10000","1","CP1, CP3, CP5, P1, P3, P5, PO3, CPz, Pz, POz, C4, CP2, CP4, CP6, P2, P4, P6, PO4, Fp1, AF7, AF3, F5, F3, F1, FC5, FC3, C3, C5, Fpz, AFz, Fz, FCz, Fp2, AF8, AF4, F6, F4, F2, FC6, FC4, FC2, C6","R-peak","195","336","",""
38623333,"10.1016/j.isci.2024.109586",,"","Attention to cardiac sensations enhances the heartbeat-evoked potential during exhalation","Zaccaro A, Della Penna F, Mussini E, Parrotta E, Perrucci MG, Costantini M, Ferri F.","iScience. 2024 Mar 27;27(4):109586. doi: 10.1016/j.isci.2024.109586. eCollection 2024 Apr 19.",2024,0,"Perception/Interoception/Cardiac, Perception/Interoception/Respiratory, Perception/Exteroception/Auditory/Heartbeat sounds, Perception/Exteroception/Auditory/Breathing sounds",0,"27.88+-4.46",1,28,0,"EEG",64,"na","na","2500","512","standard61","Fp1, Fp2, F7, F3, Fz, F4, F8, T7, C3, Cz, C4, T8, P7, P3, Pz, P4, P8, O1, O2, Fpz, FT9, FC5, FC1, FC2, FC6, FT10, TP9, CP5, CP1, CP2, CP6, TP10, Oz, AF7, AF3, AFz, AF4, AF8, F5, F1, F2, F6, FT7, FC3, FCz, FC4, FT8, C5, C1, C2, C6, TP7, CP3, CPz, CP4, TP8, P5, P1, P2, P6, PO7, PO3, POz, PO4, PO8",,"2","Lead II","Left chest, Right clavicle","Right chest","2500","512","0.1","unknown","Semi-automatic","PanTompkins1985","unknown","unknown","Common average","0.5","45",1,0,"Eye movements, muscle, CFA","0-3","Manual","Time course, Topography, Power spectrum, Correlation","RR at least 600 ms","Manual removal of artifacts, Noisy epochs","Fp1, AF7, AF3, F5, F3, F1, FC5, FC3, FC1, C3, C1, C5, CP1, CP3, CP5, P1, P3, P5, PO3, Fpz, AFz, Fz, FCz, Cz, CPz, Pz, POz, Fp2, AF8, AF4, F6, F4, F2, FC6, FC4, FC2, C4, C2, C6, CP2, CP4, CP6, P2, P4, P6, PO4","na",1,8,"273+-76","Primary","R-peak","350","600","unknown","unknown","Group/Condition Differences","Amplitude",0,0,"t-test",1,"10000","0","","","","","",""
38623333,"10.1016/j.isci.2024.109586",,"","Attention to cardiac sensations enhances the heartbeat-evoked potential during exhalation","Zaccaro A, Della Penna F, Mussini E, Parrotta E, Perrucci MG, Costantini M, Ferri F.","iScience. 2024 Mar 27;27(4):109586. doi: 10.1016/j.isci.2024.109586. eCollection 2024 Apr 19.",2024,0,"Perception/Interoception/Cardiac, Perception/Interoception/Respiratory, Perception/Exteroception/Auditory/Heartbeat sounds, Perception/Exteroception/Auditory/Breathing sounds",0,"27.88+-4.46",1,28,0,"EEG",64,"na","na","2500","512","standard61","Fp1, Fp2, F7, F3, Fz, F4, F8, T7, C3, Cz, C4, T8, P7, P3, Pz, P4, P8, O1, O2, Fpz, FT9, FC5, FC1, FC2, FC6, FT10, TP9, CP5, CP1, CP2, CP6, TP10, Oz, AF7, AF3, AFz, AF4, AF8, F5, F1, F2, F6, FT7, FC3, FCz, FC4, FT8, C5, C1, C2, C6, TP7, CP3, CPz, CP4, TP8, P5, P1, P2, P6, PO7, PO3, POz, PO4, PO8",,"2","Lead II","Left chest, Right clavicle","Right chest","2500","512","0.1","unknown","Semi-automatic","PanTompkins1985","unknown","unknown","Common average","0.5","45",1,0,"Eye movements, muscle, CFA","0-3","Manual","Time course, Topography, Power spectrum, Correlation","RR at least 600 ms","Manual removal of artifacts, Noisy epochs","Fp1, AF7, AF3, F5, F3, F1, FC3, FC1, Fpz, AFz, Fz, FCz, Fp2, AF8, AF4, F6, F4, F2, FC4, FC2","na",1,8,"273+-76","Secondary","R-peak","100","350","unknown","unknown","Group/Condition Differences","Amplitude",0,0,"t-test",1,"10000","1","Fp1, AF7, AF3, F5, F3, F1, FC3, FC1, AFz, Fz, FCz, AF8, AF4, F6, F4, F2, FC4","R-peak","117","266","",""
38623333,"10.1016/j.isci.2024.109586",,"","Attention to cardiac sensations enhances the heartbeat-evoked potential during exhalation","Zaccaro A, Della Penna F, Mussini E, Parrotta E, Perrucci MG, Costantini M, Ferri F.","iScience. 2024 Mar 27;27(4):109586. doi: 10.1016/j.isci.2024.109586. eCollection 2024 Apr 19.",2024,0,"Perception/Interoception/Cardiac, Perception/Interoception/Respiratory, Perception/Exteroception/Auditory/Heartbeat sounds, Perception/Exteroception/Auditory/Breathing sounds",0,"27.88+-4.46",1,28,0,"EEG",64,"na","na","2500","512","standard61","Fp1, Fp2, F7, F3, Fz, F4, F8, T7, C3, Cz, C4, T8, P7, P3, Pz, P4, P8, O1, O2, Fpz, FT9, FC5, FC1, FC2, FC6, FT10, TP9, CP5, CP1, CP2, CP6, TP10, Oz, AF7, AF3, AFz, AF4, AF8, F5, F1, F2, F6, FT7, FC3, FCz, FC4, FT8, C5, C1, C2, C6, TP7, CP3, CPz, CP4, TP8, P5, P1, P2, P6, PO7, PO3, POz, PO4, PO8",,"2","Lead II","Left chest, Right clavicle","Right chest","2500","512","0.1","unknown","Semi-automatic","PanTompkins1985","unknown","unknown","Common average","0.5","45",1,0,"Eye movements, muscle, CFA","0-3","Manual","Time course, Topography, Power spectrum, Correlation","RR at least 600 ms","Manual removal of artifacts, Noisy epochs","Fp1, AF7, AF3, F5, F3, F1, FC5, FC3, FC1, C3, C1, C5, CP1, CP3, CP5, P1, P3, P5, PO3, Fpz, AFz, Fz, FCz, Cz, CPz, Pz, POz, Fp2, AF8, AF4, F6, F4, F2, FC6, FC4, FC2, C4, C2, C6, CP2, CP4, CP6, P2, P4, P6, PO4","na",1,8,"273+-76","Primary","R-peak","350","600","unknown","unknown","Group/Condition Differences","Amplitude",0,0,"t-test",1,"10000","1","Fp1, AF3, F5, F3, F1, FC1, Fpz, AFz, Fz, Fp2, AF8, AF4, F4, F2, FC4, FC2","R-peak","430","523","",""
38559271,"10.1101/2024.03.08.584152",0,"Preprint","Low-intensity focused ultrasound to the human insular cortex differentially modulates the heartbeat-evoked potential: a proof-of-concept study","Strohman A, Isaac G, Payne B, Verdonk C, Khalsa SS, Legon W.","bioRxiv [Preprint]. 2024 Mar 13:2024.03.08.584152. doi: 10.1101/2024.03.08.584152.",2024,,"",,"",,,,"",,"","","","","","","","","","","","","","","","","","","","","","",,,"","","","","","","","",,,"","","","","","","","","",,,"",,"","","","","","","",""
38520130,"10.1111/psyp.14572",0,"Not Related to HER","Triggered by your heart: Effects of cardioafferent traffic and stress on automatic responses in a Simon task","von Haugwitz L, Wascher E, Larra MF.","Psychophysiology. 2024 Aug;61(8):e14572. doi: 10.1111/psyp.14572. Epub 2024 Mar 22.",2024,,"",,"",,,,"",,"","","","","","","","","","","","","","","","","","","","","","",,,"","","","","","","","",,,"","","","","","","","","",,,"",,"","","","","","","",""
38518888,"10.1016/j.neuropsychologia.2024.108867",1,"Consider","Delving into the relationship between regular physical exercise and cardiac interoception in two cross-sectional studies","Yoris AE, Cira LF, Luque-Casado A, Salvotti C, Tajadura-Jiménez A, Avancini C, Zarza-Rebollo JA, Sanabria D, Perakakis P.","Neuropsychologia. 2024 Jun 6;198:108867. doi: 10.1016/j.neuropsychologia.2024.108867. Epub 2024 Mar 20.",2024,0,"Lifestyle/Physical exercise, Perception/Interoception/Cardiac, Perception/Exteroception/Somatosensory/Rubber hand illusion",0,"22.52+-3.74, 23.23+-2.46",0,45,1,"EEG",64,"na","na","1024","256","standard61","Fp1, Fpz, Fp2, AF7, AF3, AFz, AF4, AF8, F7, F5, F3, F1, Fz, F2, F4, F6, F8, FT7, FC5, FC3, FC1, FCz, FC2, FC4, FC6, FT8, T7, C5, C3, C1, Cz, C2, C4, C6, T8, TP7, CP5, CP3, CP1, CPz, CP2, CP4, CP6, TP8, P9, P7, P5, P3, P1, Pz, P2, P4, P6, P8, P10, PO7, PO3, POz, PO4, PO8, O1, Oz, O2, Iz","5","2","Lead I","Left wrist, Right wrist","unknown","unknown","unknown","unknown","unknown","Semi-automatic","unknown","HEPLAB","unknown","unknown","0.3","30",1,0,"Blinks, Muscle, CFA","","Semi-automatic","IClabel","","Noisy epochs","All","na",2,1,"[est300]","Primary","R-peak","-200","800","-200","0","Group/Condition Differences","Amplitude",0,0,"t-test",1,"unknown","0","","","","","ECG, Age, BMI, VO2 at VAT","est number of trials = rest recording length (5 min) * 60 bpm"
38518888,"10.1016/j.neuropsychologia.2024.108867",,"","Delving into the relationship between regular physical exercise and cardiac interoception in two cross-sectional studies","Yoris AE, Cira LF, Luque-Casado A, Salvotti C, Tajadura-Jiménez A, Avancini C, Zarza-Rebollo JA, Sanabria D, Perakakis P.","Neuropsychologia. 2024 Jun 6;198:108867. doi: 10.1016/j.neuropsychologia.2024.108867. Epub 2024 Mar 20.",2024,0,"Lifestyle/Physical exercise, Perception/Interoception/Cardiac, Perception/Exteroception/Somatosensory/Rubber hand illusion",0,"22.52+-3.74, 23.23+-2.46",0,45,1,"EEG",64,"na","na","1024","256","standard61","Fp1, Fpz, Fp2, AF7, AF3, AFz, AF4, AF8, F7, F5, F3, F1, Fz, F2, F4, F6, F8, FT7, FC5, FC3, FC1, FCz, FC2, FC4, FC6, FT8, T7, C5, C3, C1, Cz, C2, C4, C6, T8, TP7, CP5, CP3, CP1, CPz, CP2, CP4, CP6, TP8, P9, P7, P5, P3, P1, Pz, P2, P4, P6, P8, P10, PO7, PO3, POz, PO4, PO8, O1, Oz, O2, Iz","5","2","Lead I","Left wrist, Right wrist","unknown","unknown","unknown","unknown","unknown","Semi-automatic","unknown","HEPLAB","unknown","unknown","0.3","30",1,0,"Blinks, Muscle, CFA","","Semi-automatic","IClabel","","Noisy epochs","F1, FC3, FC1, C1, C3, CP3, CP1, CPz, F2, FC4, FC2, FCz, C2, CP2","na",2,1,"[est300]","Secondary","R-peak","750","800","-200","0","Group/Condition Differences","Amplitude",1,1,"t-test",0,"","1","","","","","ECG, Age, BMI, VO2 at VAT","est number of trials = rest recording length (5 min) * 60 bpm"
38518888,"10.1016/j.neuropsychologia.2024.108867",,"","Delving into the relationship between regular physical exercise and cardiac interoception in two cross-sectional studies","Yoris AE, Cira LF, Luque-Casado A, Salvotti C, Tajadura-Jiménez A, Avancini C, Zarza-Rebollo JA, Sanabria D, Perakakis P.","Neuropsychologia. 2024 Jun 6;198:108867. doi: 10.1016/j.neuropsychologia.2024.108867. Epub 2024 Mar 20.",2024,0,"Lifestyle/Physical exercise, Perception/Interoception/Cardiac, Perception/Exteroception/Somatosensory/Rubber hand illusion",0,"23.8+-3.47, 24.47+-4.79",1,60,1,"EEG",32,"na","na","1024","256","standard32","Fp1, Fp2, F7, F3, Fz, F4, F8, FT9, FC5, FC1, FC2, FC6, FT10, T7, C3, Cz, C4, T8, CP5, CP1, CP2, CP6, P7, P3, Pz, P4, P8, O1, Oz, O2","5","2","Lead I","Left wrist, Right wrist","unknown","unknown","unknown","unknown","unknown","Semi-automatic","unknown","HEPLAB","unknown","unknown","0.3","30",1,0,"Blinks, Muscle, CFA","","Semi-automatic","IClabel","","Noisy epochs","All","na",2,1,"[est300]","Primary","R-peak","-200","800","-200","0","Group/Condition Differences","Amplitude",0,0,"t-test",1,"unknown","0","","","","","ECG, Age, BMI, VO2 at VAT","est number of trials = rest recording length (5 min) * 60 bpm"
38518888,"10.1016/j.neuropsychologia.2024.108867",,"","Delving into the relationship between regular physical exercise and cardiac interoception in two cross-sectional studies","Yoris AE, Cira LF, Luque-Casado A, Salvotti C, Tajadura-Jiménez A, Avancini C, Zarza-Rebollo JA, Sanabria D, Perakakis P.","Neuropsychologia. 2024 Jun 6;198:108867. doi: 10.1016/j.neuropsychologia.2024.108867. Epub 2024 Mar 20.",2024,0,"Lifestyle/Physical exercise, Perception/Interoception/Cardiac, Perception/Exteroception/Somatosensory/Rubber hand illusion",0,"23.8+-3.47, 24.47+-4.79",1,60,1,"EEG",32,"na","na","1024","256","standard32","Fp1, Fp2, F7, F3, Fz, F4, F8, FT9, FC5, FC1, FC2, FC6, FT10, T7, C3, Cz, C4, T8, TP9, CP5, CP1, CP2, CP6, TP10, P7, P3, Pz, P4, P8, O1, Oz, O2","5","2","Lead I","Left wrist, Right wrist","unknown","unknown","unknown","unknown","unknown","Semi-automatic","unknown","HEPLAB","unknown","unknown","0.3","30",1,0,"Blinks, Muscle, CFA","","Semi-automatic","IClabel","","Noisy epochs","F3, FC1, C3, C4, CP1, CP2","na",2,1,"[est300]","Secondary","R-peak","750","800","-200","0","Group/Condition Differences","Amplitude",1,1,"t-test",0,"","0","","","","","ECG, Age, BMI, VO2 at VAT","est number of trials = rest recording length (5 min) * 60 bpm"
38467585,"10.1111/psyp.14563",0,"Not Related to HER","Unpredictable threat increases early event-related potential amplitudes and cardiac acceleration: A brain-heart coupling study","Gerpheide K, Unterschemmann SL, Panitz C, Bierwirth P, Gross JJ, Mueller EM.","Psychophysiology. 2024 Jul;61(7):e14563. doi: 10.1111/psyp.14563. Epub 2024 Mar 11.",2024,,"",,"",,,,"",,"","","","","","","","","","","","","","","","","","","","","","",,,"","","","","","","","",,,"","","","","","","","","",,,"",,"","","","","","","",""
38403782,"10.1038/s41598-024-55366-1",1,"Consider","Exploring the neural underpinnings of chord prediction uncertainty: an electroencephalography (EEG) study","Ono K, Mizuochi R, Yamamoto K, Sasaoka T, Ymawaki S.","Sci Rep. 2024 Feb 26;14(1):4586. doi: 10.1038/s41598-024-55366-1.",2024,0,"Perception/Exteroception/Auditory/Music, Cognitive processes/Prediction/Chord prediction",0,"22.3+-3.0",1,27,0,"EEG",64,"na","na","1000","500","standard61","Fp1, Fp2, AF7, AF3, AFz, AF4, AF8, F7, F5, F3, F1, Fz, F2, F4, F6, F8, FT9, FT7, FC5, FC3, FC1, FCz, FC2, FC4, FC6, FT8, FT10, T7, C5, C3, C1, Cz, C2, C4, C6, T8, TP9, TP7, CP5, CP3, CP1, CPz, CP2, CP4, CP6, TP8, TP10, P7, P5, P3, P1, Pz, P2, P4, P6, P8, PO7, PO3, POz, PO4, PO8, O1, Oz, O2",,"2","Lead II","Right clavicle, Left abdomen","unknown","1000","unknown","unknown","unknown","Automatic","Derivative sign","findpeaks","Nose","Laplacian reference","0.1","40",1,1,"unknown","","","","CSD","Noisy epochs","F3, F5, AF3, AF7, F1, Fz, F2, AFz, F4, F6, AF4, AF8","na",1,2,"143+-25","Primary","R-peak","300","500","-200","0","Group/Condition Differences","Amplitude",1,1,"ANOVA",0,"","1","","","","","ECG",""
38403782,"10.1038/s41598-024-55366-1",,"","Exploring the neural underpinnings of chord prediction uncertainty: an electroencephalography (EEG) study","Ono K, Mizuochi R, Yamamoto K, Sasaoka T, Ymawaki S.","Sci Rep. 2024 Feb 26;14(1):4586. doi: 10.1038/s41598-024-55366-1.",2024,0,"Perception/Exteroception/Auditory/Music, Cognitive processes/Prediction/Chord prediction",0,"22.3+-3.0",1,27,0,"EEG",64,"na","na","1000","500","standard61","Fp1, Fp2, AF7, AF3, AFz, AF4, AF8, F7, F5, F3, F1, Fz, F2, F4, F6, F8, FT9, FT7, FC5, FC3, FC1, FCz, FC2, FC4, FC6, FT8, FT10, T7, C5, C3, C1, Cz, C2, C4, C6, T8, TP9, TP7, CP5, CP3, CP1, CPz, CP2, CP4, CP6, TP8, TP10, P7, P5, P3, P1, Pz, P2, P4, P6, P8, PO7, PO3, POz, PO4, PO8, O1, Oz, O2",,"2","Lead II","Right clavicle, Left abdomen","unknown","1000","unknown","unknown","unknown","Automatic","Derivative sign","findpeaks","Nose","Laplacian reference","0.1","40",1,1,"unknown","","","","CSD","Noisy epochs","F3, F5, AF3, AF7, F1, Fz, F2, AFz, F4, F6, AF4, AF8","na",1,1,"288+-46","Primary","R-peak","300","500","-200","0","Correlation","Amplitude",1,1,"Correlation",0,"","1","","","","","ECG",""
38396068,"10.1038/s42003-024-05895-2",1,"Consider","Cardio-audio synchronization elicits neural and cardiac surprise responses in human wakefulness and sleep","Pelentritou A, Pfeiffer C, Schwartz S, De Lucia M.","Commun Biol. 2024 Feb 23;7(1):226. doi: 10.1038/s42003-024-05895-2.",2024,0,"Cognitive processes/Prediction/Omission response, Cognitive processes/Prediction/Prediction error, Sleep, Perception/Exteroception/Auditory, Methodology/Heartbeat-stimulus synchronicity",0,"20-35",1,26,0,"EEG",62,"na","na","1200","unknown","standard61","Fp1, Fpz, Fp2, AF7, AF3, AF4, AF8, F7, F5, F3, F1, Fz, F2, F4, F6, F8, FT7, FC5, FC3, FC1, FCz, FC2, FC4, FC6, FT8, T7, C5, C3, C1, Cz, C2, C4, C6, T8, TP7, CP5, CP3, CP1, CPz, CP2, CP4, CP6, TP8, P7, P5, P3, P1, Pz, P2, P4, P6, P8, PO7, PO3, POz, PO4, PO8, O1, Oz, O2, F9, F10",,"2","Unclassified","Right clavicle, Below the heart","unknown","unknown","unknown","0.1","140","Semi-automatic","Derivative sign","peakdetect","Linked earlobes","Common average","0.5","30",1,0,"CFA, Blinks, Eye movements","","unknown","unknown","","Noisy epochs, Bad channels","All","na",1,2,"231+-29","Primary","R-peak","-100","500","none","none","Group/Condition Differences","Amplitude",0,0,"t-test",1,"5000","1","AF4, F3, F1, Fz, F2, F4, F6, FC1, FCz, FC2, FC4, FC6, FT8, C3, C1, Cz, C2, C4, C6","R-peak","158","216","ECG",""
38396068,"10.1038/s42003-024-05895-2",,"","Cardio-audio synchronization elicits neural and cardiac surprise responses in human wakefulness and sleep","Pelentritou A, Pfeiffer C, Schwartz S, De Lucia M.","Commun Biol. 2024 Feb 23;7(1):226. doi: 10.1038/s42003-024-05895-2.",2024,0,"Cognitive processes/Prediction/Omission response, Cognitive processes/Prediction/Prediction error, Sleep, Perception/Exteroception/Auditory, Methodology/Heartbeat-stimulus synchronicity",0,"20-35",1,23,0,"EEG",62,"na","na","1200","unknown","standard61","Fp1, Fpz, Fp2, AF7, AF3, AF4, AF8, F7, F5, F3, F1, Fz, F2, F4, F6, F8, FT7, FC5, FC3, FC1, FCz, FC2, FC4, FC6, FT8, T7, C5, C3, C1, Cz, C2, C4, C6, T8, TP7, CP5, CP3, CP1, CPz, CP2, CP4, CP6, TP8, P7, P5, P3, P1, Pz, P2, P4, P6, P8, PO7, PO3, POz, PO4, PO8, O1, Oz, O2, F9, F10",,"2","Unclassified","Right clavicle, Below the heart","unknown","unknown","unknown","0.1","140","Semi-automatic","Derivative sign","peakdetect","Linked earlobes","Common average","0.5","30",1,0,"CFA, Blinks, Eye movements","","unknown","unknown","","Noisy epochs, Bad channels","All","na",1,2,"368+-167","Primary","R-peak","-100","500","none","none","Group/Condition Differences","Amplitude",0,0,"t-test",1,"5000","1","F3, FC5, FC3, FC1, FCz, FC2, C5, C3, Cz, C2, CP1, CP2","R-peak","332","500","ECG",""
38379451,"10.1002/hbm.26613",1,"Consider","Transcutaneous auricular vagus nerve stimulation modulates the processing of interoceptive prediction error signals and their role in allostatic regulation","Ventura-Bort C, Weymar M.","Hum Brain Mapp. 2024 Feb 15;45(3):e26613. doi: 10.1002/hbm.26613.",2024,0,"Manipulation/Stimulation/Vagus nerve stimulation, Perception/Interoception/Cardiac",0,"24.46+-5.18",1,53,0,"EEG",5,"na","na","2000","250","standard19","Fpz, Fz, Cz, Pz, Oz","6","2","Lead II","Right wrist, Left leg","unknown","2000","unknown","unknown","unknown","unknown","unknown","unknown","Linked mastoids","unknown","unknown","20",0,,"","","","","","Noisy epochs, revised aligned artifact average procedure","Fpz, Fz, Cz, Pz, Oz","na",1,8,"[est207]","Primary","R-peak","0","600","-200","-100","Group/Condition Differences","Amplitude",0,0,"ANOVA",1,"1000","1","Fz","R-peak","272","308","RMSSD","est number of trials = average number of seconds per task per block * (1-percentage of removed trials)"
38369098,"10.1016/j.pnpbp.2024.110969",1,"Consider","Aberrant heartbeat-evoked potential in schizophrenia","Koreki A, Ogyu K, Miyazaki T, Takenouchi K, Matsushita K, Honda S, Koizumi T, Onaya M, Uchida H, Mimura M, Nakajima S, Noda Y.","Prog Neuropsychopharmacol Biol Psychiatry. 2024 Jun 8;132:110969. doi: 10.1016/j.pnpbp.2024.110969. Epub 2024 Feb 16.",2024,0,"Patients/Psychiatric/Schizophrenia",1,"41.5+-13.0, 40.5+-11.6",1,92,1,"EEG",19,"na","na","500","unknown","standard19","Fp1, Fp2, F3, F4, F7, F8, Fz, C3, C4, Cz, P3, P4, Pz, O1, O2, T3, T4, T5, T6","10","2","Lead I","Right wrist, Left wrist","unknown","unknown","unknown","unknown","unknown","unknown","unknown","MNE-Python","Linked mastoids","Common Average","0.53","30",0,,"","","","","limit analysis to time of minimal artifact","Noisy epochs, Gratton-Coles blink detection","Fp1, Fp2, F3, F4, F7, F8, Fz, C3, C4, Cz","na",2,1,"[est650]","Primary","R-peak","400","500","-200","-100","Group/Condition Differences","Amplitude",0,1,"ANOVA",1,"unknown","1","Fp2, F4, F8","R-peak","400","500","Age, Sex, BMI, Education, HR, QT interval, ECG","est number of trials is based on average HR reported"
38369098,"10.1016/j.pnpbp.2024.110969",,"","Aberrant heartbeat-evoked potential in schizophrenia","Koreki A, Ogyu K, Miyazaki T, Takenouchi K, Matsushita K, Honda S, Koizumi T, Onaya M, Uchida H, Mimura M, Nakajima S, Noda Y.","Prog Neuropsychopharmacol Biol Psychiatry. 2024 Jun 8;132:110969. doi: 10.1016/j.pnpbp.2024.110969. Epub 2024 Feb 16.",2024,0,"Patients/Psychiatric/Schizophrenia",1,"41.5+-13.0, 40.5+-11.6",1,61,1,"EEG",19,"na","na","500","unknown","standard19","Fp1, Fp2, F3, F4, F7, F8, Fz, C3, C4, Cz, P3, P4, Pz, O1, O2, T3, T4, T5, T6","10","2","Lead I","Right wrist, Left wrist","unknown","unknown","unknown","unknown","unknown","unknown","unknown","MNE-Python","Linked mastoids","Common Average","0.53","30",0,,"","","","","limit analysis to time of minimal artifact","Noisy epochs, Gratton-Coles blink detection","Fp2, F4, F8","na",1,1,"[est700]","Secondary","R-peak","400","500","-200","-100","Correlation","Amplitude",1,1,"Correlation",0,"","1","","","","","HR, QT interval, ECG, RMSSD, Medication, Illness duration, Hospitalization ","est number of trials is based on average HR reported"
38369098,"10.1016/j.pnpbp.2024.110969",,"","Aberrant heartbeat-evoked potential in schizophrenia","Koreki A, Ogyu K, Miyazaki T, Takenouchi K, Matsushita K, Honda S, Koizumi T, Onaya M, Uchida H, Mimura M, Nakajima S, Noda Y.","Prog Neuropsychopharmacol Biol Psychiatry. 2024 Jun 8;132:110969. doi: 10.1016/j.pnpbp.2024.110969. Epub 2024 Feb 16.",2024,0,"Patients/Psychiatric/Schizophrenia",1,"41.5+-13.0, 40.5+-11.6",1,92,1,"EEG",19,"na","na","500","unknown","standard19","Fp1, Fp2, F3, F4, F7, F8, Fz, C3, C4, Cz, P3, P4, Pz, O1, O2, T3, T4, T5, T6","10","2","Lead I","Right wrist, Left wrist","unknown","unknown","unknown","unknown","unknown","unknown","unknown","MNE-Python","Linked mastoids","Common Average","0.53","30",0,,"","","","","limit analysis to time of minimal artifact","Noisy epochs, Gratton-Coles blink detection","Fp1, Fp2, F3, F4, F7, F8, Fz, C3, C4, Cz","na",2,1,"[est650]","Primary","R-peak","400","500","-200","-100","Group/Condition Differences","Amplitude",0,1,"unknown",1,"unknown","1","Fp2, F4","R-peak","400","500","HR, QT interval, ECG, RMSSD, Medication, Illness duration, Hospitalization ","est number of trials is based on average HR reported"
38318683,"10.1111/psyp.14535",1,"Consider","Interoception as a function of hypnotizability during rest and a heartbeat counting task","Giusti G, Zelič Ž, Callara AL, Sebastiani L, Santarcangelo EL.","Psychophysiology. 2024 Jun;61(6):e14535. doi: 10.1111/psyp.14535. Epub 2024 Feb 6.",2024,0,"Manipulation/Hypnosis/Hypnotizability, Perception/Interoception/Cardiac",0,"24.46+-3.66",1,46,1,"EEG",28,"na","na","unknown","unknown","standard32","Fp1, Fp2, AF3, AF4, F7, F3, Fz, F4, F8, C3, FC1, FC2, C4, T7, Cz, T8, CP5, CP1, CP2, CP6, P7, P3, Pz, P4, P8, PO3, PO4, Oz","10","2","Lead I","Left clavicle, Right clavicle","unknown","unknown","unknown","unknown","unknown","Semi-automatic","PanTompkins1985","unknown","Cz","unknown","0.5","45",1,0,"Eye movements, Muscle, CFA, Other","","unknown","Topography, Time course, Power spectrum","","Bad channels, manual removal of artifacts","Fp1, Fp2, AF3, AF4, F7, F3, Fz, F4, F8, C3, FC1, FC2, C4, T7, Cz, T8, CP5, CP1, CP2, CP6, P7, P3, Pz, P4, P8, PO3, PO4, Oz","na",3,1,"[est600]","Primary","R-peak","200","600","-200","0","Group/Condition Differences","Amplitude",0,0,"ANOVA",1,"2000","1","C4","R-peak","224","354","Age, anxiety","est number of trials = rest recording length (10 min) * 60 bpm"
38318683,"10.1111/psyp.14535",,"","Interoception as a function of hypnotizability during rest and a heartbeat counting task","Giusti G, Zelič Ž, Callara AL, Sebastiani L, Santarcangelo EL.","Psychophysiology. 2024 Jun;61(6):e14535. doi: 10.1111/psyp.14535. Epub 2024 Feb 6.",2024,0,"Manipulation/Hypnosis/Hypnotizability, Perception/Interoception/Cardiac",0,"24.46+-3.66",1,46,1,"EEG",28,"na","na","unknown","unknown","standard32","Fp1, Fp2, AF3, AF4, F7, F3, Fz, F4, F8, C3, FC1, FC2, C4, T7, Cz, T8, CP5, CP1, CP2, CP6, P7, P3, Pz, P4, P8, PO3, PO4, Oz","10","2","Lead I","Left clavicle, Right clavicle","unknown","unknown","unknown","unknown","unknown","Semi-automatic","PanTompkins1985","unknown","Cz","unknown","0.5","45",1,0,"Eye movements, Muscle, CFA, Other","","unknown","Topography, Time course, Power spectrum","","Bad channels, manual removal of artifacts","Fp1, Fp2, AF3, AF4, F7, F3, Fz, F4, F8, C3, FC1, FC2, C4, T7, Cz, T8, CP5, CP1, CP2, CP6, P7, P3, Pz, P4, P8, PO3, PO4, Oz","na",3,1,"[est600]","Primary","R-peak","200","600","-200","0","Group/Condition Differences","Amplitude",0,0,"ANOVA",1,"2000","1","C4","R-peak","490","548","","est number of trials = rest recording length (10 min) * 60 bpm"
38318683,"10.1111/psyp.14535",,"","Interoception as a function of hypnotizability during rest and a heartbeat counting task","Giusti G, Zelič Ž, Callara AL, Sebastiani L, Santarcangelo EL.","Psychophysiology. 2024 Jun;61(6):e14535. doi: 10.1111/psyp.14535. Epub 2024 Feb 6.",2024,0,"Manipulation/Hypnosis/Hypnotizability, Perception/Interoception/Cardiac",0,"24.46+-3.66",1,28,1,"EEG",28,"na","na","unknown","unknown","standard32","Fp1, Fp2, AF3, AF4, F7, F3, Fz, F4, F8, C3, FC1, FC2, C4, T7, Cz, T8, CP5, CP1, CP2, CP6, P7, P3, Pz, P4, P8, PO3, PO4, Oz","10","2","Lead I","Left clavicle, Right clavicle","unknown","unknown","unknown","unknown","unknown","Semi-automatic","PanTompkins1985","unknown","Cz","unknown","0.5","45",1,0,"Eye movements, Muscle, CFA, Other","","unknown","Topography, Time course, Power spectrum","","Bad channels, manual removal of artifacts","Fp1, Fp2, AF3, AF4, F7, F3, Fz, F4, F8, C3, FC1, FC2, C4, T7, Cz, T8, CP5, CP1, CP2, CP6, P7, P3, Pz, P4, P8, PO3, PO4, Oz","na",2,1,"[est600]","Primary","R-peak","200","600","-200","0","Group/Condition Differences","Amplitude",0,0,"t-test",0,"","1","","","","","","est number of trials = rest recording length (10 min) * 60 bpm"
38318683,"10.1111/psyp.14535",,"","Interoception as a function of hypnotizability during rest and a heartbeat counting task","Giusti G, Zelič Ž, Callara AL, Sebastiani L, Santarcangelo EL.","Psychophysiology. 2024 Jun;61(6):e14535. doi: 10.1111/psyp.14535. Epub 2024 Feb 6.",2024,0,"Manipulation/Hypnosis/Hypnotizability, Perception/Interoception/Cardiac",0,"24.46+-3.66",1,46,1,"EEG",28,"na","na","unknown","unknown","standard32","Fp1, Fp2, AF3, AF4, F7, F3, Fz, F4, F8, C3, FC1, FC2, C4, T7, Cz, T8, CP5, CP1, CP2, CP6, P7, P3, Pz, P4, P8, PO3, PO4, Oz","10","2","Lead I","Left clavicle, Right clavicle","unknown","unknown","unknown","unknown","unknown","Semi-automatic","PanTompkins1985","unknown","Cz","unknown","0.5","45",1,0,"Eye movements, Muscle, CFA, Other","","unknown","Topography, Time course, Power spectrum","","Bad channels, manual removal of artifacts","C4","na",1,1,"[est600]","Secondary","R-peak","224","354","-200","0","Correlation","Amplitude",1,1,"Correlation",0,"","1","","","","","Anxiety, number of heartbeats","est number of trials = rest recording length (10 min) * 60 bpm"
38318683,"10.1111/psyp.14535",,"","Interoception as a function of hypnotizability during rest and a heartbeat counting task","Giusti G, Zelič Ž, Callara AL, Sebastiani L, Santarcangelo EL.","Psychophysiology. 2024 Jun;61(6):e14535. doi: 10.1111/psyp.14535. Epub 2024 Feb 6.",2024,0,"Manipulation/Hypnosis/Hypnotizability, Perception/Interoception/Cardiac",0,"24.46+-3.66",1,46,1,"EEG",28,"na","na","unknown","unknown","standard32","Fp1, Fp2, AF3, AF4, F7, F3, Fz, F4, F8, C3, FC1, FC2, C4, T7, Cz, T8, CP5, CP1, CP2, CP6, P7, P3, Pz, P4, P8, PO3, PO4, Oz","10","2","Lead I","Left clavicle, Right clavicle","unknown","unknown","unknown","unknown","unknown","Semi-automatic","PanTompkins1985","unknown","Cz","unknown","0.5","45",1,0,"Eye movements, Muscle, CFA, Other","","unknown","Topography, Time course, Power spectrum","","Bad channels, manual removal of artifacts","C4","na",1,1,"[est600]","Secondary","R-peak","490","548","-200","0","Correlation","Amplitude",1,1,"Correlation",0,"","1","","","","","Anxiety, number of heartbeats","est number of trials = rest recording length (10 min) * 60 bpm"
38318683,"10.1111/psyp.14535",,"","Interoception as a function of hypnotizability during rest and a heartbeat counting task","Giusti G, Zelič Ž, Callara AL, Sebastiani L, Santarcangelo EL.","Psychophysiology. 2024 Jun;61(6):e14535. doi: 10.1111/psyp.14535. Epub 2024 Feb 6.",2024,0,"Manipulation/Hypnosis/Hypnotizability, Perception/Interoception/Cardiac",0,"24.46+-3.66",1,46,0,"EEG",28,"na","na","unknown","unknown","standard32","Fp1, Fp2, AF3, AF4, F7, F3, Fz, F4, F8, C3, FC1, FC2, C4, T7, Cz, T8, CP5, CP1, CP2, CP6, P7, P3, Pz, P4, P8, PO3, PO4, Oz",,"2","Lead I","Left clavicle, Right clavicle","unknown","unknown","unknown","unknown","unknown","Semi-automatic","PanTompkins1985","unknown","Cz","unknown","0.5","45",1,0,"Eye movements, Muscle, CFA, Other","","unknown","Topography, Time course, Power spectrum","","Bad channels, manual removal of artifacts","Fp1, Fp2, AF3, AF4, F7, F3, Fz, F4, F8, C3, FC1, FC2, C4, T7, Cz, T8, CP5, CP1, CP2, CP6, P7, P3, Pz, P4, P8, PO3, PO4, Oz","na",3,4,"135+-21","Primary","R-peak","200","600","-200","0","Group/Condition Differences","Amplitude",0,0,"ANOVA",1,"2000","1","C4","R-peak","230","310","Age, Anxiety",""
38318683,"10.1111/psyp.14535",,"","Interoception as a function of hypnotizability during rest and a heartbeat counting task","Giusti G, Zelič Ž, Callara AL, Sebastiani L, Santarcangelo EL.","Psychophysiology. 2024 Jun;61(6):e14535. doi: 10.1111/psyp.14535. Epub 2024 Feb 6.",2024,0,"Manipulation/Hypnosis/Hypnotizability, Perception/Interoception/Cardiac",0,"24.46+-3.66",1,28,0,"EEG",28,"na","na","unknown","unknown","standard32","Fp1, Fp2, AF3, AF4, F7, F3, Fz, F4, F8, C3, FC1, FC2, C4, T7, Cz, T8, CP5, CP1, CP2, CP6, P7, P3, Pz, P4, P8, PO3, PO4, Oz",,"2","Lead I","Left clavicle, Right clavicle","unknown","unknown","unknown","unknown","unknown","Semi-automatic","PanTompkins1985","unknown","Cz","unknown","0.5","45",1,0,"Eye movements, Muscle, CFA, Other","","unknown","Topography, Time course, Power spectrum","","Bad channels, manual removal of artifacts","Fp1, Fp2, AF3, AF4, F7, F3, Fz, F4, F8, C3, FC1, FC2, C4, T7, Cz, T8, CP5, CP1, CP2, CP6, P7, P3, Pz, P4, P8, PO3, PO4, Oz","na",2,1,"135+-21","Primary","R-peak","200","600","-200","0","Group/Condition Differences","Amplitude",0,0,"t-test",0,"","1","","","","","",""
38318683,"10.1111/psyp.14535",,"","Interoception as a function of hypnotizability during rest and a heartbeat counting task","Giusti G, Zelič Ž, Callara AL, Sebastiani L, Santarcangelo EL.","Psychophysiology. 2024 Jun;61(6):e14535. doi: 10.1111/psyp.14535. Epub 2024 Feb 6.",2024,0,"Manipulation/Hypnosis/Hypnotizability, Perception/Interoception/Cardiac",0,"24.46+-3.66",1,46,0,"EEG",28,"na","na","unknown","unknown","standard32","Fp1, Fp2, AF3, AF4, F7, F3, Fz, F4, F8, C3, FC1, FC2, C4, T7, Cz, T8, CP5, CP1, CP2, CP6, P7, P3, Pz, P4, P8, PO3, PO4, Oz",,"2","Lead I","Left clavicle, Right clavicle","unknown","unknown","unknown","unknown","unknown","Semi-automatic","PanTompkins1985","unknown","Cz","unknown","0.5","45",1,0,"Eye movements, Muscle, CFA, Other","","unknown","Topography, Time course, Power spectrum","","Bad channels, manual removal of artifacts","C4","na",1,1,"141+-21","Secondary","R-peak","230","310","-200","0","Correlation","Amplitude",1,1,"Correlation",0,"","1","","","","","Anxiety, number of heartbeats, attention to the task",""
38314779,"10.1097/j.pain.0000000000003171",0,"Not Related to HER","Noninvasive neuromodulation of subregions of the human insula differentially affect pain processing and heart-rate variability: a within-subjects pseudo-randomized trial","Legon W, Strohman A, In A, Payne B.","Pain. 2024 Jul 1;165(7):1625-1641. doi: 10.1097/j.pain.0000000000003171. Epub 2024 Feb 1.",2024,,"",,"",,,,"",,"","","","","","","","","","","","","","","","","","","","","","",,,"","","","","","","","",,,"","","","","","","","","",,,"",,"","","","","","","",""
38291167,"10.1038/s41386-024-01806-5",1,"Consider","Heartbeat-evoked neural response abnormalities in generalized anxiety disorder during peripheral adrenergic stimulation","Verdonk C, Teed AR, White EJ, Ren X, Stewart JL, Paulus MP, Khalsa SS.","Neuropsychopharmacology. 2024 Jul;49(8):1246-1254. doi: 10.1038/s41386-024-01806-5. Epub 2024 Jan 30.",2024,0,"Patients/Psychiatric/Generalized anxiety disorder, Manipulation/Medication/Isoproterenol, Perception/Interoception/Cardiac, Perception/Interoception/Respiratory",1,"26.5+-6.9, 24.3+-5.6",1,48,0,"EEG",31,"na","na","5000","250","standard32","Fp1, Fp2, F7, F3, Fz, F4, F8, FC5, FC1, FC2, FC6, T7, C3, Cz, C4, T8, TP9, CP5, CP1, CP2, CP6, TP10, P7, P3, Pz, P4, P8, POz, O1, Oz, O2",,"1","Unclassified","Upper back","unknown","5000","unknown","unknown","unknown","Semi-automatic","unknown","unknown","unknown","Common average","0.3","30",1,1,"Eye movements, blinks, CFA, other","","Manual","Time course","limit analysis to time of minimal artifact","fMRI gradient & BCG artefact","All","na",2,1,"396+-120","Primary","R-peak","100","600","-100","-50","Group/Condition Differences","Amplitude",0,0,"t-test",1,"10000","1","F4, C4, P4, T8, P8, FC2, CP2, FC6, CP6, TP10","R-peak","228","272","Age, BMI, gender",""
38291167,"10.1038/s41386-024-01806-5",,"","Heartbeat-evoked neural response abnormalities in generalized anxiety disorder during peripheral adrenergic stimulation","Verdonk C, Teed AR, White EJ, Ren X, Stewart JL, Paulus MP, Khalsa SS.","Neuropsychopharmacology. 2024 Jul;49(8):1246-1254. doi: 10.1038/s41386-024-01806-5. Epub 2024 Jan 30.",2024,0,"Patients/Psychiatric/Generalized anxiety disorder, Manipulation/Medication/Isoproterenol, Perception/Interoception/Cardiac, Perception/Interoception/Respiratory",1,"26.5+-6.9, 24.3+-5.6",1,48,0,"EEG",31,"na","na","5000","250","standard32","Fp1, Fp2, F7, F3, Fz, F4, F8, FC5, FC1, FC2, FC6, T7, C3, Cz, C4, T8, TP9, CP5, CP1, CP2, CP6, TP10, P7, P3, Pz, P4, P8, POz, O1, Oz, O2",,"1","Unclassified","Upper back","unknown","5000","unknown","unknown","unknown","Semi-automatic","unknown","unknown","unknown","Common average","0.3","30",1,1,"Eye movements, blinks, CFA, other","","Manual","Time course","limit analysis to time of minimal artifact","fMRI gradient & BCG artefact","All","na",2,1,"396+-120","Primary","R-peak","100","600","-100","-50","Group/Condition Differences","Amplitude",0,0,"t-test",1,"10000","1","Cz, Pz, CP1, CP2","R-peak","532","584","Age, BMI, gender",""
38291167,"10.1038/s41386-024-01806-5",,"","Heartbeat-evoked neural response abnormalities in generalized anxiety disorder during peripheral adrenergic stimulation","Verdonk C, Teed AR, White EJ, Ren X, Stewart JL, Paulus MP, Khalsa SS.","Neuropsychopharmacology. 2024 Jul;49(8):1246-1254. doi: 10.1038/s41386-024-01806-5. Epub 2024 Jan 30.",2024,0,"Patients/Psychiatric/Generalized anxiety disorder, Manipulation/Medication/Isoproterenol, Perception/Interoception/Cardiac, Perception/Interoception/Respiratory",1,"26.5+-6.9, 24.3+-5.6",1,48,1,"EEG",31,"na","na","5000","250","standard32","Fp1, Fp2, F7, F3, Fz, F4, F8, FC5, FC1, FC2, FC6, T7, C3, Cz, C4, T8, TP9, CP5, CP1, CP2, CP6, TP10, P7, P3, Pz, P4, P8, POz, O1, Oz, O2",,"1","Unclassified","Upper back","unknown","5000","unknown","unknown","unknown","Semi-automatic","unknown","unknown","unknown","Common average","0.3","30",1,1,"Eye movements, blinks, CFA, other","","Manual","Time course","limit analysis to time of minimal artifact","fMRI gradient & BCG artefact","All","na",2,1,"396+-120","Primary","R-peak","100","600","-100","-50","Group/Condition Differences","Amplitude",0,0,"t-test",1,"10000","1","Fz, F4, Cz, C4, FC2, FC6, CP2","R-peak","240","312","Age, BMI, gender",""
38291167,"10.1038/s41386-024-01806-5",,"","Heartbeat-evoked neural response abnormalities in generalized anxiety disorder during peripheral adrenergic stimulation","Verdonk C, Teed AR, White EJ, Ren X, Stewart JL, Paulus MP, Khalsa SS.","Neuropsychopharmacology. 2024 Jul;49(8):1246-1254. doi: 10.1038/s41386-024-01806-5. Epub 2024 Jan 30.",2024,0,"Patients/Psychiatric/Generalized anxiety disorder, Manipulation/Medication/Isoproterenol, Perception/Interoception/Cardiac, Perception/Interoception/Respiratory",1,"26.5+-6.9, 24.3+-5.6",1,48,1,"EEG",31,"na","na","5000","250","standard32","Fp1, Fp2, F7, F3, Fz, F4, F8, FC5, FC1, FC2, FC6, T7, C3, Cz, C4, T8, TP9, CP5, CP1, CP2, CP6, TP10, P7, P3, Pz, P4, P8, POz, O1, Oz, O2",,"1","Unclassified","Upper back","unknown","5000","unknown","unknown","unknown","Semi-automatic","unknown","unknown","unknown","Common average","0.3","30",1,1,"Eye movements, blinks, CFA, other","","Manual","Time course","limit analysis to time of minimal artifact","fMRI gradient & BCG artefact","All","na",2,1,"396+-120","Primary","R-peak","100","600","-100","-50","Group/Condition Differences","Amplitude",0,0,"t-test",1,"10000","1","F4, C4, P4, Cz, Fz, FC2, CP2, FC6","R-peak","240","312","Age, BMI, gender",""
38291167,"10.1038/s41386-024-01806-5",,"","Heartbeat-evoked neural response abnormalities in generalized anxiety disorder during peripheral adrenergic stimulation","Verdonk C, Teed AR, White EJ, Ren X, Stewart JL, Paulus MP, Khalsa SS.","Neuropsychopharmacology. 2024 Jul;49(8):1246-1254. doi: 10.1038/s41386-024-01806-5. Epub 2024 Jan 30.",2024,0,"Patients/Psychiatric/Generalized anxiety disorder, Manipulation/Medication/Isoproterenol, Perception/Interoception/Cardiac, Perception/Interoception/Respiratory",1,"26.5+-6.9, 24.3+-5.6",1,42,1,"EEG",31,"na","na","5000","250","standard32","Fp1, Fp2, F7, F3, Fz, F4, F8, FC5, FC1, FC2, FC6, T7, C3, Cz, C4, T8, TP9, CP5, CP1, CP2, CP6, TP10, P7, P3, Pz, P4, P8, POz, O1, Oz, O2",,"1","Unclassified","Upper back","unknown","5000","unknown","unknown","unknown","Semi-automatic","unknown","unknown","unknown","Common average","0.3","30",1,1,"Eye movements, blinks, CFA, other","","Manual","Time course","limit analysis to time of minimal artifact","fMRI gradient & BCG artefact","F4, C4, P4, T8, P8, FC2, CP2, FC6, CP6, TP10","na",1,1,"396+-120","Secondary","R-peak","228","272","-100","50","Correlation","Amplitude",1,1,"Correlation",0,"","0","","","","","",""
38243640,"10.1002/acn3.52000",1,"Consider","Aberrant brain-heart coupling is associated with the severity of post cardiac arrest brain injury","Hermann B, Candia-Rivera D, Sharshar T, Gavaret M, Diehl JL, Cariou A, Benghanem S.","Ann Clin Transl Neurol. 2024 Apr;11(4):866-882. doi: 10.1002/acn3.52000. Epub 2024 Jan 19.",2024,0,"Patients/Cardiovascular/Cardiac arrest, Patients/Neurological/Brain injury/Hypoxic-ischemic brain injury, Patients/Disorders of consciousness/Coma",1,"50-72",1,181,1,"EEG",13,"na","na","256","unknown","standard19","Fp1, Fp2, F7, F8, T3, T4, T5, T6, C3, Cz, C4, O1, O2","5","2","Unclassified","unknown","unknown","256","unknown","0.5","20","Semi-automatic","Elgendi2013","unknown","unknown","Common average","0.5","45",1,0,"Eye movements, blinks, CFA","","Manual","Time course","RR at least 500 ms","Noisy epochs","All","na",2,1,"[est300]","Primary","R-peak","0","500","unknown","unknown","Group/Condition Differences","Amplitude",0,0,"Non-parametric comparison",1,"10000","0","","","","","HRV, Surrogate heartbeats","est number of trials = rest recording length (5 min) * 60 bpm"
38232584,"10.1016/j.jstrokecerebrovasdis.2024.107576",0,"Not Related to HER","Cost-benefit analysis of intraoperative neuromonitoring for cardiac surgery","Jain B, Rahim FO, Thirumala PD, McGarvey ML, Balzer J, Nogueira RG, van der Goes DN, de Havenon A, Sultan I, Ney J.","J Stroke Cerebrovasc Dis. 2024 Mar;33(3):107576. doi: 10.1016/j.jstrokecerebrovasdis.2024.107576. Epub 2024 Jan 12.",2024,,"",,"",,,,"",,"","","","","","","","","","","","","","","","","","","","","","",,,"","","","","","","","",,,"","","","","","","","","",,,"",,"","","","","","","",""
38187733,"10.1101/2023.12.15.571885",0,"Preprint","Neural Interoceptive Processing is Modulated by Deep Brain Stimulation for Treatment Resistant Depression","Xu E, Pitts S, Dahill-Fuchel J, Scherrer S, Nauvel T, Overton JG, Riva-Posse P, Crowell A, Figee M, Alagapan S, Rozell C, Choi KS, Mayberg HS, Waters AC.","bioRxiv [Preprint]. 2023 Dec 20:2023.12.15.571885. doi: 10.1101/2023.12.15.571885.",2023,,"",,"",,,,"",,"","","","","","","","","","","","","","","","","","","","","","",,,"","","","","","","","",,,"","","","","","","","","",,,"",,"","","","","","","",""
38182418,"10.1523/JNEUROSCI.1011-23.2023",0,"Not Related to HER","Low-Intensity Focused Ultrasound to the Human Dorsal Anterior Cingulate Attenuates Acute Pain Perception and Autonomic Responses","Strohman A, Payne B, In A, Stebbins K, Legon W.","J Neurosci. 2024 Feb 21;44(8):e1011232023. doi: 10.1523/JNEUROSCI.1011-23.2023.",2024,,"",,"",,,,"",,"","","","","","","","","","","","","","","","","","","","","","",,,"","","","","","","","",,,"","","","","","","","","",,,"",,"","","","","","","",""
38015826,"10.1371/journal.pbio.3002393",1,"Consider","Cardiac activity impacts cortical motor excitability","Al E, Stephani T, Engelhardt M, Haegens S, Villringer A, Nikulin VV.","PLoS Biol. 2023 Nov 28;21(11):e3002393. doi: 10.1371/journal.pbio.3002393. eCollection 2023 Nov.",2023,0,"Physiology/Cardiac cycle phase, Physiology/Corticospinal excitability, Evoked responses/Motor evoked potential, Manipulation/Stimulation/Brain stimulation/Transcranial magnetic stimulation (TMS)",0,"27.97+-4.13",1,36,0,"EEG",62,"na","na","5000","unknown","standard61","Fp1, Fpz, Fp2, AF7, AF3, AFz, AF4, AF8, F9, F7, F5, F3, F1, Fz, F2, F4, F6, F8, F10, FT9, FC7, FC5, FC3, FC1, FC2, FC4, FC6, FC8, FT10, T7, C5, C3, C1, Cz, C2, C4, C6, T8, TP7, CP5, CP3, CP1, CPz, CP2, CP4, CP6, TP8, P7, P5, P3, P1, Pz, P2, P4, P6, P8, PO7, PO3, PO4, PO8, O1, O2",,"1","Unclassified","Left chest","unknown","unknown","unknown","unknown","unknown","unknown","unknown","unknown","Left mastoid","Linked mastoids","0.5","45",1,0,"CFA, Eye movements, Blinks, Muscle, Other","","Automatic","unknown","","","FC2, Cz, C4, CP1, CP2, Pz, P4, C1, C2, CPz, CP4, P1, P2","na",1,2,"[est277]","Primary","R-peak","296","400","-100","0","Group/Condition Differences","Amplitude",0,0,"t-test",1,"1000","1","FC2, Cz, C4, CP1, CP2, Pz, P4, C1, C2, CPz, CP4, P1, P2","R-peak","304","324","Surrogate heartbeats",""
38009624,"10.1002/erv.3049",1,"Consider","Cardiac interoception in Anorexia Nervosa: A resting-state heartbeat-evoked potential study","Cambi S, Solcà M, Micali N, Berchio C.","Eur Eat Disord Rev. 2024 May;32(3):417-430. doi: 10.1002/erv.3049. Epub 2023 Nov 27.",2024,0,"Patients/Psychiatric/Anorexia nervosa, Age group/Adolescents",1,"17[4], 16[2.75]",1,41,1,"EEG",256,"na","na","1000","250","GSN-HydroCel-257","layout","5","2","Unclassified","Left chest, Sternum","unknown","unknown","unknown","unknown","unknown","Semi-automatic","Varon2015","R-DECO","Cz","Common average","1","40",1,1,"Eye movements, CFA","","Manual","Topography, Time course","limit analysis to time of minimal artifact","Manual removal of artifacts","unknown","na",2,1,"333+-65","Primary","R-peak","150","600","unknown","unknown","Group/Condition Differences","Amplitude",0,0,"t-test",0,"5000","1","unknown","R-peak","268","568","ECG, HR, SDRR",""
38009624,"10.1002/erv.3049",,"","Cardiac interoception in Anorexia Nervosa: A resting-state heartbeat-evoked potential study","Cambi S, Solcà M, Micali N, Berchio C.","Eur Eat Disord Rev. 2024 May;32(3):417-430. doi: 10.1002/erv.3049. Epub 2023 Nov 27.",2024,0,"Patients/Psychiatric/Anorexia nervosa, Age group/Adolescents",1,"17[4], 16[2.75]",1,41,1,"EEG",256,"na","na","1000","250","GSN-HydroCel-257","layout","5","2","Unclassified","Left chest, Sternum","unknown","unknown","unknown","unknown","unknown","Semi-automatic","Varon2015","R-DECO","Cz","Common average","1","40",1,1,"Eye movements, CFA","","Manual","Topography, Time course","limit analysis to time of minimal artifact","Manual removal of artifacts","unknown","na",2,1,"333+-65","Primary","R-peak","150","600","unknown","unknown","Group/Condition Differences","Topography",1,0,"ANOVA",0,"5000","1","unknown","R-peak","332","348","ECG, HR, SDRR",""
37920446,"10.3389/fnetp.2023.1242505",0,"Not Related to HER","Time-varying information measures: an adaptive estimation of information storage with application to brain-heart interactions","Antonacci Y, Barà C, Zaccaro A, Ferri F, Pernice R, Faes L.","Front Netw Physiol. 2023 Oct 18;3:1242505. doi: 10.3389/fnetp.2023.1242505. eCollection 2023.",2023,,"",,"",,,,"",,"","","","","","","","","","","","","","","","","","","","","","",,,"","","","","","","","",,,"","","","","","","","","",,,"",,"","","","","","","",""
37888955,"10.7554/eLife.75352",1,"Consider","Conscious processing of global and local auditory irregularities causes differentiated heartbeat-evoked responses","Candia-Rivera D, Raimondo F, Pérez P, Naccache L, Tallon-Baudry C, Sitt JD.","Elife. 2023 Oct 27;12:e75352. doi: 10.7554/eLife.75352.",2023,0,"Patients/Disorders of consciousness/Minimally conscious state (MCS), Patients/Disorders of consciousness/Unresponsive wakefulness syndrome (UWS), Perception/Exteroception/Auditory, Cognitive processes/Prediction/Deviant",1,"unknown",1,40,0,"EEG",256,"na","na","250","unknown","GSN-HydroCel-257","layout",,"0","none","none","none","none","250","1","25","Semi-automatic","unknown","unknown","Cz","Common average","1","25",1,0,"unknown","","","","RR at least 500 ms","Noisy epochs, Bad Channels","CP2, CP4, Pz, P2, P4, P6, POz, PO4, PO8, Oz, O2","na",1,1,"[est170]","Secondary","R-peak","112","130","unknown","unknown","Correlation","Amplitude",1,1,"Correlation",0,"","0","","","","","","est number of trials for a condition = 2blocks*200000/(850+1500)"
37888955,"10.7554/eLife.75352",,"","Conscious processing of global and local auditory irregularities causes differentiated heartbeat-evoked responses","Candia-Rivera D, Raimondo F, Pérez P, Naccache L, Tallon-Baudry C, Sitt JD.","Elife. 2023 Oct 27;12:e75352. doi: 10.7554/eLife.75352.",2023,0,"Patients/Disorders of consciousness/Minimally conscious state (MCS), Patients/Disorders of consciousness/Unresponsive wakefulness syndrome (UWS), Perception/Exteroception/Auditory, Cognitive processes/Prediction/Deviant",1,"unknown",1,40,0,"EEG",256,"na","na","250","unknown","GSN-HydroCel-257","layout",,"0","none","none","none","none","250","1","25","Semi-automatic","unknown","unknown","Cz","Common average","1","25",1,0,"unknown","","","","RR at least 500 ms","Noisy epochs, Bad Channels","AF4, F2, F4, F6, FC2, FC4, FC6, C2, C4, C6, CP2, CP4, CP6, P2, P4, P6, P8, TP7, P7, P5, PO7, PO8, AF3, F3, F1, FC3","na",1,1,"[est170]","Secondary","R-peak","400","412","unknown","unknown","Correlation","Amplitude",1,1,"Correlation",0,"","1","","","","","","est number of trials for a condition = 2blocks*200000/(850+1500)"
37888955,"10.7554/eLife.75352",,"","Conscious processing of global and local auditory irregularities causes differentiated heartbeat-evoked responses","Candia-Rivera D, Raimondo F, Pérez P, Naccache L, Tallon-Baudry C, Sitt JD.","Elife. 2023 Oct 27;12:e75352. doi: 10.7554/eLife.75352.",2023,0,"Patients/Disorders of consciousness/Minimally conscious state (MCS), Patients/Disorders of consciousness/Unresponsive wakefulness syndrome (UWS), Perception/Exteroception/Auditory, Cognitive processes/Prediction/Deviant",1,"unknown",1,86,0,"EEG",256,"na","na","250","unknown","GSN-HydroCel-257","layout",,"0","none","none","none","none","250","1","25","Semi-automatic","unknown","unknown","Cz","Common average","1","25",1,0,"unknown","","","","RR at least 500 ms","Noisy epochs, Bad Channels","Fp1, Fpz, Fp2, AF7, AF3, AFz, AF4, AF8, F7, F5, F3, F1, Fz, F2, F4, F6, F8, FT7, FC5, FC3, FC1, FCz, FC2, FC4, FC6, FT8, T7, C5, C3, C1, Cz, C2, C4, C6, T8, TP7, CP5, CP3, CP1, CPz, CP2, CP4, CP6, TP8, P7, P5, P3, P1, Pz, P2, P4, P6, P8, PO7, PO3, POz, PO4, PO8, O1, Oz, O2, Iz","na",2,1,"[est170]","Primary","R-peak","0","500","unknown","unknown","Group/Condition Differences","Amplitude",0,0,"Non-parametric comparison",1,"10000","1","CP2, CP4, Pz, P2, P4, P6, POz, PO4, PO8, Oz, O2","R-peak","112","130","Surrogate heartbeats","est number of trials for a condition = 2blocks*200000/(850+1500)"
37888955,"10.7554/eLife.75352",,"","Conscious processing of global and local auditory irregularities causes differentiated heartbeat-evoked responses","Candia-Rivera D, Raimondo F, Pérez P, Naccache L, Tallon-Baudry C, Sitt JD.","Elife. 2023 Oct 27;12:e75352. doi: 10.7554/eLife.75352.",2023,0,"Patients/Disorders of consciousness/Minimally conscious state (MCS), Patients/Disorders of consciousness/Unresponsive wakefulness syndrome (UWS), Perception/Exteroception/Auditory, Cognitive processes/Prediction/Deviant",1,"unknown",1,86,0,"EEG",256,"na","na","250","unknown","GSN-HydroCel-257","layout",,"0","none","none","none","none","250","1","25","Semi-automatic","unknown","unknown","Cz","Common average","1","25",1,0,"unknown","","","","RR at least 500 ms","Noisy epochs, Bad Channels","Fp1, Fpz, Fp2, AF7, AF3, AFz, AF4, AF8, F7, F5, F3, F1, Fz, F2, F4, F6, F8, FT7, FC5, FC3, FC1, FCz, FC2, FC4, FC6, FT8, T7, C5, C3, C1, Cz, C2, C4, C6, T8, TP7, CP5, CP3, CP1, CPz, CP2, CP4, CP6, TP8, P7, P5, P3, P1, Pz, P2, P4, P6, P8, PO7, PO3, POz, PO4, PO8, O1, Oz, O2, Iz","na",2,1,"[est170]","Primary","R-peak","0","500","unknown","unknown","Group/Condition Differences","Amplitude",0,0,"Non-parametric comparison",1,"10000","1","AF4, F2, F4, F6, FC2, FC4, FC6, C2, C4, C6, CP2, CP4, CP6, P2, P4, P6, P8, TP7, P7, P5, PO7, PO8, AF3, F3, F1, FC3","R-peak","400","412","Surrogate heartbeats","est number of trials for a condition = 2blocks*200000/(850+1500)"
37888955,"10.7554/eLife.75352",,"","Conscious processing of global and local auditory irregularities causes differentiated heartbeat-evoked responses","Candia-Rivera D, Raimondo F, Pérez P, Naccache L, Tallon-Baudry C, Sitt JD.","Elife. 2023 Oct 27;12:e75352. doi: 10.7554/eLife.75352.",2023,0,"Patients/Disorders of consciousness/Minimally conscious state (MCS), Patients/Disorders of consciousness/Unresponsive wakefulness syndrome (UWS), Perception/Exteroception/Auditory, Cognitive processes/Prediction/Deviant",1,"unknown",1,86,0,"EEG",256,"na","na","250","unknown","GSN-HydroCel-257","layout",,"0","none","none","none","none","250","1","25","Semi-automatic","unknown","unknown","Cz","Common average","1","25",1,0,"unknown","","","","RR at least 500 ms","Noisy epochs, Bad Channels","AF4, F2, F4, F6, FC2, FC4, FC6, C2, C4, C6, CP2, CP4, CP6, Pz, P2, P4, P6, P8, TP7, P7, P5, POz, PO4, PO7, PO8, AF3, F3, F1, FC3, Oz, O2","na",2,1,"[est170]","Secondary","R-peak","112","412","unknown","unknown","Group/Condition Differences","Amplitude",1,1,"Classification",0,"","none","","","","","","est number of trials for a condition = 2blocks*200000/(850+1500)"
37888955,"10.7554/eLife.75352",,"","Conscious processing of global and local auditory irregularities causes differentiated heartbeat-evoked responses","Candia-Rivera D, Raimondo F, Pérez P, Naccache L, Tallon-Baudry C, Sitt JD.","Elife. 2023 Oct 27;12:e75352. doi: 10.7554/eLife.75352.",2023,0,"Patients/Disorders of consciousness/Minimally conscious state (MCS), Patients/Disorders of consciousness/Unresponsive wakefulness syndrome (UWS), Perception/Exteroception/Auditory, Cognitive processes/Prediction/Deviant",1,"unknown",1,86,1,"EEG",256,"na","na","250","unknown","GSN-HydroCel-257","layout",,"0","none","none","none","none","250","1","25","Semi-automatic","unknown","unknown","Cz","Common average","1","25",1,0,"unknown","","","","RR at least 500 ms","Noisy epochs, Bad Channels","Fp1, Fpz, Fp2, AF7, AF3, AFz, AF4, AF8, F7, F5, F3, F1, Fz, F2, F4, F6, F8, FT7, FC5, FC3, FC1, FCz, FC2, FC4, FC6, FT8, T7, C5, C3, C1, Cz, C2, C4, C6, T8, TP7, CP5, CP3, CP1, CPz, CP2, CP4, CP6, TP8, P7, P5, P3, P1, Pz, P2, P4, P6, P8, PO7, PO3, POz, PO4, PO8, O1, Oz, O2, Iz","na",2,1,"[est170]","Primary","R-peak","0","500","unknown","unknown","Group/Condition Differences","Amplitude",0,0,"Non-parametric comparison",1,"10000","1","P5, P3, PO7, PO3","R-peak","210","260","","est number of trials for a condition = 2blocks*200000/(850+1500)"
37775030,"10.1016/j.biopsycho.2023.108698",1,"Consider","Elevated EEG heartbeat-evoked potentials in adolescents with more ADHD symptoms","Rapp L, Mai-Lippold SA, Georgiou E, Pollatos O.","Biol Psychol. 2023 Nov;184:108698. doi: 10.1016/j.biopsycho.2023.108698. Epub 2023 Sep 28.",2023,0,"Perception/Interoception/Cardiac, Patients/Neurological/Neurodevelopmental/Attention deficit hyperactivity disorder (ADHD), Perception/Exteroception/Visual/Emotion recognition, Age group/Adolescents",1,"14.29+-1.53",1,47,0,"EEG",62,"na","na","1000","unknown","easycap-M10","layout",,"2","Unclassified","Right clavicle, Left chest","unknown","1000","unknown","unknown","unknown","Semi-automatic","unknown","unknown","Cz","unknown","0.05","20",1,1,"CFA, Eye movements, Blinks","3","Manual","Topography, Power spectrum, Time course","limit analysis to time of minimal artifact","Noisy epochs","All","na",1,1,"452+-100","Primary","R-peak","360","500","-200","0","Correlation","Amplitude",1,1,"ANOVA",0,"","1","","","","","Correlation HEP-ECG",""
37775030,"10.1016/j.biopsycho.2023.108698",,"","Elevated EEG heartbeat-evoked potentials in adolescents with more ADHD symptoms","Rapp L, Mai-Lippold SA, Georgiou E, Pollatos O.","Biol Psychol. 2023 Nov;184:108698. doi: 10.1016/j.biopsycho.2023.108698. Epub 2023 Sep 28.",2023,0,"Perception/Interoception/Cardiac, Patients/Neurological/Neurodevelopmental/Attention deficit hyperactivity disorder (ADHD), Perception/Exteroception/Visual/Emotion recognition, Age group/Adolescents",1,"14.29+-1.53",1,47,0,"EEG",62,"na","na","1000","unknown","easycap-M10","layout",,"2","Unclassified","Right clavicle, Left chest","unknown","1000","unknown","unknown","unknown","Semi-automatic","unknown","unknown","Cz","unknown","0.05","20",1,1,"CFA, Eye movements, Blinks","3","Manual","Topography, Power spectrum, Time course","limit analysis to time of minimal artifact","Noisy epochs","All","na",1,1,"452+-100","Primary","R-peak","360","500","-200","0","Correlation","Amplitude",1,1,"Regression",0,"","1","","","","","Correlation HEP-ECG",""
37752179,"10.1038/s41467-023-41711-x",0,"Not Related to HER","Ictogenesis proceeds through discrete phases in hippocampal CA1 seizures in mice","Mueller JS, Tescarollo FC, Huynh T, Brenner DA, Valdivia DJ, Olagbegi K, Sangappa S, Chen SC, Sun H.","Nat Commun. 2023 Sep 26;14(1):6010. doi: 10.1038/s41467-023-41711-x.",2023,,"",,"",,,,"",,"","","","","","","","","","","","","","","","","","","","","","",,,"","","","","","","","",,,"","","","","","","","","",,,"",,"","","","","","","",""
37652352,"10.1016/j.neulet.2023.137466",1,"Consider","Reduced concentration performance and heartbeat-evoked potential in individuals with a history of a SARS-CoV-2 infection","Kamp SM, Buntić N, Amtmann J, Scharpf A, Schönen A, Wagner L, Schulz A.","Neurosci Lett. 2023 Sep 25;814:137466. doi: 10.1016/j.neulet.2023.137466. Epub 2023 Aug 29.",2023,0,"SARS-CoV-2, Perception/Exteroception/Visual/Oddball, Evoked responses/P300",0,"25.45+-9.3, 24.33+-4.8",1,46,1,"EEG",32,"na","na","500","unknown","standard32","Fp1, Fp2, F7, F3, Fz, F4, F8, FC5, FC1, FCz, FC2, FC6, T7, C3, Cz, C4, T8, CP5, CP1, CP2, CP6, P7, P3, Pz, P4, P8, O1, O2","5","2","Lead II","Right wrist, Left Leg","Az","500","unknown","unknown","unknown","Semi-automatic","unknown","BrainVision Analyzer","FCz","Linked mastoids","20","125",1,1,"Blinks, Eye movements","","","","limit analysis to time of minimal artifact","Noisy Epochs","Cz, CP1, CP2, Pz","na",2,1,"[est300]","Primary","R-peak","450","700","unknown","unknown","Group/Condition Differences","Amplitude",0,0,"ANOVA",1,"10000","1","Cz, CP1, CP2, Pz","R-peak","560","620","Control time window","est number of trials = rest recording length (5 min) * 60 bpm"
37597447,"10.1016/j.dcn.2023.101289",0,"Not Related to HER","The development of the relationship between auditory and visual neural sensitivity and autonomic arousal from 6 m to 12 m","Daubney K, Suata Z, Marriott Haresign I, Thomas M, Kushnerenko E, Wass SV.","Dev Cogn Neurosci. 2023 Oct;63:101289. doi: 10.1016/j.dcn.2023.101289. Epub 2023 Aug 9.",2023,,"",,"",,,,"",,"","","","","","","","","","","","","","","","","","","","","","",,,"","","","","","","","",,,"","","","","","","","","",,,"",,"","","","","","","",""
37496524,"10.1590/1980-5764-DN-2022-0082",0,"Not Related to HER","Effect of aerobic exercise training on EEG: event-related potential and neuropsychological functions in depressed elderly with mild cognitive impairment","Khan Z, Saif A, Chaudhry N, Parveen A.","Dement Neuropsychol. 2023 Jul 17;17:e20220082. doi: 10.1590/1980-5764-DN-2022-0082. eCollection 2023.",2023,,"",,"",,,,"",,"","","","","","","","","","","","","","","","","","","","","","",,,"","","","","","","","",,,"","","","","","","","","",,,"",,"","","","","","","",""
37490801,"10.1016/j.biopsycho.2023.108637",1,"Consider","Modulation of heartbeat-evoked potential and cardiac cycle effect by auditory stimuli","Tanaka Y, Ito Y, Terasawa Y, Umeda S.","Biol Psychol. 2023 Sep;182:108637. doi: 10.1016/j.biopsycho.2023.108637. Epub 2023 Jul 23.",2023,0,"Perception/Exteroception/Auditory/Oddball, Physiology/Cardiac cycle phase, Evoked responses/P300, Methodology/Heartbeat-stimulus synchronicity",0,"21.39+-2.06",1,28,0,"EEG",64,"na","na","500","250","GSN-HydroCel-65","layout",,"2","Unclassified","Right wrist, Right leg","unknown","unknown","unknown","unknown","unknown","unknown","unknown","unknown","Cz","Common average","0.1","30",1,0,"Eye movements, Muscle, CFA, Line noise, Channel noise","","Automatic","ICLabel","","","Fz","na",1,3,"450","Primary","R-peak","0","600","unknown","unknown","Group/Condition Differences","Amplitude",0,0,"F-test",0,"5000","1","Fz","R-peak","40","600","HR, ECG",""
37455508,"10.3988/jcn.2022.0415",1,"Consider","Reduced Heartbeat-Evoked Responses in a Near-Death Case Report","Candia-Rivera D, Machado C.","J Clin Neurol. 2023 Nov;19(6):581-588. doi: 10.3988/jcn.2022.0415. Epub 2023 Jun 1.",2023,0,"Patients/Cardiovascular/Ventricular fibrillation, Patients/Case report",1,"66",1,1,1,"EEG",19,"na","na","200","unknown","standard19","layout","19","1","Unclassified","unknown","unknown","unknown","unknown","unknown","unknown","Semi-automatic","unknown","unknown","unknown","Common average","1","45",1,0,"Eye movements, muscle, CFA","","unknown","unknown","RR at least 500 ms","Noisy epochs","All","na",1,19,"[est60]","Primary","R-peak","-100","500","unknown","unknown","Group/Condition Differences","Amplitude",0,0,"none",0,"","none","","","","","","est number of trials = 60 bpm because 1 minute intervals were used for analysis"
37421217,"10.1111/psyp.14386",1,"Consider","Cardiac interoception in infants: Behavioral and neurophysiological measures in various emotional and self-related contexts","Weijs ML, Daum MM, Lenggenhager B.","Psychophysiology. 2023 Dec;60(12):e14386. doi: 10.1111/psyp.14386. Epub 2023 Jul 8.",2023,0,"Methodology/Heartbeat-stimulus synchronicity, Perception/Exteroception/Visual/Self-recognition, Perception/Exteroception/Visual/Emotion recognition, Age group/Infants",0,"0.52+-0.05",1,22,0,"EEG",128,"na","na","500","unknown","GSN-HydroCel-129","layout",,"2","Lead II","Left chest, Right clavicle","unknown","500","unknown","unknown","unknown","Semi-automatic","deCarvalho2002","HEPLAB","Cz","Common average","0.3","30",0,,"","","","","RR at least 350 ms","Bad Channels, Noisy epochs","All except E43, E48, E49, E56, E63, E68, E73, E81, E88, E94, E99, E107, E113, E119, E120, E125, E126, E127, E128","na",1,2,"55+-26","Primary","R-peak","-100","350","none","none","Group/Condition Differences","Amplitude",0,0,"t-test",1,"1000","0","","","","","",""
37421217,"10.1111/psyp.14386",,"","Cardiac interoception in infants: Behavioral and neurophysiological measures in various emotional and self-related contexts","Weijs ML, Daum MM, Lenggenhager B.","Psychophysiology. 2023 Dec;60(12):e14386. doi: 10.1111/psyp.14386. Epub 2023 Jul 8.",2023,0,"Methodology/Heartbeat-stimulus synchronicity, Perception/Exteroception/Visual/Self-recognition, Perception/Exteroception/Visual/Emotion recognition, Age group/Infants",0,"0.52+-0.05",1,22,0,"EEG",128,"na","na","500","unknown","GSN-HydroCel-129","layout",,"2","Lead II","Left chest, Right clavicle","unknown","500","unknown","unknown","unknown","Semi-automatic","deCarvalho2002","HEPLAB","Cz","Common average","0.3","30",0,,"","","","","RR at least 350 ms","Bad Channels, Noisy epochs","All except E43, E48, E49, E56, E63, E68, E73, E81, E88, E94, E99, E107, E113, E119, E120, E125, E126, E127, E128","na",1,1,"258","Primary","R-peak","-100","350","none","none","Correlation","Amplitude",1,0,"Correlation",0,"","0","","","","","",""
37405324,"10.3389/fnhum.2023.1008490",1,"Consider","Increased neurocardiological interplay after mindfulness meditation: a brain oscillation-based approach","Gao J, Sun R, Leung HK, Roberts A, Wu BWY, Tsang EW, Tang ACW, Sik HH.","Front Hum Neurosci. 2023 Jun 19;17:1008490. doi: 10.3389/fnhum.2023.1008490. eCollection 2023.",2023,0,"Manipulation/Meditation/Mindfulness meditation",0,"35.7",1,11,0,"EEG",128,"na","na","1000","unknown","QuikCap_NSL_128","layout","10","2","Lead I","Right clavicle, Left clavicle","unknown","unknown","unknown","unknown","unknown","unknown","Niazy2005","FMRIB","left mastoid","linked mastoids","unknown","unknown",1,0,"CFA, Eye movements, Blinks","","unknown","unknown","","","All","na",1,2,"[est600]","Primary","R-peak","-200","600","unknown","unknown","Group/Condition Differences","Amplitude",0,0,"t-test",0,"","0","","","","","","est number of trials = rest recording length (10 min) * 60 bpm"
37398268,"10.1101/2023.06.09.23291166",0,"Preprint","Heartbeat-evoked neural response abnormalities in generalized anxiety disorder during peripheral adrenergic stimulation","Verdonk C, Teed AR, White EJ, Ren X, Stewart JL, Paulus MP, Khalsa SS.","medRxiv [Preprint]. 2023 Dec 22:2023.06.09.23291166. doi: 10.1101/2023.06.09.23291166.",2023,,"",,"",,,,"",,"","","","","","","","","","","","","","","","","","","","","","",,,"","","","","","","","",,,"","","","","","","","","",,,"",,"","","","","","","",""
37398268,"10.1101/2023.06.09.23291166",,"","Heartbeat-evoked neural response abnormalities in generalized anxiety disorder during peripheral adrenergic stimulation","Verdonk C, Teed AR, White EJ, Ren X, Stewart JL, Paulus MP, Khalsa SS.","medRxiv [Preprint]. 2023 Dec 22:2023.06.09.23291166. doi: 10.1101/2023.06.09.23291166.",2023,,"",,"",,,,"",,"","","","","","","","","","","","","","","","","","","","","","",,,"","","","","","","","",,,"","","","","","","","","",,,"",,"","","","","","","",""
37398268,"10.1101/2023.06.09.23291166",,"","Heartbeat-evoked neural response abnormalities in generalized anxiety disorder during peripheral adrenergic stimulation","Verdonk C, Teed AR, White EJ, Ren X, Stewart JL, Paulus MP, Khalsa SS.","medRxiv [Preprint]. 2023 Dec 22:2023.06.09.23291166. doi: 10.1101/2023.06.09.23291166.",2023,,"",,"",,,,"",,"","","","","","","","","","","","","","","","","","","","","","",,,"","","","","","","","",,,"","","","","","","","","",,,"",,"","","","","","","",""
37382151,"10.1111/ejn.16079",1,"Consider","Multidimensional assessment of heartbeat-evoked responses in disorders of consciousness","Candia-Rivera D, Machado C.","Eur J Neurosci. 2023 Aug;58(4):3098-3110. doi: 10.1111/ejn.16079. Epub 2023 Jun 29.",2023,0,"Patients/Disorders of consciousness/Coma, Patients/Disorders of consciousness/Minimally conscious state (MCS), Patients/Disorders of consciousness/Unresponsive wakefulness syndrome (UWS), Patients/Neurological/Brain death, Patients/Neurological/Locked-in syndrome",1,"16-78",1,29,1,"EEG",19,"na","na","200","unknown","standard19","Fp1, Fp2, F3, F4, C3, C4, P3, P4, O1, O2, F7, F8, T3, T4, T5, T6, Fz, Cz, Pz","5","2","Unclassified","Sternum, V2, V5","unknown","unknown","unknown","unknown","unknown","Semi-automatic","unknown","unknown","Linked earlobes","Common average","1","45",1,0,"Eye movements, CFA","","Manual","unknown","RR at least 400 ms","Noisy Epochs","All","na",6,1,"[est300]","Primary","R-peak","200","400","unknown","unknown","Group/Condition Differences","Amplitude",0,1,"Non-parametric comparison",0,"10000","1","","","","","Surrogate heartbeats","est number of trials = rest recording length (5 min) * 60 bpm"
37382151,"10.1111/ejn.16079",,"","Multidimensional assessment of heartbeat-evoked responses in disorders of consciousness","Candia-Rivera D, Machado C.","Eur J Neurosci. 2023 Aug;58(4):3098-3110. doi: 10.1111/ejn.16079. Epub 2023 Jun 29.",2023,0,"Patients/Disorders of consciousness/Coma, Patients/Disorders of consciousness/Minimally conscious state (MCS), Patients/Disorders of consciousness/Unresponsive wakefulness syndrome (UWS), Patients/Neurological/Brain death, Patients/Neurological/Locked-in syndrome",1,"16-78",1,29,1,"EEG",19,"na","na","200","unknown","standard19","Fp1, Fp2, F3, F4, C3, C4, P3, P4, O1, O2, F7, F8, T3, T4, T5, T6, Fz, Cz, Pz","5","2","Unclassified","Sternum, V2, V5","unknown","unknown","unknown","unknown","unknown","Semi-automatic","unknown","unknown","Linked earlobes","Common average","1","45",1,0,"Eye movements, CFA","","Manual","unknown","RR at least 400 ms","Noisy Epochs","All","na",6,1,"[est300]","Primary","R-peak","200","400","unknown","unknown","Group/Condition Differences","Lempel-Ziv complexity",0,0,"Non-parametric comparison",0,"10000","1","","","","","Surrogate heartbeats","est number of trials = rest recording length (5 min) * 60 bpm"
37382151,"10.1111/ejn.16079",,"","Multidimensional assessment of heartbeat-evoked responses in disorders of consciousness","Candia-Rivera D, Machado C.","Eur J Neurosci. 2023 Aug;58(4):3098-3110. doi: 10.1111/ejn.16079. Epub 2023 Jun 29.",2023,0,"Patients/Disorders of consciousness/Coma, Patients/Disorders of consciousness/Minimally conscious state (MCS), Patients/Disorders of consciousness/Unresponsive wakefulness syndrome (UWS), Patients/Neurological/Brain death, Patients/Neurological/Locked-in syndrome",1,"16-78",1,29,1,"EEG",19,"na","na","200","unknown","standard19","Fp1, Fp2, F3, F4, C3, C4, P3, P4, O1, O2, F7, F8, T3, T4, T5, T6, Fz, Cz, Pz","5","2","Unclassified","Sternum, V2, V5","unknown","unknown","unknown","unknown","unknown","Semi-automatic","unknown","unknown","Linked earlobes","Common average","1","45",1,0,"Eye movements, CFA","","Manual","unknown","RR at least 400 ms","Noisy Epochs","All","na",6,1,"[est300]","Primary","R-peak","200","400","unknown","unknown","Group/Condition Differences","Segregation-Integration index",0,0,"Non-parametric comparison",0,"10000","1","","","","","Surrogate heartbeats","est number of trials = rest recording length (5 min) * 60 bpm"
37382151,"10.1111/ejn.16079",,"","Multidimensional assessment of heartbeat-evoked responses in disorders of consciousness","Candia-Rivera D, Machado C.","Eur J Neurosci. 2023 Aug;58(4):3098-3110. doi: 10.1111/ejn.16079. Epub 2023 Jun 29.",2023,0,"Patients/Disorders of consciousness/Coma, Patients/Disorders of consciousness/Minimally conscious state (MCS), Patients/Disorders of consciousness/Unresponsive wakefulness syndrome (UWS), Patients/Neurological/Brain death, Patients/Neurological/Locked-in syndrome",1,"16-78",1,29,1,"EEG",19,"na","na","200","unknown","standard19","Fp1, Fp2, F3, F4, C3, C4, P3, P4, O1, O2, F7, F8, T3, T4, T5, T6, Fz, Cz, Pz","5","2","Unclassified","Sternum, V2, V5","unknown","unknown","unknown","unknown","unknown","Semi-automatic","unknown","unknown","Linked earlobes","Common average","1","45",1,0,"Eye movements, CFA","","Manual","unknown","RR at least 400 ms","Noisy Epochs","All","na",6,1,"[est300]","Primary","R-peak","100","400","unknown","unknown","Group/Condition Differences","Wavelet entropy",0,1,"Non-parametric comparison",0,"10000","1","","","","","Surrogate heartbeats","est number of trials = rest recording length (5 min) * 60 bpm"
37271351,"10.1016/j.jpain.2023.05.016",0,"Not Related to HER","No Evidence That Working Memory Modulates the Plasticity of the Nociceptive System, as Measured by Secondary Mechanical Hypersensitivity","Meyers E, Alves M, Teugels A, Torta DM.","J Pain. 2023 Nov;24(11):1931-1945. doi: 10.1016/j.jpain.2023.05.016. Epub 2023 Jun 2.",2023,,"",,"",,,,"",,"","","","","","","","","","","","","","","","","","","","","","",,,"","","","","","","","",,,"","","","","","","","","",,,"",,"","","","","","","",""
37245560,"10.1016/j.neuroimage.2023.120200",1,"Consider","Allostatic-interoceptive anticipation of social rejection","Migeot J, Hesse E, Fittipaldi S, Mejía J, Fraile M, García AM, García MDC, Ortega R, Lawlor B, Lopez V, Ibáñez A.","Neuroimage. 2023 Aug 1;276:120200. doi: 10.1016/j.neuroimage.2023.120200. Epub 2023 May 26.",2023,0,"Cognitive processes/Prediction, Perception/Social/Rejection, Age group/Adolescents",0,"12.96+-3.52",1,57,0,"EEG",64,"na","na","2048","512","standard61","Fp1, Fp2, F7, F3, Fz, F4, F8, T7, C3, Cz, C4, T8, P7, P3, Pz, P4, P8, O1, O2, Fpz, FC5, FC1, FC2, FC6, CP5, CP1, CP2, CP6, Oz, AF7, AF3, AFz, AF4, AF8, F5, F1, F2, F6, FT7, FC3, FCz, FC4, FT8, C5, C1, C2, C6, TP7, CP3, CPz, CP4, TP8, P5, P1, P2, P6, PO7, PO3, POz, PO4, PO8",,"unknown","unknown","unknown","unknown","unknown","unknown","unknown","unknown","unknown","unknown","unknown","Linked mastoids","Common average","0.1","40",1,0,"Eye movements, CFA, Blinks","","unknown","unknown","limit analysis to time of minimal artifact","Bad channels","Fp1, AF7, AF3, F7, F5, F3, FT7, FC5, FC3, Fpz, AFz, F1, Fz, F2, FC1, FCz, FC2, Fp2, AF4, AF8, F4, F6, F8, FC4, FC6, FT8","na",1,2,"[est88]","Primary","R-peak","200","600","-200","0","Group/Condition Differences","Amplitude",1,0,"unknown",0,"5000","1","Fp1, AF7, AF3, F7, F5, F3, FT7, FC5, FC3","R-peak","350","500","","est number of trials = minimal percent of trials per condition x 2 sec per trial"
37239303,"10.3390/brainsci13050832",0,"Review","Brain State Relays Self-Processing and Heartbeat-Evoked Cortical Responses","Huang Y, Xie M, Liu Y, Zhang X, Jiang L, Bao H, Qin P, Han J.","Brain Sci. 2023 May 21;13(5):832. doi: 10.3390/brainsci13050832.",2023,,"",,"",,,,"",,"","","","","","","","","","","","","","","","","","","","","","",,,"","","","","","","","",,,"","","","","","","","","",,,"",,"","","","","","","",""
37230745,"10.1136/jnnp-2022-330167",1,"Consider","Changes in the heartbeat-evoked potential are associated with functional seizures","Elkommos S, Martin-Lopez D, Koreki A, Jolliffe C, Kandasamy R, Mula M, Critchley HD, Edwards MJ, Garfinkel S, Richardson MP, Yogarajah M.","J Neurol Neurosurg Psychiatry. 2023 Sep;94(9):769-775. doi: 10.1136/jnnp-2022-330167. Epub 2023 May 25.",2023,0,"Patients/Neurological/Functional (dissociative) seizures, Patients/Neurological/Epilepsy",1,"39.8+-10.7",1,19,0,"EEG",32,"na","na","256","256","standard32","layout","5","2","Lead I","Right clavicle, Left clavicle","unknown","unknown","unknown","unknown","unknown","Automatic","Librow","Librow","[Cz-Pz]","Linked earlobes","0.3","30",1,0,"unknown","","","","RR at least 700 ms","Noisy epochs","F7, F3, Fz, F4, F8, T7, C3, Cz, C4, T8","na",1,2,"200","Primary","R-peak","455","595","unknown","unknown","Group/Condition Differences","Amplitude",0,1,"Non-parametric comparison",0,"","0","","","","","ECG, HR, sex",""
37230745,"10.1136/jnnp-2022-330167",,"","Changes in the heartbeat-evoked potential are associated with functional seizures","Elkommos S, Martin-Lopez D, Koreki A, Jolliffe C, Kandasamy R, Mula M, Critchley HD, Edwards MJ, Garfinkel S, Richardson MP, Yogarajah M.","J Neurol Neurosurg Psychiatry. 2023 Sep;94(9):769-775. doi: 10.1136/jnnp-2022-330167. Epub 2023 May 25.",2023,0,"Patients/Neurological/Functional (dissociative) seizures, Patients/Neurological/Epilepsy",1,"39.8+-10.7",1,25,0,"EEG",32,"na","na","256","256","standard32","layout","5","2","Lead I","Right clavicle, Left clavicle","unknown","unknown","unknown","unknown","unknown","Automatic","Librow","Librow","[Cz-Pz]","Linked earlobes","0.3","30",1,0,"unknown","","","","RR at least 700 ms","Noisy epochs","F7, F3, Fz, F4, F8, T7, C3, Cz, C4, T8","na",1,2,"200","Primary","R-peak","455","595","unknown","unknown","Group/Condition Differences","Amplitude",0,1,"Non-parametric comparison",0,"","1","","","","","ECG, HR, sex",""
37230745,"10.1136/jnnp-2022-330167",,"","Changes in the heartbeat-evoked potential are associated with functional seizures","Elkommos S, Martin-Lopez D, Koreki A, Jolliffe C, Kandasamy R, Mula M, Critchley HD, Edwards MJ, Garfinkel S, Richardson MP, Yogarajah M.","J Neurol Neurosurg Psychiatry. 2023 Sep;94(9):769-775. doi: 10.1136/jnnp-2022-330167. Epub 2023 May 25.",2023,0,"Patients/Neurological/Functional (dissociative) seizures, Patients/Neurological/Epilepsy",1,"39.8+-10.7, 36.1+-9.4",1,44,0,"EEG",32,"na","na","256","256","standard32","layout","5","2","Lead I","Right clavicle, Left clavicle","unknown","unknown","unknown","unknown","unknown","Automatic","Librow","Librow","[Cz-Pz]","Linked earlobes","0.3","30",1,0,"unknown","","","","RR at least 700 ms","Noisy epochs","F7, F3, Fz, F4, F8, T7, C3, Cz, C4, T8","na",2,1,"200","Primary","R-peak","455","595","unknown","unknown","Group/Condition Differences","Amplitude",0,1,"Non-parametric comparison",0,"","1","","","","","ECG, HR, sex",""
37230745,"10.1136/jnnp-2022-330167",,"","Changes in the heartbeat-evoked potential are associated with functional seizures","Elkommos S, Martin-Lopez D, Koreki A, Jolliffe C, Kandasamy R, Mula M, Critchley HD, Edwards MJ, Garfinkel S, Richardson MP, Yogarajah M.","J Neurol Neurosurg Psychiatry. 2023 Sep;94(9):769-775. doi: 10.1136/jnnp-2022-330167. Epub 2023 May 25.",2023,0,"Patients/Neurological/Functional (dissociative) seizures, Patients/Neurological/Epilepsy",1,"39.8+-10.7, 36.1+-9.4",1,44,0,"EEG",32,"na","na","256","256","standard32","layout","5","2","Lead I","Right clavicle, Left clavicle","unknown","unknown","unknown","unknown","unknown","Automatic","Librow","Librow","[Cz-Pz]","Linked earlobes","0.3","30",1,0,"unknown","","","","RR at least 700 ms","Noisy epochs","F7, F3, Fz, F4, F8, T7, C3, Cz, C4, T8","na",1,1,"400","Primary","R-peak","455","595","unknown","unknown","Correlation","Amplitude",0,1,"Correlation",0,"","0","","","","","ECG, HR, sex",""
37205396,"10.1101/2023.05.05.539593",0,"Preprint","Non-invasive neuromodulation of sub-regions of the human insula differentially affect pain processing and heart-rate variability","Legon W, Strohman A, In A, Stebbins K, Payne B.","bioRxiv [Preprint]. 2023 May 5:2023.05.05.539593. doi: 10.1101/2023.05.05.539593.",2023,,"",,"",,,,"",,"","","","","","","","","","","","","","","","","","","","","","",,,"","","","","","","","",,,"","","","","","","","","",,,"",,"","","","","","","",""
37141936,"10.1016/j.brs.2023.04.023",0,"Not Related to HER","Towards optimizing single pulse electrical stimulation: High current intensity, short pulse width stimulation most effectively elicits evoked potentials","Hays MA, Kamali G, Koubeissi MZ, Sarma SV, Crone NE, Smith RJ, Kang JY.","Brain Stimul. 2023 May-Jun;16(3):772-782. doi: 10.1016/j.brs.2023.04.023. Epub 2023 May 2.",2023,,"",,"",,,,"",,"","","","","","","","","","","","","","","","","","","","","","",,,"","","","","","","","",,,"","","","","","","","","",,,"",,"","","","","","","",""
37078023,"10.3389/fphys.2023.1144073",1,"Consider","Enhanced external counterpulsation modulates the heartbeat evoked potential","Liu H, Liang H, Yu X, Wang G, Han Y, Yan M, Li S, Wang W.","Front Physiol. 2023 Apr 3;14:1144073. doi: 10.3389/fphys.2023.1144073. eCollection 2023.",2023,1,"Manipulation/Cardiac/Enhanced external counterpulsation",0,"22.7+-2.1, 23.6+-2.5",1,40,0,"EEG",1,"na","na","2000","unknown","standard19","Fpz","80","2","Lead II","Right clavicle, Left abdomen","Right abdomen","2000","unknown","unknown","unknown","Semi-automatic","unknown","AcqKnowledge","Linked mastoids","Linked mastoids","0.05","100",1,0,"CFA, Eye movements, Muscle","","Automatic","Power Spectrum","","Noisy Epochs","Fpz","na",1,1,"80","Secondary","T-peak","354","387","-100","0","Correlation","Amplitude",0,1,"Correlation",0,"","0","","","","","ECG",""
37078023,"10.3389/fphys.2023.1144073",,"","Enhanced external counterpulsation modulates the heartbeat evoked potential","Liu H, Liang H, Yu X, Wang G, Han Y, Yan M, Li S, Wang W.","Front Physiol. 2023 Apr 3;14:1144073. doi: 10.3389/fphys.2023.1144073. eCollection 2023.",2023,1,"Manipulation/Cardiac/Enhanced external counterpulsation",0,"23.6+-2.5",1,19,0,"EEG",1,"na","na","2000","unknown","standard19","Fpz","80","2","Lead II","Right clavicle, Left abdomen","Right abdomen","2000","unknown","unknown","unknown","Semi-automatic","unknown","AcqKnowledge","Linked mastoids","Linked mastoids","0.05","100",1,0,"CFA, Eye movements, Muscle","","Automatic","Power Spectrum","","Noisy Epochs","Fpz","na",1,2,"[est300]","Primary","T-peak","80","400","-100","0","Group/Condition Differences","Amplitude",0,0,"unknown",1,"1000","1","Fpz","T-peak","155","389","ECG",""
37078023,"10.3389/fphys.2023.1144073",,"","Enhanced external counterpulsation modulates the heartbeat evoked potential","Liu H, Liang H, Yu X, Wang G, Han Y, Yan M, Li S, Wang W.","Front Physiol. 2023 Apr 3;14:1144073. doi: 10.3389/fphys.2023.1144073. eCollection 2023.",2023,1,"Manipulation/Cardiac/Enhanced external counterpulsation",0,"22.7+-2.1, 23.6+-2.5",1,40,0,"EEG",1,"na","na","2000","unknown","standard19","Fpz","80","2","Lead II","Right clavicle, Left abdomen","Right abdomen","2000","unknown","unknown","unknown","Semi-automatic","unknown","AcqKnowledge","Linked mastoids","Linked mastoids","0.05","100",1,0,"CFA, Eye movements, Muscle","","Automatic","Power Spectrum","","Noisy Epochs","Fpz","na",2,4,"[est300]","Secondary","T-peak","354","387","-100","0","Group/Condition Differences","Amplitude",0,1,"ANOVA",0,"","1","","","","","ECG",""
37070749,"10.1111/psyp.14309",1,"Consider","Modulation of the heartbeat evoked cortical potential by hypnotizability and hypnosis","Callara AL, Fontanelli L, Belcari I, Rho G, Greco A, Zelič Ž, Sebastiani L, Santarcangelo EL.","Psychophysiology. 2023 Sep;60(9):e14309. doi: 10.1111/psyp.14309. Epub 2023 Apr 18.",2023,0,"Manipulation/Hypnosis/Hypnotizability",0,"25.14+-3.82, 26.47+-4.82",1,31,0,"EEG",16,"na","na","unknown","125","standard19","F3, F7, C3, T3, P3, PO3, F4, F8, C4, T4, P4, PO4, Fz, Cz, Pz, Oz","18","1","Unclassified","Left shoulder","unknown","unknown","unknown","unknown","unknown","Automatic","PanTompkins1985","Kubios","Cz","Common average","0.1","62.5",1,0,"Eye movements, muscle, CFA, channel noise, other","","Manual","Topography, power spectrum, time course","","Manual removal of artifacts, Artifact Subspace Reconstruction (ASR), bad channels","All","na",2,6,"[est171]","Primary","R-peak","200","600","-200","0","Group/Condition Differences","Amplitude",0,0,"ANOVA",1,"2000","1","P4","R-peak","256","312","RR, SDRR, RMSSD, LF/HF","est number of trials = 60*3 min in one condition*95%retention of epochs after cleaning"
37070749,"10.1111/psyp.14309",,"","Modulation of the heartbeat evoked cortical potential by hypnotizability and hypnosis","Callara AL, Fontanelli L, Belcari I, Rho G, Greco A, Zelič Ž, Sebastiani L, Santarcangelo EL.","Psychophysiology. 2023 Sep;60(9):e14309. doi: 10.1111/psyp.14309. Epub 2023 Apr 18.",2023,0,"Manipulation/Hypnosis/Hypnotizability",0,"25.14+-3.82, 26.47+-4.82",1,31,0,"EEG",16,"na","na","unknown","125","standard19","F3, F7, C3, T3, P3, PO3, F4, F8, C4, T4, P4, PO4, Fz, Cz, Pz, Oz","18","1","Unclassified","Left shoulder","unknown","unknown","unknown","unknown","unknown","Automatic","PanTompkins1985","Kubios","Cz","Common average","0.1","62.5",1,0,"Eye movements, muscle, CFA, channel noise, other","","Manual","Topography, power spectrum, time course","","Manual removal of artifacts, Artifact Subspace Reconstruction (ASR), bad channels","All","na",2,6,"[est171]","Primary","R-peak","200","600","-200","0","Group/Condition Differences","Amplitude",0,0,"ANOVA",1,"2000","1","Cz","R-peak","288","360","RR, SDRR, RMSSD, LF/HF","est number of trials = 60*3 min in one condition*95%retention of epochs after cleaning"
37070749,"10.1111/psyp.14309",,"","Modulation of the heartbeat evoked cortical potential by hypnotizability and hypnosis","Callara AL, Fontanelli L, Belcari I, Rho G, Greco A, Zelič Ž, Sebastiani L, Santarcangelo EL.","Psychophysiology. 2023 Sep;60(9):e14309. doi: 10.1111/psyp.14309. Epub 2023 Apr 18.",2023,0,"Manipulation/Hypnosis/Hypnotizability",0,"25.14+-3.82, 26.47+-4.82",1,31,0,"EEG",16,"na","na","unknown","125","standard19","F3, F7, C3, T3, P3, PO3, F4, F8, C4, T4, P4, PO4, Fz, Cz, Pz, Oz","18","1","Unclassified","Left shoulder","unknown","unknown","unknown","unknown","unknown","Automatic","PanTompkins1985","Kubios","Cz","Common average","0.1","62.5",1,0,"Eye movements, muscle, CFA, channel noise, other","","Manual","Topography, power spectrum, time course","","Manual removal of artifacts, Artifact Subspace Reconstruction (ASR), bad channels","All","na",2,1,"[est171]","Primary","R-peak","200","600","-200","0","Group/Condition Differences","Amplitude",0,0,"t-test",0,"","1","","","","","","est number of trials = 60*3 min in one condition*95%retention of epochs after cleaning"
36927872,"10.1159/000529308",1,"Consider","Heartbeat-Evoked Potential in Major Depressive Disorder: A Biomarker for Differential Treatment Prediction between Venlafaxine and rTMS?","Zwienenberg L, van Dijk H, Enriquez-Geppert S, van der Vinne N, Gevirtz R, Gordon E, Sack AT, Arns M.","Neuropsychobiology. 2023;82(3):158-167. doi: 10.1159/000529308. Epub 2023 Mar 16.",2023,0,"Patients/Psychiatric/Major depressive disorder",1,"38.9+-12.9, 36.5+-12.8",0,552,1,"EEG",26,"na","na","500","unknown","standard19","Fp1, Fp2, F7, F3, Fz, F4, F8, FC3, FCz, FC4, T3, C3, Cz, C4, T4, CP3, CPz, CP4, T5, P3, Pz, P4, T6, O1, Oz, O2","2","1","Unclassified","Left wrist","unknown","500","unknown","0.05","25","Semi-automatic","unknown","unknown","Linked mastoids","Linked mastoids","0.05","40",1,1,"CFA","1","Semi-automatic","Topography, Time course","","Noisy epochs","Fp1, Cz, Oz","na",2,3,"45","Primary","R-peak","-10","10","unknown","unknown","Group/Condition Differences","Amplitude",0,1,"ANOVA",0,"","1","","","","","ECG, age, sex, Depression",""
36927872,"10.1159/000529308",,"","Heartbeat-Evoked Potential in Major Depressive Disorder: A Biomarker for Differential Treatment Prediction between Venlafaxine and rTMS?","Zwienenberg L, van Dijk H, Enriquez-Geppert S, van der Vinne N, Gevirtz R, Gordon E, Sack AT, Arns M.","Neuropsychobiology. 2023;82(3):158-167. doi: 10.1159/000529308. Epub 2023 Mar 16.",2023,0,"Patients/Psychiatric/Major depressive disorder",1,"38.9+-12.9, 36.5+-12.8",0,552,1,"EEG",26,"na","na","500","unknown","standard19","Fp1, Fp2, F7, F3, Fz, F4, F8, FC3, FCz, FC4, T3, C3, Cz, C4, T4, CP3, CPz, CP4, T5, P3, Pz, P4, T6, O1, Oz, O2","2","1","Unclassified","Left wrist","unknown","500","unknown","0.05","25","Semi-automatic","unknown","unknown","Linked mastoids","Linked mastoids","0.05","40",1,1,"CFA","1","Semi-automatic","Topography, Time course","","Noisy epochs","Fp1, Cz, Oz","na",2,3,"45","Primary","T-peak","-10","10","unknown","unknown","Group/Condition Differences","Amplitude",0,1,"ANOVA",0,"","0","","","","","ECG, age, sex, Depression",""
36927872,"10.1159/000529308",,"","Heartbeat-Evoked Potential in Major Depressive Disorder: A Biomarker for Differential Treatment Prediction between Venlafaxine and rTMS?","Zwienenberg L, van Dijk H, Enriquez-Geppert S, van der Vinne N, Gevirtz R, Gordon E, Sack AT, Arns M.","Neuropsychobiology. 2023;82(3):158-167. doi: 10.1159/000529308. Epub 2023 Mar 16.",2023,0,"Patients/Psychiatric/Major depressive disorder",1,"43.1+-13.1",0,163,1,"EEG",26,"na","na","500","unknown","standard19","Fp1, Fp2, F7, F3, Fz, F4, F8, FC3, FCz, FC4, T3, C3, Cz, C4, T4, CP3, CPz, CP4, T5, P3, Pz, P4, T6, O1, Oz, O2","2","1","Unclassified","Left wrist","unknown","500","unknown","0.05","25","Semi-automatic","unknown","unknown","Linked mastoids","Linked mastoids","0.05","40",1,1,"CFA","1","Semi-automatic","Topography, Time course","","Noisy epochs","Fp1, Cz, Oz","na",2,1,"45","Primary","R-peak","-10","10","unknown","unknown","Group/Condition Differences","Amplitude",0,1,"ANOVA",0,"","0","","","","","ECG, age, sex, Depression",""
36910259,"10.1140/epjs/s11734-022-00696-2",0,"Not Related to HER","Complexity analysis of heartbeat-related signals in brain MRI time series as a potential biomarker for ageing and cognitive performance","López Pérez D, Bokde ALW, Kerskens CM.","Eur Phys J Spec Top. 2023;232(1):123-133. doi: 10.1140/epjs/s11734-022-00696-2. Epub 2022 Oct 21.",2023,,"",,"",,,,"",,"","","","","","","","","","","","","","","","","","","","","","",,,"","","","","","","","",,,"","","","","","","","","",,,"",,"","","","","","","",""
36841904,"10.1111/psyp.14277",1,"Consider","Autonomous sensory meridian response is associated with a larger heartbeat-evoked potential amplitude without differences in interoceptive awareness","Villena-Gonzalez M, Rojas-Thomas F, Morales-Torres R, López V.","Psychophysiology. 2023 Jun;60(6):e14277. doi: 10.1111/psyp.14277. Epub 2023 Feb 25.",2023,0,"Perception/Interoception/Cardiac, Affective processes/Autonomous sensory meridian response",0,"24.67+-4.74",1,49,0,"EEG",64,"na","na","unknown","512","standard61","Fp1, Fp2, F7, F3, Fz, F4, F8, T7, C3, Cz, C4, T8, P7, P3, Pz, P4, P8, O1, O2, Fpz, FC5, FC1, FC2, FC6, CP5, CP1, CP2, CP6, Oz, AF7, AF3, AFz, AF4, AF8, F5, F1, F2, F6, FT7, FC3, FCz, FC4, FT8, C5, C1, C2, C6, TP7, CP3, CPz, CP4, TP8, P9, P5, P1, P2, P6, P10, PO7, PO3, POz, PO4, PO8, Iz",,"2","Unclassified","Left clavicle, Left chest","unknown","unknown","unknown","unknown","unknown","unknown","unknown","unknown","CMS","Linked mastoids","unknown","30",1,1,"CFA","","unknown","unknown","","Peak-to-peak voltage","All except Fpz, Fp1, Fp2, AF7, AF8, F7, F8, FT7, FT8, T7, T8, TP7, TP8, P7, P8, P9, P10, PO7, PO8, O1, O2, Oz, Iz","na",2,1,"100+-21","Primary","R-peak","210","450","-200","0","Group/Condition Differences","Amplitude",0,0,"t-test",1,"10000","1","AF3, F1, F3, FC5, FC3, FC1, C1, C3, C5, CP3, CP1, P1, PO3, Fz, FCz, Cz, Pz, POz, AF4, F2, F4, F6, FC6, FC4, FC2, C2, C4, CP6, CP4, CP2, P2, P4, P6, PO4","R-peak","244","369","",""
36841904,"10.1111/psyp.14277",,"","Autonomous sensory meridian response is associated with a larger heartbeat-evoked potential amplitude without differences in interoceptive awareness","Villena-Gonzalez M, Rojas-Thomas F, Morales-Torres R, López V.","Psychophysiology. 2023 Jun;60(6):e14277. doi: 10.1111/psyp.14277. Epub 2023 Feb 25.",2023,0,"Perception/Interoception/Cardiac, Affective processes/Autonomous sensory meridian response",0,"24.67+-4.74",1,49,0,"EEG",64,"na","na","unknown","512","standard61","Fp1, Fp2, F7, F3, Fz, F4, F8, T7, C3, Cz, C4, T8, P7, P3, Pz, P4, P8, O1, O2, Fpz, FC5, FC1, FC2, FC6, CP5, CP1, CP2, CP6, Oz, AF7, AF3, AFz, AF4, AF8, F5, F1, F2, F6, FT7, FC3, FCz, FC4, FT8, C5, C1, C2, C6, TP7, CP3, CPz, CP4, TP8, P9, P5, P1, P2, P6, P10, PO7, PO3, POz, PO4, PO8, Iz",,"2","Unclassified","Left clavicle, Left chest","unknown","unknown","unknown","unknown","unknown","unknown","unknown","unknown","CMS","Linked mastoids","unknown","30",1,1,"CFA","","unknown","unknown","","Peak-to-peak voltage","All except Fpz, Fp1, Fp2, AF7, AF8, F7, F8, FT7, FT8, T7, T8, TP7, TP8, P7, P8, P9, P10, PO7, PO8, O1, O2, Oz, Iz","na",2,4,"524+-6","Primary","R-peak","210","450","-200","0","Group/Condition Differences","Amplitude",0,0,"ANOVA",1,"10000","1","FC3, FC1, C1, C3, C5, CP3, CP1, P1, P3, P5, PO3, Fz, FCz, Cz, CPz, Pz, POz, AF4, F2, F4, F6, FC4, FC2, C2, C4, CP2","R-peak","283","450","",""
36720392,"10.1016/j.ijpsycho.2023.01.009",0,"Review","Heart and brain traumatic stress biomarker analysis with and without machine learning: A scoping review","Rountree-Harrison D, Berkovsky S, Kangas M.","Int J Psychophysiol. 2023 Mar;185:27-49. doi: 10.1016/j.ijpsycho.2023.01.009. Epub 2023 Jan 30.",2023,,"",,"",,,,"",,"","","","","","","","","","","","","","","","","","","","","","",,,"","","","","","","","",,,"","","","","","","","","",,,"",,"","","","","","","",""
36685762,"10.1016/j.crneur.2022.100050",0,"Review","Brain-heart interactions in the neurobiology of consciousness","Candia-Rivera D.","Curr Res Neurobiol. 2022 Aug 6;3:100050. doi: 10.1016/j.crneur.2022.100050. eCollection 2022.",2022,,"",,"",,,,"",,"","","","","","","","","","","","","","","","","","","","","","",,,"","","","","","","","",,,"","","","","","","","","",,,"",,"","","","","","","",""
36610678,"10.1016/j.neuroimage.2023.119867",1,"Consider","Whose emotion is it? Perspective matters to understand brain-body interactions in emotions","Engelen T, Buot A, Grèzes J, Tallon-Baudry C.","Neuroimage. 2023 Mar;268:119867. doi: 10.1016/j.neuroimage.2023.119867. Epub 2023 Jan 5.",2023,0,"Perception/Exteroception/Visual/Emotion recognition, Affective processes/Empathy",0,"24.72+-4.89",1,32,0,"EEG",64,"na","na","2048","unknown","standard61","Fp1, Fp2, F7, F3, Fz, F4, F8, T7, C3, Cz, C4, T8, P7, P3, Pz, P4, P8, O1, O2, Fpz, FC5, FC1, FC2, FC6, CP5, CP1, CP2, CP6, Oz, AF7, AF3, AFz, AF4, AF8, F5, F1, F2, F6, FT7, FC3, FCz, FC4, FT8, C5, C1, C2, C6, TP7, CP3, CPz, CP4, TP8, P9, P5, P1, P2, P6, P10, PO7, PO3, POz, PO4, PO8, Iz",,"5","Multiple leads (Lead II)","Right clavicle, Left abdomen, Left clavicle, Left shoulder, Right shoulder","unknown","2048","unknown","1","40","Automatic","Template matching","unknown","CMS","Common average","0.3","20",1,1,"Blinks, CFA","1-3","Automatic","Phase consistency","RR at least 570 ms","","All","na",1,2,"63+-10","Primary","R-peak","270","570","unknown","unknown","Group/Condition Differences","Amplitude",0,0,"t-test",1,"1000","1","AF8, AF4, F2, F4, F6, F8, FC6, FC4","R-peak","426","436","RR, ECG, Permuted heartbeats",""
36610678,"10.1016/j.neuroimage.2023.119867",,"","Whose emotion is it? Perspective matters to understand brain-body interactions in emotions","Engelen T, Buot A, Grèzes J, Tallon-Baudry C.","Neuroimage. 2023 Mar;268:119867. doi: 10.1016/j.neuroimage.2023.119867. Epub 2023 Jan 5.",2023,0,"Perception/Exteroception/Visual/Emotion recognition, Affective processes/Empathy",0,"24.72+-4.89",1,32,0,"EEG",64,"na","na","2048","unknown","standard61","Fp1, Fp2, F7, F3, Fz, F4, F8, T7, C3, Cz, C4, T8, P7, P3, Pz, P4, P8, O1, O2, Fpz, FC5, FC1, FC2, FC6, CP5, CP1, CP2, CP6, Oz, AF7, AF3, AFz, AF4, AF8, F5, F1, F2, F6, FT7, FC3, FCz, FC4, FT8, C5, C1, C2, C6, TP7, CP3, CPz, CP4, TP8, P9, P5, P1, P2, P6, P10, PO7, PO3, POz, PO4, PO8, Iz",,"5","Multiple leads (Lead II)","Right clavicle, Left abdomen, Left clavicle, Left shoulder, Right shoulder","unknown","2048","unknown","1","40","Automatic","Template matching","unknown","CMS","Common average","0.3","20",1,1,"Blinks, CFA","1-3","Automatic","Phase consistency","RR at least 570 ms","","AF8, AF4, F2, F4, F6, F8, FC6, FC4","na",1,1,"63+-10","Secondary","R-peak","426","436","unknown","unknown","Correlation","Amplitude",1,1,"Correlation",0,"","0","","","","","",""
36572348,"10.1016/j.ijpsycho.2022.12.006",0,"Not Related to HER","Psychophysiological mechanisms underlying the effects of outdoor green and virtual green exercise during self-paced walking","Mavrantza AM, Bigliassi M, Calogiuri G.","Int J Psychophysiol. 2023 Feb;184:39-50. doi: 10.1016/j.ijpsycho.2022.12.006. Epub 2022 Dec 23.",2023,,"",,"",,,,"",,"","","","","","","","","","","","","","","","","","","","","","",,,"","","","","","","","",,,"","","","","","","","","",,,"",,"","","","","","","",""
36535320,"10.1016/j.neuroimage.2022.119817",1,"Consider","Dual interaction between heartbeat-evoked responses and stimuli","Zhang Y, Zhang J, Xie M, Ding N, Zhang Y, Qin P.","Neuroimage. 2023 Feb 1;266:119817. doi: 10.1016/j.neuroimage.2022.119817. Epub 2022 Dec 16.",2023,0,"Perception/Exteroception/Auditory/Subject's own name",0,"20-28",1,19,0,"MEG",306,"204","102","1000","250","Elekta","na",,"7","Multiple leads","Left clavicle, Right clavicle, Sternum, Right shoulder, Left shoulder","Upper back","1000","250","1","40","Automatic","Template matching","Brainstorm","na","na","1","40",1,1,"CFA, Eye movements, Blinks","0-2","Manual","Topography, Time course","limit analysis to time of minimal artifact","Manual removal of artifacts","na","Magnetometers",1,2,"100","Primary","T-peak","50","350","unknown","unknown","Group/Condition Differences","Amplitude",0,0,"t-test",1,"10000","0","","","","","ECG, RR",""
36535320,"10.1016/j.neuroimage.2022.119817",,"","Dual interaction between heartbeat-evoked responses and stimuli","Zhang Y, Zhang J, Xie M, Ding N, Zhang Y, Qin P.","Neuroimage. 2023 Feb 1;266:119817. doi: 10.1016/j.neuroimage.2022.119817. Epub 2022 Dec 16.",2023,0,"Perception/Exteroception/Auditory/Subject's own name",0,"20-28",1,19,0,"MEG",306,"204","102","1000","250","Elekta","na",,"7","Multiple leads","Left clavicle, Right clavicle, Sternum, Right shoulder, Left shoulder","Upper back","1000","250","1","40","Automatic","Template matching","Brainstorm","na","na","1","40",1,1,"Eye movements, Blinks","","","","limit analysis to time of minimal artifact","Manual removal of artifacts","na","Magnetometers",1,2,"100","Primary","T-peak","50","350","unknown","unknown","Group/Condition Differences","Amplitude",0,0,"t-test",1,"10000","1","na","T-peak","276","320","ECG, RR",""
36535320,"10.1016/j.neuroimage.2022.119817",,"","Dual interaction between heartbeat-evoked responses and stimuli","Zhang Y, Zhang J, Xie M, Ding N, Zhang Y, Qin P.","Neuroimage. 2023 Feb 1;266:119817. doi: 10.1016/j.neuroimage.2022.119817. Epub 2022 Dec 16.",2023,0,"Perception/Exteroception/Auditory/Subject's own name",0,"20-28",1,19,0,"MEG",306,"204","102","1000","250","Elekta","na",,"7","Multiple leads","Left clavicle, Right clavicle, Sternum, Right shoulder, Left shoulder","Upper back","1000","250","1","40","Automatic","Template matching","Brainstorm","na","na","1","40",1,1,"Eye movements, Blinks","","","","limit analysis to time of minimal artifact","Manual removal of artifacts","na","Magnetometers",1,2,"50","Primary","T-peak","50","350","unknown","unknown","Group/Condition Differences","Amplitude",0,0,"t-test",1,"10000","1","na","T-peak","152","184","ECG, RR",""
36450811,"10.1038/s41598-022-25119-z",0,"Not Related to HER","Confounding effects of heart rate, breathing rate, and frontal fNIRS on interoception","Candia-Rivera D, Sappia MS, Horschig JM, Colier WNJM, Valenza G.","Sci Rep. 2022 Nov 30;12(1):20701. doi: 10.1038/s41598-022-25119-z.",2022,,"",,"",,,,"",,"","","","","","","","","","","","","","","","","","","","","","",,,"","","","","","","","",,,"","","","","","","","","",,,"",,"","","","","","","",""
36325884,"10.1111/psyp.14208",0,"Not Related to HER","The effect of inherently threatening contexts on visuocortical engagement to conditioned threat","Stegmann Y, Andreatta M, Wieser MJ.","Psychophysiology. 2023 Apr;60(4):e14208. doi: 10.1111/psyp.14208. Epub 2022 Nov 3.",2023,,"",,"",,,,"",,"","","","","","","","","","","","","","","","","","","","","","",,,"","","","","","","","",,,"","","","","","","","","",,,"",,"","","","","","","",""
36265997,"10.1016/j.jacep.2022.06.019",1,"Consider","Attenuation of the Heartbeat-Evoked Potential in Patients With Atrial Fibrillation","Kumral D, Al E, Cesnaite E, Kornej J, Sander C, Hensch T, Zeynalova S, Tautenhahn S, Hagendorf A, Laufs U, Wachter R, Nikulin V, Villringer A.","JACC Clin Electrophysiol. 2022 Oct;8(10):1219-1230. doi: 10.1016/j.jacep.2022.06.019. Epub 2022 Aug 31.",2022,0,"Patients/Cardiovascular/Atrial fibrillation",1,"72.02+-4.15, 71.73+-4.26",0,112,1,"EEG",31,"na","na","1000","500","standard32","Fp1, Fp2, F7, F3, Fz, F4, F8, FT9, FC5, FC1, FC2, FC6, FT10, T7, C3, Cz, C4, T8, CP5, CP6, TP9, TP10, P7, P3, Pz, P4, P8, PO9, PO10, O1, O2","20","2","Lead I","Left wrist, Right wrist","unknown","unknown","unknown","unknown","unknown","unknown","unknown","unknown","Common average","Common average","1","45",1,0,"CFA, Other","","unknown","unknown","","","All","na",2,1,"[est600]","Primary","T-peak","50","250","unknown","unknown","Group/Condition Differences","Amplitude",0,0,"t-test",1,"5000","1","Fp1, Fp2, F8, F4, Fz, FC1, C4, CP6, TP10, T8, FC6, FT10, T7, CP5, Pz, P3, P4, TP9, P7, O1, O2, PO9, PO10","T-peak","50","152","ECG, RR, systolic volume, systolic blood pressure, depression","est number of trials = assume 10 min of clean recording x 60 beats per minute"
36265997,"10.1016/j.jacep.2022.06.019",,"","Attenuation of the Heartbeat-Evoked Potential in Patients With Atrial Fibrillation","Kumral D, Al E, Cesnaite E, Kornej J, Sander C, Hensch T, Zeynalova S, Tautenhahn S, Hagendorf A, Laufs U, Wachter R, Nikulin V, Villringer A.","JACC Clin Electrophysiol. 2022 Oct;8(10):1219-1230. doi: 10.1016/j.jacep.2022.06.019. Epub 2022 Aug 31.",2022,0,"Patients/Cardiovascular/Atrial fibrillation",1,"72.02+-4.15, 71.73+-4.26",0,112,1,"EEG",31,"na","na","1000","500","standard32","Fp1, Fp2, F7, F3, Fz, F4, F8, FT9, FC5, FC1, FC2, FC6, FT10, T7, C3, Cz, C4, T8, CP5, CP6, TP9, TP10, P7, P3, Pz, P4, P8, PO9, PO10, O1, O2","20","2","Lead I","Left wrist, Right wrist","unknown","unknown","unknown","unknown","unknown","unknown","unknown","unknown","Common average","Common average","1","45",1,0,"CFA, Other","","unknown","unknown","","","Fp1, Fp2, F8, F4, Fz, FC1, C4, CP6, TP10, T8, FC6, FT10","na",1,1,"[est600]","Secondary","T-peak","50","152","unknown","unknown","Correlation","Amplitude",1,1,"Correlation",0,"","1","","","","","","est number of trials = assume 10 min of clean recording x 60 beats per minute"
36265997,"10.1016/j.jacep.2022.06.019",,"","Attenuation of the Heartbeat-Evoked Potential in Patients With Atrial Fibrillation","Kumral D, Al E, Cesnaite E, Kornej J, Sander C, Hensch T, Zeynalova S, Tautenhahn S, Hagendorf A, Laufs U, Wachter R, Nikulin V, Villringer A.","JACC Clin Electrophysiol. 2022 Oct;8(10):1219-1230. doi: 10.1016/j.jacep.2022.06.019. Epub 2022 Aug 31.",2022,0,"Patients/Cardiovascular/Atrial fibrillation",1,"72.02+-4.15, 71.73+-4.26",0,112,1,"EEG",31,"na","na","1000","500","standard32","Fp1, Fp2, F7, F3, Fz, F4, F8, FT9, FC5, FC1, FC2, FC6, FT10, T7, C3, Cz, C4, T8, CP5, CP6, TP9, TP10, P7, P3, Pz, P4, P8, PO9, PO10, O1, O2","20","2","Lead I","Left wrist, Right wrist","unknown","unknown","unknown","unknown","unknown","unknown","unknown","unknown","Common average","Common average","1","45",1,0,"CFA, Other","","unknown","unknown","","","All","na",2,1,"[est600]","Primary","R-peak","300","550","-100","0","Group/Condition Differences","Amplitude",0,0,"t-test",1,"5000","1","Fp1, Fp2, F8, F4, Fz, FC1, C4, CP6, TP10, T8, FC6, FT10, T7, CP5, Pz, P3, P4, TP9, P7, O1, O2, PO9, PO10","R-peak","300","550","","est number of trials = assume 10 min of clean recording x 60 beats per minute"
36161147,"10.3389/fnins.2022.952329",1,"Consider","Effects of 24-h acute total sleep deprivation on physiological coupling in healthy young adults","Liu H, Yu X, Wang G, Han Y, Wang W.","Front Neurosci. 2022 Sep 8;16:952329. doi: 10.3389/fnins.2022.952329. eCollection 2022.",2022,1,"Sleep, Manipulation/Sleep deprivation",0,"23.2+-2.4",1,38,0,"EEG",1,"na","na","2000","unknown","standard19","Fpz","10","2","Lead II","unknown","unknown","2000","unknown","unknown","unknown","Semi-automatic","PanTompkins1985","Kubios","unknown","unknown","0.05","100",1,0,"CFA, Eye movements, Blinks, Muscle","","Manual","unknown","","Noisy epochs","All","na",1,2,"[est600]","Primary","R-peak","455","595","-75","0","Group/Condition Differences","Amplitude",0,1,"Non-parametric comparison",0,"","0","","","","","","est number of trials = rest recording length (10 min) * 60 bpm"
36161147,"10.3389/fnins.2022.952329",,"","Effects of 24-h acute total sleep deprivation on physiological coupling in healthy young adults","Liu H, Yu X, Wang G, Han Y, Wang W.","Front Neurosci. 2022 Sep 8;16:952329. doi: 10.3389/fnins.2022.952329. eCollection 2022.",2022,1,"Sleep, Manipulation/Sleep deprivation",0,"23.2+-2.4",1,38,0,"EEG",1,"na","na","2000","unknown","standard19","Fpz","10","2","Lead II","unknown","unknown","2000","unknown","unknown","unknown","Semi-automatic","PanTompkins1985","Kubios","unknown","unknown","0.05","100",1,0,"CFA, Eye movements, Blinks, Muscle","","Manual","unknown","","Noisy epochs","All","na",1,2,"[est600]","Primary","R-peak","250","400","-75","0","Group/Condition Differences","Amplitude",0,0,"Non-parametric comparison",0,"","0","","","","","","est number of trials = rest recording length (10 min) * 60 bpm"
36152562,"10.1016/j.nicl.2022.103197",0,"Commentary","Response to the Commentary on the paper ""The heartbeat evoked potential is a questionable biomarker in nightmare disorder: A replication study. By Bogdany, T., Perakakis, P., Bodizs, R., Simor, P., 2021. NeuroImage Clin. 33, 102933""","","Neuroimage Clin. 2022;36:103197. doi: 10.1016/j.nicl.2022.103197. Epub 2022 Sep 21.",2022,,"",,"",,,,"",,"","","","","","","","","","","","","","","","","","","","","","",,,"","","","","","","","",,,"","","","","","","","","",,,"",,"","","","","","","",""
36137497,"10.1016/j.nicl.2022.103196",0,"Commentary","Commentary on the paper ""The heartbeat evoked potential is a questionable biomarker in nightmare disorder: A replication study. By Bogdany, T., Perakakis, P., Bodizs, R., Simor, P., 2021. Neuroimage Clin 33, 102933""","Perogamvros L, Park HD, Schwartz S.","Neuroimage Clin. 2022;36:103196. doi: 10.1016/j.nicl.2022.103196. Epub 2022 Sep 19.",2022,,"",,"",,,,"",,"","","","","","","","","","","","","","","","","","","","","","",,,"","","","","","","","",,,"","","","","","","","","",,,"",,"","","","","","","",""
36087362,"10.1016/j.autneu.2022.103023",0,"Not Related to HER","Exploring the interplay between mechanisms of neuroplasticity and cardiovascular health in aging adults: A multiple linear regression analysis study","Cabral DF, Bigliassi M, Cattaneo G, Rundek T, Pascual-Leone A, Cahalin LP, Gomes-Osman J.","Auton Neurosci. 2022 Nov;242:103023. doi: 10.1016/j.autneu.2022.103023. Epub 2022 Sep 7.",2022,,"",,"",,,,"",,"","","","","","","","","","","","","","","","","","","","","","",,,"","","","","","","","",,,"","","","","","","","","",,,"",,"","","","","","","",""
36034270,"10.3389/fneur.2022.904052",1,"Consider","Dynamic coupling between the central and autonomic cardiac nervous systems in patients with refractory epilepsy: A pilot study","Melo E, Fiel J, Milhomens R, Ribeiro T, Navegantes R, Gomes F, Duarte Gomes B, Pereira A.","Front Neurol. 2022 Aug 10;13:904052. doi: 10.3389/fneur.2022.904052. eCollection 2022.",2022,0,"Patients/Neurological/Epilepsy",1,"34.4+-9.9, 32.3+-10.2",1,18,1,"EEG",22,"na","na","256","unknown","standard19","layout","10","2","Lead I","Right wrist, Left wrist","Fpz","256","unknown","unknown","unknown","unknown","unknown","unknown","Linked earlobes","Linked mastoids","0.5","15",1,0,"Eye movements, muscle","","","","","","Fp1, F3, F7, Fp2, F4, F8, C3, C4, T3, T5, T4, T6, P3, P4, O1, O2","na",2,1,"179","Primary","R-peak","350","600","unknown","unknown","Group/Condition Differences","Amplitude",0,0,"ANOVA",0,"","1","","","","","",""
35964864,"10.1016/j.neuroimage.2022.119548",1,"Consider","Brain-heart interactions are modulated across the respiratory cycle via interoceptive attention","Zaccaro A, Perrucci MG, Parrotta E, Costantini M, Ferri F.","Neuroimage. 2022 Nov 15;262:119548. doi: 10.1016/j.neuroimage.2022.119548. Epub 2022 Aug 11.",2022,0,"Physiology/Respiration, Perception/Interoception/Cardiac, Perception/Exteroception/Auditory/Heartbeat sounds",0,"26.67+-4.56",1,39,1,"EEG",64,"na","na","2000","256","standard61","Fp1, Fp2, F7, F3, Fz, F4, F8, T7, C3, Cz, C4, T8, P7, P3, Pz, P4, P8, O1, O2, Fpz, FT9, FC5, FC1, FC2, FC6, FT10, TP9, CP5, CP1, CP2, CP6, TP10, Oz, AF7, AF3, AFz, AF4, AF8, F5, F1, F2, F6, FT7, FC3, FC4, FT8, C5, C1, C2, C6, TP7, CP3, CPz, CP4, TP8, P5, P1, P2, P6, PO7, PO3, POz, PO4, PO8","10","2","Lead I","Left Clavicle, Right Clavicle","Right abdomen","2000","256","0.1","128","Semi-automatic","unknown","HEPLAB","FCz","Common average","0.5","40",1,0,"CFA, Eye movements, Muscle","","Manual","Time course","limit analysis to time of minimal artifact","Noisy epochs","All","na",1,2,"[est300]","Primary","T-peak","80","350","-100","0","Group/Condition Differences","Amplitude",0,0,"t-test",1,"10000","1","FC1, FC2, Cz, C1, C2, C3, C4, CPz, CP1, CP2, CP3, CP4, Pz, P1, P3, POz","T-peak","191","350","HR, ECG, HFlog","est number of trials = recording length within condition (5 min) * 60 bpm"
35964864,"10.1016/j.neuroimage.2022.119548",,"","Brain-heart interactions are modulated across the respiratory cycle via interoceptive attention","Zaccaro A, Perrucci MG, Parrotta E, Costantini M, Ferri F.","Neuroimage. 2022 Nov 15;262:119548. doi: 10.1016/j.neuroimage.2022.119548. Epub 2022 Aug 11.",2022,0,"Physiology/Respiration, Perception/Interoception/Cardiac, Perception/Exteroception/Auditory/Heartbeat sounds",0,"26.67+-4.56",1,39,1,"EEG",64,"na","na","2000","256","standard61","Fp1, Fp2, F7, F3, Fz, F4, F8, T7, C3, Cz, C4, T8, P7, P3, Pz, P4, P8, O1, O2, Fpz, FT9, FC5, FC1, FC2, FC6, FT10, TP9, CP5, CP1, CP2, CP6, TP10, Oz, AF7, AF3, AFz, AF4, AF8, F5, F1, F2, F6, FT7, FC3, FC4, FT8, C5, C1, C2, C6, TP7, CP3, CPz, CP4, TP8, P5, P1, P2, P6, PO7, PO3, POz, PO4, PO8","10","2","Lead I","Left Clavicle, Right Clavicle","Right abdomen","2000","256","0.1","128","Semi-automatic","unknown","HEPLAB","FCz","Common average","0.5","40",1,0,"CFA, Eye movements, Muscle","","Manual","Time course","limit analysis to time of minimal artifact","Noisy epochs","All","na",1,2,"[est300]","Primary","R-peak","140","400","-100","0","Group/Condition Differences","Amplitude",0,0,"t-test",1,"10000","1","Fp1, Fpz, Fp2, AF7, AF3, AFz, AF4, AF8, Fz","R-peak","332","379","HR, ECG, HFlog","est number of trials = recording length within condition (5 min) * 60 bpm"
35964864,"10.1016/j.neuroimage.2022.119548",,"","Brain-heart interactions are modulated across the respiratory cycle via interoceptive attention","Zaccaro A, Perrucci MG, Parrotta E, Costantini M, Ferri F.","Neuroimage. 2022 Nov 15;262:119548. doi: 10.1016/j.neuroimage.2022.119548. Epub 2022 Aug 11.",2022,0,"Physiology/Respiration, Perception/Interoception/Cardiac, Perception/Exteroception/Auditory/Heartbeat sounds",0,"26.67+-4.56",1,39,1,"EEG",64,"na","na","2000","256","standard61","Fp1, Fp2, F7, F3, Fz, F4, F8, T7, C3, Cz, C4, T8, P7, P3, Pz, P4, P8, O1, O2, Fpz, FT9, FC5, FC1, FC2, FC6, FT10, TP9, CP5, CP1, CP2, CP6, TP10, Oz, AF7, AF3, AFz, AF4, AF8, F5, F1, F2, F6, FT7, FC3, FC4, FT8, C5, C1, C2, C6, TP7, CP3, CPz, CP4, TP8, P5, P1, P2, P6, PO7, PO3, POz, PO4, PO8","10","2","Lead I","Left Clavicle, Right Clavicle","Right abdomen","2000","256","0.1","128","Semi-automatic","unknown","HEPLAB","FCz","Common average","0.5","40",1,0,"CFA, Eye movements, Muscle","","Manual","Time course","limit analysis to time of minimal artifact","Noisy epochs","FC1, FC2, Cz, C1, C2, C3, C4, CPz, CP1, CP2, CP3, CP4, Pz, P1, P3, POz","na",1,1,"[est600]","Secondary","T-peak","191","350","-100","0","Correlation","Amplitude",1,1,"Correlation",0,"","1","","","","","","est number of trials = recording length within condition (10 min) * 60 bpm"
35964864,"10.1016/j.neuroimage.2022.119548",,"","Brain-heart interactions are modulated across the respiratory cycle via interoceptive attention","Zaccaro A, Perrucci MG, Parrotta E, Costantini M, Ferri F.","Neuroimage. 2022 Nov 15;262:119548. doi: 10.1016/j.neuroimage.2022.119548. Epub 2022 Aug 11.",2022,0,"Physiology/Respiration, Perception/Interoception/Cardiac, Perception/Exteroception/Auditory/Heartbeat sounds",0,"26.67+-4.56",1,39,1,"EEG",64,"na","na","2000","256","standard61","Fp1, Fp2, F7, F3, Fz, F4, F8, T7, C3, Cz, C4, T8, P7, P3, Pz, P4, P8, O1, O2, Fpz, FT9, FC5, FC1, FC2, FC6, FT10, TP9, CP5, CP1, CP2, CP6, TP10, Oz, AF7, AF3, AFz, AF4, AF8, F5, F1, F2, F6, FT7, FC3, FC4, FT8, C5, C1, C2, C6, TP7, CP3, CPz, CP4, TP8, P5, P1, P2, P6, PO7, PO3, POz, PO4, PO8","10","2","Lead I","Left Clavicle, Right Clavicle","Right abdomen","2000","256","0.1","128","Semi-automatic","unknown","HEPLAB","FCz","Common average","0.5","40",1,0,"CFA, Eye movements, Muscle","","Manual","Time course","limit analysis to time of minimal artifact","Noisy epochs","FC1, FC2, Cz, C1, C2, C3, C4, CPz, CP1, CP2, CP3, CP4, Pz, P1, P3, POz","na",1,1,"[est600]","Secondary","T-peak","191","350","-100","0","Group/Condition Differences","Amplitude",1,1,"Regression",0,"","1","","","","","ECG, HR, HFlog, HRV, LF/HF, I/E","est number of trials = recording length within condition (10 min) * 60 bpm"
35964864,"10.1016/j.neuroimage.2022.119548",,"","Brain-heart interactions are modulated across the respiratory cycle via interoceptive attention","Zaccaro A, Perrucci MG, Parrotta E, Costantini M, Ferri F.","Neuroimage. 2022 Nov 15;262:119548. doi: 10.1016/j.neuroimage.2022.119548. Epub 2022 Aug 11.",2022,0,"Physiology/Respiration, Perception/Interoception/Cardiac, Perception/Exteroception/Auditory/Heartbeat sounds",0,"25.21+-2.64",1,19,0,"EEG",64,"na","na","2000","256","standard61","Fp1, Fp2, F7, F3, Fz, F4, F8, T7, C3, Cz, C4, T8, P7, P3, Pz, P4, P8, O1, O2, Fpz, FT9, FC5, FC1, FC2, FC6, FT10, TP9, CP5, CP1, CP2, CP6, TP10, Oz, AF7, AF3, AFz, AF4, AF8, F5, F1, F2, F6, FT7, FC3, FC4, FT8, C5, C1, C2, C6, TP7, CP3, CPz, CP4, TP8, P5, P1, P2, P6, PO7, PO3, POz, PO4, PO8","20","2","Lead I","Left Clavicle, Right Clavicle","Right abdomen","2000","256","0.1","128","Semi-automatic","unknown","HEPLAB","FCz","Common average","0.5","40",1,0,"CFA, Eye movements, Muscle","","Manual","Time course","limit analysis to time of minimal artifact","Noisy epochs","All","na",1,2,"[est300]","Primary","T-peak","80","350","-100","0","Group/Condition Differences","Amplitude",0,0,"t-test",1,"10000","1","F2, F4, FC2, FC4, Cz, C1, C2, C4, CPz, CP2","T-peak","234","312","HR, ECG, HFlog","est number of trials = recording length within condition (5 min) * 60 bpm"
35964864,"10.1016/j.neuroimage.2022.119548",,"","Brain-heart interactions are modulated across the respiratory cycle via interoceptive attention","Zaccaro A, Perrucci MG, Parrotta E, Costantini M, Ferri F.","Neuroimage. 2022 Nov 15;262:119548. doi: 10.1016/j.neuroimage.2022.119548. Epub 2022 Aug 11.",2022,0,"Physiology/Respiration, Perception/Interoception/Cardiac, Perception/Exteroception/Auditory/Heartbeat sounds",0,"25.21+-2.64",1,19,0,"EEG",64,"na","na","2000","256","standard61","Fp1, Fp2, F7, F3, Fz, F4, F8, T7, C3, Cz, C4, T8, P7, P3, Pz, P4, P8, O1, O2, Fpz, FT9, FC5, FC1, FC2, FC6, FT10, TP9, CP5, CP1, CP2, CP6, TP10, Oz, AF7, AF3, AFz, AF4, AF8, F5, F1, F2, F6, FT7, FC3, FC4, FT8, C5, C1, C2, C6, TP7, CP3, CPz, CP4, TP8, P5, P1, P2, P6, PO7, PO3, POz, PO4, PO8","20","2","Lead I","Left Clavicle, Right Clavicle","Right abdomen","2000","256","0.1","128","Semi-automatic","unknown","HEPLAB","FCz","Common average","0.5","40",1,0,"CFA, Eye movements, Muscle","","Manual","Time course","limit analysis to time of minimal artifact","Noisy epochs","F2, F4, FC2, FC4, Cz, C1, C2, C4, CPz, CP2","na",1,2,"[est300]","Secondary","T-peak","234","312","-100","0","Group/Condition Differences","Amplitude",0,0,"t-test",1,"10000","0","","","","","HR, ECG, HFlog","est number of trials = recording length within condition (5 min) * 60 bpm"
35964864,"10.1016/j.neuroimage.2022.119548",,"","Brain-heart interactions are modulated across the respiratory cycle via interoceptive attention","Zaccaro A, Perrucci MG, Parrotta E, Costantini M, Ferri F.","Neuroimage. 2022 Nov 15;262:119548. doi: 10.1016/j.neuroimage.2022.119548. Epub 2022 Aug 11.",2022,0,"Physiology/Respiration, Perception/Interoception/Cardiac, Perception/Exteroception/Auditory/Heartbeat sounds",0,"25.21+-2.64",1,19,0,"EEG",64,"na","na","2000","256","standard61","Fp1, Fp2, F7, F3, Fz, F4, F8, T7, C3, Cz, C4, T8, P7, P3, Pz, P4, P8, O1, O2, Fpz, FT9, FC5, FC1, FC2, FC6, FT10, TP9, CP5, CP1, CP2, CP6, TP10, Oz, AF7, AF3, AFz, AF4, AF8, F5, F1, F2, F6, FT7, FC3, FC4, FT8, C5, C1, C2, C6, TP7, CP3, CPz, CP4, TP8, P5, P1, P2, P6, PO7, PO3, POz, PO4, PO8","20","2","Lead I","Left Clavicle, Right Clavicle","Right abdomen","2000","256","0.1","128","Semi-automatic","unknown","HEPLAB","FCz","Common average","0.5","40",1,0,"CFA, Eye movements, Muscle","","Manual","Time course","limit analysis to time of minimal artifact","Noisy epochs","F2, F4, FC2, FC4, Cz, C1, C2, C4, CPz, CP2","na",1,4,"[est300]","Secondary","T-peak","234","312","-100","0","Group/Condition Differences","Amplitude",1,1,"ANOVA",0,"","1","","","","","","est number of trials = recording length within condition (5 min) * 60 bpm"
35964864,"10.1016/j.neuroimage.2022.119548",,"","Brain-heart interactions are modulated across the respiratory cycle via interoceptive attention","Zaccaro A, Perrucci MG, Parrotta E, Costantini M, Ferri F.","Neuroimage. 2022 Nov 15;262:119548. doi: 10.1016/j.neuroimage.2022.119548. Epub 2022 Aug 11.",2022,0,"Physiology/Respiration, Perception/Interoception/Cardiac, Perception/Exteroception/Auditory/Heartbeat sounds",0,"25.21+-2.64",1,19,0,"EEG",64,"na","na","2000","256","standard61","Fp1, Fp2, F7, F3, Fz, F4, F8, T7, C3, Cz, C4, T8, P7, P3, Pz, P4, P8, O1, O2, Fpz, FT9, FC5, FC1, FC2, FC6, FT10, TP9, CP5, CP1, CP2, CP6, TP10, Oz, AF7, AF3, AFz, AF4, AF8, F5, F1, F2, F6, FT7, FC3, FC4, FT8, C5, C1, C2, C6, TP7, CP3, CPz, CP4, TP8, P5, P1, P2, P6, PO7, PO3, POz, PO4, PO8","20","2","Lead I","Left Clavicle, Right Clavicle","Right abdomen","2000","256","0.1","128","Semi-automatic","unknown","HEPLAB","FCz","Common average","0.5","40",1,0,"CFA, Eye movements, Muscle","","Manual","Time course","limit analysis to time of minimal artifact","Noisy epochs","F2, F4, FC2, FC4, Cz, C1, C2, C4, CPz, CP2","na",1,1,"[est600]","Secondary","T-peak","234","312","-100","0","Correlation","Amplitude",1,1,"Correlation",0,"","1","","","","","","est number of trials = recording length within condition (10 min) * 60 bpm"
35964864,"10.1016/j.neuroimage.2022.119548",,"","Brain-heart interactions are modulated across the respiratory cycle via interoceptive attention","Zaccaro A, Perrucci MG, Parrotta E, Costantini M, Ferri F.","Neuroimage. 2022 Nov 15;262:119548. doi: 10.1016/j.neuroimage.2022.119548. Epub 2022 Aug 11.",2022,0,"Physiology/Respiration, Perception/Interoception/Cardiac, Perception/Exteroception/Auditory/Heartbeat sounds",0,"25.21+-2.64",1,19,0,"EEG",64,"na","na","2000","256","standard61","Fp1, Fp2, F7, F3, Fz, F4, F8, T7, C3, Cz, C4, T8, P7, P3, Pz, P4, P8, O1, O2, Fpz, FT9, FC5, FC1, FC2, FC6, FT10, TP9, CP5, CP1, CP2, CP6, TP10, Oz, AF7, AF3, AFz, AF4, AF8, F5, F1, F2, F6, FT7, FC3, FC4, FT8, C5, C1, C2, C6, TP7, CP3, CPz, CP4, TP8, P5, P1, P2, P6, PO7, PO3, POz, PO4, PO8","20","2","Lead I","Left Clavicle, Right Clavicle","Right abdomen","2000","256","0.1","128","Semi-automatic","unknown","HEPLAB","FCz","Common average","0.5","40",1,0,"CFA, Eye movements, Muscle","","Manual","Time course","limit analysis to time of minimal artifact","Noisy epochs","All","na",1,2,"[est600]","Primary","T-peak","80","350","-100","0","Group/Condition Differences","Amplitude",0,0,"t-test",0,"10000","1","CP1, CP2, P1, P2, CPz","T-peak","190","312","ECG, HR, HFlog, HRV, LF/HF, I/E","est number of trials = recording length within condition (10 min) * 60 bpm"
35964864,"10.1016/j.neuroimage.2022.119548",,"","Brain-heart interactions are modulated across the respiratory cycle via interoceptive attention","Zaccaro A, Perrucci MG, Parrotta E, Costantini M, Ferri F.","Neuroimage. 2022 Nov 15;262:119548. doi: 10.1016/j.neuroimage.2022.119548. Epub 2022 Aug 11.",2022,0,"Physiology/Respiration, Perception/Interoception/Cardiac, Perception/Exteroception/Auditory/Heartbeat sounds",0,"25.21+-2.64",1,19,0,"EEG",64,"na","na","2000","256","standard61","Fp1, Fp2, F7, F3, Fz, F4, F8, T7, C3, Cz, C4, T8, P7, P3, Pz, P4, P8, O1, O2, Fpz, FT9, FC5, FC1, FC2, FC6, FT10, TP9, CP5, CP1, CP2, CP6, TP10, Oz, AF7, AF3, AFz, AF4, AF8, F5, F1, F2, F6, FT7, FC3, FC4, FT8, C5, C1, C2, C6, TP7, CP3, CPz, CP4, TP8, P5, P1, P2, P6, PO7, PO3, POz, PO4, PO8","20","2","Lead I","Left Clavicle, Right Clavicle","Right abdomen","2000","256","0.1","128","Semi-automatic","unknown","HEPLAB","FCz","Common average","0.5","40",1,0,"CFA, Eye movements, Muscle","","Manual","Time course","limit analysis to time of minimal artifact","Noisy epochs","F2, F4, FC2, FC4, Cz, C1, C2, C4, CPz, CP2","na",1,1,"[est402]","Secondary","T-peak","234","312","-100","0","Group/Condition Differences","Amplitude",1,1,"Regression",0,"","1","","","","","HR, ECG","est number of trials = reported 7638 / 19 subjects"
35964864,"10.1016/j.neuroimage.2022.119548",,"","Brain-heart interactions are modulated across the respiratory cycle via interoceptive attention","Zaccaro A, Perrucci MG, Parrotta E, Costantini M, Ferri F.","Neuroimage. 2022 Nov 15;262:119548. doi: 10.1016/j.neuroimage.2022.119548. Epub 2022 Aug 11.",2022,0,"Physiology/Respiration, Perception/Interoception/Cardiac, Perception/Exteroception/Auditory/Heartbeat sounds",0,"25.21+-2.64",1,19,0,"EEG",64,"na","na","2000","256","standard61","Fp1, Fp2, F7, F3, Fz, F4, F8, T7, C3, Cz, C4, T8, P7, P3, Pz, P4, P8, O1, O2, Fpz, FT9, FC5, FC1, FC2, FC6, FT10, TP9, CP5, CP1, CP2, CP6, TP10, Oz, AF7, AF3, AFz, AF4, AF8, F5, F1, F2, F6, FT7, FC3, FC4, FT8, C5, C1, C2, C6, TP7, CP3, CPz, CP4, TP8, P5, P1, P2, P6, PO7, PO3, POz, PO4, PO8","20","2","Lead I","Left Clavicle, Right Clavicle","Right abdomen","2000","256","0.1","128","Semi-automatic","unknown","HEPLAB","FCz","Common average","0.5","40",1,0,"CFA, Eye movements, Muscle","","Manual","Time course","limit analysis to time of minimal artifact","Noisy epochs","F2, F4, FC2, FC4, Cz, C1, C2, C4, CPz, CP2","na",1,1,"[est402]","Secondary","T-peak","234","312","-100","0","Correlation","Amplitude",1,1,"Correlation",0,"","1","","","","","HR, ECG","est number of trials = reported 7638 / 19 subjects"
35695703,"10.1002/hbm.25965",0,"Not Related to HER","Ballistocardiogram suppression in concurrent EEG-MRI by dynamic modeling of heartbeats","Lee HJ, Graham SJ, Kuo WJ, Lin FH.","Hum Brain Mapp. 2022 Oct 1;43(14):4444-4457. doi: 10.1002/hbm.25965. Epub 2022 Jun 13.",2022,,"",,"",,,,"",,"","","","","","","","","","","","","","","","","","","","","","",,,"","","","","","","","",,,"","","","","","","","","",,,"",,"","","","","","","",""
35572002,"10.3389/fnhum.2022.819834",1,"Consider","Brain-Heart Interaction and the Experience of Flow While Playing a Video Game","Khoshnoud S, Alvarez Igarzábal F, Wittmann M.","Front Hum Neurosci. 2022 Apr 28;16:819834. doi: 10.3389/fnhum.2022.819834. eCollection 2022.",2022,0,"Cognitive processes/Flow (psychology), Manipulation/Video game, Perception/Abstract/Time perception",0,"24.90+-3.98",1,43,0,"EEG",32,"na","na","1000","250","standard32","Fp1, Fp2, F7, F3, Fz, F4, F8, T7, C3, Cz, C4, T8, P7, P3, Pz, P4, P8, O1, O2, Fpz, FT9, FC5, FC1, FC2, FC6, FT10, TP9, CP5, CP1, CP2, CP6, TP10, Oz",,"2","Lead II","Right clavicle, Left abdomen","Left clavicle","1000","unknown","unknown","unknown","Semi-automatic","sym4","unknown","Fz","Common average","1.5","70",1,0,"CFA, Blinks, Muscle, Channel noise","","Automatic","ICLabel","","Artifact Subspace Reconstruction (ASR)","All","na",1,2,"[est300]","Primary","R-peak","-200","600","-200","-100","Group/Condition Differences","Amplitude",0,0,"t-test",1,"10000","1","Fz, FC1, FC2, Cz","R-peak","400","500","Surrogate heartbeats, HR, LF, HF, Respiration","est number of trials = recording length within condition (5 min) * 60 bpm"
35572002,"10.3389/fnhum.2022.819834",,"","Brain-Heart Interaction and the Experience of Flow While Playing a Video Game","Khoshnoud S, Alvarez Igarzábal F, Wittmann M.","Front Hum Neurosci. 2022 Apr 28;16:819834. doi: 10.3389/fnhum.2022.819834. eCollection 2022.",2022,0,"Cognitive processes/Flow (psychology), Manipulation/Video game, Perception/Abstract/Time perception",0,"24.90+-3.98",1,43,0,"EEG",32,"na","na","1000","250","standard32","Fp1, Fp2, F7, F3, Fz, F4, F8, T7, C3, Cz, C4, T8, P7, P3, Pz, P4, P8, O1, O2, Fpz, FT9, FC5, FC1, FC2, FC6, FT10, TP9, CP5, CP1, CP2, CP6, TP10, Oz",,"2","Lead II","Right clavicle, Left abdomen","Left clavicle","1000","unknown","unknown","unknown","Semi-automatic","sym4","unknown","Fz","Common average","1.5","70",1,0,"CFA, Blinks, Muscle, Channel noise","","Automatic","ICLabel","","Artifact Subspace Reconstruction (ASR)","Fz, FC1, FC2, Cz","na",1,1,"[est1500]","Secondary","R-peak","400","500","-200","-100","Correlation","Amplitude",1,1,"Correlation",0,"","1","","","","","HR, LF, HF, Respiration","est number of trials = recording length within condition (25 min) * 60 bpm"
35546868,"10.1002/pne2.12007",0,"Not Related to HER","Multimodal pain assessment improves discrimination between noxious and non-noxious stimuli in infants","van der Vaart M, Duff E, Raafat N, Rogers R, Hartley C, Slater R.","Paediatr Neonatal Pain. 2019 Sep 9;1(1):21-30. doi: 10.1002/pne2.12007. eCollection 2019 Sep.",2019,,"",,"",,,,"",,"","","","","","","","","","","","","","","","","","","","","","",,,"","","","","","","","",,,"","","","","","","","","",,,"",,"","","","","","","",""
35491275,"10.1016/j.biopsych.2022.02.955",1,"Consider","Allostatic-Interoceptive Overload in Frontotemporal Dementia","Birba A, Santamaría-García H, Prado P, Cruzat J, Ballesteros AS, Legaz A, Fittipaldi S, Duran-Aniotz C, Slachevsky A, Santibañez R, Sigman M, García AM, Whelan R, Moguilner S, Ibáñez A.","Biol Psychiatry. 2022 Jul 1;92(1):54-67. doi: 10.1016/j.biopsych.2022.02.955. Epub 2022 Feb 24.",2022,0,"Patients/Neurological/Neurodegenerative/Alzheimer's disease, Patients/Neurological/Neurodegenerative/Behavioral variant frontotemporal dementia",1,"68.57+-1.92, 74.65+-1.55",1,52,1,"EEG",128,"na","na","1024","512","biosemi128","layout","10","unknown","unknown","unknown","unknown","1024","unknown","unknown","unknown","unknown","PanTompkins1985","HEPLAB","Linked mastoids","Common average","0.5","40",1,0,"CFA, Eye movements","","Manual","unknown","limit analysis to time of minimal artifact","noisy epochs","All","na",2,1,"184","Primary","R-peak","200","800","-300","0","Group/Condition Differences","Amplitude",0,0,"unknown",1,"5000","1","D12, D3, C24, C22, D1, C1, C2, B32, B31, B30, B29, B1, B20, B21, B22, B26, A2, D15, D16, D28, B19, B17, B16, B3, B12","R-peak","290","600","",""
35491275,"10.1016/j.biopsych.2022.02.955",,"","Allostatic-Interoceptive Overload in Frontotemporal Dementia","Birba A, Santamaría-García H, Prado P, Cruzat J, Ballesteros AS, Legaz A, Fittipaldi S, Duran-Aniotz C, Slachevsky A, Santibañez R, Sigman M, García AM, Whelan R, Moguilner S, Ibáñez A.","Biol Psychiatry. 2022 Jul 1;92(1):54-67. doi: 10.1016/j.biopsych.2022.02.955. Epub 2022 Feb 24.",2022,0,"Patients/Neurological/Neurodegenerative/Alzheimer's disease, Patients/Neurological/Neurodegenerative/Behavioral variant frontotemporal dementia",1,"68.57+-1.92, 74.65+-1.55",1,52,1,"EEG",128,"na","na","1024","512","biosemi128","layout","10","unknown","unknown","unknown","unknown","1024","unknown","unknown","unknown","unknown","PanTompkins1985","HEPLAB","Linked mastoids","Common average","0.5","40",1,0,"CFA, Eye movements","","Manual","unknown","limit analysis to time of minimal artifact","noisy epochs","All","na",2,1,"162","Primary","R-peak","200","800","-300","0","Group/Condition Differences","Amplitude",0,0,"unknown",1,"5000","1","D12, C24, C22, D2, D1, C1, C2, B32, B31, B30, B29, B1, B20, B21, B22, B19, B18, B17, B16, B3, A2, D15, D16, D28","R-peak","190","310","",""
35491275,"10.1016/j.biopsych.2022.02.955",,"","Allostatic-Interoceptive Overload in Frontotemporal Dementia","Birba A, Santamaría-García H, Prado P, Cruzat J, Ballesteros AS, Legaz A, Fittipaldi S, Duran-Aniotz C, Slachevsky A, Santibañez R, Sigman M, García AM, Whelan R, Moguilner S, Ibáñez A.","Biol Psychiatry. 2022 Jul 1;92(1):54-67. doi: 10.1016/j.biopsych.2022.02.955. Epub 2022 Feb 24.",2022,0,"Patients/Neurological/Neurodegenerative/Alzheimer's disease, Patients/Neurological/Neurodegenerative/Behavioral variant frontotemporal dementia",1,"68.57+-1.92, 69.87+-1.5, 74.65+-1.55",1,94,1,"EEG",128,"na","na","1024","512","biosemi128","layout","10","unknown","unknown","unknown","unknown","1024","unknown","unknown","unknown","unknown","PanTompkins1985","HEPLAB","Linked mastoids","Common average","0.5","40",1,0,"CFA, Eye movements","","Manual","unknown","limit analysis to time of minimal artifact","noisy epochs","D12, D3, C24, C22, D1, C1, C2, B32, B31, B30, B29, B1, B20, B21, B22, B26, A2, D15, D16, D28, B19, B17, B16, B3, B12","na",3,1,"162","Secondary","R-peak","290","600","-300","0","Group/Condition Differences","AUC",1,1,"Regression",0,"","1","","","","","",""
35491275,"10.1016/j.biopsych.2022.02.955",,"","Allostatic-Interoceptive Overload in Frontotemporal Dementia","Birba A, Santamaría-García H, Prado P, Cruzat J, Ballesteros AS, Legaz A, Fittipaldi S, Duran-Aniotz C, Slachevsky A, Santibañez R, Sigman M, García AM, Whelan R, Moguilner S, Ibáñez A.","Biol Psychiatry. 2022 Jul 1;92(1):54-67. doi: 10.1016/j.biopsych.2022.02.955. Epub 2022 Feb 24.",2022,0,"Patients/Neurological/Neurodegenerative/Alzheimer's disease, Patients/Neurological/Neurodegenerative/Behavioral variant frontotemporal dementia",1,"68.57+-1.92, 69.87+-1.5, 74.65+-1.55",1,94,1,"EEG",128,"na","na","1024","512","biosemi128","layout","10","unknown","unknown","unknown","unknown","1024","unknown","unknown","unknown","unknown","PanTompkins1985","HEPLAB","Linked mastoids","Common average","0.5","40",1,0,"CFA, Eye movements","","Manual","unknown","limit analysis to time of minimal artifact","noisy epochs","D12, D3, C24, C22, D1, C1, C2, B32, B31, B30, B29, B1, B20, B21, B22, B26, A2, D15, D16, D28, B19, B17, B16, B3, B12","na",1,1,"162","Secondary","R-peak","290","600","-300","0","Correlation","AUC",1,1,"Correlation",0,"","1","","","","","",""
35491275,"10.1016/j.biopsych.2022.02.955",,"","Allostatic-Interoceptive Overload in Frontotemporal Dementia","Birba A, Santamaría-García H, Prado P, Cruzat J, Ballesteros AS, Legaz A, Fittipaldi S, Duran-Aniotz C, Slachevsky A, Santibañez R, Sigman M, García AM, Whelan R, Moguilner S, Ibáñez A.","Biol Psychiatry. 2022 Jul 1;92(1):54-67. doi: 10.1016/j.biopsych.2022.02.955. Epub 2022 Feb 24.",2022,0,"Patients/Neurological/Neurodegenerative/Alzheimer's disease, Patients/Neurological/Neurodegenerative/Behavioral variant frontotemporal dementia",1,"68.57+-1.92, 69.87+-1.5, 74.65+-1.55",1,94,1,"EEG",128,"na","na","1024","512","biosemi128","layout","10","unknown","unknown","unknown","unknown","1024","unknown","unknown","unknown","unknown","PanTompkins1985","HEPLAB","Linked mastoids","Common average","0.5","40",1,0,"CFA, Eye movements","","Manual","unknown","limit analysis to time of minimal artifact","noisy epochs","D12, D3, C24, C22, D1, C1, C2, B32, B31, B30, B29, B1, B20, B21, B22, B26, A2, D15, D16, D28, B19, B17, B16, B3, B12","na",1,1,"162","Secondary","R-peak","290","600","-300","0","Correlation","AUC",1,1,"Correlation",0,"","0","","","","","",""
35479498,"10.3389/fpsyt.2022.874859",1,"Consider","Interoception Dysfunction Contributes to the Negative Emotional Bias in Major Depressive Disorder","Zhou H, Zou H, Dai Z, Zhao S, Hua L, Xia Y, Han Y, Yan R, Tang H, Huang Y, Du Y, Wang X, Yao Z, Lu Q.","Front Psychiatry. 2022 Apr 11;13:874859. doi: 10.3389/fpsyt.2022.874859. eCollection 2022.",2022,0,"Patients/Psychiatric/Major depressive disorder, Perception/Interoception/Cardiac, Perception/Exteroception/Visual/Emotion recognition",1,"27.0+-6.7, 25.3+-3.8",1,54,0,"EEG",64,"na","na","1000","unknown","standard61","layout",,"2","Unclassified","unknown","unknown","unknown","unknown","unknown","unknown","unknown","unknown","HEPLAB","Common average","unknown","0.3","30",1,0,"CFA, Eye movements","","Manual","unknown","limit analysis to time of minimal artifact","","F7, F5, F3, F1, Fz, F2, F4, F6, F8, FC5, FC3, FC1, FCz, FC2, FC4, FC6, C5, C3, C1, Cz, C2, C4, C6, CP5, CP3, CP1, CPz, CP2, CP4, CP6, P7, P5, P3, P1, Pz, P2, P4, P6, P8, PO7, PO3, POz, PO4, PO8, O1, Oz, O2","na",2,1,"270","Primary","R-peak","455","595","unknown","unknown","Group/Condition Differences","Amplitude",0,1,"t-test",1,"","1","F2, F4, F6, F8, FC2, FC4, FC6, Cz, C4","R-peak","455","595","ECG",""
35479498,"10.3389/fpsyt.2022.874859",,"","Interoception Dysfunction Contributes to the Negative Emotional Bias in Major Depressive Disorder","Zhou H, Zou H, Dai Z, Zhao S, Hua L, Xia Y, Han Y, Yan R, Tang H, Huang Y, Du Y, Wang X, Yao Z, Lu Q.","Front Psychiatry. 2022 Apr 11;13:874859. doi: 10.3389/fpsyt.2022.874859. eCollection 2022.",2022,0,"Patients/Psychiatric/Major depressive disorder, Perception/Interoception/Cardiac, Perception/Exteroception/Visual/Emotion recognition",1,"27.0+-6.7, 25.3+-3.8",1,54,0,"EEG",64,"na","na","1000","unknown","standard61","layout",,"2","Unclassified","unknown","unknown","unknown","unknown","unknown","unknown","unknown","unknown","HEPLAB","Common average","unknown","0.3","30",1,0,"CFA, Eye movements","","Manual","unknown","limit analysis to time of minimal artifact","","F7, F5, F3, F8, FC5, FC3, FC1, FCz, C5, C3, C1, Cz, C4, CP5, CP3, CP2, CP4, CP6, Pz, P2, P4, P6, P8, PO3, POz, PO4, PO8, O1, Oz, O2","na",1,1,"90","Secondary","R-peak","455","595","unknown","unknown","Correlation","Amplitude",1,1,"Correlation",0,"","1","","","","","",""
35346793,"10.1016/j.biopsycho.2022.108323",1,"Consider","Response inhibition is disrupted by interoceptive processing at cardiac systole","Ren Q, Marshall AC, Kaiser J, Schütz-Bosbach S.","Biol Psychol. 2022 Apr;170:108323. doi: 10.1016/j.biopsycho.2022.108323. Epub 2022 Mar 25.",2022,0,"Cognitive processes/Response inhibition, Physiology/Cardiac cycle phase, Perception/Interoception/Cardiac, Perception/Exteroception/Visual/Emotion recognition, Methodology/Heartbeat-stimulus synchronicity",0,"24.81+-3.78",1,36,0,"EEG",65,"na","na","1000","500","standard61","Fp1, Fp2, F7, F3, Fz, F4, F8, T7, C3, Cz, C4, T8, P7, P3, Pz, P4, P8, O1, O2, FC5, FC1, FC2, FC6, TP9, CP5, CP1, CP2, CP6, TP10, Oz, AF7, AF3, AFz, AF4, AF8, F5, F1, F2, F6, FT7, FC3, FCz, FC4, FT8, C5, C1, C2, C6, TP7, CP3, CPz, CP4, TP8, P5, P1, P2, P6, PO7, PO3, POz, PO4, PO8, Iz",,"2","Unclassified","Left clavicle, Left chest","Right clavicle","1000","unknown","1","40","Automatic","unknown","Neurokit2","FCz","Common average","0.1","40",1,1,"CFA, Eye movements, Blinks","2.03","Manual","Topography, Time course, Power spectrum, Phase consistency ","","Noisy epochs","All","na",1,2,"[est430]","Primary","R-peak","0","600","-100","0","Group/Condition Differences","Amplitude",0,0,"t-test",1,"5000","1","FC3, FC1, FCz, FC2, FC4, C3, C1, Cz, C2, C4, CP3, CP1, CPz, CP2, CP4, P1, Pz, P2, P4, P6","R-peak","120","600","","est number of trials = 2 tasks * 3 blocks * 72 trials * 1 HEP within trial * (1-0.53% rejection)"
35346793,"10.1016/j.biopsycho.2022.108323",,"","Response inhibition is disrupted by interoceptive processing at cardiac systole","Ren Q, Marshall AC, Kaiser J, Schütz-Bosbach S.","Biol Psychol. 2022 Apr;170:108323. doi: 10.1016/j.biopsycho.2022.108323. Epub 2022 Mar 25.",2022,0,"Cognitive processes/Response inhibition, Physiology/Cardiac cycle phase, Perception/Interoception/Cardiac, Perception/Exteroception/Visual/Emotion recognition, Methodology/Heartbeat-stimulus synchronicity",0,"24.81+-3.78",1,36,0,"EEG",65,"na","na","1000","500","standard61","Fp1, Fp2, F7, F3, Fz, F4, F8, T7, C3, Cz, C4, T8, P7, P3, Pz, P4, P8, O1, O2, FC5, FC1, FC2, FC6, TP9, CP5, CP1, CP2, CP6, TP10, Oz, AF7, AF3, AFz, AF4, AF8, F5, F1, F2, F6, FT7, FC3, FCz, FC4, FT8, C5, C1, C2, C6, TP7, CP3, CPz, CP4, TP8, P5, P1, P2, P6, PO7, PO3, POz, PO4, PO8, Iz",,"2","Unclassified","Left clavicle, Left chest","Right clavicle","1000","unknown","1","40","Automatic","unknown","Neurokit2","FCz","Common average","0.1","40",1,1,"CFA, Eye movements, Blinks","2.03","Manual","Topography, Time course, Power spectrum, Phase consistency ","","Noisy epochs","FC3, FC1, FCz, FC2, FC4, C3, C1, Cz, C2, C4, CP3, CP1, CPz, CP2, CP4, P1, Pz, P2, P4, P6","na",1,4,"[est215]","Secondary","R-peak","120","600","-100","0","Group/Condition Differences","Amplitude",1,1,"ANOVA",0,"","1","","","","","","est number of trials = 3 blocks * 72 trials * 1 HEP within trial * (1-0.53% rejection)"
35339684,"10.1016/j.neuroimage.2022.119133",1,"Consider","Steady-state visual evoked potentials differentiate between internally and externally directed attention","Kritzman L, Eidelman-Rothman M, Keil A, Freche D, Sheppes G, Levit-Binnun N.","Neuroimage. 2022 Jul 1;254:119133. doi: 10.1016/j.neuroimage.2022.119133. Epub 2022 Mar 23.",2022,0,"Manipulation/Focus of attention, Perception/Exteroception/Visual/Steady-state stimulation, Perception/Interoception/Cardiac",0,"25.95+-4.51",1,43,0,"EEG",64,"na","na","2048","512","standard61","Fp1, Fp2, F7, F3, Fz, F4, F8, T7, C3, Cz, C4, T8, P7, P3, Pz, P4, P8, O1, O2, Fpz, FC5, FC1, FC2, FC6, CP5, CP1, CP2, CP6, Oz, AF7, AF3, AFz, AF4, AF8, F5, F1, F2, F6, FT7, FC3, FCz, FC4, FT8, C5, C1, C2, C6, TP7, CP3, CPz, CP4, TP8, P9, P5, P1, P2, P6, P10, PO7, PO3, POz, PO4, PO8, Iz",,"1","Unclassified","Left abdomen","CMS","2048","2048","unknown","unknown","Automatic","Librow","Librow","unknown","Linked mastoids","0.1","30",1,0,"Blinks","","","","RR at least 700 ms","","All","na",1,1,"460+-120","Primary","R-peak","-200","650","-200","0","Correlation","Amplitude",0,0,"Correlation",0,"","0","","","","","",""
35339684,"10.1016/j.neuroimage.2022.119133",,"","Steady-state visual evoked potentials differentiate between internally and externally directed attention","Kritzman L, Eidelman-Rothman M, Keil A, Freche D, Sheppes G, Levit-Binnun N.","Neuroimage. 2022 Jul 1;254:119133. doi: 10.1016/j.neuroimage.2022.119133. Epub 2022 Mar 23.",2022,0,"Manipulation/Focus of attention, Perception/Exteroception/Visual/Steady-state stimulation, Perception/Interoception/Cardiac",0,"25.95+-4.51",1,43,0,"EEG",64,"na","na","2048","512","standard61","Fp1, Fp2, F7, F3, Fz, F4, F8, T7, C3, Cz, C4, T8, P7, P3, Pz, P4, P8, O1, O2, Fpz, FC5, FC1, FC2, FC6, CP5, CP1, CP2, CP6, Oz, AF7, AF3, AFz, AF4, AF8, F5, F1, F2, F6, FT7, FC3, FCz, FC4, FT8, C5, C1, C2, C6, TP7, CP3, CPz, CP4, TP8, P9, P5, P1, P2, P6, P10, PO7, PO3, POz, PO4, PO8, Iz",,"1","Unclassified","Left abdomen","CMS","2048","2048","unknown","unknown","Automatic","Librow","Librow","unknown","Linked mastoids","0.1","30",1,0,"Blinks","","","","RR at least 700 ms, limit analysis to time of minimal artifact","","All","na",1,2,"219+-70","Primary","R-peak","350","650","-200","0","Group/Condition Differences","Amplitude",0,0,"t-test",1,"5000","1","FC3, FC1, C1, P5, P9, FC4, FC2, FCz, Cz, C2, C4, C6","R-peak","620","650","ECG",""
35331342,"10.1186/s42826-022-00118-3",0,"Not Related to HER","Feasibility of non-invasive recording of somatosensory evoked potential in pigs","Hoareau GL, Peters A, Hilgart D, Iversen M, Clark G, Zabriskie M, Rieke V, Floyd C, Shah L.","Lab Anim Res. 2022 Mar 24;38(1):9. doi: 10.1186/s42826-022-00118-3.",2022,,"",,"",,,,"",,"","","","","","","","","","","","","","","","","","","","","","",,,"","","","","","","","",,,"","","","","","","","","",,,"",,"","","","","","","",""
35321264,"10.3389/fnhum.2022.744487",0,"Review","Past and Future Explanations for Depersonalization and Derealization Disorder: A Role for Predictive Coding","Gatus A, Jamieson G, Stevenson B.","Front Hum Neurosci. 2022 Mar 7;16:744487. doi: 10.3389/fnhum.2022.744487. eCollection 2022.",2022,,"",,"",,,,"",,"","","","","","","","","","","","","","","","","","","","","","",,,"","","","","","","","",,,"","","","","","","","","",,,"",,"","","","","","","",""
35182753,"10.1016/j.neuroimage.2022.119011",1,"Consider","From the inside out: Interoceptive feedback facilitates the integration of visceral signals for efficient sensory processing","Marshall AC, Gentsch-Ebrahimzadeh A, Schütz-Bosbach S.","Neuroimage. 2022 May 1;251:119011. doi: 10.1016/j.neuroimage.2022.119011. Epub 2022 Feb 16.",2022,0,"Manipulation/Biofeedback, Perception/Exteroception/Visual/Emotion recognition, Perception/Exteroception/Auditory, Physiology/Cardiac cycle phase",0,"25.8+-3.9",1,23,0,"EEG",64,"na","na","500","unknown","standard61","Fp1, Fp2, F7, F3, Fz, F4, F8, T7, C3, Cz, C4, T8, P7, P3, Pz, P4, P8, O1, O2, Fpz, FT9, FC5, FC1, FC2, FC6, FT10, TP9, CP5, CP1, CP2, CP6, TP10, Oz, AF7, AF3, AFz, AF4, AF8, F5, F1, F2, F6, FT7, FC3, FCz, FC4, FT8, C5, C1, C2, C6, TP7, CP3, CPz, CP4, TP8, P5, P1, P2, P6, PO7, PO3, POz, PO4, PO8",,"2","Unclassified","Left clavicle, Right chest","Right clavicle","500","unknown","1","40","unknown","PanTompkins1985","unknown","FCz","Common average","0.1","40",1,0,"CFA, Blinks","2.3","Manual","Topography, Time course","","Noisy epochs","All","na",1,2,"140","Primary","R-peak","0","1000","-100","0","Group/Condition Differences","Amplitude",0,0,"t-test",1,"10000","1","FCz, Cz, FC2, C1, C2","R-peak","318","494","ECG, Surrogate heartbeats, RMSSD",""
35138956,"10.1152/jn.00298.2021",0,"Not Related to HER","Cardiac cycle and respiration phase affect responses to the conditioned stimulus in young adults trained in trace eyeblink conditioning","Waselius T, Xu W, Sparre JI, Penttonen M, Nokia MS.","J Neurophysiol. 2022 Mar 1;127(3):767-775. doi: 10.1152/jn.00298.2021. Epub 2022 Feb 9.",2022,,"",,"",,,,"",,"","","","","","","","","","","","","","","","","","","","","","",,,"","","","","","","","",,,"","","","","","","","","",,,"",,"","","","","","","",""
35134408,"10.1016/j.neuroimage.2022.118975",0,"Not Related to HER","Motor cortex oscillates at its intrinsic post-movement beta rhythm following real (but not sham) single pulse, rhythmic and arrhythmic transcranial magnetic stimulation","Hannah R, Muralidharan V, Aron AR.","Neuroimage. 2022 May 1;251:118975. doi: 10.1016/j.neuroimage.2022.118975. Epub 2022 Feb 5.",2022,,"",,"",,,,"",,"","","","","","","","","","","","","","","","","","","","","","",,,"","","","","","","","",,,"","","","","","","","","",,,"",,"","","","","","","",""
34990964,"10.1016/j.nicl.2021.102933",1,"Consider","The heartbeat evoked potential is a questionable biomarker in nightmare disorder: A replication study","Bogdány T, Perakakis P, Bódizs R, Simor P.","Neuroimage Clin. 2022;33:102933. doi: 10.1016/j.nicl.2021.102933. Epub 2021 Dec 31.",2022,0,"Patients/Sleep/Nightmare disorder",1,"20.98+-1.58, 21.6+-1.5, 23+-3.3, 21.4+-1.5",0,80,1,"EEG",19,"na","na","4096","256","standard19","Fp1, Fp2, F7, F3, Fz, F4, F8, T3, C3, Cz, C4, T4, T5, P3, Pz, P4, T6, O1, O2",,"2","Unclassified","Left chest, Right chest","unknown","4096","256","1","40","Semi-automatic","unknown","HEPLAB","Linked mastoids","Common average","1","40",1,0,"Eye movements","","","","","","All","na",2,1,"5517+-1663","Primary","R-peak","200","600","unknown","unknown","Group/Condition Differences","Amplitude",0,0,"t-test",1,"1000","0","","","","","HR, HRV, ECG",""
34958675,"10.1093/cercor/bhab449",0,"Not Related to HER","Premature infants display discriminable behavioral, physiological, and brain responses to noxious and nonnoxious stimuli","van der Vaart M, Hartley C, Baxter L, Mellado GS, Andritsou F, Cobo MM, Fry RE, Adams E, Fitzgibbon S, Slater R.","Cereb Cortex. 2022 Aug 22;32(17):3799-3815. doi: 10.1093/cercor/bhab449.",2022,,"",,"",,,,"",,"","","","","","","","","","","","","","","","","","","","","","",,,"","","","","","","","",,,"","","","","","","","","",,,"",,"","","","","","","",""
34933143,"10.1016/j.brs.2021.12.004",1,"Consider","Auricular transcutaneous vagus nerve stimulation modulates the heart-evoked potential","Poppa T, Benschop L, Horczak P, Vanderhasselt MA, Carrette E, Bechara A, Baeken C, Vonck K.","Brain Stimul. 2022 Jan-Feb;15(1):260-269. doi: 10.1016/j.brs.2021.12.004. Epub 2021 Dec 18.",2022,0,"Manipulation/Stimulation/Vagus nerve stimulation",0,"23.1+-5.01",1,43,0,"EEG",60,"na","na","1024","256","standard61","Fp1, Fp2, F7, F3, Fz, F4, F8, T7, C3, Cz, C4, T8, P7, P3, Pz, P4, P8, Fpz, FC5, FC1, FC2, FC6, CP5, CP1, CP2, CP6, Oz, AF7, AF3, AF4, AF8, F5, F1, F2, F6, FT7, FC3, FCz, FC4, FT8, C5, C1, C2, C6, TP7, CP3, CPz, CP4, TP8, P5, P1, P2, P6, PO5, PO3, POz, PO4, PO6","15","2","Lead II","Right Clavicle, Left Chest","unknown","1024","unknown","unknown","unknown","Semi-automatic","unknown","unknown","Cz","Laplacian reference","1","80",1,0,"Other","","","","CSD","Cleanline, Artifact Subspace Reconstruction (ASR)","All","na",1,2,"unknown","Primary","R-peak","175","500","-200","-50","Group/Condition Differences","Amplitude",0,0,"t-test",1,"2000","1","F7, FT7, FC5, T7, C5, CP5, TP7","R-peak","206","336","HR, HRV",""
34933143,"10.1016/j.brs.2021.12.004",,"","Auricular transcutaneous vagus nerve stimulation modulates the heart-evoked potential","Poppa T, Benschop L, Horczak P, Vanderhasselt MA, Carrette E, Bechara A, Baeken C, Vonck K.","Brain Stimul. 2022 Jan-Feb;15(1):260-269. doi: 10.1016/j.brs.2021.12.004. Epub 2021 Dec 18.",2022,0,"Manipulation/Stimulation/Vagus nerve stimulation",0,"23.1+-5.01",1,43,0,"EEG",60,"na","na","1024","256","standard61","Fp1, Fp2, F7, F3, Fz, F4, F8, T7, C3, Cz, C4, T8, P7, P3, Pz, P4, P8, Fpz, FC5, FC1, FC2, FC6, CP5, CP1, CP2, CP6, Oz, AF7, AF3, AF4, AF8, F5, F1, F2, F6, FT7, FC3, FCz, FC4, FT8, C5, C1, C2, C6, TP7, CP3, CPz, CP4, TP8, P5, P1, P2, P6, PO5, PO3, POz, PO4, PO6","15","2","Lead II","Right Clavicle, Left Chest","unknown","1024","unknown","unknown","unknown","Semi-automatic","unknown","unknown","Cz","Laplacian reference","1","80",1,0,"Other","","","","CSD","Cleanline, Artifact Subspace Reconstruction (ASR)","All","na",1,2,"unknown","Primary","R-peak","175","500","-200","-50","Group/Condition Differences","Amplitude",0,0,"t-test",1,"2000","1","CP4, CP6, TP8, P6, P8","R-peak","402","445","HR, HRV",""
34906572,"10.1016/j.appet.2021.105862",0,"Not Related to HER","The relationship between acute stress and neurophysiological and behavioral measures of food-related inhibitory control: An event-related potential (ERP) study","Allen WD, Rodeback RE, Carbine KA, Hedges-Muncy AM, LeCheminant JD, Steffen PR, Larson MJ.","Appetite. 2022 Mar 1;170:105862. doi: 10.1016/j.appet.2021.105862. Epub 2021 Dec 11.",2022,,"",,"",,,,"",,"","","","","","","","","","","","","","","","","","","","","","",,,"","","","","","","","",,,"","","","","","","","","",,,"",,"","","","","","","",""
34827462,"10.3390/brainsci11111463",0,"Not Related to HER","The Paradox of Fiction Revisited-Improvised Fictional and Real-Life Social Rejections Evoke Associated and Relatively Similar Psychophysiological Responses","Seppänen S, Toivanen T, Makkonen T, Jääskeläinen IP, Tiippana K.","Brain Sci. 2021 Nov 5;11(11):1463. doi: 10.3390/brainsci11111463.",2021,,"",,"",,,,"",,"","","","","","","","","","","","","","","","","","","","","","",,,"","","","","","","","",,,"","","","","","","","","",,,"",,"","","","","","","",""
34820298,"10.4103/jmss.JMSS_62_20",0,"Not Related to HER","Electroencephalographic Activity in Patients with Claustrophobia: A Pilot Study","Moradi D, Eyvazpour R, Rahimi F, Jahan A, Rasta SH, Esmaeili M.","J Med Signals Sens. 2021 Oct 20;11(4):262-268. doi: 10.4103/jmss.JMSS_62_20. eCollection 2021 Oct-Dec.",2021,,"",,"",,,,"",,"","","","","","","","","","","","","","","","","","","","","","",,,"","","","","","","","",,,"","","","","","","","","",,,"",,"","","","","","","",""
34804381,"10.1080/20008198.2021.1987686",1,"Consider","Heartbeat evoked potentials in patients with post-traumatic stress disorder: an unaltered neurobiological regulation system?","Schmitz M, Müller LE, Seitz KI, Schulz A, Steinmann S, Herpertz SC, Bertsch K.","Eur J Psychotraumatol. 2021 Nov 17;12(1):1987686. doi: 10.1080/20008198.2021.1987686. eCollection 2021.",2021,0,"Patients/Psychiatric/Post-traumatic stress disorder",1,"36.21+-11.09, 31.06+-9.19",1,55,1,"EEG",60,"na","na","1000","unknown","easycap-M10","layout","5","2","Lead II","unknown","unknown","1000","250","0.1","35","Semi-automatic","unknown","ARTiiFACT","Common average","Common average","0.1","35",0,,"","","","","","Noisy epochs","All","na",1,2,"297+-50","Primary","R-peak","455","595","-200","0","Group/Condition Differences","Amplitude",1,1,"t-test",0,"","0","","","","","ECG, age, sex, BMI, HR",""
34804381,"10.1080/20008198.2021.1987686",,"","Heartbeat evoked potentials in patients with post-traumatic stress disorder: an unaltered neurobiological regulation system?","Schmitz M, Müller LE, Seitz KI, Schulz A, Steinmann S, Herpertz SC, Bertsch K.","Eur J Psychotraumatol. 2021 Nov 17;12(1):1987686. doi: 10.1080/20008198.2021.1987686. eCollection 2021.",2021,0,"Patients/Psychiatric/Post-traumatic stress disorder",1,"36.21+-11.09, 31.06+-9.19",1,55,1,"EEG",60,"na","na","1000","unknown","easycap-M10","layout","5","2","Lead II","unknown","unknown","1000","250","0.1","35","Semi-automatic","unknown","ARTiiFACT","Common average","Common average","0.1","35",0,,"","","","","","Noisy epochs","All","na",1,2,"297+-50","Primary","R-peak","455","595","-200","0","Group/Condition Differences","Amplitude",0,1,"ANOVA",0,"","0","","","","","ECG, age, sex, BMI, HR",""
34804381,"10.1080/20008198.2021.1987686",,"","Heartbeat evoked potentials in patients with post-traumatic stress disorder: an unaltered neurobiological regulation system?","Schmitz M, Müller LE, Seitz KI, Schulz A, Steinmann S, Herpertz SC, Bertsch K.","Eur J Psychotraumatol. 2021 Nov 17;12(1):1987686. doi: 10.1080/20008198.2021.1987686. eCollection 2021.",2021,0,"Patients/Psychiatric/Post-traumatic stress disorder",1,"36.21+-11.09",1,24,1,"EEG",60,"na","na","1000","unknown","easycap-M10","layout","5","2","Lead II","unknown","unknown","1000","250","0.1","35","Semi-automatic","unknown","ARTiiFACT","Common average","Common average","0.1","35",0,,"","","","","","Noisy epochs","All","na",1,1,"297+-50","Primary","R-peak","455","595","-200","0","Correlation","Amplitude",1,1,"Correlation",0,"","0","","","","","ECG, age, sex, BMI, HR",""
34795160,"10.24869/psyd.2021.266",0,"Not Related to HER","Electrophysiological correlates of suicidality","Rakús T, Hubčíková K, Bruncvik L, Pechanová Z, Brunovský M.","Psychiatr Danub. 2021 Fall;33(3):266-279. doi: 10.24869/psyd.2021.266.",2021,,"",,"",,,,"",,"","","","","","","","","","","","","","","","","","","","","","",,,"","","","","","","","",,,"","","","","","","","","",,,"",,"","","","","","","",""
34733176,"10.3389/fphys.2021.744071",0,"Not Related to HER","Anti-Heartbeat-Evoked Potentials Performance in Event-Related Potentials-Based Mental Workload Assessment","Park S, Ha J, Kim L.","Front Physiol. 2021 Oct 18;12:744071. doi: 10.3389/fphys.2021.744071. eCollection 2021.",2021,,"",,"",,,,"",,"","","","","","","","","","","","","","","","","","","","","","",,,"","","","","","","","",,,"","","","","","","","","",,,"",,"","","","","","","",""
34688923,"10.1016/j.bpsc.2021.10.005",0,"Not Related to HER","Interoception Underlies Therapeutic Effects of Mindfulness Meditation for Posttraumatic Stress Disorder: A Randomized Clinical Trial","Kang SS, Sponheim SR, Lim KO.","Biol Psychiatry Cogn Neurosci Neuroimaging. 2022 Aug;7(8):793-804. doi: 10.1016/j.bpsc.2021.10.005. Epub 2021 Oct 21.",2022,,"",,"",,,,"",,"","","","","","","","","","","","","","","","","","","","","","",,,"","","","","","","","",,,"","","","","","","","","",,,"",,"","","","","","","",""
34624402,"10.1016/j.biopsycho.2021.108198",1,"Consider","How do we relate to our heart? Neurobehavioral differences across three types of engagement with cardiac interoception","Hodossy L, Ainley V, Tsakiris M.","Biol Psychol. 2021 Oct;165:108198. doi: 10.1016/j.biopsycho.2021.108198. Epub 2021 Oct 6.",2021,1,"Manipulation/Biofeedback, Manipulation/Focus of attention, Perception/Interoception/Cardiac",0,"28.71+-8.71",1,30,0,"EEG",64,"na","na","512","250","standard61","Fp1, Fp2, F7, F3, Fz, F4, F8, T7, C3, Cz, C4, T8, P7, P3, Pz, P4, P8, O1, O2, Fpz, FC5, FC1, FC2, FC6, CP5, CP1, CP2, CP6, Oz, AF7, AF3, AFz, AF4, AF8, F5, F1, F2, F6, FT7, FC3, FCz, FC4, FT8, C5, C1, C2, C6, TP7, CP3, CPz, CP4, TP8, P9, P5, P1, P2, P6, P10, PO7, PO3, POz, PO4, PO8, Iz",,"5","Multiple leads","V2, Left clavicle, Right clavicle, Left abdomen","unknown","unknown","unknown","unknown","unknown","unknown","unknown","unknown","CMS","Common average","0.1","30",1,0,"CFA, Eye movements, Blinks","","Manual","Topography, Time course","","Noisy epochs","All","na",1,6,"306+-53","Primary","R-peak","200","300","-150","-50","Group/Condition Differences","Amplitude",0,0,"t-test",1,"10000","1","AF4, F4","R-peak","232","280","ECG",""
34613430,"10.1007/s00213-021-05991-9",0,"Not Related to HER","Low doses of LSD reduce broadband oscillatory power and modulate event-related potentials in healthy adults","Murray CH, Tare I, Perry CM, Malina M, Lee R, de Wit H.","Psychopharmacology (Berl). 2022 Jun;239(6):1735-1747. doi: 10.1007/s00213-021-05991-9. Epub 2021 Oct 6.",2022,,"",,"",,,,"",,"","","","","","","","","","","","","","","","","","","","","","",,,"","","","","","","","",,,"","","","","","","","","",,,"",,"","","","","","","",""
34554380,"10.1007/s10943-021-01431-2",1,"Consider","Modulation of Heart and Brain Function by Surah Al-Rehman Recitation Among Distressed Diabetic Patients in Pakistan","Majeed U, Aftab MF, Baloch DM, Ahmed S, Yusuf IM, Hasan MA, Qureshi MS.","J Relig Health. 2022 Oct;61(5):3852-3865. doi: 10.1007/s10943-021-01431-2. Epub 2021 Sep 23.",2022,0,"Patients/Endocrine/Diabetes",1,"50.7+-2.2",1,10,0,"EEG",4,"na","na","500","256","standard19","Fp1, Fp2, F3, F4, AF7, AF8, TP9, TP10",,"unknown","unknown","unknown","unknown","1000","unknown","unknown","unknown","unknown","PanTompkins1985","HEPLAB","Fpz","Common average","1","30",0,,"","","","","","Noisy epochs","Fp1, Fp2, F3, F4, AF7, AF8, TP9, TP10","na",1,2,"unknown","Primary","R-peak","100","600","unknown","unknown","Group/Condition Differences","Amplitude",0,1,"t-test",0,"","1","Fp1, Fp2, F4","R-peak","100","570","",""
34503434,"10.2174/1573403X17666210909123930",0,"Review","The Fundamental Basis of Palpitations: A Neurocardiology Approach","Kandiah JW, Blumberger DM, Rabkin SW.","Curr Cardiol Rev. 2022;18(3):e090921196306. doi: 10.2174/1573403X17666210909123930.",2022,,"",,"",,,,"",,"","","","","","","","","","","","","","","","","","","","","","",,,"","","","","","","","",,,"","","","","","","","","",,,"",,"","","","","","","",""
34482968,"10.1016/j.cortex.2021.07.006",1,"Consider","Weaker implicit interoception is associated with more negative body image: Evidence from gastric-alpha phase amplitude coupling and the heartbeat evoked potential","Todd J, Cardellicchio P, Swami V, Cardini F, Aspell JE.","Cortex. 2021 Oct;143:254-266. doi: 10.1016/j.cortex.2021.07.006. Epub 2021 Sep 2.",2021,0,"Perception/Abstract/Body image",0,"23.78+-5.71",1,36,1,"EEG",32,"na","na","1000","250","standard32","Fp1, Fp2, F7, F3, Fz, F4, F8, FC5, FC1, FC2, FC6, T7, C3, Cz, C4, T8, TP9, CP5, CP1, CP2, CP6, TP10, P7, P3, Pz, P4, P8, PO9, O1, Oz, O2, PO10","12","3","Multiple leads","Left clavicle, Right clavicle, Left abdomen","Left abdomen","1000","250","1","40","Automatic","Niazy2005","FMRIB","CMS","Common average","1","40",1,0,"Blinks, CFA","","Manual","unknown","","Noisy epochs","All","na",1,1,"[est705]","Primary","R-peak","200","600","none","none","Correlation","Amplitude",0,0,"Correlation",1,"10000","1","Pz, P4, CP2, CP6","R-peak","300","340","","est number of trials = 60 bpm * 12 min rest - 15 mean rejected epochs"
34482968,"10.1016/j.cortex.2021.07.006",,"","Weaker implicit interoception is associated with more negative body image: Evidence from gastric-alpha phase amplitude coupling and the heartbeat evoked potential","Todd J, Cardellicchio P, Swami V, Cardini F, Aspell JE.","Cortex. 2021 Oct;143:254-266. doi: 10.1016/j.cortex.2021.07.006. Epub 2021 Sep 2.",2021,0,"Perception/Abstract/Body image",0,"23.78+-5.71",1,36,1,"EEG",32,"na","na","1000","250","standard32","Fp1, Fp2, F7, F3, Fz, F4, F8, FC5, FC1, FC2, FC6, T7, C3, Cz, C4, T8, TP9, CP5, CP1, CP2, CP6, TP10, P7, P3, Pz, P4, P8, PO9, O1, Oz, O2, PO10","12","3","Multiple leads","Left clavicle, Right clavicle, Left abdomen","Left abdomen","1000","250","1","40","Automatic","Niazy2005","FMRIB","CMS","Common average","1","40",1,0,"Blinks, CFA","","Manual","unknown","","Noisy epochs","Pz, P4, CP2, CP6","na",1,1,"[est705]","Secondary","R-peak","300","340","none","none","Correlation","Amplitude",1,1,"Correlation",0,"","1","","","","","","est number of trials = 60 bpm * 12 min rest - 15 mean rejected epochs"
34482968,"10.1016/j.cortex.2021.07.006",,"","Weaker implicit interoception is associated with more negative body image: Evidence from gastric-alpha phase amplitude coupling and the heartbeat evoked potential","Todd J, Cardellicchio P, Swami V, Cardini F, Aspell JE.","Cortex. 2021 Oct;143:254-266. doi: 10.1016/j.cortex.2021.07.006. Epub 2021 Sep 2.",2021,0,"Perception/Abstract/Body image",0,"23.78+-5.71",1,36,1,"EEG",32,"na","na","1000","250","standard32","Fp1, Fp2, F7, F3, Fz, F4, F8, FC5, FC1, FC2, FC6, T7, C3, Cz, C4, T8, TP9, CP5, CP1, CP2, CP6, TP10, P7, P3, Pz, P4, P8, PO9, O1, Oz, O2, PO10","12","3","Multiple leads","Left clavicle, Right clavicle, Left abdomen","Left abdomen","1000","250","1","40","Automatic","Niazy2005","FMRIB","CMS","Common average","1","40",1,0,"Blinks, CFA","","Manual","unknown","","Noisy epochs","All","na",1,1,"[est705]","Primary","R-peak","200","600","none","none","Correlation","Amplitude",0,0,"Correlation",1,"10000","1","Cz, CP1, CP2, Pz","R-peak","300","344","","est number of trials = 60 bpm * 12 min rest - 15 mean rejected epochs"
34482968,"10.1016/j.cortex.2021.07.006",,"","Weaker implicit interoception is associated with more negative body image: Evidence from gastric-alpha phase amplitude coupling and the heartbeat evoked potential","Todd J, Cardellicchio P, Swami V, Cardini F, Aspell JE.","Cortex. 2021 Oct;143:254-266. doi: 10.1016/j.cortex.2021.07.006. Epub 2021 Sep 2.",2021,0,"Perception/Abstract/Body image",0,"23.78+-5.71",1,36,1,"EEG",32,"na","na","1000","250","standard32","Fp1, Fp2, F7, F3, Fz, F4, F8, FC5, FC1, FC2, FC6, T7, C3, Cz, C4, T8, TP9, CP5, CP1, CP2, CP6, TP10, P7, P3, Pz, P4, P8, PO9, O1, Oz, O2, PO10","12","3","Multiple leads","Left clavicle, Right clavicle, Left abdomen","Left abdomen","1000","250","1","40","Automatic","Niazy2005","FMRIB","CMS","Common average","1","40",1,0,"Blinks, CFA","","Manual","unknown","","Noisy epochs","Pz, P4, CP2, CP6","na",1,1,"[est705]","Secondary","R-peak","300","344","none","none","Correlation","Amplitude",1,1,"Correlation",0,"","1","","","","","","est number of trials = 60 bpm * 12 min rest - 15 mean rejected epochs"
34439708,"10.3390/brainsci11081089",1,"Consider","Heartbeat-Evoked Cortical Potential during Sleep and Interoceptive Sensitivity: A Matter of Hypnotizability","Billeci L, Faraguna U, Santarcangelo EL, d'Ascanio P, Varanini M, Sebastiani L.","Brain Sci. 2021 Aug 19;11(8):1089. doi: 10.3390/brainsci11081089.",2021,0,"Sleep, Manipulation/Hypnosis/Hypnotizability, Perception/Interoception/Cardiac",0,"23+-2.24",0,39,1,"EEG",20,"na","na","512","unknown","standard19","Fp1, Fp2, F7, F3, Fz, F4, F8, T3, C3, Cz, C4, T4, T5, P3, Pz, P4, T6, O1, Oz, O2",,"2","Unclassified","V1, V2","unknown","512","1024","unknown","unknown","Automatic","Varanini2014","unknown","Fpz","Common average","0.3","30",1,0,"Eye movements, blinks, CFA","","Manual","Topography","","noisy epochs","F3, F4, C3, C4","na",1,3,"3633+-1676","Primary","R-peak","200","350","-200","0","Group/Condition Differences","Amplitude",0,1,"ANOVA",0,"","1","","","","","",""
34439708,"10.3390/brainsci11081089",,"","Heartbeat-Evoked Cortical Potential during Sleep and Interoceptive Sensitivity: A Matter of Hypnotizability","Billeci L, Faraguna U, Santarcangelo EL, d'Ascanio P, Varanini M, Sebastiani L.","Brain Sci. 2021 Aug 19;11(8):1089. doi: 10.3390/brainsci11081089.",2021,0,"Sleep, Manipulation/Hypnosis/Hypnotizability, Perception/Interoception/Cardiac",0,"23+-2.24",0,39,1,"EEG",20,"na","na","512","unknown","standard19","Fp1, Fp2, F7, F3, Fz, F4, F8, T3, C3, Cz, C4, T4, T5, P3, Pz, P4, T6, O1, Oz, O2",,"2","Unclassified","V1, V2","unknown","512","1024","unknown","unknown","Automatic","Varanini2014","unknown","Fpz","Common average","0.3","30",1,0,"Eye movements, blinks, CFA","","Manual","Topography","","noisy epochs","F3, F4, C3, C4","na",1,3,"3633+-1676","Primary","R-peak","400","600","-200","0","Group/Condition Differences","Amplitude",0,1,"ANOVA",0,"","1","","","","","",""
34439708,"10.3390/brainsci11081089",,"","Heartbeat-Evoked Cortical Potential during Sleep and Interoceptive Sensitivity: A Matter of Hypnotizability","Billeci L, Faraguna U, Santarcangelo EL, d'Ascanio P, Varanini M, Sebastiani L.","Brain Sci. 2021 Aug 19;11(8):1089. doi: 10.3390/brainsci11081089.",2021,0,"Sleep, Manipulation/Hypnosis/Hypnotizability, Perception/Interoception/Cardiac",0,"23+-2.24",0,39,1,"EEG",20,"na","na","512","unknown","standard19","Fp1, Fp2, F7, F3, Fz, F4, F8, T3, C3, Cz, C4, T4, T5, P3, Pz, P4, T6, O1, Oz, O2",,"2","Unclassified","V1, V2","unknown","512","1024","unknown","unknown","Automatic","Varanini2014","unknown","Fpz","Common average","0.3","30",1,0,"Eye movements, blinks, CFA","","Manual","Topography","","noisy epochs","F3, F4, C3, C4","na",1,1,"3633+-1676","Primary","R-peak","200","350","-200","0","Correlation","Amplitude",0,1,"Correlation",0,"","0","","","","","Hypnotizability",""
34439708,"10.3390/brainsci11081089",,"","Heartbeat-Evoked Cortical Potential during Sleep and Interoceptive Sensitivity: A Matter of Hypnotizability","Billeci L, Faraguna U, Santarcangelo EL, d'Ascanio P, Varanini M, Sebastiani L.","Brain Sci. 2021 Aug 19;11(8):1089. doi: 10.3390/brainsci11081089.",2021,0,"Sleep, Manipulation/Hypnosis/Hypnotizability, Perception/Interoception/Cardiac",0,"23+-2.24",0,39,1,"EEG",20,"na","na","512","unknown","standard19","Fp1, Fp2, F7, F3, Fz, F4, F8, T3, C3, Cz, C4, T4, T5, P3, Pz, P4, T6, O1, Oz, O2",,"2","Unclassified","V1, V2","unknown","512","1024","unknown","unknown","Automatic","Varanini2014","unknown","Fpz","Common average","0.3","30",1,0,"Eye movements, blinks, CFA","","Manual","Topography","","noisy epochs","F3, F4, C3, C4","na",1,1,"3633+-1676","Primary","R-peak","400","600","-200","0","Correlation","Amplitude",0,1,"Correlation",0,"","1","","","","","Hypnotizability",""
34416348,"10.1016/j.biopsycho.2021.108165",1,"Consider","Does stroke volume influence heartbeat evoked responses?","Buot A, Azzalini D, Chaumon M, Tallon-Baudry C.","Biol Psychol. 2021 Oct;165:108165. doi: 10.1016/j.biopsycho.2021.108165. Epub 2021 Aug 17.",2021,0,"Methodology/Confounds/Stroke volume",0,"23+-2.14",1,21,1,"MEG",306,"204","102","1000","unknown","Elekta","na","5","5","Multiple leads (Lead II)","Right clavicle, Left abdomen, Left shoulder, Right shoulder, Left clavicle","unknown","1000","unknown","1","35","Semi-automatic","Template matching","unknown","na","na","0.5","40",1,1,"CFA, Eye movements, Blinks","2.9","Semi-automatic","Phase consistency, topography, time course","","Noisy Epochs","na","All",1,1,"205","Primary","R-peak","-100","700","unknown","unknown","Correlation","Amplitude",0,0,"Correlation",1,"10000","1","na","R-peak","534","617","Surrogate heartbeats",""
34416348,"10.1016/j.biopsycho.2021.108165",,"","Does stroke volume influence heartbeat evoked responses?","Buot A, Azzalini D, Chaumon M, Tallon-Baudry C.","Biol Psychol. 2021 Oct;165:108165. doi: 10.1016/j.biopsycho.2021.108165. Epub 2021 Aug 17.",2021,0,"Methodology/Confounds/Stroke volume",0,"23+-2.14",1,21,1,"MEG",306,"204","102","1000","unknown","Elekta","na","5","5","Multiple leads (Lead II)","Right clavicle, Left abdomen, Left shoulder, Right shoulder, Left clavicle","unknown","1000","unknown","1","35","Semi-automatic","Template matching","unknown","na","na","0.5","40",1,1,"CFA, Eye movements, Blinks","2.9","Semi-automatic","Phase consistency, topography, time course","","Noisy Epochs","na","All",1,1,"205","Primary","R-peak","450","550","unknown","unknown","Correlation","Amplitude",0,1,"Correlation",1,"10000","1","na","R-peak","450","550","Surrogate heartbeats",""
34416348,"10.1016/j.biopsycho.2021.108165",,"","Does stroke volume influence heartbeat evoked responses?","Buot A, Azzalini D, Chaumon M, Tallon-Baudry C.","Biol Psychol. 2021 Oct;165:108165. doi: 10.1016/j.biopsycho.2021.108165. Epub 2021 Aug 17.",2021,0,"Methodology/Confounds/Stroke volume",0,"23+-2.14",1,21,1,"MEG",306,"204","102","1000","unknown","Elekta","na","5","5","Multiple leads (Lead II)","Right clavicle, Left abdomen, Left shoulder, Right shoulder, Left clavicle","unknown","1000","unknown","1","35","Semi-automatic","Template matching","unknown","na","na","0.5","40",0,,"","","","","","Noisy Epochs","na","All",1,2,"205","Primary","R-peak","-100","700","unknown","unknown","Group/Condition Differences","Amplitude",0,0,"t-test",1,"10000","1","na","R-peak","569","694","Surrogate heartbeats",""
34416348,"10.1016/j.biopsycho.2021.108165",,"","Does stroke volume influence heartbeat evoked responses?","Buot A, Azzalini D, Chaumon M, Tallon-Baudry C.","Biol Psychol. 2021 Oct;165:108165. doi: 10.1016/j.biopsycho.2021.108165. Epub 2021 Aug 17.",2021,0,"Methodology/Confounds/Stroke volume",0,"23+-2.14",1,21,1,"MEG",306,"204","102","1000","unknown","Elekta","na","5","5","Multiple leads (Lead II)","Right clavicle, Left abdomen, Left shoulder, Right shoulder, Left clavicle","unknown","1000","unknown","1","35","Semi-automatic","Template matching","unknown","na","na","0.5","40",1,1,"CFA, Eye movements, Blinks","2.9","Semi-automatic","Phase consistency, topography, time course","","Noisy Epochs","na","All",1,2,"205","Primary","R-peak","-100","700","unknown","unknown","Group/Condition Differences","Amplitude",0,0,"t-test",1,"10000","0","","","","","Surrogate heartbeats",""
34416348,"10.1016/j.biopsycho.2021.108165",,"","Does stroke volume influence heartbeat evoked responses?","Buot A, Azzalini D, Chaumon M, Tallon-Baudry C.","Biol Psychol. 2021 Oct;165:108165. doi: 10.1016/j.biopsycho.2021.108165. Epub 2021 Aug 17.",2021,0,"Methodology/Confounds/Stroke volume",0,"23+-2.14",1,21,1,"MEG",306,"204","102","1000","unknown","Elekta","na","5","5","Multiple leads (Lead II)","Right clavicle, Left abdomen, Left shoulder, Right shoulder, Left clavicle","unknown","1000","unknown","1","35","Semi-automatic","Template matching","unknown","na","na","0.5","40",0,,"","","","","","Noisy Epochs","na","All",1,1,"205","Primary","R-peak","-100","700","unknown","unknown","Correlation","Amplitude",0,0,"Correlation",1,"10000","1","na","R-peak","534","617","Surrogate heartbeats",""
34311031,"10.1016/j.biopsycho.2021.108152",0,"Not Related to HER","Gut inference: A computational modelling approach","Smith R, Mayeli A, Taylor S, Al Zoubi O, Naegele J, Khalsa SS.","Biol Psychol. 2021 Sep;164:108152. doi: 10.1016/j.biopsycho.2021.108152. Epub 2021 Jul 24.",2021,,"",,"",,,,"",,"","","","","","","","","","","","","","","","","","","","","","",,,"","","","","","","","",,,"","","","","","","","","",,,"",,"","","","","","","",""
34296123,"10.1093/texcom/tgaa060",1,"Consider","Skipping a Beat: Heartbeat-Evoked Potentials Reflect Predictions during Interoceptive-Exteroceptive Integration","Banellis L, Cruse D.","Cereb Cortex Commun. 2020 Sep 1;1(1):tgaa060. doi: 10.1093/texcom/tgaa060. eCollection 2020.",2020,1,"Cognitive processes/Prediction/Omission response, Methodology/Heartbeat-stimulus synchronicity, Perception/Interoception/Cardiac, Manipulation/Focus of attention",0,"18-28",1,34,0,"EEG",128,"na","na","512","unknown","biosemi128","layout",,"2","Unclassified","Left chest, Right chest","unknown","512","unknown","0.5","150","Semi-automatic","unknown","unknown","CMS","Linked mastoids","0.5","20",1,1,"Eye Movements","","","","Subtract rsHEP from taskHEP","Bad Channels, Noisy Epochs","All","na",1,2,"[est112]","Primary","R-peak","0","229","none","none","Group/Condition Differences","Amplitude",0,0,"t-test",1,"1000","1","unknown","R-peak","27","230","ECG, SDRR","est number of trials = 1 beat within trial x 112 trials within condition (short vs long delay only, not accounting for internal vs external condition which would be 56 trials, and also not accounting for exclusion of bad epochs)"
34296123,"10.1093/texcom/tgaa060",,"","Skipping a Beat: Heartbeat-Evoked Potentials Reflect Predictions during Interoceptive-Exteroceptive Integration","Banellis L, Cruse D.","Cereb Cortex Commun. 2020 Sep 1;1(1):tgaa060. doi: 10.1093/texcom/tgaa060. eCollection 2020.",2020,1,"Cognitive processes/Prediction/Omission response, Methodology/Heartbeat-stimulus synchronicity, Perception/Interoception/Cardiac, Manipulation/Focus of attention",0,"18-28",1,34,0,"EEG",128,"na","na","512","unknown","biosemi128","layout",,"2","Unclassified","Left chest, Right chest","unknown","512","unknown","0.5","150","Semi-automatic","unknown","unknown","CMS","Linked mastoids","0.5","20",1,1,"Eye Movements","","","","Subtract rsHEP from taskHEP","Bad Channels, Noisy Epochs","All","na",1,1,"[est112]","Secondary","R-peak","27","230","none","none","Correlation","Amplitude",1,1,"Correlation",0,"","0","","","","","","est number of trials = 1 beat within trial x 112 trials within condition (short vs long delay only, not accounting for internal vs external condition which would be 56 trials, and also not accounting for exclusion of bad epochs)"
34267619,"10.3389/fnins.2021.622428",1,"Consider","Short-Term Fasting and Ingestion of Caloric Drinks Affect Heartbeat-Evoked Potentials and Autonomic Nervous System Activity in Males","Flasbeck V, Bamberg C, Brüne M.","Front Neurosci. 2021 Jun 29;15:622428. doi: 10.3389/fnins.2021.622428. eCollection 2021.",2021,0,"Manipulation/Fasting, Lifestyle/Nutrition/Carbohydrates, Lifestyle/Nutrition/Proteins",0,"25.81+-3.67",1,37,0,"EEG",32,"na","na","500","250","standard32","Fp1, Fp2, F7, F3, Fz, F4, F8, T7, C3, Cz, C4, T8, P7, P3, Pz, P4, P8, O1, O2, FC5, FC1, FC2, FC6, TP9, CP5, CP1, CP2, CP6, TP10, Oz","8","2","Lead I","Left wrist, Right wrist","unknown","512","unknown","unknown","unknown","Semi-automatic","Hamilton2002","Curry","FCz","Linked mastoids","0.1","35",0,,"","","","","limit analysis to time of minimal artifact","PCA","F3, Fz, F4","na",1,8,"205+-36","Primary","R-peak","456","596","-200","0","Group/Condition Differences","Amplitude",1,1,"ANOVA",0,"","1","","","","","ECG, Surrogate heartbeats",""
34267619,"10.3389/fnins.2021.622428",,"","Short-Term Fasting and Ingestion of Caloric Drinks Affect Heartbeat-Evoked Potentials and Autonomic Nervous System Activity in Males","Flasbeck V, Bamberg C, Brüne M.","Front Neurosci. 2021 Jun 29;15:622428. doi: 10.3389/fnins.2021.622428. eCollection 2021.",2021,0,"Manipulation/Fasting, Lifestyle/Nutrition/Carbohydrates, Lifestyle/Nutrition/Proteins",0,"25.81+-3.67",1,37,0,"EEG",32,"na","na","500","250","standard32","Fp1, Fp2, F7, F3, Fz, F4, F8, T7, C3, Cz, C4, T8, P7, P3, Pz, P4, P8, O1, O2, FC5, FC1, FC2, FC6, TP9, CP5, CP1, CP2, CP6, TP10, Oz","8","2","Lead I","Left wrist, Right wrist","unknown","512","unknown","unknown","unknown","Semi-automatic","Hamilton2002","Curry","FCz","Linked mastoids","0.1","35",0,,"","","","","limit analysis to time of minimal artifact","PCA","C3, Cz, C4","na",1,8,"205+-36","Primary","R-peak","456","596","-200","0","Group/Condition Differences","Amplitude",1,1,"ANOVA",0,"","1","","","","","ECG, Surrogate heartbeats",""
34267619,"10.3389/fnins.2021.622428",,"","Short-Term Fasting and Ingestion of Caloric Drinks Affect Heartbeat-Evoked Potentials and Autonomic Nervous System Activity in Males","Flasbeck V, Bamberg C, Brüne M.","Front Neurosci. 2021 Jun 29;15:622428. doi: 10.3389/fnins.2021.622428. eCollection 2021.",2021,0,"Manipulation/Fasting, Lifestyle/Nutrition/Carbohydrates, Lifestyle/Nutrition/Proteins",0,"25.81+-3.67",1,37,0,"EEG",32,"na","na","500","250","standard32","Fp1, Fp2, F7, F3, Fz, F4, F8, T7, C3, Cz, C4, T8, P7, P3, Pz, P4, P8, O1, O2, FC5, FC1, FC2, FC6, TP9, CP5, CP1, CP2, CP6, TP10, Oz","8","2","Lead I","Left wrist, Right wrist","unknown","512","unknown","unknown","unknown","Semi-automatic","Hamilton2002","Curry","FCz","Linked mastoids","0.1","35",0,,"","","","","limit analysis to time of minimal artifact","PCA","P3, Pz, P4","na",1,8,"205+-36","Primary","R-peak","456","596","-200","0","Group/Condition Differences","Amplitude",1,1,"ANOVA",0,"","1","","","","","ECG, Surrogate heartbeats",""
34267619,"10.3389/fnins.2021.622428",,"","Short-Term Fasting and Ingestion of Caloric Drinks Affect Heartbeat-Evoked Potentials and Autonomic Nervous System Activity in Males","Flasbeck V, Bamberg C, Brüne M.","Front Neurosci. 2021 Jun 29;15:622428. doi: 10.3389/fnins.2021.622428. eCollection 2021.",2021,0,"Manipulation/Fasting, Lifestyle/Nutrition/Carbohydrates, Lifestyle/Nutrition/Proteins",0,"25.81+-3.67",1,37,0,"EEG",32,"na","na","500","250","standard32","Fp1, Fp2, F7, F3, Fz, F4, F8, T7, C3, Cz, C4, T8, P7, P3, Pz, P4, P8, O1, O2, FC5, FC1, FC2, FC6, TP9, CP5, CP1, CP2, CP6, TP10, Oz","8","2","Lead I","Left wrist, Right wrist","unknown","512","unknown","unknown","unknown","Semi-automatic","Hamilton2002","Curry","FCz","Linked mastoids","0.1","35",0,,"","","","","limit analysis to time of minimal artifact","PCA","C4, P4","na",1,2,"411+-69","Primary","R-peak","456","596","-200","0","Group/Condition Differences","Amplitude",1,1,"t-test",0,"","0","","","","","",""
34267619,"10.3389/fnins.2021.622428",,"","Short-Term Fasting and Ingestion of Caloric Drinks Affect Heartbeat-Evoked Potentials and Autonomic Nervous System Activity in Males","Flasbeck V, Bamberg C, Brüne M.","Front Neurosci. 2021 Jun 29;15:622428. doi: 10.3389/fnins.2021.622428. eCollection 2021.",2021,0,"Manipulation/Fasting, Lifestyle/Nutrition/Carbohydrates, Lifestyle/Nutrition/Proteins",0,"25.81+-3.67",1,37,0,"EEG",32,"na","na","500","250","standard32","Fp1, Fp2, F7, F3, Fz, F4, F8, T7, C3, Cz, C4, T8, P7, P3, Pz, P4, P8, O1, O2, FC5, FC1, FC2, FC6, TP9, CP5, CP1, CP2, CP6, TP10, Oz","8","2","Lead I","Left wrist, Right wrist","unknown","512","unknown","unknown","unknown","Semi-automatic","Hamilton2002","Curry","FCz","Linked mastoids","0.1","35",0,,"","","","","limit analysis to time of minimal artifact","PCA","C4, P4","na",1,1,"833+-144","Primary","R-peak","456","596","-200","0","Correlation","Amplitude",1,1,"Correlation",0,"","1","","","","","",""
34227116,"10.1111/psyp.13891",1,"Consider","The heartbeat evoked potential does not support strong interoceptive sensibility in trait mindfulness","Verdonk C, Trousselard M, Di Bernardi Luft C, Medani T, Billaud JB, Ramdani C, Canini F, Claverie D, Jaumard-Hakoun A, Vialatte F.","Psychophysiology. 2021 Oct;58(10):e13891. doi: 10.1111/psyp.13891. Epub 2021 Jul 5.",2021,0,"Cognitive processes/Mindfulness, Perception/Interoception/Cardiac",0,"42+-12",1,17,1,"EEG",64,"na","na","2048","256","standard61","Fp1, Fp2, F7, F3, Fz, F4, F8, T7, C3, Cz, C4, T8, P7, P3, Pz, P4, P8, O1, O2, Fpz, FC5, FC1, FC2, FC6, CP5, CP1, CP2, CP6, Oz, AF7, AF3, AFz, AF4, AF8, F5, F1, F2, F6, FT7, FC3, FCz, FC4, FT8, C5, C1, C2, C6, TP7, CP3, CPz, CP4, TP8, P9, P5, P1, P2, P6, P10, PO7, PO3, POz, PO4, PO8, Iz","5","2","Lead III","Left wrist, Left leg","unknown","2048","256","unknown","unknown","Semi-automatic","PanTompkins1985","HEPLAB","CMS","Common average","0.3","30",1,0,"CFA","2-3","Manual","Time course, topography","RR at least 700 ms","Noisy epochs, manual removal of artifacts","All","na",1,1,"336+-118","Primary","R-peak","200","650","none","none","Correlation","Amplitude",0,0,"Correlation",1,"20000","1","FC1, FCz, FC2, FT8, C5, C3, C1, Cz, C4, C6, T8, TP7, CP3, CPz, CP2, CP4, CP6, TP8, P9, P7, P3, P1, Pz, P2, P4, P6, P8, P10, POz, PO4, PO8, O1, Oz, O2","R-peak","459","650","ECG",""
34227116,"10.1111/psyp.13891",,"","The heartbeat evoked potential does not support strong interoceptive sensibility in trait mindfulness","Verdonk C, Trousselard M, Di Bernardi Luft C, Medani T, Billaud JB, Ramdani C, Canini F, Claverie D, Jaumard-Hakoun A, Vialatte F.","Psychophysiology. 2021 Oct;58(10):e13891. doi: 10.1111/psyp.13891. Epub 2021 Jul 5.",2021,0,"Cognitive processes/Mindfulness, Perception/Interoception/Cardiac",0,"42+-12",1,17,1,"EEG",64,"na","na","2048","256","standard61","Fp1, Fp2, F7, F3, Fz, F4, F8, T7, C3, Cz, C4, T8, P7, P3, Pz, P4, P8, O1, O2, Fpz, FC5, FC1, FC2, FC6, CP5, CP1, CP2, CP6, Oz, AF7, AF3, AFz, AF4, AF8, F5, F1, F2, F6, FT7, FC3, FCz, FC4, FT8, C5, C1, C2, C6, TP7, CP3, CPz, CP4, TP8, P9, P5, P1, P2, P6, P10, PO7, PO3, POz, PO4, PO8, Iz","5","2","Lead III","Left wrist, Left leg","unknown","2048","256","unknown","unknown","Semi-automatic","PanTompkins1985","HEPLAB","CMS","Common average","0.3","30",1,0,"CFA","2-3","Manual","Time course, topography","RR at least 700 ms","Noisy epochs, manual removal of artifacts","All","na",1,1,"336+-118","Primary","R-peak","200","650","none","none","Correlation","Amplitude",0,0,"Correlation",1,"20000","0","","","","","ECG",""
34227116,"10.1111/psyp.13891",,"","The heartbeat evoked potential does not support strong interoceptive sensibility in trait mindfulness","Verdonk C, Trousselard M, Di Bernardi Luft C, Medani T, Billaud JB, Ramdani C, Canini F, Claverie D, Jaumard-Hakoun A, Vialatte F.","Psychophysiology. 2021 Oct;58(10):e13891. doi: 10.1111/psyp.13891. Epub 2021 Jul 5.",2021,0,"Cognitive processes/Mindfulness, Perception/Interoception/Cardiac",0,"42+-12",1,17,1,"EEG",64,"na","na","2048","256","standard61","Fp1, Fp2, F7, F3, Fz, F4, F8, T7, C3, Cz, C4, T8, P7, P3, Pz, P4, P8, O1, O2, Fpz, FC5, FC1, FC2, FC6, CP5, CP1, CP2, CP6, Oz, AF7, AF3, AFz, AF4, AF8, F5, F1, F2, F6, FT7, FC3, FCz, FC4, FT8, C5, C1, C2, C6, TP7, CP3, CPz, CP4, TP8, P9, P5, P1, P2, P6, P10, PO7, PO3, POz, PO4, PO8, Iz","5","2","Lead III","Left wrist, Left leg","unknown","2048","256","unknown","unknown","Semi-automatic","PanTompkins1985","HEPLAB","CMS","Common average","0.3","30",1,0,"CFA","2-3","Manual","Time course, topography","RR at least 700 ms","Noisy epochs, manual removal of artifacts","FC1, FCz, FC2, FT8, C5, C3, C1, Cz, C4, C6, T8, TP7, CP3, CPz, CP2, CP4, CP6, TP8, P9, P7, P3, P1, Pz, P2, P4, P6, P8, P10, POz, PO4, PO8, O1, Oz, O2","na",1,3,"336+-118","Secondary","R-peak","459","650","none","none","Correlation","Amplitude",1,1,"Correlation",0,"","1","","","","","",""
34227116,"10.1111/psyp.13891",,"","The heartbeat evoked potential does not support strong interoceptive sensibility in trait mindfulness","Verdonk C, Trousselard M, Di Bernardi Luft C, Medani T, Billaud JB, Ramdani C, Canini F, Claverie D, Jaumard-Hakoun A, Vialatte F.","Psychophysiology. 2021 Oct;58(10):e13891. doi: 10.1111/psyp.13891. Epub 2021 Jul 5.",2021,0,"Cognitive processes/Mindfulness, Perception/Interoception/Cardiac",0,"42+-12",1,17,1,"EEG",64,"na","na","2048","256","standard61","Fp1, Fp2, F7, F3, Fz, F4, F8, T7, C3, Cz, C4, T8, P7, P3, Pz, P4, P8, O1, O2, Fpz, FC5, FC1, FC2, FC6, CP5, CP1, CP2, CP6, Oz, AF7, AF3, AFz, AF4, AF8, F5, F1, F2, F6, FT7, FC3, FCz, FC4, FT8, C5, C1, C2, C6, TP7, CP3, CPz, CP4, TP8, P9, P5, P1, P2, P6, P10, PO7, PO3, POz, PO4, PO8, Iz","5","2","Lead III","Left wrist, Left leg","unknown","2048","256","unknown","unknown","Semi-automatic","PanTompkins1985","HEPLAB","CMS","Common average","0.3","30",1,0,"CFA","2-3","Manual","Time course, topography","RR at least 700 ms","Noisy epochs, manual removal of artifacts","All","na",1,2,"336+-118","Primary","R-peak","200","650","none","none","Group/Condition Differences","Amplitude",0,0,"t-test",1,"20000","0","","","","","",""
34175363,"10.1016/j.physbeh.2021.113508",0,"Not Related to HER","Time course of recovery from acute hypoxia exposure as measured by vigilance and event-related potentials","Blacker KJ, McHail DG.","Physiol Behav. 2021 Oct 1;239:113508. doi: 10.1016/j.physbeh.2021.113508. Epub 2021 Jun 24.",2021,,"",,"",,,,"",,"","","","","","","","","","","","","","","","","","","","","","",,,"","","","","","","","",,,"","","","","","","","","",,,"",,"","","","","","","",""
34171310,"10.1016/j.jneumeth.2021.109269",1,"Consider","The role of electroencephalography electrical reference in the assessment of functional brain-heart interplay: From methodology to user guidelines","Candia-Rivera D, Catrambone V, Valenza G.","J Neurosci Methods. 2021 Aug 1;360:109269. doi: 10.1016/j.jneumeth.2021.109269. Epub 2021 Jun 24.",2021,0,"Methodology/Reference electrode",0,"21-41",0,28,1,"EEG",129,"na","na","500","unknown","GSN-HydroCel-129","layout","4","unknown","unknown","unknown","unknown","500","unknown","0.5","45","Semi-automatic","Template matching","unknown","Cz","Common average","0.5","45",1,0,"Eye movements, CFA","","Manual","unknown","RR at least 500 ms","Bad channels, Wavelet-ICA","Fp1, Fpz, Fp2, AF7, AF3, AFz, AF4, AF8, F7, F5, F3, F1, Fz, F2, F4, F6, F8, FT7, FC5, FC3, FC1, FCz, FC2, FC4, FC6, FT8, T7, C5, C3, C1, Cz, C2, C4, C6, T8, TP7, CP5, CP3, CP1, CPz, CP2, CP4, CP6, TP8, P7, P5, P3, P1, Pz, P2, P4, P6, P8, PO7, PO3, POz, PO4, PO8, O1, Oz, O2, Iz","na",1,1,"[est240]","Primary","R-peak","200","500","none","none","Correlation","Amplitude",0,1,"Correlation",0,"","1","","","","","","est number of trials = 4 min rest * 60 bpm"
34171310,"10.1016/j.jneumeth.2021.109269",,"","The role of electroencephalography electrical reference in the assessment of functional brain-heart interplay: From methodology to user guidelines","Candia-Rivera D, Catrambone V, Valenza G.","J Neurosci Methods. 2021 Aug 1;360:109269. doi: 10.1016/j.jneumeth.2021.109269. Epub 2021 Jun 24.",2021,0,"Methodology/Reference electrode",0,"21-41",0,28,1,"EEG",129,"na","na","500","unknown","GSN-HydroCel-129","layout","4","unknown","unknown","unknown","unknown","500","unknown","0.5","45","Semi-automatic","Template matching","unknown","Cz","Common average","0.5","45",1,0,"Eye movements, CFA","","Manual","unknown","RR at least 500 ms","Bad channels, Wavelet-ICA","Fp1, Fpz, Fp2, AF7, AF3, AFz, AF4, AF8, F7, F5, F3, F1, Fz, F2, F4, F6, F8, FT7, FC5, FC3, FC1, FCz, FC2, FC4, FC6, FT8, T7, C5, C3, C1, Cz, C2, C4, C6, T8, TP7, CP5, CP3, CP1, CPz, CP2, CP4, CP6, TP8, P7, P5, P3, P1, Pz, P2, P4, P6, P8, PO7, PO3, POz, PO4, PO8, O1, Oz, O2, Iz","na",1,1,"[est240]","Primary","R-peak","200","500","none","none","Group/Condition Differences","Amplitude",0,1,"Non-parametric comparison",0,"","1","","","","","","est number of trials = 4 min rest * 60 bpm"
34171310,"10.1016/j.jneumeth.2021.109269",,"","The role of electroencephalography electrical reference in the assessment of functional brain-heart interplay: From methodology to user guidelines","Candia-Rivera D, Catrambone V, Valenza G.","J Neurosci Methods. 2021 Aug 1;360:109269. doi: 10.1016/j.jneumeth.2021.109269. Epub 2021 Jun 24.",2021,0,"Methodology/Reference electrode",0,"20-37",0,23,0,"EEG",32,"na","na","unknown","unknown","standard32","Fp1, Fp2, AF3, AF4, F7, F3, Fz, F4, F8, FC5, FC1, FC2, FC6, T7, C3, Cz, C4, T8, CP5, CP1, CP2, CP6, P7, P3, Pz, P4, P8, PO3, PO4, O1, Oz, O2",,"unknown","unknown","unknown","unknown","unknown","unknown","0.5","45","Semi-automatic","Template matching","unknown","Cz","Common average","0.5","45",1,0,"Eye movements, CFA","","Manual","unknown","RR at least 500 ms","Bad channels, Wavelet-ICA","All","na",1,2,"unknown","Primary","R-peak","200","500","none","none","Correlation","Amplitude",0,1,"Correlation",0,"","1","","","","","",""
34171310,"10.1016/j.jneumeth.2021.109269",,"","The role of electroencephalography electrical reference in the assessment of functional brain-heart interplay: From methodology to user guidelines","Candia-Rivera D, Catrambone V, Valenza G.","J Neurosci Methods. 2021 Aug 1;360:109269. doi: 10.1016/j.jneumeth.2021.109269. Epub 2021 Jun 24.",2021,0,"Methodology/Reference electrode",0,"20-37",0,23,0,"EEG",32,"na","na","unknown","unknown","standard32","Fp1, Fp2, AF3, AF4, F7, F3, Fz, F4, F8, FC5, FC1, FC2, FC6, T7, C3, Cz, C4, T8, CP5, CP1, CP2, CP6, P7, P3, Pz, P4, P8, PO3, PO4, O1, Oz, O2",,"unknown","unknown","unknown","unknown","unknown","unknown","0.5","45","Semi-automatic","Template matching","unknown","Cz","Common average","0.5","45",1,0,"Eye movements, CFA","","Manual","unknown","RR at least 500 ms","Bad channels, Wavelet-ICA","All","na",1,2,"unknown","Primary","R-peak","200","500","none","none","Group/Condition Differences","Amplitude",0,1,"Non-parametric comparison",0,"","1","","","","","",""
34171310,"10.1016/j.jneumeth.2021.109269",,"","The role of electroencephalography electrical reference in the assessment of functional brain-heart interplay: From methodology to user guidelines","Candia-Rivera D, Catrambone V, Valenza G.","J Neurosci Methods. 2021 Aug 1;360:109269. doi: 10.1016/j.jneumeth.2021.109269. Epub 2021 Jun 24.",2021,0,"Methodology/Reference electrode",0,"21-41",0,28,1,"EEG",129,"na","na","500","unknown","GSN-HydroCel-129","layout","4","unknown","unknown","unknown","unknown","500","unknown","0.5","45","Semi-automatic","Template matching","unknown","Cz","Laplacian reference","0.5","45",1,0,"Eye movements, CFA","","Manual","unknown","RR at least 500 ms","Bad channels, Wavelet-ICA","Fp1, Fpz, Fp2, AF7, AF3, AFz, AF4, AF8, F7, F5, F3, F1, Fz, F2, F4, F6, F8, FT7, FC5, FC3, FC1, FCz, FC2, FC4, FC6, FT8, T7, C5, C3, C1, Cz, C2, C4, C6, T8, TP7, CP5, CP3, CP1, CPz, CP2, CP4, CP6, TP8, P7, P5, P3, P1, Pz, P2, P4, P6, P8, PO7, PO3, POz, PO4, PO8, O1, Oz, O2, Iz","na",1,1,"[est240]","Primary","R-peak","200","500","none","none","Correlation","Amplitude",0,1,"Correlation",0,"","1","","","","","","est number of trials = 4 min rest * 60 bpm"
34171310,"10.1016/j.jneumeth.2021.109269",,"","The role of electroencephalography electrical reference in the assessment of functional brain-heart interplay: From methodology to user guidelines","Candia-Rivera D, Catrambone V, Valenza G.","J Neurosci Methods. 2021 Aug 1;360:109269. doi: 10.1016/j.jneumeth.2021.109269. Epub 2021 Jun 24.",2021,0,"Methodology/Reference electrode",0,"21-41",0,28,1,"EEG",129,"na","na","500","unknown","GSN-HydroCel-129","layout","4","unknown","unknown","unknown","unknown","500","unknown","0.5","45","Semi-automatic","Template matching","unknown","Cz","Laplacian reference","0.5","45",1,0,"Eye movements, CFA","","Manual","unknown","RR at least 500 ms","Bad channels, Wavelet-ICA","Fp1, Fpz, Fp2, AF7, AF3, AFz, AF4, AF8, F7, F5, F3, F1, Fz, F2, F4, F6, F8, FT7, FC5, FC3, FC1, FCz, FC2, FC4, FC6, FT8, T7, C5, C3, C1, Cz, C2, C4, C6, T8, TP7, CP5, CP3, CP1, CPz, CP2, CP4, CP6, TP8, P7, P5, P3, P1, Pz, P2, P4, P6, P8, PO7, PO3, POz, PO4, PO8, O1, Oz, O2, Iz","na",1,1,"[est240]","Primary","R-peak","200","500","none","none","Group/Condition Differences","Amplitude",0,1,"Non-parametric comparison",0,"","1","","","","","","est number of trials = 4 min rest * 60 bpm"
34171310,"10.1016/j.jneumeth.2021.109269",,"","The role of electroencephalography electrical reference in the assessment of functional brain-heart interplay: From methodology to user guidelines","Candia-Rivera D, Catrambone V, Valenza G.","J Neurosci Methods. 2021 Aug 1;360:109269. doi: 10.1016/j.jneumeth.2021.109269. Epub 2021 Jun 24.",2021,0,"Methodology/Reference electrode",0,"20-37",0,23,0,"EEG",32,"na","na","unknown","unknown","standard32","Fp1, Fp2, AF3, AF4, F7, F3, Fz, F4, F8, FC5, FC1, FC2, FC6, T7, C3, Cz, C4, T8, CP5, CP1, CP2, CP6, P7, P3, Pz, P4, P8, PO3, PO4, O1, Oz, O2",,"unknown","unknown","unknown","unknown","unknown","unknown","0.5","45","Semi-automatic","Template matching","unknown","Cz","Laplacian reference","0.5","45",1,0,"Eye movements, CFA","","Manual","unknown","RR at least 500 ms","Bad channels, Wavelet-ICA","All","na",1,2,"unknown","Primary","R-peak","200","500","none","none","Correlation","Amplitude",0,1,"Correlation",0,"","1","","","","","",""
34171310,"10.1016/j.jneumeth.2021.109269",,"","The role of electroencephalography electrical reference in the assessment of functional brain-heart interplay: From methodology to user guidelines","Candia-Rivera D, Catrambone V, Valenza G.","J Neurosci Methods. 2021 Aug 1;360:109269. doi: 10.1016/j.jneumeth.2021.109269. Epub 2021 Jun 24.",2021,0,"Methodology/Reference electrode",0,"20-37",0,23,0,"EEG",32,"na","na","unknown","unknown","standard32","Fp1, Fp2, AF3, AF4, F7, F3, Fz, F4, F8, FC5, FC1, FC2, FC6, T7, C3, Cz, C4, T8, CP5, CP1, CP2, CP6, P7, P3, Pz, P4, P8, PO3, PO4, O1, Oz, O2",,"unknown","unknown","unknown","unknown","unknown","unknown","0.5","45","Semi-automatic","Template matching","unknown","Cz","Laplacian reference","0.5","45",1,0,"Eye movements, CFA","","Manual","unknown","RR at least 500 ms","Bad channels, Wavelet-ICA","All","na",1,2,"unknown","Primary","R-peak","200","500","none","none","Group/Condition Differences","Amplitude",0,1,"Non-parametric comparison",0,"","1","","","","","",""
34171310,"10.1016/j.jneumeth.2021.109269",,"","The role of electroencephalography electrical reference in the assessment of functional brain-heart interplay: From methodology to user guidelines","Candia-Rivera D, Catrambone V, Valenza G.","J Neurosci Methods. 2021 Aug 1;360:109269. doi: 10.1016/j.jneumeth.2021.109269. Epub 2021 Jun 24.",2021,0,"Methodology/Reference electrode",0,"21-41",0,28,1,"EEG",129,"na","na","500","unknown","GSN-HydroCel-129","layout","4","unknown","unknown","unknown","unknown","500","unknown","0.5","45","Semi-automatic","Template matching","unknown","Cz","REST","0.5","45",1,0,"Eye movements, CFA","","Manual","unknown","RR at least 500 ms","Bad channels, Wavelet-ICA","Fp1, Fpz, Fp2, AF7, AF3, AFz, AF4, AF8, F7, F5, F3, F1, Fz, F2, F4, F6, F8, FT7, FC5, FC3, FC1, FCz, FC2, FC4, FC6, FT8, T7, C5, C3, C1, Cz, C2, C4, C6, T8, TP7, CP5, CP3, CP1, CPz, CP2, CP4, CP6, TP8, P7, P5, P3, P1, Pz, P2, P4, P6, P8, PO7, PO3, POz, PO4, PO8, O1, Oz, O2, Iz","na",1,1,"[est240]","Primary","R-peak","200","500","none","none","Correlation","Amplitude",0,1,"Correlation",0,"","1","","","","","","est number of trials = 4 min rest * 60 bpm"
34171310,"10.1016/j.jneumeth.2021.109269",,"","The role of electroencephalography electrical reference in the assessment of functional brain-heart interplay: From methodology to user guidelines","Candia-Rivera D, Catrambone V, Valenza G.","J Neurosci Methods. 2021 Aug 1;360:109269. doi: 10.1016/j.jneumeth.2021.109269. Epub 2021 Jun 24.",2021,0,"Methodology/Reference electrode",0,"21-41",0,28,1,"EEG",129,"na","na","500","unknown","GSN-HydroCel-129","layout","4","unknown","unknown","unknown","unknown","500","unknown","0.5","45","Semi-automatic","Template matching","unknown","Cz","REST","0.5","45",1,0,"Eye movements, CFA","","Manual","unknown","RR at least 500 ms","Bad channels, Wavelet-ICA","Fp1, Fpz, Fp2, AF7, AF3, AFz, AF4, AF8, F7, F5, F3, F1, Fz, F2, F4, F6, F8, FT7, FC5, FC3, FC1, FCz, FC2, FC4, FC6, FT8, T7, C5, C3, C1, Cz, C2, C4, C6, T8, TP7, CP5, CP3, CP1, CPz, CP2, CP4, CP6, TP8, P7, P5, P3, P1, Pz, P2, P4, P6, P8, PO7, PO3, POz, PO4, PO8, O1, Oz, O2, Iz","na",1,1,"[est240]","Primary","R-peak","200","500","none","none","Group/Condition Differences","Amplitude",0,1,"Non-parametric comparison",0,"","1","","","","","","est number of trials = 4 min rest * 60 bpm"
34171310,"10.1016/j.jneumeth.2021.109269",,"","The role of electroencephalography electrical reference in the assessment of functional brain-heart interplay: From methodology to user guidelines","Candia-Rivera D, Catrambone V, Valenza G.","J Neurosci Methods. 2021 Aug 1;360:109269. doi: 10.1016/j.jneumeth.2021.109269. Epub 2021 Jun 24.",2021,0,"Methodology/Reference electrode",0,"20-37",0,23,0,"EEG",32,"na","na","unknown","unknown","standard32","Fp1, Fp2, AF3, AF4, F7, F3, Fz, F4, F8, FC5, FC1, FC2, FC6, T7, C3, Cz, C4, T8, CP5, CP1, CP2, CP6, P7, P3, Pz, P4, P8, PO3, PO4, O1, Oz, O2",,"unknown","unknown","unknown","unknown","unknown","unknown","0.5","45","Semi-automatic","Template matching","unknown","Cz","REST","0.5","45",1,0,"Eye movements, CFA","","Manual","unknown","RR at least 500 ms","Bad channels, Wavelet-ICA","All","na",1,2,"unknown","Primary","R-peak","200","500","none","none","Correlation","Amplitude",0,1,"Correlation",0,"","1","","","","","",""
34171310,"10.1016/j.jneumeth.2021.109269",,"","The role of electroencephalography electrical reference in the assessment of functional brain-heart interplay: From methodology to user guidelines","Candia-Rivera D, Catrambone V, Valenza G.","J Neurosci Methods. 2021 Aug 1;360:109269. doi: 10.1016/j.jneumeth.2021.109269. Epub 2021 Jun 24.",2021,0,"Methodology/Reference electrode",0,"20-37",0,23,0,"EEG",32,"na","na","unknown","unknown","standard32","Fp1, Fp2, AF3, AF4, F7, F3, Fz, F4, F8, FC5, FC1, FC2, FC6, T7, C3, Cz, C4, T8, CP5, CP1, CP2, CP6, P7, P3, Pz, P4, P8, PO3, PO4, O1, Oz, O2",,"unknown","unknown","unknown","unknown","unknown","unknown","0.5","45","Semi-automatic","Template matching","unknown","Cz","REST","0.5","45",1,0,"Eye movements, CFA","","Manual","unknown","RR at least 500 ms","Bad channels, Wavelet-ICA","All","na",1,2,"unknown","Primary","R-peak","200","500","none","none","Group/Condition Differences","Amplitude",0,1,"Non-parametric comparison",0,"","1","","","","","",""
34171310,"10.1016/j.jneumeth.2021.109269",,"","The role of electroencephalography electrical reference in the assessment of functional brain-heart interplay: From methodology to user guidelines","Candia-Rivera D, Catrambone V, Valenza G.","J Neurosci Methods. 2021 Aug 1;360:109269. doi: 10.1016/j.jneumeth.2021.109269. Epub 2021 Jun 24.",2021,0,"Methodology/Reference electrode",0,"21-41",0,28,1,"EEG",129,"na","na","500","unknown","GSN-HydroCel-129","layout","4","unknown","unknown","unknown","unknown","500","unknown","0.5","45","Semi-automatic","Template matching","unknown","Cz","Linked mastoids","0.5","45",1,0,"Eye movements, CFA","","Manual","unknown","RR at least 500 ms","Bad channels, Wavelet-ICA","Fp1, Fpz, Fp2, AF7, AF3, AFz, AF4, AF8, F7, F5, F3, F1, Fz, F2, F4, F6, F8, FT7, FC5, FC3, FC1, FCz, FC2, FC4, FC6, FT8, T7, C5, C3, C1, Cz, C2, C4, C6, T8, TP7, CP5, CP3, CP1, CPz, CP2, CP4, CP6, TP8, P7, P5, P3, P1, Pz, P2, P4, P6, P8, PO7, PO3, POz, PO4, PO8, O1, Oz, O2, Iz","na",1,1,"[est240]","Primary","R-peak","200","500","none","none","Correlation","Amplitude",0,1,"Correlation",0,"","1","","","","","","est number of trials = 4 min rest * 60 bpm"
34171310,"10.1016/j.jneumeth.2021.109269",,"","The role of electroencephalography electrical reference in the assessment of functional brain-heart interplay: From methodology to user guidelines","Candia-Rivera D, Catrambone V, Valenza G.","J Neurosci Methods. 2021 Aug 1;360:109269. doi: 10.1016/j.jneumeth.2021.109269. Epub 2021 Jun 24.",2021,0,"Methodology/Reference electrode",0,"21-41",0,28,1,"EEG",129,"na","na","500","unknown","GSN-HydroCel-129","layout","4","unknown","unknown","unknown","unknown","500","unknown","0.5","45","Semi-automatic","Template matching","unknown","Cz","Linked mastoids","0.5","45",1,0,"Eye movements, CFA","","Manual","unknown","RR at least 500 ms","Bad channels, Wavelet-ICA","Fp1, Fpz, Fp2, AF7, AF3, AFz, AF4, AF8, F7, F5, F3, F1, Fz, F2, F4, F6, F8, FT7, FC5, FC3, FC1, FCz, FC2, FC4, FC6, FT8, T7, C5, C3, C1, Cz, C2, C4, C6, T8, TP7, CP5, CP3, CP1, CPz, CP2, CP4, CP6, TP8, P7, P5, P3, P1, Pz, P2, P4, P6, P8, PO7, PO3, POz, PO4, PO8, O1, Oz, O2, Iz","na",1,1,"[est240]","Primary","R-peak","200","500","none","none","Group/Condition Differences","Amplitude",0,1,"Non-parametric comparison",0,"","1","","","","","","est number of trials = 4 min rest * 60 bpm"
34171310,"10.1016/j.jneumeth.2021.109269",,"","The role of electroencephalography electrical reference in the assessment of functional brain-heart interplay: From methodology to user guidelines","Candia-Rivera D, Catrambone V, Valenza G.","J Neurosci Methods. 2021 Aug 1;360:109269. doi: 10.1016/j.jneumeth.2021.109269. Epub 2021 Jun 24.",2021,0,"Methodology/Reference electrode",0,"20-37",0,23,0,"EEG",32,"na","na","unknown","unknown","standard32","Fp1, Fp2, AF3, AF4, F7, F3, Fz, F4, F8, FC5, FC1, FC2, FC6, T7, C3, Cz, C4, T8, CP5, CP1, CP2, CP6, P7, P3, Pz, P4, P8, PO3, PO4, O1, Oz, O2",,"unknown","unknown","unknown","unknown","unknown","unknown","0.5","45","Semi-automatic","Template matching","unknown","Cz","Linked mastoids","0.5","45",1,0,"Eye movements, CFA","","Manual","unknown","RR at least 500 ms","Bad channels, Wavelet-ICA","All","na",1,2,"unknown","Primary","R-peak","200","500","none","none","Correlation","Amplitude",0,1,"Correlation",0,"","1","","","","","",""
34171310,"10.1016/j.jneumeth.2021.109269",,"","The role of electroencephalography electrical reference in the assessment of functional brain-heart interplay: From methodology to user guidelines","Candia-Rivera D, Catrambone V, Valenza G.","J Neurosci Methods. 2021 Aug 1;360:109269. doi: 10.1016/j.jneumeth.2021.109269. Epub 2021 Jun 24.",2021,0,"Methodology/Reference electrode",0,"20-37",0,23,0,"EEG",32,"na","na","unknown","unknown","standard32","Fp1, Fp2, AF3, AF4, F7, F3, Fz, F4, F8, FC5, FC1, FC2, FC6, T7, C3, Cz, C4, T8, CP5, CP1, CP2, CP6, P7, P3, Pz, P4, P8, PO3, PO4, O1, Oz, O2",,"unknown","unknown","unknown","unknown","unknown","unknown","0.5","45","Semi-automatic","Template matching","unknown","Cz","Linked mastoids","0.5","45",1,0,"Eye movements, CFA","","Manual","unknown","RR at least 500 ms","Bad channels, Wavelet-ICA","All","na",1,2,"unknown","Primary","R-peak","200","500","none","none","Group/Condition Differences","Amplitude",0,1,"Non-parametric comparison",0,"","1","","","","","",""
34171310,"10.1016/j.jneumeth.2021.109269",,"","The role of electroencephalography electrical reference in the assessment of functional brain-heart interplay: From methodology to user guidelines","Candia-Rivera D, Catrambone V, Valenza G.","J Neurosci Methods. 2021 Aug 1;360:109269. doi: 10.1016/j.jneumeth.2021.109269. Epub 2021 Jun 24.",2021,0,"Methodology/Reference electrode",0,"21-41",0,28,1,"EEG",129,"na","na","500","unknown","GSN-HydroCel-129","layout","4","unknown","unknown","unknown","unknown","500","unknown","0.5","45","Semi-automatic","Template matching","unknown","Cz","Cz","0.5","45",1,0,"Eye movements, CFA","","Manual","unknown","RR at least 500 ms","Bad channels, Wavelet-ICA","Fp1, Fpz, Fp2, AF7, AF3, AFz, AF4, AF8, F7, F5, F3, F1, Fz, F2, F4, F6, F8, FT7, FC5, FC3, FC1, FCz, FC2, FC4, FC6, FT8, T7, C5, C3, C1, Cz, C2, C4, C6, T8, TP7, CP5, CP3, CP1, CPz, CP2, CP4, CP6, TP8, P7, P5, P3, P1, Pz, P2, P4, P6, P8, PO7, PO3, POz, PO4, PO8, O1, Oz, O2, Iz","na",1,1,"[est240]","Primary","R-peak","200","500","none","none","Correlation","Amplitude",0,1,"Correlation",0,"","1","","","","","","est number of trials = 4 min rest * 60 bpm"
34171310,"10.1016/j.jneumeth.2021.109269",,"","The role of electroencephalography electrical reference in the assessment of functional brain-heart interplay: From methodology to user guidelines","Candia-Rivera D, Catrambone V, Valenza G.","J Neurosci Methods. 2021 Aug 1;360:109269. doi: 10.1016/j.jneumeth.2021.109269. Epub 2021 Jun 24.",2021,0,"Methodology/Reference electrode",0,"21-41",0,28,1,"EEG",129,"na","na","500","unknown","GSN-HydroCel-129","layout","4","unknown","unknown","unknown","unknown","500","unknown","0.5","45","Semi-automatic","Template matching","unknown","Cz","Cz","0.5","45",1,0,"Eye movements, CFA","","Manual","unknown","RR at least 500 ms","Bad channels, Wavelet-ICA","Fp1, Fpz, Fp2, AF7, AF3, AFz, AF4, AF8, F7, F5, F3, F1, Fz, F2, F4, F6, F8, FT7, FC5, FC3, FC1, FCz, FC2, FC4, FC6, FT8, T7, C5, C3, C1, Cz, C2, C4, C6, T8, TP7, CP5, CP3, CP1, CPz, CP2, CP4, CP6, TP8, P7, P5, P3, P1, Pz, P2, P4, P6, P8, PO7, PO3, POz, PO4, PO8, O1, Oz, O2, Iz","na",1,1,"[est240]","Primary","R-peak","200","500","none","none","Group/Condition Differences","Amplitude",0,1,"Non-parametric comparison",0,"","1","","","","","","est number of trials = 4 min rest * 60 bpm"
34171310,"10.1016/j.jneumeth.2021.109269",,"","The role of electroencephalography electrical reference in the assessment of functional brain-heart interplay: From methodology to user guidelines","Candia-Rivera D, Catrambone V, Valenza G.","J Neurosci Methods. 2021 Aug 1;360:109269. doi: 10.1016/j.jneumeth.2021.109269. Epub 2021 Jun 24.",2021,0,"Methodology/Reference electrode",0,"20-37",0,23,0,"EEG",32,"na","na","unknown","unknown","standard32","Fp1, Fp2, AF3, AF4, F7, F3, Fz, F4, F8, FC5, FC1, FC2, FC6, T7, C3, Cz, C4, T8, CP5, CP1, CP2, CP6, P7, P3, Pz, P4, P8, PO3, PO4, O1, Oz, O2",,"unknown","unknown","unknown","unknown","unknown","unknown","0.5","45","Semi-automatic","Template matching","unknown","Cz","Cz","0.5","45",1,0,"Eye movements, CFA","","Manual","unknown","RR at least 500 ms","Bad channels, Wavelet-ICA","All","na",1,2,"unknown","Primary","R-peak","200","500","none","none","Correlation","Amplitude",0,1,"Correlation",0,"","1","","","","","",""
34171310,"10.1016/j.jneumeth.2021.109269",,"","The role of electroencephalography electrical reference in the assessment of functional brain-heart interplay: From methodology to user guidelines","Candia-Rivera D, Catrambone V, Valenza G.","J Neurosci Methods. 2021 Aug 1;360:109269. doi: 10.1016/j.jneumeth.2021.109269. Epub 2021 Jun 24.",2021,0,"Methodology/Reference electrode",0,"20-37",0,23,0,"EEG",32,"na","na","unknown","unknown","standard32","Fp1, Fp2, AF3, AF4, F7, F3, Fz, F4, F8, FC5, FC1, FC2, FC6, T7, C3, Cz, C4, T8, CP5, CP1, CP2, CP6, P7, P3, Pz, P4, P8, PO3, PO4, O1, Oz, O2",,"unknown","unknown","unknown","unknown","unknown","unknown","0.5","45","Semi-automatic","Template matching","unknown","Cz","Cz","0.5","45",1,0,"Eye movements, CFA","","Manual","unknown","RR at least 500 ms","Bad channels, Wavelet-ICA","All","na",1,2,"unknown","Primary","R-peak","200","500","none","none","Group/Condition Differences","Amplitude",0,1,"Non-parametric comparison",0,"","1","","","","","",""
34111514,"10.1016/j.neuroimage.2021.118247",1,"Consider","Heartbeat and somatosensory perception","Al E, Iliopoulos F, Nikulin VV, Villringer A.","Neuroimage. 2021 Sep;238:118247. doi: 10.1016/j.neuroimage.2021.118247. Epub 2021 Jun 7.",2021,0,"Perception/Exteroception/Somatosensory/Near-threshold detection, Physiology/Cardiac cycle phase",0,"25.3+-4.0",1,36,0,"EEG",62,"na","na","2500","250","standard61","Fp1, Fp2, F7, F3, Fz, F4, F8, FC5, FC1, FC2, FC6, T7, C3, Cz, C4, T8, CP5, CP1, CP2, CP6, AFz, P7, P3, Pz, P4, P8, PO9, O1, Oz, O2, PO10, AF7, AF3, AF4, AF8, F5, F1, F2, F6, FT7, FC3, FC4, FT8, C5, C1, C2, C6, TP7, CP3, CPz, CP4, TP8, P5, P1, P2, P6, PO7, PO3, POz, PO4, PO8",,"2","Unclassified","Left chest","unknown","2500","unknown","unknown","unknown","Semi-automatic","unknown","HEPLAB","FCz","Common average","0.3","45",1,0,"Eye movements, CFA","","Manual","Time course","","Artifact Subspace Reconstruction (ASR)","FC2, Cz, C4, CP1, CP2, Pz, P4, C1, C2, CPz, CP4, P1, P2","na",1,2,"472+-44","Primary","R-peak","296","400","unknown","unknown","Group/Condition Differences","Amplitude",0,0,"t-test",1,"1000","1","FC2, Cz, C4, CP1, CP2, Pz, P4, C1, C2, CPz, CP4, P1, P2","R-peak","296","400","ECG, HR",""
34111514,"10.1016/j.neuroimage.2021.118247",,"","Heartbeat and somatosensory perception","Al E, Iliopoulos F, Nikulin VV, Villringer A.","Neuroimage. 2021 Sep;238:118247. doi: 10.1016/j.neuroimage.2021.118247. Epub 2021 Jun 7.",2021,0,"Perception/Exteroception/Somatosensory/Near-threshold detection, Physiology/Cardiac cycle phase",0,"25.3+-4.0",1,36,0,"EEG",62,"na","na","2500","250","standard61","Fp1, Fp2, F7, F3, Fz, F4, F8, FC5, FC1, FC2, FC6, T7, C3, Cz, C4, T8, CP5, CP1, CP2, CP6, AFz, P7, P3, Pz, P4, P8, PO9, O1, Oz, O2, PO10, AF7, AF3, AF4, AF8, F5, F1, F2, F6, FT7, FC3, FC4, FT8, C5, C1, C2, C6, TP7, CP3, CPz, CP4, TP8, P5, P1, P2, P6, PO7, PO3, POz, PO4, PO8",,"2","Unclassified","Left chest","unknown","2500","unknown","unknown","unknown","Semi-automatic","unknown","HEPLAB","FCz","Common average","0.3","45",1,0,"Eye movements, CFA","","Manual","Time course","","Artifact Subspace Reconstruction (ASR)","All","na",1,2,"472+-44","Primary","R-peak","296","400","unknown","unknown","Group/Condition Differences","Amplitude",0,0,"t-test",1,"1000","1","Fp1, Fp2, AF7, AF3, AFz, AF4, AF8, F7, F5, F3, F1, Fz, F2, F4, F6, F8, FC5, FC3, FC4, FT8, C3, C1, Cz, C2, C4, C6, CP5, CP3, CP1, CPz, CP2, CP4, P5, P3, P1, Pz, P2, P4, P6, PO3, POz, PO4, Oz","R-peak","296","400","ECG, HR",""
34111514,"10.1016/j.neuroimage.2021.118247",,"","Heartbeat and somatosensory perception","Al E, Iliopoulos F, Nikulin VV, Villringer A.","Neuroimage. 2021 Sep;238:118247. doi: 10.1016/j.neuroimage.2021.118247. Epub 2021 Jun 7.",2021,0,"Perception/Exteroception/Somatosensory/Near-threshold detection, Physiology/Cardiac cycle phase",0,"25.3+-4.0",1,36,0,"EEG",62,"na","na","2500","250","standard61","Fp1, Fp2, F7, F3, Fz, F4, F8, FC5, FC1, FC2, FC6, T7, C3, Cz, C4, T8, CP5, CP1, CP2, CP6, AFz, P7, P3, Pz, P4, P8, PO9, O1, Oz, O2, PO10, AF7, AF3, AF4, AF8, F5, F1, F2, F6, FT7, FC3, FC4, FT8, C5, C1, C2, C6, TP7, CP3, CPz, CP4, TP8, P5, P1, P2, P6, PO7, PO3, POz, PO4, PO8",,"2","Unclassified","Left chest","unknown","2500","unknown","unknown","unknown","Semi-automatic","unknown","HEPLAB","FCz","Common average","0.3","45",1,0,"Eye movements, CFA","","Manual","Time course","","Artifact Subspace Reconstruction (ASR)","FC2, Cz, C4, CP1, CP2, Pz, P4, C1, C2, CPz, CP4, P1, P2","na",1,1,"472+-44","Primary","R-peak","296","400","unknown","unknown","Group/Condition Differences","Amplitude",1,1,"t-test",0,"","1","","","","","",""
34031900,"10.1111/psyp.13849",0,"Not Related to HER","Threat imminence modulates neural gain in attention and motor relevant brain circuits in humans","de Echegaray J, Moratti S.","Psychophysiology. 2021 Aug;58(8):e13849. doi: 10.1111/psyp.13849. Epub 2021 May 24.",2021,,"",,"",,,,"",,"","","","","","","","","","","","","","","","","","","","","","",,,"","","","","","","","",,,"","","","","","","","","",,,"",,"","","","","","","",""
33986337,"10.1038/s41598-021-89297-y",0,"Not Related to HER","Comparing physiological responses during cognitive tests in virtual environments vs. in identical real-world environments","Kalantari S, Rounds JD, Kan J, Tripathi V, Cruz-Garza JG.","Sci Rep. 2021 May 13;11(1):10227. doi: 10.1038/s41598-021-89297-y.",2021,,"",,"",,,,"",,"","","","","","","","","","","","","","","","","","","","","","",,,"","","","","","","","",,,"","","","","","","","","",,,"",,"","","","","","","",""
33951406,"10.1139/apnm-2020-1082",0,"Not Related to HER","The effect of muscle blood flow restriction on hemodynamics, cerebral oxygenation and activation at rest","Cherouveim ED, Miliotis PG, Dipla K, Koskolou MD, Vrabas IS, Geladas ND.","Appl Physiol Nutr Metab. 2021 Oct;46(10):1216-1224. doi: 10.1139/apnm-2020-1082. Epub 2021 May 5.",2021,,"",,"",,,,"",,"","","","","","","","","","","","","","","","","","","","","","",,,"","","","","","","","",,,"","","","","","","","","",,,"",,"","","","","","","",""
33948453,"10.1016/j.dib.2021.107011",0,"Not Related to HER","A set of electroencephalographic (EEG) data recorded during amplitude-modulated transcranial alternating current stimulation (AM-tACS) targeting 10-Hz steady-state visually evoked potentials (SSVEP)","Haslacher D, Nasr K, Robinson SE, Braun C, Soekadar SR.","Data Brief. 2021 Mar 29;36:107011. doi: 10.1016/j.dib.2021.107011. eCollection 2021 Jun.",2021,,"",,"",,,,"",,"","","","","","","","","","","","","","","","","","","","","","",,,"","","","","","","","",,,"","","","","","","","","",,,"",,"","","","","","","",""
33926998,"10.1523/JNEUROSCI.1932-20.2021",1,"Consider","Responses to Heartbeats in Ventromedial Prefrontal Cortex Contribute to Subjective Preference-Based Decisions","Azzalini D, Buot A, Palminteri S, Tallon-Baudry C.","J Neurosci. 2021 Jun 9;41(23):5102-5114. doi: 10.1523/JNEUROSCI.1932-20.2021. Epub 2021 Apr 29.",2021,0,"Cognitive processes/Decision-making/Subjective preferences, Cognitive processes/Self-reflection",0,"23.57+-2.4",1,21,0,"MEG",306,"204","102","1000","unknown","Elekta","na",,"5","Multiple leads (Lead II)","Right clavicle, Left abdomen, Left shoulder, Right shoulder, Left clavicle","unknown","1000","unknown","0.05","35","Semi-automatic","Template matching","unknown","na","na","0.5","25",1,1,"CFA, Blinks, Eye movements","0-3","Semi-automatic","Phase consistency","RR at least 400 ms","Manual removal of artifacts","na","Magnetometers (sensor space), All (source space)",1,2,"[est210]","Primary","T-peak","50","300","unknown","unknown","Group/Condition Differences","Amplitude",0,0,"t-test",1,"10000","1","na","T-peak","201","262","Surrogate heartbeats, RR, IBI variability, stroke volume, T-wave mean latency, T-wave mean latency variability, alpha power, pupil diameter","est number of trials = 421 trials / 2 conditions"
33926998,"10.1523/JNEUROSCI.1932-20.2021",,"","Responses to Heartbeats in Ventromedial Prefrontal Cortex Contribute to Subjective Preference-Based Decisions","Azzalini D, Buot A, Palminteri S, Tallon-Baudry C.","J Neurosci. 2021 Jun 9;41(23):5102-5114. doi: 10.1523/JNEUROSCI.1932-20.2021. Epub 2021 Apr 29.",2021,0,"Cognitive processes/Decision-making/Subjective preferences, Cognitive processes/Self-reflection",0,"23.57+-2.4",1,21,0,"MEG",306,"204","102","1000","unknown","Elekta","na",,"5","Multiple leads (Lead II)","Right clavicle, Left abdomen, Left shoulder, Right shoulder, Left clavicle","unknown","1000","unknown","0.05","35","Semi-automatic","Template matching","unknown","na","na","0.5","25",1,1,"CFA, Blinks, Eye movements","0-3","Semi-automatic","Phase consistency","RR at least 400 ms","Manual removal of artifacts","na","Magnetometers (sensor space), All (source space)",1,1,"421+-43","Secondary","T-peak","201","262","unknown","unknown","Correlation","Amplitude",1,1,"Regression",0,"","1","","","","","Surrogate heartbeats, RR, IBI variability, stroke volume, T-wave mean latency, T-wave mean latency variability, alpha power, pupil diameter",""
33870427,"10.1093/sleep/zsab100",1,"Consider","Cortical monitoring of cardiac activity during rapid eye movement sleep: the heartbeat evoked potential in phasic and tonic rapid-eye-movement microstates","Simor P, Bogdány T, Bódizs R, Perakakis P.","Sleep. 2021 Sep 13;44(9):zsab100. doi: 10.1093/sleep/zsab100.",2021,0,"Sleep/REM",0,"21.72+-1.36, 21.55+-1.57",0,20,0,"EEG",19,"na","na","4096","1024","standard19","Fp1, Fp2, F7, F3, Fz, F4, F8, T3, C3, Cz, C4, T4, T5, P3, Pz, P4, T6, O1, O2","6.6","2","Unclassified","Left chest, Right chest","unknown","4096","unknown","unknown","unknown","Semi-automatic","unknown","HEPLAB","Linked mastoids","unknown","0.5","35",1,0,"Eye movements","","","","","","All","na",1,2,"unknown","Primary","R-peak","350","650","-200","-50","Group/Condition Differences","Amplitude",0,0,"t-test",1,"5000","1","Fp1, Fp2, F7, F3, F4, Fz, C3, Cz","R-peak","571.5","634","ECG, HR, SDNN, Surrogate heartbeats",""
33870427,"10.1093/sleep/zsab100",,"","Cortical monitoring of cardiac activity during rapid eye movement sleep: the heartbeat evoked potential in phasic and tonic rapid-eye-movement microstates","Simor P, Bogdány T, Bódizs R, Perakakis P.","Sleep. 2021 Sep 13;44(9):zsab100. doi: 10.1093/sleep/zsab100.",2021,0,"Sleep/REM",0,"21.72+-1.36, 21.55+-1.57",0,20,0,"EEG",19,"na","na","4096","1024","standard19","Fp1, Fp2, F7, F3, Fz, F4, F8, T3, C3, Cz, C4, T4, T5, P3, Pz, P4, T6, O1, O2","6.6","2","Unclassified","Left chest, Right chest","unknown","4096","unknown","unknown","unknown","Semi-automatic","unknown","HEPLAB","Linked mastoids","unknown","0.5","35",1,0,"Eye movements","","","","","","Fp1, Fp2, F7, F3, F4, Fz, C3, Cz","na",1,2,"unknown","Secondary","R-peak","571.5","634","-200","-50","Group/Condition Differences","Amplitude",1,1,"Anova",0,"","1","","","","","ECG",""
33870427,"10.1093/sleep/zsab100",,"","Cortical monitoring of cardiac activity during rapid eye movement sleep: the heartbeat evoked potential in phasic and tonic rapid-eye-movement microstates","Simor P, Bogdány T, Bódizs R, Perakakis P.","Sleep. 2021 Sep 13;44(9):zsab100. doi: 10.1093/sleep/zsab100.",2021,0,"Sleep/REM",0,"21.72+-1.36, 21.55+-1.57",0,20,0,"EEG",17,"na","na","4096","512","standard19","F7, F3, Fz, F4, F8, T3, C3, Cz, C4, T4, T5, P3, Pz, P4, T6, O1, O2","6","2","Unclassified","Left chest, Right chest","unknown","4096","unknown","unknown","unknown","Semi-automatic","unknown","HEPLAB","Linked mastoids","unknown","0.5","35",1,0,"Eye movements","","","","","","All","na",1,2,"unknown","Primary","R-peak","350","650","-200","-50","Group/Condition Differences","Amplitude",0,0,"t-test",1,"5000","1","F7, F3, F4, Fz, C3, Cz, C4, P4, Pz","R-peak","553.9","649.6","ECG, HR, SDNN, Surrogate heartbeats",""
33870427,"10.1093/sleep/zsab100",,"","Cortical monitoring of cardiac activity during rapid eye movement sleep: the heartbeat evoked potential in phasic and tonic rapid-eye-movement microstates","Simor P, Bogdány T, Bódizs R, Perakakis P.","Sleep. 2021 Sep 13;44(9):zsab100. doi: 10.1093/sleep/zsab100.",2021,0,"Sleep/REM",0,"21.72+-1.36, 21.55+-1.57",0,40,0,"EEG",17,"na","na","4096","512","standard19","F7, F3, Fz, F4, F8, T3, C3, Cz, C4, T4, T5, P3, Pz, P4, T6, O1, O2","12.6","2","Unclassified","Left chest, Right chest","unknown","4096","unknown","unknown","unknown","Semi-automatic","unknown","HEPLAB","Linked mastoids","unknown","0.5","35",1,0,"Eye movements","","","","","","All","na",1,2,"unknown","Secondary","R-peak","350","650","-200","-50","Group/Condition Differences","Amplitude",0,0,"t-test",1,"5000","0","","","","","ECG, HR, SDNN, Surrogate heartbeats",""
33870427,"10.1093/sleep/zsab100",,"","Cortical monitoring of cardiac activity during rapid eye movement sleep: the heartbeat evoked potential in phasic and tonic rapid-eye-movement microstates","Simor P, Bogdány T, Bódizs R, Perakakis P.","Sleep. 2021 Sep 13;44(9):zsab100. doi: 10.1093/sleep/zsab100.",2021,0,"Sleep/REM",0,"21.72+-1.36, 21.55+-1.57",0,20,0,"EEG",17,"na","na","4096","512","standard19","F7, F3, Fz, F4, F8, T3, C3, Cz, C4, T4, T5, P3, Pz, P4, T6, O1, O2","6","2","Unclassified","Left chest, Right chest","unknown","4096","unknown","unknown","unknown","Semi-automatic","unknown","HEPLAB","Linked mastoids","unknown","0.5","35",1,0,"Eye movements","","","","","","All","na",1,3,"unknown","Primary","R-peak","350","650","-200","-50","Group/Condition Differences","Amplitude",0,0,"t-test",1,"5000","1","unknown","R-peak","349.8","649.6","ECG",""
33870427,"10.1093/sleep/zsab100",,"","Cortical monitoring of cardiac activity during rapid eye movement sleep: the heartbeat evoked potential in phasic and tonic rapid-eye-movement microstates","Simor P, Bogdány T, Bódizs R, Perakakis P.","Sleep. 2021 Sep 13;44(9):zsab100. doi: 10.1093/sleep/zsab100.",2021,0,"Sleep/REM",0,"21.72+-1.36, 21.55+-1.57",0,20,0,"EEG",17,"na","na","4096","512","standard19","F7, F3, Fz, F4, F8, T3, C3, Cz, C4, T4, T5, P3, Pz, P4, T6, O1, O2","6","2","Unclassified","Left chest, Right chest","unknown","4096","unknown","unknown","unknown","Semi-automatic","unknown","HEPLAB","Linked mastoids","unknown","0.5","35",1,0,"Eye movements","","","","","","All","na",1,3,"unknown","Primary","R-peak","350","650","-200","-50","Group/Condition Differences","Amplitude",0,0,"t-test",1,"5000","1","unknown","R-peak","349.8","471.9","ECG",""
33870427,"10.1093/sleep/zsab100",,"","Cortical monitoring of cardiac activity during rapid eye movement sleep: the heartbeat evoked potential in phasic and tonic rapid-eye-movement microstates","Simor P, Bogdány T, Bódizs R, Perakakis P.","Sleep. 2021 Sep 13;44(9):zsab100. doi: 10.1093/sleep/zsab100.",2021,0,"Sleep/REM",0,"21.72+-1.36, 21.55+-1.57",0,20,0,"EEG",17,"na","na","4096","512","standard19","F7, F3, Fz, F4, F8, T3, C3, Cz, C4, T4, T5, P3, Pz, P4, T6, O1, O2","6","2","Unclassified","Left chest, Right chest","unknown","4096","unknown","unknown","unknown","Semi-automatic","unknown","HEPLAB","Linked mastoids","unknown","0.5","35",1,0,"Eye movements","","","","","","All","na",1,3,"unknown","Primary","R-peak","350","650","-200","-50","Group/Condition Differences","Amplitude",0,0,"t-test",1,"5000","1","unknown","R-peak","358.6","647.7","ECG",""
33870427,"10.1093/sleep/zsab100",,"","Cortical monitoring of cardiac activity during rapid eye movement sleep: the heartbeat evoked potential in phasic and tonic rapid-eye-movement microstates","Simor P, Bogdány T, Bódizs R, Perakakis P.","Sleep. 2021 Sep 13;44(9):zsab100. doi: 10.1093/sleep/zsab100.",2021,0,"Sleep/REM",0,"21.72+-1.36, 21.55+-1.57",0,20,0,"EEG",17,"na","na","4096","512","standard19","F7, F3, Fz, F4, F8, T3, C3, Cz, C4, T4, T5, P3, Pz, P4, T6, O1, O2","6","2","Unclassified","Left chest, Right chest","unknown","4096","unknown","unknown","unknown","Semi-automatic","unknown","HEPLAB","Linked mastoids","unknown","0.5","35",1,0,"Eye movements","","","","","","All","na",1,2,"unknown","Primary","R-peak","350","650","-200","-50","Group/Condition Differences","Amplitude",0,0,"t-test",1,"5000","1","unknown","R-peak","417.2","438.4","ECG",""
33837866,"10.1007/s10396-021-01085-3",0,"Not Related to HER","Acoustic radiation force impulse under clinical conditions with single infusion of ultrasound contrast agent evoking arrhythmias in rabbit heart","Rifu K, Sasanuma H, Takayama N, Nitta N, Ogata Y, Akiyama I, Taniguchi N.","J Med Ultrason (2001). 2021 Apr;48(2):137-144. doi: 10.1007/s10396-021-01085-3. Epub 2021 Apr 10.",2021,,"",,"",,,,"",,"","","","","","","","","","","","","","","","","","","","","","",,,"","","","","","","","",,,"","","","","","","","","",,,"",,"","","","","","","",""
33833671,"10.3389/fnhum.2021.630813",0,"Not Related to HER","Increase in Beta Power Reflects Attentional Top-Down Modulation After Psychosocial Stress Induction","Palacios-García I, Silva J, Villena-González M, Campos-Arteaga G, Artigas-Vergara C, Luarte N, Rodríguez E, Bosman CA.","Front Hum Neurosci. 2021 Mar 23;15:630813. doi: 10.3389/fnhum.2021.630813. eCollection 2021.",2021,,"",,"",,,,"",,"","","","","","","","","","","","","","","","","","","","","","",,,"","","","","","","","",,,"","","","","","","","","",,,"",,"","","","","","","",""
33827935,"10.1523/JNEUROSCI.2578-20.2021",1,"Consider","Interoception Primes Emotional Processing: Multimodal Evidence from Neurodegeneration","Salamone PC, Legaz A, Sedeño L, Moguilner S, Fraile-Vazquez M, Campo CG, Fittipaldi S, Yoris A, Miranda M, Birba A, Galiani A, Abrevaya S, Neely A, Caro MM, Alifano F, Villagra R, Anunziata F, Okada de Oliveira M, Pautassi RM, Slachevsky A, Serrano C, García AM, Ibañez A.","J Neurosci. 2021 May 12;41(19):4276-4292. doi: 10.1523/JNEUROSCI.2578-20.2021. Epub 2021 Apr 7.",2021,0,"Patients/Neurological/Neurodegenerative/Behavioral variant frontotemporal dementia, Patients/Neurological/Neurodegenerative/Alzheimer's disease, Patients/Neurological/Neurodegenerative/Parkinson's disease, Manipulation/Focus of attention, Perception/Exteroception/Visual/Emotion recognition, Perception/Interoception/Cardiac",1,"71.54+-6.02, 68.39+-10.77, 72.83+-7.00, 74.06+-5.33",1,100,0,"EEG",128,"na","na","1024","256","biosemi128","layout",,"unknown","unknown","unknown","unknown","unknown","unknown","unknown","unknown","Automatic","Derivative sign","Peakfinder","unknown","Common average","0.5","30",1,0,"Eye movements, Blinks","","","","limit analysis to time of minimal artifact","Noisy epochs","All","na",1,2,"unknown","Primary","R-peak","200","500","-300","0","Group/Condition Differences","Amplitude",0,0,"t-test",1,"5000","1","C31, C32, C28, C27, C18, C19, C15, C14, C9, C10, C20","R-peak","230","320","Gender, Age, Education",""
33819501,"10.1016/j.resuscitation.2021.03.028",0,"Not Related to HER","SSEP amplitude accurately predicts both good and poor neurological outcome early after cardiac arrest; a post-hoc analysis of the ProNeCA multicentre study","Scarpino M, Lolli F, Lanzo G, Carrai R, Spalletti M, Valzania F, Lombardi M, Audenino D, Contardi S, Celani MG, Marrelli A, Mecarelli O, Minardi C, Minicucci F, Politini L, Vitelli E, Peris A, Amantini A, Grippo A, Sandroni C; ProNeCA study group.","Resuscitation. 2021 Jun;163:162-171. doi: 10.1016/j.resuscitation.2021.03.028. Epub 2021 Apr 2.",2021,,"",,"",,,,"",,"","","","","","","","","","","","","","","","","","","","","","",,,"","","","","","","","",,,"","","","","","","","","",,,"",,"","","","","","","",""
33758019,"10.1523/JNEUROSCI.1740-20.2021",1,"Consider","Neural Responses to Heartbeats Detect Residual Signs of Consciousness during Resting State in Postcomatose Patients","Candia-Rivera D, Annen J, Gosseries O, Martial C, Thibaut A, Laureys S, Tallon-Baudry C.","J Neurosci. 2021 Jun 16;41(24):5251-5262. doi: 10.1523/JNEUROSCI.1740-20.2021. Epub 2021 Mar 23.",2021,0,"Patients/Disorders of consciousness/Minimally conscious state (MCS), Patients/Disorders of consciousness/Unresponsive wakefulness syndrome (UWS)",1,"18-73",1,68,1,"EEG",256,"na","na","250","250","GSN-HydroCel-257","layout","5","0","none","none","none","none","250","1","25","Semi-automatic","Template matching","unknown","unknown","Common average","1","25",1,0,"CFA","","Manual","Time course, topography","RR at least 500 ms","smoothing with a moving average kernel, noisy epochs, bad channels","Fp1, Fpz, Fp2, AF7, AF3, AFz, AF4, AF8, F7, F5, F3, F1, Fz, F2, F4, F6, F8, FT7, FC5, FC3, FC1, FCz, FC2, FC4, FC6, FT8, T7, C5, C3, C1, Cz, C2, C4, C6, T8, TP7, CP5, CP3, CP1, CPz, CP2, CP4, CP6, TP8, P7, P5, P3, P1, Pz, P2, P4, P6, P8, PO7, PO3, POz, PO4, PO8, O1, Oz, O2, Iz","na",2,1,"[est350]","Primary","R-peak","0","500","unknown","unknown","Group/Condition Differences","Amplitude",1,1,"Classification",0,"1000","none","","","","","","est number of trials = 5 min / mean IBI of 850 ms across groups"
33758019,"10.1523/JNEUROSCI.1740-20.2021",,"","Neural Responses to Heartbeats Detect Residual Signs of Consciousness during Resting State in Postcomatose Patients","Candia-Rivera D, Annen J, Gosseries O, Martial C, Thibaut A, Laureys S, Tallon-Baudry C.","J Neurosci. 2021 Jun 16;41(24):5251-5262. doi: 10.1523/JNEUROSCI.1740-20.2021. Epub 2021 Mar 23.",2021,0,"Patients/Disorders of consciousness/Minimally conscious state (MCS), Patients/Disorders of consciousness/Unresponsive wakefulness syndrome (UWS)",1,"18-73",1,68,1,"EEG",256,"na","na","250","250","GSN-HydroCel-257","layout","5","0","none","none","none","none","250","1","25","Semi-automatic","Template matching","unknown","unknown","Common average","1","25",1,0,"CFA","","Manual","Time course, topography","RR at least 500 ms","smoothing with a moving average kernel, noisy epochs, bad channels","Fp1, Fpz, Fp2, AF7, AF3, AFz, AF4, AF8, F7, F5, F3, F1, Fz, F2, F4, F6, F8, FT7, FC5, FC3, FC1, FCz, FC2, FC4, FC6, FT8, T7, C5, C3, C1, Cz, C2, C4, C6, T8, TP7, CP5, CP3, CP1, CPz, CP2, CP4, CP6, TP8, P7, P5, P3, P1, Pz, P2, P4, P6, P8, PO7, PO3, POz, PO4, PO8, O1, Oz, O2, Iz","na",2,1,"[est350]","Secondary","R-peak","200","400","unknown","unknown","Group/Condition Differences","Amplitude",0,0,"Classification",0,"1000","none","","","","","ECG, Surrogate heartbeats, RR, SDRR, RMSSD, VLF, LF, HF, LF/HF",""
33758019,"10.1523/JNEUROSCI.1740-20.2021",,"","Neural Responses to Heartbeats Detect Residual Signs of Consciousness during Resting State in Postcomatose Patients","Candia-Rivera D, Annen J, Gosseries O, Martial C, Thibaut A, Laureys S, Tallon-Baudry C.","J Neurosci. 2021 Jun 16;41(24):5251-5262. doi: 10.1523/JNEUROSCI.1740-20.2021. Epub 2021 Mar 23.",2021,0,"Patients/Disorders of consciousness/Minimally conscious state (MCS), Patients/Disorders of consciousness/Unresponsive wakefulness syndrome (UWS)",1,"18-73",1,68,1,"EEG",256,"na","na","250","250","GSN-HydroCel-257","layout","5","0","none","none","none","none","250","1","25","Semi-automatic","Template matching","unknown","unknown","Common average","1","25",1,0,"CFA","","Manual","Time course, topography","RR at least 500 ms","smoothing with a moving average kernel, noisy epochs, bad channels","Fp1, Fpz, Fp2, AF7, AF3, AFz, AF4, AF8, F7, F5, F3, F1, Fz, F2, F4, F6, F8, FT7, FC5, FC3, FC1, FCz, FC2, FC4, FC6, FT8, T7, C5, C3, C1, Cz, C2, C4, C6, T8, TP7, CP5, CP3, CP1, CPz, CP2, CP4, CP6, TP8, P7, P5, P3, P1, Pz, P2, P4, P6, P8, PO7, PO3, POz, PO4, PO8, O1, Oz, O2, Iz","na",2,1,"[est350]","Secondary","R-peak","200","400","unknown","unknown","Group/Condition Differences","Variance",0,0,"Classification",0,"1000","none","","","","","ECG, Surrogate heartbeats, RR, SDRR, RMSSD, VLF, LF, HF, LF/HF",""
33705927,"10.1016/j.neulet.2021.135791",0,"Not Related to HER","Verification of fetal evoked response by magnetic dipole fitting","Bisgin N, Wilson JD, Eswaran H.","Neurosci Lett. 2021 Apr 17;750:135791. doi: 10.1016/j.neulet.2021.135791. Epub 2021 Mar 8.",2021,,"",,"",,,,"",,"","","","","","","","","","","","","","","","","","","","","","",,,"","","","","","","","",,,"","","","","","","","","",,,"",,"","","","","","","",""
33686522,"10.1007/s00701-021-04778-3",0,"Review","The perspectives of mapping and monitoring of the sense of self in neurosurgical patients","Schaller K, Iannotti GR, Orepic P, Betka S, Haemmerli J, Boex C, Alcoba-Banqueri S, Garin DFA, Herbelin B, Park HD, Michel CM, Blanke O.","Acta Neurochir (Wien). 2021 May;163(5):1213-1226. doi: 10.1007/s00701-021-04778-3. Epub 2021 Mar 8.",2021,,"",,"",,,,"",,"","","","","","","","","","","","","","","","","","","","","","",,,"","","","","","","","",,,"","","","","","","","","",,,"",,"","","","","","","",""
33624899,"10.1113/EP089125",0,"Not Related to HER","Multivariate analysis of the systemic response to auditory stimulation: An integrative approach","Muñoz-Caracuel M, Muñoz V, Ruíz-Martínez FJ, Di Domenico D, Brigadoi S, Gómez CM.","Exp Physiol. 2021 Apr;106(4):1072-1098. doi: 10.1113/EP089125. Epub 2021 Mar 10.",2021,,"",,"",,,,"",,"","","","","","","","","","","","","","","","","","","","","","",,,"","","","","","","","",,,"","","","","","","","","",,,"",,"","","","","","","",""
33508410,"10.1016/j.jneumeth.2021.109087",0,"Not Related to HER","Test-retest reliability of paired pulse suppression paradigm using auditory change-related response","Takeuchi N, Fujita K, Kinukawa T, Sugiyama S, Kanemoto K, Nishihara M, Inui K.","J Neurosci Methods. 2021 Mar 15;352:109087. doi: 10.1016/j.jneumeth.2021.109087. Epub 2021 Jan 27.",2021,,"",,"",,,,"",,"","","","","","","","","","","","","","","","","","","","","","",,,"","","","","","","","",,,"","","","","","","","","",,,"",,"","","","","","","",""
33504952,"10.1038/s41380-021-01029-w",0,"Review","Out-of-step: brain-heart desynchronization in anxiety disorders","Tumati S, Paulus MP, Northoff G.","Mol Psychiatry. 2021 Jun;26(6):1726-1737. doi: 10.1038/s41380-021-01029-w. Epub 2021 Jan 27.",2021,,"",,"",,,,"",,"","","","","","","","","","","","","","","","","","","","","","",,,"","","","","","","","",,,"","","","","","","","","",,,"",,"","","","","","","",""
33482998,"10.1016/j.brainres.2020.147203",0,"Not Related to HER","Modulation of attention and stress with arousal: The mental and physical effects of riding a motorcycle","Vaughn DA, Maggiora MB, Vaughn KJ, Maggiora CJ, Tavakoli AV, Liang W, Zava D, Cohen MS, Lenartowicz A.","Brain Res. 2021 Feb 1;1752:147203. doi: 10.1016/j.brainres.2020.147203. Epub 2021 Jan 19.",2021,,"",,"",,,,"",,"","","","","","","","","","","","","","","","","","","","","","",,,"","","","","","","","",,,"","","","","","","","","",,,"",,"","","","","","","",""
33450331,"10.1016/j.neubiorev.2020.12.012",0,"Review","Systematic review and meta-analysis of the relationship between the heartbeat-evoked potential and interoception","Coll MP, Hobson H, Bird G, Murphy J.","Neurosci Biobehav Rev. 2021 Mar;122:190-200. doi: 10.1016/j.neubiorev.2020.12.012. Epub 2021 Jan 13.",2021,,"",,"",,,,"",,"","","","","","","","","","","","","","","","","","","","","","",,,"","","","","","","","",,,"","","","","","","","","",,,"",,"","","","","","","",""
33450326,"10.1016/j.biopsycho.2021.108017",1,"Consider","Time is body: Multimodal evidence of crosstalk between interoception and time estimation","Richter F, Ibáñez A.","Biol Psychol. 2021 Feb;159:108017. doi: 10.1016/j.biopsycho.2021.108017. Epub 2021 Jan 12.",2021,0,"Perception/Interoception/Cardiac, Perception/Abstract/Time perception, Perception/Exteroception/Auditory/Heartbeat sounds, Manipulation/Focus of attention",0,"25.35+-5.14",1,54,0,"EEG",128,"na","na","1024","256","biosemi128","layout",,"2","Lead II","Left abdomen, Right clavicle","unknown","1024","256","0.5","50","Automatic","Derivative sign","Peakfinder","Linked mastoids","Common average","0.5","50",1,0,"Eye movements, CFA","","Manual","unknown","limit analysis to time of minimal artifact","Noisy epochs","C3, C4, C5, C6, C7, C9, C10, C11, C12, C13, C14, C15, C18, C19, C20, C21, C22, C23, C24, C25, C26, C27, C28, C31, C32, D3, D4, D5, D6, D7","na",2,1,"unknown","Primary","R-peak","200","500","-200","0","Group/Condition Differences","Amplitude",0,0,"t-test",1,"5000","1","C3, C4, C5, C6, C7, C9, C10, C11, C12, C13, C14, C15, C18, C19, C20, C21, C22, C23, C24, C25, C26, C27, C28, C31, C32, D3, D4, D5, D6, D7","R-peak","182","222","HR",""
33450326,"10.1016/j.biopsycho.2021.108017",,"","Time is body: Multimodal evidence of crosstalk between interoception and time estimation","Richter F, Ibáñez A.","Biol Psychol. 2021 Feb;159:108017. doi: 10.1016/j.biopsycho.2021.108017. Epub 2021 Jan 12.",2021,0,"Perception/Interoception/Cardiac, Perception/Abstract/Time perception, Perception/Exteroception/Auditory/Heartbeat sounds, Manipulation/Focus of attention",0,"25.35+-5.14",1,54,0,"EEG",128,"na","na","1024","256","biosemi128","layout",,"2","Lead II","Left abdomen, Right clavicle","unknown","1024","256","0.5","50","Automatic","Derivative sign","Peakfinder","Linked mastoids","Common average","0.5","50",1,0,"Eye movements, CFA","","Manual","unknown","limit analysis to time of minimal artifact","Noisy epochs","C3, C4, C5, C6, C7, C9, C10, C11, C12, C13, C14, C15, C18, C19, C20, C21, C22, C23, C24, C25, C26, C27, C28, C31, C32, D3, D4, D5, D6, D7","na",2,1,"unknown","Primary","R-peak","200","500","-200","0","Group/Condition Differences","Amplitude",0,0,"t-test",1,"5000","1","C3, C4, C5, C6, C7, C9, C10, C11, C12, C13, C14, C15, C18, C19, C20, C21, C22, C23, C24, C25, C26, C27, C28, C31, C32, D3, D4, D5, D6, D7","R-peak","152","238","HR",""
33450326,"10.1016/j.biopsycho.2021.108017",,"","Time is body: Multimodal evidence of crosstalk between interoception and time estimation","Richter F, Ibáñez A.","Biol Psychol. 2021 Feb;159:108017. doi: 10.1016/j.biopsycho.2021.108017. Epub 2021 Jan 12.",2021,0,"Perception/Interoception/Cardiac, Perception/Abstract/Time perception, Perception/Exteroception/Auditory/Heartbeat sounds, Manipulation/Focus of attention",0,"25.35+-5.14",1,54,0,"EEG",128,"na","na","1024","256","biosemi128","layout",,"2","Lead II","Left abdomen, Right clavicle","unknown","1024","256","0.5","50","Automatic","Derivative sign","Peakfinder","Linked mastoids","Common average","0.5","50",1,0,"Eye movements, CFA","","Manual","unknown","limit analysis to time of minimal artifact","Noisy epochs","C3, C4, C5, C6, C7, C9, C10, C11, C12, C13, C14, C15, C18, C19, C20, C21, C22, C23, C24, C25, C26, C27, C28, C31, C32, D3, D4, D5, D6, D7","na",1,1,"unknown","Primary","R-peak","200","500","-200","0","Correlation","Amplitude",1,1,"Regression",0,"","1","","","","","HR",""
33450326,"10.1016/j.biopsycho.2021.108017",,"","Time is body: Multimodal evidence of crosstalk between interoception and time estimation","Richter F, Ibáñez A.","Biol Psychol. 2021 Feb;159:108017. doi: 10.1016/j.biopsycho.2021.108017. Epub 2021 Jan 12.",2021,0,"Perception/Interoception/Cardiac, Perception/Abstract/Time perception, Perception/Exteroception/Auditory/Heartbeat sounds, Manipulation/Focus of attention",0,"25.35+-5.14",1,54,0,"EEG",128,"na","na","1024","256","biosemi128","layout",,"2","Lead II","Left abdomen, Right clavicle","unknown","1024","256","0.5","50","Automatic","Derivative sign","Peakfinder","Linked mastoids","Common average","0.5","50",1,0,"Eye movements, CFA","","Manual","unknown","limit analysis to time of minimal artifact","Noisy epochs","C3, C4, C5, C6, C7, C9, C10, C11, C12, C13, C14, C15, C18, C19, C20, C21, C22, C23, C24, C25, C26, C27, C28, C31, C32, D3, D4, D5, D6, D7","na",1,1,"unknown","Primary","R-peak","200","500","-200","0","Correlation","Amplitude",1,1,"Regression",0,"","0","","","","","HR",""
33406407,"10.1016/j.brainres.2020.147238",1,"Consider","Older adults show a higher heartbeat-evoked potential than young adults and a negative association with everyday metacognition","Kamp SM, Schulz A, Forester G, Domes G.","Brain Res. 2021 Feb 1;1752:147238. doi: 10.1016/j.brainres.2020.147238. Epub 2021 Jan 3.",2021,0,"Aging, Cognitive processes/Metacognition",0,"20-36, 63-82",0,77,1,"EEG",32,"na","na","500","unknown","standard32","Fp1, Fp2, F7, F3, Fz, F4, F8, T7, C3, Cz, C4, T8, P7, P3, Pz, P4, P8, O1, O2, Fpz, FT9, FC5, FC1, FCz, FC2, FC6, FT10, TP9, CP5, CP1, CP2, CP6, TP10, Oz","3","2","Lead II","Right wrist, Left abdomen","AFz","500","unknown","unknown","unknown","Semi-automatic","unknown","BrainVision Analyzer","FCz","Linked mastoids","0.1","35",1,0,"Eye movements, Blinks","","","","limit analysis to time of minimal artifact","Noisy epochs","All except TP9, TP10","na",2,1,"[est149]","Primary","R-peak","455","595","-300","0","Group/Condition Differences","Amplitude",0,1,"ANOVA",0,"","1","","","","","ECG","est number of trials = 3 min * 60 bpm * (1-0.174 rejection rate)"
33406407,"10.1016/j.brainres.2020.147238",,"","Older adults show a higher heartbeat-evoked potential than young adults and a negative association with everyday metacognition","Kamp SM, Schulz A, Forester G, Domes G.","Brain Res. 2021 Feb 1;1752:147238. doi: 10.1016/j.brainres.2020.147238. Epub 2021 Jan 3.",2021,0,"Aging, Cognitive processes/Metacognition",0,"20-36, 63-82",0,77,1,"EEG",32,"na","na","500","unknown","standard32","Fp1, Fp2, F7, F3, Fz, F4, F8, T7, C3, Cz, C4, T8, P7, P3, Pz, P4, P8, O1, O2, Fpz, FT9, FC5, FC1, FCz, FC2, FC6, FT10, TP9, CP5, CP1, CP2, CP6, TP10, Oz","3","2","Lead II","Right wrist, Left abdomen","AFz","500","unknown","unknown","unknown","Semi-automatic","unknown","BrainVision Analyzer","FCz","Linked mastoids","0.1","35",1,0,"Eye movements, Blinks","","","","","Noisy epochs","All except TP9, TP10","na",2,1,"[est149]","Primary","R-peak","180","320","-300","0","Group/Condition Differences","Amplitude",0,1,"ANOVA",0,"","0","","","","","ECG",""
33406407,"10.1016/j.brainres.2020.147238",,"","Older adults show a higher heartbeat-evoked potential than young adults and a negative association with everyday metacognition","Kamp SM, Schulz A, Forester G, Domes G.","Brain Res. 2021 Feb 1;1752:147238. doi: 10.1016/j.brainres.2020.147238. Epub 2021 Jan 3.",2021,0,"Aging, Cognitive processes/Metacognition",0,"20-36, 63-82",0,77,1,"EEG",32,"na","na","500","unknown","standard32","Fp1, Fp2, F7, F3, Fz, F4, F8, T7, C3, Cz, C4, T8, P7, P3, Pz, P4, P8, O1, O2, Fpz, FT9, FC5, FC1, FCz, FC2, FC6, FT10, TP9, CP5, CP1, CP2, CP6, TP10, Oz","3","2","Lead II","Right wrist, Left abdomen","AFz","500","unknown","unknown","unknown","Semi-automatic","unknown","BrainVision Analyzer","FCz","Linked mastoids","0.1","35",1,0,"Eye movements, Blinks","","","","","Noisy epochs","All except TP9, TP10","na",2,1,"[est149]","Primary","R-peak","730","870","-300","0","Group/Condition Differences","Amplitude",0,1,"ANOVA",0,"","0","","","","","ECG",""
33406407,"10.1016/j.brainres.2020.147238",,"","Older adults show a higher heartbeat-evoked potential than young adults and a negative association with everyday metacognition","Kamp SM, Schulz A, Forester G, Domes G.","Brain Res. 2021 Feb 1;1752:147238. doi: 10.1016/j.brainres.2020.147238. Epub 2021 Jan 3.",2021,0,"Aging, Cognitive processes/Metacognition",0,"20-36, 63-82",0,77,1,"EEG",32,"na","na","500","unknown","standard32","Fp1, Fp2, F7, F3, Fz, F4, F8, T7, C3, Cz, C4, T8, P7, P3, Pz, P4, P8, O1, O2, Fpz, FT9, FC5, FC1, FCz, FC2, FC6, FT10, TP9, CP5, CP1, CP2, CP6, TP10, Oz","3","2","Lead II","Right wrist, Left abdomen","AFz","500","unknown","unknown","unknown","Semi-automatic","unknown","BrainVision Analyzer","FCz","Linked mastoids","0.1","35",1,0,"Eye movements, Blinks","","","","limit analysis to time of minimal artifact","Noisy epochs","FCz, Cz, Pz","na",2,1,"[est149]","Primary","R-peak","455","595","-300","0","Group/Condition Differences","Amplitude",0,1,"t-test",0,"","1","","","","","",""
33406407,"10.1016/j.brainres.2020.147238",,"","Older adults show a higher heartbeat-evoked potential than young adults and a negative association with everyday metacognition","Kamp SM, Schulz A, Forester G, Domes G.","Brain Res. 2021 Feb 1;1752:147238. doi: 10.1016/j.brainres.2020.147238. Epub 2021 Jan 3.",2021,0,"Aging, Cognitive processes/Metacognition",0,"20-36",0,28,1,"EEG",32,"na","na","500","unknown","standard32","Fp1, Fp2, F7, F3, Fz, F4, F8, T7, C3, Cz, C4, T8, P7, P3, Pz, P4, P8, O1, O2, Fpz, FT9, FC5, FC1, FCz, FC2, FC6, FT10, TP9, CP5, CP1, CP2, CP6, TP10, Oz","3","2","Lead II","Right wrist, Left abdomen","AFz","500","unknown","unknown","unknown","Semi-automatic","unknown","BrainVision Analyzer","FCz","Linked mastoids","0.1","35",1,0,"Eye movements, Blinks","","","","limit analysis to time of minimal artifact","Noisy epochs","FCz, Cz, Pz","na",1,1,"[est149]","Primary","R-peak","455","595","-300","0","Correlation","Amplitude",1,1,"Correlation",0,"","1","","","","","",""
33406407,"10.1016/j.brainres.2020.147238",,"","Older adults show a higher heartbeat-evoked potential than young adults and a negative association with everyday metacognition","Kamp SM, Schulz A, Forester G, Domes G.","Brain Res. 2021 Feb 1;1752:147238. doi: 10.1016/j.brainres.2020.147238. Epub 2021 Jan 3.",2021,0,"Aging, Cognitive processes/Metacognition",0,"63-82",0,49,1,"EEG",32,"na","na","500","unknown","standard32","Fp1, Fp2, F7, F3, Fz, F4, F8, T7, C3, Cz, C4, T8, P7, P3, Pz, P4, P8, O1, O2, Fpz, FT9, FC5, FC1, FCz, FC2, FC6, FT10, TP9, CP5, CP1, CP2, CP6, TP10, Oz","3","2","Lead II","Right wrist, Left abdomen","AFz","500","unknown","unknown","unknown","Semi-automatic","unknown","BrainVision Analyzer","FCz","Linked mastoids","0.1","35",1,0,"Eye movements, Blinks","","","","limit analysis to time of minimal artifact","Noisy epochs","FCz, Cz, Pz","na",1,1,"[est149]","Primary","R-peak","455","595","-300","0","Correlation","Amplitude",1,1,"Regression",0,"","1","","","","","HR, RMSSD, Depression, Age, Gender",""
33325575,"10.1002/hbm.25288",1,"Consider","Behavioral and neurophysiological signatures of interoceptive enhancements following vagus nerve stimulation","Richter F, García AM, Rodriguez Arriagada N, Yoris A, Birba A, Huepe D, Zimmer H, Ibáñez A, Sedeño L.","Hum Brain Mapp. 2021 Apr 1;42(5):1227-1242. doi: 10.1002/hbm.25288. Epub 2020 Dec 16.",2021,0,"Manipulation/Stimulation/Vagus nerve stimulation, Perception/Interoception/Cardiac",0,"26.34+-5.38, 25.79+-5.63",1,27,0,"EEG",128,"na","na","1024","256","biosemi128","layout",,"2","Lead II","Left abdomen, Right clavicle","unknown","1024","256","0.5","50","Automatic","Derivative sign","Peakfinder","Linked mastoids","Common average","0.5","50",1,0,"CFA, Eye movements","","Manual","unknown","","Noisy epochs","C3, C4, C5, C6, C7, C9, C10, C11, C12, C13, C14, C15, C18, C19, C20, C21, C22, C23, C24, C25, C26, C27, C28, C31, C32, D3, D4, D5, D6, D7","na",1,2,"192","Primary","R-peak","200","500","-200","0","Group/Condition Differences","Amplitude",1,0,"t-test",1,"5000","1","C11, C12, C18, C19, C20, C21, C22, C23, C24, C25, C26, C27, C28, C31, C32, D3, D4, D5, D6, D7","R-peak","303","499","",""
33325575,"10.1002/hbm.25288",,"","Behavioral and neurophysiological signatures of interoceptive enhancements following vagus nerve stimulation","Richter F, García AM, Rodriguez Arriagada N, Yoris A, Birba A, Huepe D, Zimmer H, Ibáñez A, Sedeño L.","Hum Brain Mapp. 2021 Apr 1;42(5):1227-1242. doi: 10.1002/hbm.25288. Epub 2020 Dec 16.",2021,0,"Manipulation/Stimulation/Vagus nerve stimulation, Perception/Interoception/Cardiac",0,"26.34+-5.38, 25.79+-5.63",1,28,0,"EEG",128,"na","na","1024","256","biosemi128","layout",,"2","Lead II","Left abdomen, Right clavicle","unknown","1024","256","0.5","50","Automatic","Derivative sign","Peakfinder","Linked mastoids","Common average","0.5","50",1,0,"CFA, Eye movements","","Manual","unknown","","Noisy epochs","C3, C4, C5, C6, C7, C9, C10, C11, C12, C13, C14, C15, C18, C19, C20, C21, C22, C23, C24, C25, C26, C27, C28, C31, C32, D3, D4, D5, D6, D7","na",1,2,"188","Primary","R-peak","200","500","-200","0","Group/Condition Differences","Amplitude",1,0,"t-test",1,"5000","1","C11, C12, C18, C19, C20, C21, C22, C23, C24, C25, C26, C27, C28, C31, C32, D3, D4, D5, D6, D7","R-peak","354","440","",""
33325575,"10.1002/hbm.25288",,"","Behavioral and neurophysiological signatures of interoceptive enhancements following vagus nerve stimulation","Richter F, García AM, Rodriguez Arriagada N, Yoris A, Birba A, Huepe D, Zimmer H, Ibáñez A, Sedeño L.","Hum Brain Mapp. 2021 Apr 1;42(5):1227-1242. doi: 10.1002/hbm.25288. Epub 2020 Dec 16.",2021,0,"Manipulation/Stimulation/Vagus nerve stimulation, Perception/Interoception/Cardiac",0,"26.34+-5.38, 25.79+-5.63",1,27,0,"EEG",128,"na","na","1024","256","biosemi128","layout",,"2","Lead II","Left abdomen, Right clavicle","unknown","1024","256","0.5","50","Automatic","Derivative sign","Peakfinder","Linked mastoids","Common average","0.5","50",1,0,"CFA, Eye movements","","Manual","unknown","","Noisy epochs","C3, C4, C5, C6, C7, C9, C10, C11, C12, C13, C14, C15, C18, C19, C20, C21, C22, C23, C24, C25, C26, C27, C28, C31, C32, D3, D4, D5, D6, D7","na",1,2,"209","Primary","R-peak","200","500","-200","0","Group/Condition Differences","Amplitude",1,0,"t-test",1,"5000","1","C11, C12, C18, C19, C20, C21, C22, C23, C24, C25, C26, C27, C28, C31, C32, D3, D4, D5, D6, D7","R-peak","249","499","",""
33325575,"10.1002/hbm.25288",,"","Behavioral and neurophysiological signatures of interoceptive enhancements following vagus nerve stimulation","Richter F, García AM, Rodriguez Arriagada N, Yoris A, Birba A, Huepe D, Zimmer H, Ibáñez A, Sedeño L.","Hum Brain Mapp. 2021 Apr 1;42(5):1227-1242. doi: 10.1002/hbm.25288. Epub 2020 Dec 16.",2021,0,"Manipulation/Stimulation/Vagus nerve stimulation, Perception/Interoception/Cardiac",0,"26.34+-5.38, 25.79+-5.63",1,28,0,"EEG",128,"na","na","1024","256","biosemi128","layout",,"2","Lead II","Left abdomen, Right clavicle","unknown","1024","256","0.5","50","Automatic","Derivative sign","Peakfinder","Linked mastoids","Common average","0.5","50",1,0,"CFA, Eye movements","","Manual","unknown","","Noisy epochs","C3, C4, C5, C6, C7, C9, C10, C11, C12, C13, C14, C15, C18, C19, C20, C21, C22, C23, C24, C25, C26, C27, C28, C31, C32, D3, D4, D5, D6, D7","na",1,2,"200","Primary","R-peak","200","500","-200","0","Group/Condition Differences","Amplitude",1,0,"t-test",1,"5000","1","C11, C12, C18, C19, C20, C21, C22, C23, C24, C25, C26, C27, C28, C31, C32, D3, D4, D5, D6, D7","R-peak","202","499","",""
33325575,"10.1002/hbm.25288",,"","Behavioral and neurophysiological signatures of interoceptive enhancements following vagus nerve stimulation","Richter F, García AM, Rodriguez Arriagada N, Yoris A, Birba A, Huepe D, Zimmer H, Ibáñez A, Sedeño L.","Hum Brain Mapp. 2021 Apr 1;42(5):1227-1242. doi: 10.1002/hbm.25288. Epub 2020 Dec 16.",2021,0,"Manipulation/Stimulation/Vagus nerve stimulation, Perception/Interoception/Cardiac",0,"26.34+-5.38, 25.79+-5.63",1,55,0,"EEG",128,"na","na","1024","256","biosemi128","layout",,"2","Lead II","Left abdomen, Right clavicle","unknown","1024","256","0.5","50","Automatic","Derivative sign","Peakfinder","Linked mastoids","Common average","0.5","50",1,0,"CFA, Eye movements","","Manual","unknown","","Noisy epochs","C3, C4, C5, C6, C7, C9, C10, C11, C12, C13, C14, C15, C18, C19, C20, C21, C22, C23, C24, C25, C26, C27, C28, C31, C32, D3, D4, D5, D6, D7","na",2,1,"188","Primary","R-peak","200","500","-200","0","Group/Condition Differences","Amplitude",1,0,"t-test",1,"5000","1","C11, C12, C18, C19, C20, C21, C22, C23, C24, C25, C26, C27, C28, C31, C32, D3, D4, D5, D6, D7","R-peak","397","467","",""
33325575,"10.1002/hbm.25288",,"","Behavioral and neurophysiological signatures of interoceptive enhancements following vagus nerve stimulation","Richter F, García AM, Rodriguez Arriagada N, Yoris A, Birba A, Huepe D, Zimmer H, Ibáñez A, Sedeño L.","Hum Brain Mapp. 2021 Apr 1;42(5):1227-1242. doi: 10.1002/hbm.25288. Epub 2020 Dec 16.",2021,0,"Manipulation/Stimulation/Vagus nerve stimulation, Perception/Interoception/Cardiac",0,"26.34+-5.38, 25.79+-5.63",1,55,0,"EEG",128,"na","na","1024","256","biosemi128","layout",,"2","Lead II","Left abdomen, Right clavicle","unknown","1024","256","0.5","50","Automatic","Derivative sign","Peakfinder","Linked mastoids","Common average","0.5","50",1,0,"CFA, Eye movements","","Manual","unknown","","Noisy epochs","C3, C4, C5, C6, C7, C9, C10, C11, C12, C13, C14, C15, C18, C19, C20, C21, C22, C23, C24, C25, C26, C27, C28, C31, C32, D3, D4, D5, D6, D7","na",2,1,"200","Primary","R-peak","200","500","-200","0","Group/Condition Differences","Amplitude",1,0,"t-test",1,"5000","1","C11, C12, C18, C19, C20, C21, C22, C23, C24, C25, C26, C27, C28, C31, C32, D3, D4, D5, D6, D7","R-peak","366","499","",""
33122158,"10.1016/j.dcn.2020.100871",0,"Not Related to HER","Magnetoencephalographic signatures of hierarchical rule learning in newborns","Moser J, Schleger F, Weiss M, Sippel K, Dehaene-Lambertz G, Preissl H.","Dev Cogn Neurosci. 2020 Dec;46:100871. doi: 10.1016/j.dcn.2020.100871. Epub 2020 Oct 10.",2020,,"",,"",,,,"",,"","","","","","","","","","","","","","","","","","","","","","",,,"","","","","","","","",,,"","","","","","","","","",,,"",,"","","","","","","",""
33101689,"10.1186/s40479-020-00139-1",1,"Consider","Altered interoception in patients with borderline personality disorder: a study using heartbeat-evoked potentials","Flasbeck V, Popkirov S, Ebert A, Brüne M.","Borderline Personal Disord Emot Dysregul. 2020 Oct 22;7:24. doi: 10.1186/s40479-020-00139-1. eCollection 2020.",2020,0,"Patients/Psychiatric/Borderline personality disorder",1,"31.2+-10.4, 27.4+-5.8",1,37,1,"EEG",32,"na","na","250","unknown","standard32","layout","8","2","Lead I","Right wrist, Left wrist","unknown","unknown","unknown","unknown","unknown","unknown","unknown","unknown","unknown","Linked mastoids","0.1","35",0,,"","","","","","Manual removal of artifacts, Gratton-Coles blink detection, Noisy epochs","F3, F4, F7, F8, Fz, Fp1, Fp2, C3, C4, Cz, FC1, FC2, CP1, CP2, P3, P4, Pz, P7, P8, O1, O2","na",2,1,"533.4+-90.2","Primary","R-peak","455","595","-200","0","Group/Condition Differences","Amplitude",1,1,"ANOVA, t-test",0,"","1","","","","","ECG",""
33101689,"10.1186/s40479-020-00139-1",,"","Altered interoception in patients with borderline personality disorder: a study using heartbeat-evoked potentials","Flasbeck V, Popkirov S, Ebert A, Brüne M.","Borderline Personal Disord Emot Dysregul. 2020 Oct 22;7:24. doi: 10.1186/s40479-020-00139-1. eCollection 2020.",2020,0,"Patients/Psychiatric/Borderline personality disorder",1,"31.2+-10.4, 27.4+-5.8",1,37,1,"EEG",32,"na","na","250","unknown","standard32","layout","8","2","Lead I","Right wrist, Left wrist","unknown","unknown","unknown","unknown","unknown","unknown","unknown","unknown","unknown","Linked mastoids","0.1","35",0,,"","","","","","Manual removal of artifacts, Gratton-Coles blink detection, Noisy epochs","F3, F4, F7, F8, Fz, Fp1, Fp2, C3, C4, Cz, FC1, FC2, CP1, CP2, P3, P4, Pz, P7, P8, O1, O2","na",2,1,"533.4+-90.2","Primary","R-peak","250","450","-200","0","Group/Condition Differences","Amplitude",1,1,"ANOVA, t-test",0,"","1","","","","","ECG",""
33101689,"10.1186/s40479-020-00139-1",,"","Altered interoception in patients with borderline personality disorder: a study using heartbeat-evoked potentials","Flasbeck V, Popkirov S, Ebert A, Brüne M.","Borderline Personal Disord Emot Dysregul. 2020 Oct 22;7:24. doi: 10.1186/s40479-020-00139-1. eCollection 2020.",2020,0,"Patients/Psychiatric/Borderline personality disorder",1,"31.2+-10.4, 27.4+-5.8",1,37,1,"EEG",32,"na","na","250","unknown","standard32","layout","8","2","Lead I","Right wrist, Left wrist","unknown","unknown","unknown","unknown","unknown","unknown","unknown","unknown","unknown","Linked mastoids","0.1","35",0,,"","","","","","Manual removal of artifacts, Gratton-Coles blink detection, Noisy epochs","F3, F4, F7, F8, Fz, Fp1, Fp2, C3, C4, Cz, FC1, FC2, CP1, CP2, P3, P4, Pz, P7, P8, O1, O2","na",2,1,"533.4+-90.2","Primary","R-peak","524","620","-200","0","Group/Condition Differences","Amplitude",1,1,"ANOVA, t-test",0,"","1","","","","","ECG",""
33101689,"10.1186/s40479-020-00139-1",,"","Altered interoception in patients with borderline personality disorder: a study using heartbeat-evoked potentials","Flasbeck V, Popkirov S, Ebert A, Brüne M.","Borderline Personal Disord Emot Dysregul. 2020 Oct 22;7:24. doi: 10.1186/s40479-020-00139-1. eCollection 2020.",2020,0,"Patients/Psychiatric/Borderline personality disorder",1,"31.2+-10.4, 27.4+-5.8",1,37,1,"EEG",32,"na","na","250","unknown","standard32","layout","8","2","Lead I","Right wrist, Left wrist","unknown","unknown","unknown","unknown","unknown","unknown","unknown","unknown","unknown","Linked mastoids","0.1","35",0,,"","","","","","Manual removal of artifacts, Gratton-Coles blink detection, Noisy epochs","C3, C4, Cz, FC1, FC2, CP1, CP2","na",1,1,"533.4+-90.2","Primary","R-peak","455","595","-200","0","Correlation","Amplitude",1,1,"ANOVA, t-test",0,"","1","","","","","ECG",""
33101689,"10.1186/s40479-020-00139-1",,"","Altered interoception in patients with borderline personality disorder: a study using heartbeat-evoked potentials","Flasbeck V, Popkirov S, Ebert A, Brüne M.","Borderline Personal Disord Emot Dysregul. 2020 Oct 22;7:24. doi: 10.1186/s40479-020-00139-1. eCollection 2020.",2020,0,"Patients/Psychiatric/Borderline personality disorder",1,"31.2+-10.4, 27.4+-5.8",1,18,1,"EEG",32,"na","na","250","unknown","standard32","layout","8","2","Lead I","Right wrist, Left wrist","unknown","unknown","unknown","unknown","unknown","unknown","unknown","unknown","unknown","Linked mastoids","0.1","35",0,,"","","","","","Manual removal of artifacts, Gratton-Coles blink detection, Noisy epochs","C3, C4, Cz, FC1, FC2, CP1, CP2","na",1,1,"533.4+-90.2","Primary","R-peak","455","595","-200","0","Correlation","Amplitude",1,1,"ANOVA, t-test",0,"","1","","","","","ECG",""
33018049,"10.1109/EMBC44109.2020.9175226",0,"Duplicate","Methodological Considerations on EEG Electrical Reference: A Functional Brain-Heart Interplay Study","Candia-Rivera D, Catrambone V, Valenza G.","Annu Int Conf IEEE Eng Med Biol Soc. 2020 Jul;2020:553-556. doi: 10.1109/EMBC44109.2020.9175226.",2020,,"",,"",,,,"",,"","","","","","","","","","","","","","","","","","","","","","",,,"","","","","","","","",,,"","","","","","","","","",,,"",,"","","","","","","",""
32965070,"10.1111/ejn.14979",1,"Consider","Heart-brain interactions during social and cognitive stress in hypertensive disease: A multidimensional approach","Legaz A, Yoris A, Sedeño L, Abrevaya S, Martorell M, Alifano F, García AM, Ibañez A.","Eur J Neurosci. 2022 May;55(9-10):2836-2850. doi: 10.1111/ejn.14979. Epub 2020 Dec 17.",2022,0,"Patients/Cardiovascular/Hypertension, Affective processes/Stress",1,"66.04+-7.29, 67.56+-9.34",1,52,0,"EEG",128,"na","na","1024","256","biosemi128","layout","15","unknown","unknown","unknown","unknown","1024","unknown","unknown","unknown","unknown","unknown","unknown","Linked mastoids","Common average","0.3","50",1,1,"Eye Movements, CFA, Muscle","","Manual","Topography","","Noisy Epochs","C1, C2, C3, C4, C5, C6, C7, C8, C9, C10, C11, C12, C13, C14, C15, C16, C17, C18, C19, C20, C21, C22, C23, C24, C25, C26, C27, C28, C29, C30, C31, C32, D1, D2, D3, D4, D5, D6, D7","na",2,1,"150.94+-55.11","Primary","R-peak","200","700","-200","0","Group/Condition Differences","Amplitude",0,0,"t-test",1,"5000","1","C1, C2, C3, C4, C5, C6, C7, C8, C9, C10, C11, C12, C13, C14, C15, C16, C17, C18, C19, C20, C21, C22, C23, C24, C25, C26, C27, C28, C29, C30, C31, C32, D1, D2, D3, D4, D5, D6, D7","R-peak","566","589","",""
32965070,"10.1111/ejn.14979",,"","Heart-brain interactions during social and cognitive stress in hypertensive disease: A multidimensional approach","Legaz A, Yoris A, Sedeño L, Abrevaya S, Martorell M, Alifano F, García AM, Ibañez A.","Eur J Neurosci. 2022 May;55(9-10):2836-2850. doi: 10.1111/ejn.14979. Epub 2020 Dec 17.",2022,0,"Patients/Cardiovascular/Hypertension, Affective processes/Stress",1,"66.04+-7.29, 67.56+-9.34",1,52,0,"EEG",128,"na","na","1024","256","biosemi128","layout","15","unknown","unknown","unknown","unknown","1024","unknown","unknown","unknown","unknown","unknown","unknown","Linked mastoids","Common average","0.3","50",1,1,"Eye Movements, CFA, Muscle","","Manual","Topography","","Noisy Epochs","C1, C2, C3, C4, C5, C6, C7, C8, C9, C10, C11, C12, C13, C14, C15, C16, C17, C18, C19, C20, C21, C22, C23, C24, C25, C26, C27, C28, C29, C30, C31, C32, D1, D2, D3, D4, D5, D6, D7","na",1,1,"150.94+-55.11","Secondary","R-peak","200","700","-200","0","Correlation","Amplitude",1,1,"Correlation",0,"","1","","","","","",""
32965070,"10.1111/ejn.14979",,"","Heart-brain interactions during social and cognitive stress in hypertensive disease: A multidimensional approach","Legaz A, Yoris A, Sedeño L, Abrevaya S, Martorell M, Alifano F, García AM, Ibañez A.","Eur J Neurosci. 2022 May;55(9-10):2836-2850. doi: 10.1111/ejn.14979. Epub 2020 Dec 17.",2022,0,"Patients/Cardiovascular/Hypertension, Affective processes/Stress",1,"66.04+-7.29, 67.56+-9.34",1,52,0,"EEG",128,"na","na","1024","256","biosemi128","layout","15","unknown","unknown","unknown","unknown","1024","unknown","unknown","unknown","unknown","unknown","unknown","Linked mastoids","Common average","0.3","50",1,1,"Eye Movements, CFA, Muscle","","Manual","Topography","","Noisy Epochs","C1, C2, C3, C4, C5, C6, C7, C8, C9, C10, C11, C12, C13","na",2,1,"150.94+-55.11","Secondary","R-peak","460","480","-200","0","Group/Condition Differences","Amplitude",1,1,"unknown",0,"","1","","","","","",""
32965070,"10.1111/ejn.14979",,"","Heart-brain interactions during social and cognitive stress in hypertensive disease: A multidimensional approach","Legaz A, Yoris A, Sedeño L, Abrevaya S, Martorell M, Alifano F, García AM, Ibañez A.","Eur J Neurosci. 2022 May;55(9-10):2836-2850. doi: 10.1111/ejn.14979. Epub 2020 Dec 17.",2022,0,"Patients/Cardiovascular/Hypertension, Affective processes/Stress",1,"66.04+-7.29, 67.56+-9.34",1,52,0,"EEG",128,"na","na","1024","256","biosemi128","layout","15","unknown","unknown","unknown","unknown","1024","unknown","unknown","unknown","unknown","unknown","unknown","Linked mastoids","Common average","0.3","50",1,1,"Eye Movements, CFA, Muscle","","Manual","Topography","","Noisy Epochs","C1, C2, C3, C4, C5, C6, C7, C8, C9, C10, C11, C12, C13","na",2,1,"150.94+-55.11","Secondary","R-peak","562","597","-200","0","Group/Condition Differences","Amplitude",1,1,"unknown",0,"","1","","","","","",""
32965070,"10.1111/ejn.14979",,"","Heart-brain interactions during social and cognitive stress in hypertensive disease: A multidimensional approach","Legaz A, Yoris A, Sedeño L, Abrevaya S, Martorell M, Alifano F, García AM, Ibañez A.","Eur J Neurosci. 2022 May;55(9-10):2836-2850. doi: 10.1111/ejn.14979. Epub 2020 Dec 17.",2022,0,"Patients/Cardiovascular/Hypertension, Affective processes/Stress",1,"66.04+-7.29, 67.56+-9.34",1,52,0,"EEG",128,"na","na","1024","256","biosemi128","layout","15","unknown","unknown","unknown","unknown","1024","unknown","unknown","unknown","unknown","unknown","unknown","Linked mastoids","Common average","0.3","50",1,1,"Eye Movements, CFA, Muscle","","Manual","Topography","","Noisy Epochs","C24, C25, C26, C30, C31, C32, D1, D2, D3, D4, D5, D6, D7","na",2,1,"150.94+-55.11","Secondary","R-peak","570","593","-200","0","Group/Condition Differences","Amplitude",1,1,"unknown",0,"","1","","","","","",""
32954340,"10.1093/braincomms/fcaa095",1,"Consider","Dynamic neurocognitive changes in interoception after heart transplant","Salamone PC, Sedeño L, Legaz A, Bekinschtein T, Martorell M, Adolfi F, Fraile-Vazquez M, Rodríguez Arriagada N, Favaloro L, Peradejordi M, Absi DO, García AM, Favaloro R, Ibáñez A.","Brain Commun. 2020 Jul 8;2(2):fcaa095. doi: 10.1093/braincomms/fcaa095. eCollection 2020.",2020,0,"Patients/Cardiovascular/Heart transplant, Perception/Interoception/Cardiac",1,"45.92+-15.93, 40.45+-18.2",1,43,0,"EEG",128,"na","na","1024","256","biosemi128","layout",,"unknown","unknown","unknown","unknown","unknown","unknown","unknown","unknown","Automatic","Derivative sign","Peakfinder","unknown","Common average","0.5","30",1,0,"Eye movements, Blinks","","","","limit analysis to time of minimal artifact","","C3, C4, C5, C10, C11, C12, C13, C14, C19, C20, C21, C22, C24, C25, C26, C27, C32, D3, D4, D5","na",2,1,"[est1050]","Primary","R-peak","200","550","-300","0","Group/Condition Differences","Amplitude",1,0,"unknown",0,"unknown","1","C3, C4, C5, C10, C11, C12, C13, C14, C19, C20, C21, C22, C24, C25, C26, C27, C32, D3, D4, D5","R-peak","260","500","Sex, Age, Education, BMI","est number of trials = 2.5 min length of block * 7 blocks in the task * 60 bpm"
32924586,"10.1177/1550059420958967",0,"Not Related to HER","Transcranial Direct Current Stimulation Combined With Cognitive Training Induces Response Inhibition Facilitation Through Distinct Neural Responses According to the Stimulation Site: A Follow-up Event-Related Potentials Study","Dousset C, Ingels A, Schröder E, Angioletti L, Balconi M, Kornreich C, Campanella S.","Clin EEG Neurosci. 2021 May;52(3):181-192. doi: 10.1177/1550059420958967. Epub 2020 Sep 14.",2021,,"",,"",,,,"",,"","","","","","","","","","","","","","","","","","","","","","",,,"","","","","","","","",,,"","","","","","","","","",,,"",,"","","","","","","",""
32866840,"10.1016/j.jpsychores.2020.110223",1,"Consider","Distinctive body perception mechanisms in high versus low symptom reporters: A neurophysiological model for medically-unexplained symptoms","Schulz A, Rost S, Flasinski T, Dierolf AM, Lutz APC, Münch EE, Mertens VC, Witthöft M, Vögele C.","J Psychosom Res. 2020 Aug 22;137:110223. doi: 10.1016/j.jpsychores.2020.110223. Online ahead of print.",2020,0,"Perception/Interoception/Cardiac, Patients/Medically-unexplained symptoms",0,"26.0+-6.8, 28.4+-9.7",1,58,0,"EEG",64,"na","na","1000","250","standard61","Fp1, Fp2, F7, F3, Fz, F4, F8, T7, C3, Cz, C4, T8, P7, P3, Pz, P4, P8, O1, O2, Fpz, FT9, FC5, FC1, FC2, FC6, FT10, TP9, CP5, CP1, CP2, CP6, TP10, Oz, AF7, AF3, AFz, AF4, AF8, F5, F1, F2, F6, FT7, FC3, FCz, FC4, FT8, C5, C1, C2, C6, TP7, CP3, CPz, CP4, TP8, P5, P1, P2, P6, PO9, PO7, PO3, POz, PO4, PO8, PO10",,"2","Lead II","Right wrist, Left leg","unknown","unknown","unknown","0.05","unknown","Semi-automatic","unknown","WinCPRS","FCz","Linked mastoids","0.1","35",0,,"","","","","limit analysis to time of minimal artifact","Noisy epochs, Gratton-Coles blink detection","Fp1, AF3, AF7, F1, F3, F5, F7, FT7, FT9, FC1, FC3, FC5, Fz, FCz, Fp2, AF4, AF8, F2, F4, F6, F8, FT8, FT10, FC2, FC4, FC6, C1, C3, C5, T7, Cz, C2, C4, C6, T8, CP1, CP3, CP5, P1, P3, P5, P7, PO3, PO7, PO9, O1, TP7, POz, Oz, CP2, CP3, CP6, P2, P4, P6, P8, PO4, PO8, PO10, TP8","na",2,2,"[est420]","Primary","R-peak","455","595","-200","0","Group/Condition Differences","Amplitude",1,1,"ANOVA",0,"","1","","","","","Respiration, HR, RMSSD, CAR, Anxiety, Depression","est number of trials = 7 min length of block * 60 bpm"
32866840,"10.1016/j.jpsychores.2020.110223",,"","Distinctive body perception mechanisms in high versus low symptom reporters: A neurophysiological model for medically-unexplained symptoms","Schulz A, Rost S, Flasinski T, Dierolf AM, Lutz APC, Münch EE, Mertens VC, Witthöft M, Vögele C.","J Psychosom Res. 2020 Aug 22;137:110223. doi: 10.1016/j.jpsychores.2020.110223. Online ahead of print.",2020,0,"Perception/Interoception/Cardiac, Patients/Medically-unexplained symptoms",0,"26.0+-6.8, 28.4+-9.7",1,58,0,"EEG",64,"na","na","1000","250","standard61","Fp1, Fp2, F7, F3, Fz, F4, F8, T7, C3, Cz, C4, T8, P7, P3, Pz, P4, P8, O1, O2, Fpz, FT9, FC5, FC1, FC2, FC6, FT10, TP9, CP5, CP1, CP2, CP6, TP10, Oz, AF7, AF3, AFz, AF4, AF8, F5, F1, F2, F6, FT7, FC3, FCz, FC4, FT8, C5, C1, C2, C6, TP7, CP3, CPz, CP4, TP8, P5, P1, P2, P6, PO9, PO7, PO3, POz, PO4, PO8, PO10",,"2","Lead II","Right wrist, Left leg","unknown","unknown","unknown","0.05","unknown","Semi-automatic","unknown","WinCPRS","FCz","Linked mastoids","0.1","35",0,,"","","","","limit analysis to time of minimal artifact","Noisy epochs, Gratton-Coles blink detection","Fp1, AF3, AF7, F1, F3, F5, F7, FT7, FT9, FC1, FC3, FC5, Fz, FCz, Fp2, AF4, AF8, F2, F4, F6, F8, FT8, FT10, FC2, FC4, FC6, C1, C3, C5, T7, Cz, C2, C4, C6, T8, CP1, CP3, CP5, P1, P3, P5, P7, PO3, PO7, PO9, O1, TP7, POz, Oz, CP2, CP3, CP6, P2, P4, P6, P8, PO4, PO8, PO10, TP8","na",1,1,"[est420]","Primary","R-peak","455","595","-200","0","Correlation","Amplitude",1,1,"Correlation",0,"","1","","","","","Respiration, HR, RMSSD, CAR, Anxiety, Depression","est number of trials = 7 min length of block * 60 bpm"
32846163,"10.1016/j.neubiorev.2020.08.011",0,"Review","Symptoms of depersonalisation/derealisation disorder as measured by brain electrical activity: A systematic review","Salami A, Andreu-Perez J, Gillmeister H.","Neurosci Biobehav Rev. 2020 Nov;118:524-537. doi: 10.1016/j.neubiorev.2020.08.011. Epub 2020 Aug 23.",2020,,"",,"",,,,"",,"","","","","","","","","","","","","","","","","","","","","","",,,"","","","","","","","",,,"","","","","","","","","",,,"",,"","","","","","","",""
32792994,"10.3389/fpsyt.2020.00683",1,"Consider","Alterations of Heartbeat Evoked Magnetic Fields Induced by Sounds of Disgust","Kato Y, Takei Y, Umeda S, Mimura M, Fukuda M.","Front Psychiatry. 2020 Jul 22;11:683. doi: 10.3389/fpsyt.2020.00683. eCollection 2020.",2020,0,"Perception/Exteroception/Auditory/Sounds of disgust, Affective processes/Emotions",0,"39.3+-8.55",1,39,0,"MEG",306,"204","102","1000","unknown","Elekta","na","12","6","unknown","unknown","unknown","unknown","unknown","unknown","unknown","Automatic","unknown","MNE-Python","na","na","none","none",1,0,"Eye movements, Other","","","","","Noisy Epochs, signal space separation","na","All (source space)",1,1,"410","Primary","R-peak","-200","800","-200","0","Group/Condition Differences","Source Current Distribution",0,0,"unknown",0,"","unknown","","","","","",""
32792994,"10.3389/fpsyt.2020.00683",,"","Alterations of Heartbeat Evoked Magnetic Fields Induced by Sounds of Disgust","Kato Y, Takei Y, Umeda S, Mimura M, Fukuda M.","Front Psychiatry. 2020 Jul 22;11:683. doi: 10.3389/fpsyt.2020.00683. eCollection 2020.",2020,0,"Perception/Exteroception/Auditory/Sounds of disgust, Affective processes/Emotions",0,"39.3+-8.55",1,39,0,"MEG",306,"204","102","1000","unknown","Elekta","na","12","6","unknown","unknown","unknown","unknown","unknown","unknown","unknown","Automatic","unknown","MNE-Python","na","na","none","none",1,0,"Eye movements, Other","","","","","Noisy Epochs, signal space separation","na","All (source space)",1,2,"410","Primary","R-peak","-200","800","-200","0","Group/Condition Differences","Amplitude",0,0,"unknown",0,"","unknown","","","","","",""
32697776,"10.1371/journal.pone.0235310",0,"Not Related to HER","A pilot study: Auditory steady-state responses (ASSR) can be measured in human fetuses using fetal magnetoencephalography (fMEG)","Niepel D, Krishna B, Siegel ER, Draganova R, Preissl H, Govindan RB, Eswaran H.","PLoS One. 2020 Jul 22;15(7):e0235310. doi: 10.1371/journal.pone.0235310. eCollection 2020.",2020,,"",,"",,,,"",,"","","","","","","","","","","","","","","","","","","","","","",,,"","","","","","","","",,,"","","","","","","","","",,,"",,"","","","","","","",""
32676977,"10.1007/s40263-020-00738-0",0,"Not Related to HER","A Phase I, Randomized, Single‑Blind, Placebo‑Controlled, Single Ascending Dose Study of the Safety, Tolerability, and Pharmacokinetics of Subcutaneous and Oral TRV250, a G Protein-Selective Delta Receptor Agonist, in Healthy Subjects","Fossler MJ, Schmith V, Greene SA, Lohmer L, Kramer MS, Arscott K, James IE, Demitrack MA.","CNS Drugs. 2020 Aug;34(8):853-865. doi: 10.1007/s40263-020-00738-0.",2020,,"",,"",,,,"",,"","","","","","","","","","","","","","","","","","","","","","",,,"","","","","","","","",,,"","","","","","","","","",,,"",,"","","","","","","",""
32488680,"10.1007/s10877-020-00540-9",0,"Not Related to HER","Comparison of haemodynamic- and electroencephalographic-monitored effects evoked by four combinations of effect-site concentrations of propofol and remifentanil, yielding a predicted tolerance to laryngoscopy of 90","van den Berg JP, Absalom AR, Venema AM, Kalmar AF, Van Amsterdam K, Hannivoort LN, Proost JH, Meier S, Scheeren TWL, Struys MMRF, Vereecke HEM.","J Clin Monit Comput. 2021 Aug;35(4):815-825. doi: 10.1007/s10877-020-00540-9. Epub 2020 Jun 3.",2021,,"",,"",,,,"",,"","","","","","","","","","","","","","","","","","","","","","",,,"","","","","","","","",,,"","","","","","","","","",,,"",,"","","","","","","",""
32462407,"10.1007/s13311-020-00868-9",0,"Not Related to HER","Finding Suitable Clinical Endpoints for a Potential Treatment of a Rare Genetic Disease: the Case of ARID1B","Kruizinga MD, Zuiker RGJA, Sali E, de Kam ML, Doll RJ, Groeneveld GJ, Santen GWE, Cohen AF.","Neurotherapeutics. 2020 Jul;17(3):1300-1310. doi: 10.1007/s13311-020-00868-9.",2020,,"",,"",,,,"",,"","","","","","","","","","","","","","","","","","","","","","",,,"","","","","","","","",,,"","","","","","","","","",,,"",,"","","","","","","",""
32438047,"10.1016/j.neuroimage.2020.116902",1,"Consider","Behavioral and neurophysiological evidence for altered interoceptive bodily processing in chronic pain","Solcà M, Park HD, Bernasconi F, Blanke O.","Neuroimage. 2020 Aug 15;217:116902. doi: 10.1016/j.neuroimage.2020.116902. Epub 2020 May 11.",2020,0,"Patients/Neurological/Chronic pain, Perception/Interoception/Cardiac",1,"53.3+-12.0, 50.6+-11",1,30,1,"EEG",64,"na","na","2048","512","standard61","Fp1, Fp2, F7, F3, Fz, F4, F8, T7, C3, Cz, C4, T8, P7, P3, Pz, P4, P8, O1, O2, Fpz, FC5, FC1, FC2, FC6, CP5, CP1, CP2, CP6, Oz, AF7, AF3, AFz, AF4, AF8, F5, F1, F2, F6, FT7, FC3, FCz, FC4, FT8, C5, C1, C2, C6, TP7, CP3, CPz, CP4, TP8, P9, P5, P1, P2, P6, P10, PO7, PO3, POz, PO4, PO8, Iz","5","2","Lead II","Right shoulder, Left abdomen","unknown","unknown","unknown","unknown","unknown","unknown","unknown","unknown","CMS","Common average","1","40",1,1,"CFA, Eye movements, other","","Automatic","SASICA","","Noisy epochs","All","na",2,1,"356+-6","Primary","R-peak","200","400","-200","0","Group/Condition Differences","Amplitude",0,0,"t-test",1,"","1","FCz, FC4, Cz, C2, CPz, CP2","R-peak","200","330","ECG, HR, RMSSD, medication",""
32438047,"10.1016/j.neuroimage.2020.116902",,"","Behavioral and neurophysiological evidence for altered interoceptive bodily processing in chronic pain","Solcà M, Park HD, Bernasconi F, Blanke O.","Neuroimage. 2020 Aug 15;217:116902. doi: 10.1016/j.neuroimage.2020.116902. Epub 2020 May 11.",2020,0,"Patients/Neurological/Chronic pain, Perception/Interoception/Cardiac",1,"53.3+-12.0, 50.6+-11",1,30,1,"EEG",64,"na","na","2048","512","standard61","Fp1, Fp2, F7, F3, Fz, F4, F8, T7, C3, Cz, C4, T8, P7, P3, Pz, P4, P8, O1, O2, Fpz, FC5, FC1, FC2, FC6, CP5, CP1, CP2, CP6, Oz, AF7, AF3, AFz, AF4, AF8, F5, F1, F2, F6, FT7, FC3, FCz, FC4, FT8, C5, C1, C2, C6, TP7, CP3, CPz, CP4, TP8, P9, P5, P1, P2, P6, P10, PO7, PO3, POz, PO4, PO8, Iz","5","2","Lead II","Right shoulder, Left abdomen","unknown","unknown","unknown","unknown","unknown","unknown","unknown","unknown","CMS","Common average","1","40",1,1,"CFA, Eye movements, other","","Automatic","SASICA","","Noisy epochs","FCz, Cz, CPz, FC2, C2, FC4","na",1,1,"356+-6","Secondary","R-peak","200","400","-200","0","Correlation","Amplitude",1,1,"Correlation",0,"","1","","","","","",""
32341167,"10.1073/pnas.1915629117",1,"Consider","Heart-brain interactions shape somatosensory perception and evoked potentials","Al E, Iliopoulos F, Forschack N, Nierhaus T, Grund M, Motyka P, Gaebler M, Nikulin VV, Villringer A.","Proc Natl Acad Sci U S A. 2020 May 12;117(19):10575-10584. doi: 10.1073/pnas.1915629117. Epub 2020 Apr 27.",2020,0,"Perception/Exteroception/Somatosensory/Near-threshold detection, Physiology/Cardiac cycle phase",0,"25.7+-3.9",1,37,0,"EEG",62,"na","na","2500","250","standard61","Fp1, Fp2, F7, F3, Fz, F4, F8, T7, C3, Cz, C4, T8, P7, P3, Pz, P4, P8, O1, O2, Fpz, FC5, FC1, FC2, FC6, CP5, CP1, CP2, CP6, Oz, AF7, AF3, AFz, AF4, AF8, F5, F1, F2, F6, FT7, FC3, FC4, FT8, C5, C1, C2, C6, TP7, CP3, CPz, CP4, TP8, PO9, P5, P1, P2, P6, PO10, PO7, PO3, POz, PO4, PO8",,"1","Unclassified","Left chest","Sternum","2500","250","unknown","unknown","Semi-automatic","PanTompkins1985","Kubios","FCz","Common average","0.5","45",1,0,"CFA, Eye movements, Blinks, Muscle","","Manual","Time course","","Bad channels","All","na",1,2,"338+-51","Primary","R-peak","250","400","unknown","unknown","Group/Condition Differences","Amplitude",0,0,"t-test",1,"1000","1","FC2, C1, Cz, C2, C4, CP1, CPz, CP2, CP4, P1, Pz, P2, P4","R-peak","296","400","ECG, SDNN, HR",""
32341167,"10.1073/pnas.1915629117",,"","Heart-brain interactions shape somatosensory perception and evoked potentials","Al E, Iliopoulos F, Forschack N, Nierhaus T, Grund M, Motyka P, Gaebler M, Nikulin VV, Villringer A.","Proc Natl Acad Sci U S A. 2020 May 12;117(19):10575-10584. doi: 10.1073/pnas.1915629117. Epub 2020 Apr 27.",2020,0,"Perception/Exteroception/Somatosensory/Near-threshold detection, Physiology/Cardiac cycle phase",0,"25.7+-3.9",1,37,0,"EEG",62,"na","na","2500","250","standard61","Fp1, Fp2, F7, F3, Fz, F4, F8, T7, C3, Cz, C4, T8, P7, P3, Pz, P4, P8, O1, O2, Fpz, FC5, FC1, FC2, FC6, CP5, CP1, CP2, CP6, Oz, AF7, AF3, AFz, AF4, AF8, F5, F1, F2, F6, FT7, FC3, FC4, FT8, C5, C1, C2, C6, TP7, CP3, CPz, CP4, TP8, PO9, P5, P1, P2, P6, PO10, PO7, PO3, POz, PO4, PO8",,"1","Unclassified","Left chest","Sternum","2500","250","unknown","unknown","Semi-automatic","PanTompkins1985","Kubios","FCz","Common average","0.5","45",1,0,"CFA, Eye movements, Blinks, Muscle","","Manual","Time course","","Bad channels","FC2, C1, Cz, C2, C4, CP1, CPz, CP2, CP4, P1, Pz, P2, P4","na",1,2,"338+-51","Secondary","R-peak","296","400","unknown","unknown","Group/Condition Differences","Amplitude",1,1,"t-test",0,"","1","","","","","",""
32341167,"10.1073/pnas.1915629117",,"","Heart-brain interactions shape somatosensory perception and evoked potentials","Al E, Iliopoulos F, Forschack N, Nierhaus T, Grund M, Motyka P, Gaebler M, Nikulin VV, Villringer A.","Proc Natl Acad Sci U S A. 2020 May 12;117(19):10575-10584. doi: 10.1073/pnas.1915629117. Epub 2020 Apr 27.",2020,0,"Perception/Exteroception/Somatosensory/Near-threshold detection, Physiology/Cardiac cycle phase",0,"25.7+-3.9",1,37,0,"EEG",62,"na","na","2500","250","standard61","Fp1, Fp2, F7, F3, Fz, F4, F8, T7, C3, Cz, C4, T8, P7, P3, Pz, P4, P8, O1, O2, Fpz, FC5, FC1, FC2, FC6, CP5, CP1, CP2, CP6, Oz, AF7, AF3, AFz, AF4, AF8, F5, F1, F2, F6, FT7, FC3, FC4, FT8, C5, C1, C2, C6, TP7, CP3, CPz, CP4, TP8, PO9, P5, P1, P2, P6, PO10, PO7, PO3, POz, PO4, PO8",,"1","Unclassified","Left chest","Sternum","2500","250","unknown","unknown","Semi-automatic","PanTompkins1985","Kubios","FCz","Common average","0.5","45",1,0,"CFA, Eye movements, Blinks, Muscle","","Manual","Time course","","Bad channels","FC2, C1, Cz, C2, C4, CP1, CPz, CP2, CP4, P1, Pz, P2, P4","na",1,2,"338+-51","Secondary","R-peak","296","400","unknown","unknown","Group/Condition Differences","Amplitude",1,1,"ANOVA",0,"","1","","","","","",""
32114841,"10.1142/S0129065720500136",0,"Not Related to HER","Real-Time Multi-Modal Estimation of Dynamically Evoked Emotions Using EEG, Heart Rate and Galvanic Skin Response","Val-Calvo M, Álvarez-Sánchez JR, Ferrández-Vicente JM, Díaz-Morcillo A, Fernández-Jover E.","Int J Neural Syst. 2020 Apr;30(4):2050013. doi: 10.1142/S0129065720500136. Epub 2020 Mar 2.",2020,,"",,"",,,,"",,"","","","","","","","","","","","","","","","","","","","","","",,,"","","","","","","","",,,"","","","","","","","","",,,"",,"","","","","","","",""
32101777,"10.1016/j.neuroimage.2020.116677",1,"Consider","A multidimensional and multi-feature framework for cardiac interoception","Fittipaldi S, Abrevaya S, Fuente A, Pascariello GO, Hesse E, Birba A, Salamone P, Hildebrandt M, Martí SA, Pautassi RM, Huepe D, Martorell MM, Yoris A, Roca M, García AM, Sedeño L, Ibáñez A.","Neuroimage. 2020 May 15;212:116677. doi: 10.1016/j.neuroimage.2020.116677. Epub 2020 Feb 23.",2020,0,"Perception/Interoception/Cardiac",0,"40.81+-20.54",1,114,1,"EEG",128,"na","na","1024","unknown","biosemi128","layout","5","2","Lead II","unknown","unknown","1024","unknown","0.5","30","Automatic","Derivative sign","Peakfinder","unknown","Linked mastoids","0.5","30",1,0,"Eye movements","","","","","Noisy epochs","C26, C27, C28, C31, C32, D3, D4, D5, D6, D7, C11, C12, C18, C19, C20, C21, C22, C23, C24, C25, C26, C27, C28, C31, C32, D3, D4, D5, D6, D7","na",1,1,"unknown","Primary","R-peak","200","300","-300","-200","Correlation","Amplitude",1,1,"Correlation",0,"","0","","","","","",""
32101777,"10.1016/j.neuroimage.2020.116677",,"","A multidimensional and multi-feature framework for cardiac interoception","Fittipaldi S, Abrevaya S, Fuente A, Pascariello GO, Hesse E, Birba A, Salamone P, Hildebrandt M, Martí SA, Pautassi RM, Huepe D, Martorell MM, Yoris A, Roca M, García AM, Sedeño L, Ibáñez A.","Neuroimage. 2020 May 15;212:116677. doi: 10.1016/j.neuroimage.2020.116677. Epub 2020 Feb 23.",2020,0,"Perception/Interoception/Cardiac",0,"40.81+-20.54",1,114,1,"EEG",128,"na","na","1024","unknown","biosemi128","layout","5","2","Lead II","unknown","unknown","1024","unknown","0.5","30","Automatic","Derivative sign","Peakfinder","unknown","Linked mastoids","0.5","30",1,0,"Eye movements","","","","","Noisy epochs","C26, C27, C28, C31, C32, D3, D4, D5, D6, D7, C11, C12, C18, C19, C20, C21, C22, C23, C24, C25, C26, C27, C28, C31, C32, D3, D4, D5, D6, D7","na",1,1,"unknown","Primary","R-peak","300","400","-300","-200","Correlation","Amplitude",1,1,"Correlation",0,"","1","","","","","",""
32044337,"10.1016/j.brainres.2020.146712",0,"Not Related to HER","Muscular effort coding in action representation in ballet dancers and controls: Electrophysiological evidence","Orlandi A, D'Incà S, Proverbio AM.","Brain Res. 2020 Apr 15;1733:146712. doi: 10.1016/j.brainres.2020.146712. Epub 2020 Feb 7.",2020,,"",,"",,,,"",,"","","","","","","","","","","","","","","","","","","","","","",,,"","","","","","","","",,,"","","","","","","","","",,,"",,"","","","","","","",""
32039482,"10.1111/psyp.13544",0,"Not Related to HER","Cortical and affective regulation of autonomic coordination","Gatzke-Kopp LM, Benson L, Ryan PJ, Ram N.","Psychophysiology. 2020 May;57(5):e13544. doi: 10.1111/psyp.13544. Epub 2020 Feb 10.",2020,,"",,"",,,,"",,"","","","","","","","","","","","","","","","","","","","","","",,,"","","","","","","","",,,"","","","","","","","","",,,"",,"","","","","","","",""
31987870,"10.1016/j.ijpsycho.2020.01.006",0,"Not Related to HER","Individual differences under acute stress: Higher cortisol responders performs better on N-back task in young men","Lin L, Leung AWS, Wu J, Zhang L.","Int J Psychophysiol. 2020 Apr;150:20-28. doi: 10.1016/j.ijpsycho.2020.01.006. Epub 2020 Jan 24.",2020,,"",,"",,,,"",,"","","","","","","","","","","","","","","","","","","","","","",,,"","","","","","","","",,,"","","","","","","","","",,,"",,"","","","","","","",""
31898811,"10.1111/psyp.13521",0,"Not Related to HER","Acute psychological stress promotes general alertness and attentional control processes: An ERP study","Qi M, Gao H.","Psychophysiology. 2020 Apr;57(4):e13521. doi: 10.1111/psyp.13521. Epub 2020 Jan 3.",2020,,"",,"",,,,"",,"","","","","","","","","","","","","","","","","","","","","","",,,"","","","","","","","",,,"","","","","","","","","",,,"",,"","","","","","","",""
31846808,"10.1016/j.jad.2019.11.139",1,"Consider","Heart and brain: Cortical representation of cardiac signals is disturbed in borderline personality disorder, but unaffected by oxytocin administration","Schmitz M, Müller LE, Schulz A, Kleindienst N, Herpertz SC, Bertsch K.","J Affect Disord. 2020 Mar 1;264:24-28. doi: 10.1016/j.jad.2019.11.139. Epub 2019 Nov 30.",2020,0,"Patients/Psychiatric/Borderline personality disorder, Manipulation/Medication/Oxytocin",1,"29.0+-7.9",1,26,1,"EEG",60,"na","na","1000","250","easycap-M10","layout","2","2","Lead II","Right wrist, Left leg","unknown","1000","unknown","unknown","unknown","unknown","unknown","unknown","Common average","Common average","0.1","35",0,,"","","","","","Gratton-Coles blink detection","All","na",4,2,"[est120]","Primary","R-peak","455","595","-200","0","Group/Condition Differences","Amplitude",1,1,"ANOVA",0,"","1","","","","","Age, BMI, HR, Hormones, Anxiety, Affective disorders","est number of trials = 2 min per condition * 60 bpm"
31846808,"10.1016/j.jad.2019.11.139",,"","Heart and brain: Cortical representation of cardiac signals is disturbed in borderline personality disorder, but unaffected by oxytocin administration","Schmitz M, Müller LE, Schulz A, Kleindienst N, Herpertz SC, Bertsch K.","J Affect Disord. 2020 Mar 1;264:24-28. doi: 10.1016/j.jad.2019.11.139. Epub 2019 Nov 30.",2020,0,"Patients/Psychiatric/Borderline personality disorder, Manipulation/Medication/Oxytocin",1,"29.0+-7.9, 31.0+-6.9, 27.6+-7.8, 28.0+-6.4",1,113,1,"EEG",60,"na","na","1000","250","easycap-M10","layout","2","2","Lead II","Right wrist, Left leg","unknown","1000","unknown","unknown","unknown","unknown","unknown","unknown","Common average","Common average","0.1","35",0,,"","","","","","Gratton-Coles blink detection","All","na",1,1,"[est120]","Primary","R-peak","455","595","-200","0","Correlation","Amplitude",1,1,"Correlation",0,"","1","","","","","","est number of trials = 2 min per condition * 60 bpm"
31846808,"10.1016/j.jad.2019.11.139",,"","Heart and brain: Cortical representation of cardiac signals is disturbed in borderline personality disorder, but unaffected by oxytocin administration","Schmitz M, Müller LE, Schulz A, Kleindienst N, Herpertz SC, Bertsch K.","J Affect Disord. 2020 Mar 1;264:24-28. doi: 10.1016/j.jad.2019.11.139. Epub 2019 Nov 30.",2020,0,"Patients/Psychiatric/Borderline personality disorder, Manipulation/Medication/Oxytocin",1,"29.0+-7.9",1,26,1,"EEG",60,"na","na","1000","250","easycap-M10","layout","2","2","Lead II","Right wrist, Left leg","unknown","1000","unknown","unknown","unknown","unknown","unknown","unknown","Common average","Common average","0.1","35",0,,"","","","","","Gratton-Coles blink detection","All","na",1,1,"[est120]","Primary","R-peak","455","595","-200","0","Correlation","Amplitude",1,1,"Correlation",0,"","0","","","","","","est number of trials = 2 min per condition * 60 bpm"
31662092,"10.1176/appi.neuropsych.19040084",0,"Not Related to HER","Emotional Reactivity as a Vulnerability for Psychogenic Nonepileptic Seizures? Responses While Reliving Specific Emotions","Roberts NA, Burleson MH, Torres DL, Parkhurst DK, Garrett R, Mitchell LB, Duncan CJ, Mintert M, Wang NC.","J Neuropsychiatry Clin Neurosci. 2020 Winter;32(1):95-100. doi: 10.1176/appi.neuropsych.19040084. Epub 2019 Oct 30.",2020,,"",,"",,,,"",,"","","","","","","","","","","","","","","","","","","","","","",,,"","","","","","","","",,,"","","","","","","","","",,,"",,"","","","","","","",""
31614504,"10.3390/s19204397",0,"Not Related to HER","Explicit and Implicit Responses to Tasting Drinks Associated with Different Tasting Experiences","Kaneko D, Hogervorst M, Toet A, van Erp JBF, Kallen V, Brouwer AM.","Sensors (Basel). 2019 Oct 11;19(20):4397. doi: 10.3390/s19204397.",2019,,"",,"",,,,"",,"","","","","","","","","","","","","","","","","","","","","","",,,"","","","","","","","",,,"","","","","","","","","",,,"",,"","","","","","","",""
31543837,"10.3389/fpsyt.2019.00616",1,"Consider","Altered Interoceptive Processing in Generalized Anxiety Disorder-A Heartbeat-Evoked Potential Research","Pang J, Tang X, Li H, Hu Q, Cui H, Zhang L, Li W, Zhu Z, Wang J, Li C.","Front Psychiatry. 2019 Sep 5;10:616. doi: 10.3389/fpsyt.2019.00616. eCollection 2019.",2019,0,"Patients/Psychiatric/Generalized anxiety disorder",1,"37.70+-10.67, 39.93+-8.94",1,40,0,"EEG",64,"na","na","500","unknown","standard61","Fp1, Fp2, F7, F3, Fz, F4, F8, T7, C3, Cz, C4, T8, P7, P3, Pz, P4, P8, O1, O2, Fpz, FC5, FC1, FC2, FC6, CP5, CP1, CP2, CP6, Oz, AF7, AF3, AF4, AF8, F5, F1, F2, F6, FT7, FC3, FCz, FC4, FT8, C5, C1, C2, C6, TP7, CP3, CPz, CP4, TP8, P5, P1, P2, P6, PO7, PO3, POz, PO4, PO8","3","2","Lead II","unknown","unknown","500","unknown","unknown","unknown","Automatic","Niazy2005","FMRIB","Nose","unknown","0.1","30",1,0,"Eye movements, Blinks, CFA","","Manual","Topography, Time course","","Noisy epochs, Bad channels","All","na",2,2,"[est180]","Primary","R-peak","-200","800","-200","0","Group/Condition Differences","Amplitude",0,0,"t-test",1,"5000","1","Fpz, Fp2, AF4, AF8, F6, F8","R-peak","240","460","","est number of trials = 3 min per condition * 60 bpm"
31543837,"10.3389/fpsyt.2019.00616",,"","Altered Interoceptive Processing in Generalized Anxiety Disorder-A Heartbeat-Evoked Potential Research","Pang J, Tang X, Li H, Hu Q, Cui H, Zhang L, Li W, Zhu Z, Wang J, Li C.","Front Psychiatry. 2019 Sep 5;10:616. doi: 10.3389/fpsyt.2019.00616. eCollection 2019.",2019,0,"Patients/Psychiatric/Generalized anxiety disorder",1,"37.70+-10.67, 39.93+-8.94",1,40,0,"EEG",64,"na","na","500","unknown","standard61","Fp1, Fp2, F7, F3, Fz, F4, F8, T7, C3, Cz, C4, T8, P7, P3, Pz, P4, P8, O1, O2, Fpz, FC5, FC1, FC2, FC6, CP5, CP1, CP2, CP6, Oz, AF7, AF3, AF4, AF8, F5, F1, F2, F6, FT7, FC3, FCz, FC4, FT8, C5, C1, C2, C6, TP7, CP3, CPz, CP4, TP8, P5, P1, P2, P6, PO7, PO3, POz, PO4, PO8","3","2","Lead II","unknown","unknown","500","unknown","unknown","unknown","Automatic","Niazy2005","FMRIB","Nose","unknown","0.1","30",1,0,"Eye movements, Blinks, CFA","","Manual","Topography, Time course","","Noisy epochs, Bad channels","Fpz, Fp2, AF4, AF8, F6, F8","na",2,2,"[est180]","Secondary","R-peak","240","460","-200","0","Group/Condition Differences","Amplitude",1,1,"ANOVA",0,"","1","","","","","","est number of trials = 3 min per condition * 60 bpm"
31543837,"10.3389/fpsyt.2019.00616",,"","Altered Interoceptive Processing in Generalized Anxiety Disorder-A Heartbeat-Evoked Potential Research","Pang J, Tang X, Li H, Hu Q, Cui H, Zhang L, Li W, Zhu Z, Wang J, Li C.","Front Psychiatry. 2019 Sep 5;10:616. doi: 10.3389/fpsyt.2019.00616. eCollection 2019.",2019,0,"Patients/Psychiatric/Generalized anxiety disorder",1,"37.70+-10.67, 39.93+-8.94",1,40,0,"EEG",64,"na","na","500","unknown","standard61","Fp1, Fp2, F7, F3, Fz, F4, F8, T7, C3, Cz, C4, T8, P7, P3, Pz, P4, P8, O1, O2, Fpz, FC5, FC1, FC2, FC6, CP5, CP1, CP2, CP6, Oz, AF7, AF3, AF4, AF8, F5, F1, F2, F6, FT7, FC3, FCz, FC4, FT8, C5, C1, C2, C6, TP7, CP3, CPz, CP4, TP8, P5, P1, P2, P6, PO7, PO3, POz, PO4, PO8","3","2","Lead II","unknown","unknown","500","unknown","unknown","unknown","Automatic","Niazy2005","FMRIB","Nose","unknown","0.1","30",1,0,"Eye movements, Blinks, CFA","","Manual","Topography, Time course","","Noisy epochs, Bad channels","Fpz, Fp2, AF4, AF8, F6, F8","na",1,1,"[est180]","Secondary","R-peak","240","460","-200","0","Correlation","Amplitude",1,1,"Correlation",0,"","1","","","","","","est number of trials = 3 min per condition * 60 bpm"
31539623,"10.1016/j.alcohol.2019.09.005",0,"Not Related to HER","Evoked K-complexes and altered interaction between the central and autonomic nervous systems during sleep in alcohol use disorder","Willoughby AR, de Zambotti M, Baker FC, Colrain IM.","Alcohol. 2020 May;84:1-7. doi: 10.1016/j.alcohol.2019.09.005. Epub 2019 Sep 17.",2020,,"",,"",,,,"",,"","","","","","","","","","","","","","","","","","","","","","",,,"","","","","","","","",,,"","","","","","","","","",,,"",,"","","","","","","",""
31476555,"10.1016/j.cortex.2019.07.008",0,"Not Related to HER","Sleep's benefits to emotional processing emerge in the long term","Bolinger E, Cunningham TJ, Payne JD, Bowman MA, Bulca E, Born J, Zinke K.","Cortex. 2019 Nov;120:457-470. doi: 10.1016/j.cortex.2019.07.008. Epub 2019 Aug 2.",2019,,"",,"",,,,"",,"","","","","","","","","","","","","","","","","","","","","","",,,"","","","","","","","",,,"","","","","","","","","",,,"",,"","","","","","","",""
31454445,"10.1111/ejn.14562",0,"Not Related to HER","Pathological responses to single-pulse electrical stimuli in epilepsy: The role of feedforward inhibition","Hebbink J, Huiskamp G, van Gils SA, Leijten FSS, Meijer HGE.","Eur J Neurosci. 2020 Feb;51(4):1122-1136. doi: 10.1111/ejn.14562. Epub 2019 Sep 23.",2020,,"",,"",,,,"",,"","","","","","","","","","","","","","","","","","","","","","",,,"","","","","","","","",,,"","","","","","","","","",,,"",,"","","","","","","",""
31445953,"10.1016/j.jsams.2019.07.009",0,"Not Related to HER","Effects of acute aerobic and resistance exercise on executive function: An ERP study","Wu CH, Karageorghis CI, Wang CC, Chu CH, Kao SC, Hung TM, Chang YK.","J Sci Med Sport. 2019 Dec;22(12):1367-1372. doi: 10.1016/j.jsams.2019.07.009. Epub 2019 Jul 24.",2019,,"",,"",,,,"",,"","","","","","","","","","","","","","","","","","","","","","",,,"","","","","","","","",,,"","","","","","","","","",,,"",,"","","","","","","",""
31362956,"10.1523/ENEURO.0200-19.2019",0,"Not Related to HER","Heartbeat Induces a Cortical Theta-Synchronized Network in the Resting State","Kim J, Jeong B.","eNeuro. 2019 Aug 8;6(4):ENEURO.0200-19.2019. doi: 10.1523/ENEURO.0200-19.2019. Print 2019 Jul/Aug.",2019,,"",,"",,,,"",,"","","","","","","","","","","","","","","","","","","","","","",,,"","","","","","","","",,,"","","","","","","","","",,,"",,"","","","","","","",""
31353957,"10.1177/1550059419865679",0,"Not Related to HER","Electroencephalogram Characteristics in Critical Ill Patients Before Cardiac Arrest: A Case Series","Xu J, Mohamed W, Basha MM, Zutshi D.","Clin EEG Neurosci. 2019 Nov;50(6):423-428. doi: 10.1177/1550059419865679. Epub 2019 Jul 29.",2019,,"",,"",,,,"",,"","","","","","","","","","","","","","","","","","","","","","",,,"","","","","","","","",,,"","","","","","","","","",,,"",,"","","","","","","",""
31323488,"10.1016/j.clinph.2019.06.009",1,"Consider","Enhanced cortical processing of cardio-afferent signals in anorexia nervosa","Lutz APC, Schulz A, Voderholzer U, Koch S, van Dyck Z, Vögele C.","Clin Neurophysiol. 2019 Sep;130(9):1620-1627. doi: 10.1016/j.clinph.2019.06.009. Epub 2019 Jul 2.",2019,0,"Patients/Psychiatric/Anorexia nervosa, Perception/Interoception/Cardiac",1,"25.2+-5.28, 24.6+-3.94",1,38,0,"EEG",64,"na","na","1000","unknown","standard61","Fp1, Fp2, F7, F3, Fz, F4, F8, T7, C3, Cz, C4, T8, P7, P3, Pz, P4, P8, O1, O2, FC5, FC1, FC2, FC6, CP5, CP1, CP2, CP6, Oz, AF7, AF3, AF4, AF8, F5, F1, F2, F6, FT7, FC3, FCz, FC4, FT8, C5, C1, C2, C6, TP7, CP3, CPz, CP4, TP8, P5, P1, P2, P6, PO7, PO3, POz, PO4, PO8",,"2","Lead II","Right wrist, Left leg","unknown","1000","unknown","unknown","unknown","Semi-automatic","unknown","unknown","FCz","Linked mastoids","0.1","35",0,,"","","","","","Gratton-Coles blink detection","All","na",2,2,"unknown","Primary","R-peak","180","320","unknown","unknown","Group/Condition Differences","Amplitude",1,1,"ANOVA, t-test",0,"","0","","","","","Depression",""
31323488,"10.1016/j.clinph.2019.06.009",,"","Enhanced cortical processing of cardio-afferent signals in anorexia nervosa","Lutz APC, Schulz A, Voderholzer U, Koch S, van Dyck Z, Vögele C.","Clin Neurophysiol. 2019 Sep;130(9):1620-1627. doi: 10.1016/j.clinph.2019.06.009. Epub 2019 Jul 2.",2019,0,"Patients/Psychiatric/Anorexia nervosa, Perception/Interoception/Cardiac",1,"25.2+-5.28, 24.6+-3.94",1,38,0,"EEG",64,"na","na","1000","unknown","standard61","Fp1, Fp2, F7, F3, Fz, F4, F8, T7, C3, Cz, C4, T8, P7, P3, Pz, P4, P8, O1, O2, FC5, FC1, FC2, FC6, CP5, CP1, CP2, CP6, Oz, AF7, AF3, AF4, AF8, F5, F1, F2, F6, FT7, FC3, FCz, FC4, FT8, C5, C1, C2, C6, TP7, CP3, CPz, CP4, TP8, P5, P1, P2, P6, PO7, PO3, POz, PO4, PO8",,"2","Lead II","Right wrist, Left leg","unknown","1000","unknown","unknown","unknown","Semi-automatic","unknown","unknown","FCz","Linked mastoids","0.1","35",0,,"","","","","","Gratton-Coles blink detection","All","na",2,2,"unknown","Primary","R-peak","455","595","unknown","unknown","Group/Condition Differences","Amplitude",1,1,"ANOVA, t-test",0,"","1","","","","","Depression",""
31323488,"10.1016/j.clinph.2019.06.009",,"","Enhanced cortical processing of cardio-afferent signals in anorexia nervosa","Lutz APC, Schulz A, Voderholzer U, Koch S, van Dyck Z, Vögele C.","Clin Neurophysiol. 2019 Sep;130(9):1620-1627. doi: 10.1016/j.clinph.2019.06.009. Epub 2019 Jul 2.",2019,0,"Patients/Psychiatric/Anorexia nervosa, Perception/Interoception/Cardiac",1,"25.2+-5.28, 24.6+-3.94",1,38,0,"EEG",64,"na","na","1000","unknown","standard61","Fp1, Fp2, F7, F3, Fz, F4, F8, T7, C3, Cz, C4, T8, P7, P3, Pz, P4, P8, O1, O2, FC5, FC1, FC2, FC6, CP5, CP1, CP2, CP6, Oz, AF7, AF3, AF4, AF8, F5, F1, F2, F6, FT7, FC3, FCz, FC4, FT8, C5, C1, C2, C6, TP7, CP3, CPz, CP4, TP8, P5, P1, P2, P6, PO7, PO3, POz, PO4, PO8",,"2","Lead II","Right wrist, Left leg","unknown","1000","unknown","unknown","unknown","Semi-automatic","unknown","unknown","FCz","Linked mastoids","0.1","35",0,,"","","","","","Gratton-Coles blink detection","All","na",2,2,"unknown","Primary","R-peak","660","800","unknown","unknown","Group/Condition Differences","Amplitude",1,1,"ANOVA, t-test",0,"","0","","","","","Depression",""
31323488,"10.1016/j.clinph.2019.06.009",,"","Enhanced cortical processing of cardio-afferent signals in anorexia nervosa","Lutz APC, Schulz A, Voderholzer U, Koch S, van Dyck Z, Vögele C.","Clin Neurophysiol. 2019 Sep;130(9):1620-1627. doi: 10.1016/j.clinph.2019.06.009. Epub 2019 Jul 2.",2019,0,"Patients/Psychiatric/Anorexia nervosa, Perception/Interoception/Cardiac",1,"25.2+-5.28, 24.6+-3.94",1,38,0,"EEG",64,"na","na","1000","unknown","standard61","Fp1, Fp2, F7, F3, Fz, F4, F8, T7, C3, Cz, C4, T8, P7, P3, Pz, P4, P8, O1, O2, FC5, FC1, FC2, FC6, CP5, CP1, CP2, CP6, Oz, AF7, AF3, AF4, AF8, F5, F1, F2, F6, FT7, FC3, FCz, FC4, FT8, C5, C1, C2, C6, TP7, CP3, CPz, CP4, TP8, P5, P1, P2, P6, PO7, PO3, POz, PO4, PO8",,"2","Lead II","Right wrist, Left leg","unknown","1000","unknown","unknown","unknown","Semi-automatic","unknown","unknown","FCz","Linked mastoids","0.1","35",0,,"","","","","","Gratton-Coles blink detection","All","na",1,1,"unknown","Primary","R-peak","455","595","unknown","unknown","Correlation","Amplitude",1,1,"Correlation",0,"","0","","","","","",""
31259589,"10.1037/emo0000631",1,"Consider","Interoceptive cardiac expectations to emotional stimuli predict visual perception","Marshall AC, Gentsch A, Schütz-Bosbach S.","Emotion. 2020 Oct;20(7):1113-1126. doi: 10.1037/emo0000631. Epub 2019 Jul 1.",2020,0,"Perception/Interoception/Cardiac, Perception/Exteroception/Visual/Emotion recognition, Perception/Exteroception/Visual/Near-threshold detection",0,"26.3+-4.56",1,30,0,"EEG",64,"na","na","500","unknown","standard61","Fp1, Fp2, F7, F3, Fz, F4, F8, T7, C3, Cz, C4, T8, P7, P3, Pz, P4, P8, O1, O2, FC5, FC1, FC2, FC6, TP9, CP5, CP1, CP2, CP6, TP10, AF7, AF3, AF4, AF8, F9, F5, F1, F2, F6, F10, FT7, FC3, FC4, FT8, C5, C1, C2, C6, TP7, CP3, CPz, CP4, TP8, P5, P1, P2, P6, PO9, PO7, PO3, POz, PO4, PO8, PO10",,"2","Unclassified","Left clavicle, Left chest","unknown","500","unknown","1","40","Automatic","Niazy2005","FMRIB","unknown","Laplacian reference","0.1","40",1,0,"CFA, Eye movements, Blinks","1.58","Manual","Topography, Time course, Power spectrum","CSD","","All","na",1,2,"unknown","Primary","R-peak","-100","600","-100","0","Group/Condition Differences","Amplitude",0,0,"F-test",0,"1000","1","F8, FC6, FT8, C4, C6, T8, CP4, CP6, TP8","R-peak","200","300","Surrogate heartbeats, Respiration, ECG, RR",""
31259589,"10.1037/emo0000631",,"","Interoceptive cardiac expectations to emotional stimuli predict visual perception","Marshall AC, Gentsch A, Schütz-Bosbach S.","Emotion. 2020 Oct;20(7):1113-1126. doi: 10.1037/emo0000631. Epub 2019 Jul 1.",2020,0,"Perception/Interoception/Cardiac, Perception/Exteroception/Visual/Emotion recognition, Perception/Exteroception/Visual/Near-threshold detection",0,"26.3+-4.56",1,30,0,"EEG",64,"na","na","500","unknown","standard61","Fp1, Fp2, F7, F3, Fz, F4, F8, T7, C3, Cz, C4, T8, P7, P3, Pz, P4, P8, O1, O2, FC5, FC1, FC2, FC6, TP9, CP5, CP1, CP2, CP6, TP10, AF7, AF3, AF4, AF8, F9, F5, F1, F2, F6, F10, FT7, FC3, FC4, FT8, C5, C1, C2, C6, TP7, CP3, CPz, CP4, TP8, P5, P1, P2, P6, PO9, PO7, PO3, POz, PO4, PO8, PO10",,"2","Unclassified","Left clavicle, Left chest","unknown","500","unknown","1","40","Automatic","Niazy2005","FMRIB","unknown","Laplacian reference","0.1","40",1,0,"CFA, Eye movements, Blinks","1.58","Manual","Topography, Time course, Power spectrum","CSD","","F8, FC6, FT8, C4, C6, T8, CP4, CP6, TP8","na",1,2,"unknown","Secondary","R-peak","200","300","-100","0","Correlation","Amplitude",1,1,"Regression",0,"","1","","","","","Surrogate heartbeats, Respiration, ECG, RR",""
31173904,"10.1016/j.neuroimage.2019.06.004",0,"Not Related to HER","Neural correlates of anticipatory cardiac deceleration and its association with the speed of perceptual decision-making, in young and older adults","Ribeiro MJ, Castelo-Branco M.","Neuroimage. 2019 Oct 1;199:521-533. doi: 10.1016/j.neuroimage.2019.06.004. Epub 2019 Jun 5.",2019,,"",,"",,,,"",,"","","","","","","","","","","","","","","","","","","","","","",,,"","","","","","","","",,,"","","","","","","","","",,,"",,"","","","","","","",""
31153913,"10.1016/j.brainres.2019.05.041",1,"Consider","Affective and temporal orientation of thoughts: Electrophysiological evidence","Ito Y, Shibata M, Tanaka Y, Terasawa Y, Umeda S.","Brain Res. 2019 Sep 15;1719:148-156. doi: 10.1016/j.brainres.2019.05.041. Epub 2019 May 30.",2019,0,"Cognitive processes/Thoughts, Affective processes/Emotions",0,"20.89+-1.67",1,27,0,"EEG",64,"na","na","500","unknown","GSN-HydroCel-65","layout",,"2","Lead I","Left clavicle, Right clavicle","unknown","500","unknown","0.1","30","unknown","unknown","unknown","Cz","unknown","0.1","30",1,0,"Other","","","","","EMSE ocular artefact correction algorithm","Fp1","na",1,2,"128","Primary","R-peak","200","300","-200","0","Group/Condition Differences","Amplitude",0,1,"ANOVA",0,"","1","","","","","",""
31153913,"10.1016/j.brainres.2019.05.041",,"","Affective and temporal orientation of thoughts: Electrophysiological evidence","Ito Y, Shibata M, Tanaka Y, Terasawa Y, Umeda S.","Brain Res. 2019 Sep 15;1719:148-156. doi: 10.1016/j.brainres.2019.05.041. Epub 2019 May 30.",2019,0,"Cognitive processes/Thoughts, Affective processes/Emotions",0,"20.89+-1.67",1,27,0,"EEG",64,"na","na","500","unknown","GSN-HydroCel-65","layout",,"2","Lead I","Left clavicle, Right clavicle","unknown","500","unknown","0.1","30","unknown","unknown","unknown","Cz","unknown","0.1","30",1,0,"Other","","","","","EMSE ocular artefact correction algorithm","AFz","na",1,2,"128","Primary","R-peak","200","300","-200","0","Group/Condition Differences","Amplitude",0,1,"ANOVA",0,"","1","","","","","",""
31136776,"10.1016/j.biopsycho.2019.05.007",0,"Not Related to HER","Don't you want me, baby? Cardiac and electrocortical concomitants of romantic interest and rejection","van der Veen FM, Burdzina A, Langeslag SJE.","Biol Psychol. 2019 Sep;146:107707. doi: 10.1016/j.biopsycho.2019.05.007. Epub 2019 May 25.",2019,,"",,"",,,,"",,"","","","","","","","","","","","","","","","","","","","","","",,,"","","","","","","","",,,"","","","","","","","","",,,"",,"","","","","","","",""
31051293,"10.1016/j.neuroimage.2019.04.081",0,"Review","Heartbeat-evoked cortical responses: Underlying mechanisms, functional roles, and methodological considerations","Park HD, Blanke O.","Neuroimage. 2019 Aug 15;197:502-511. doi: 10.1016/j.neuroimage.2019.04.081. Epub 2019 Apr 30.",2019,,"",,"",,,,"",,"","","","","","","","","","","","","","","","","","","","","","",,,"","","","","","","","",,,"","","","","","","","","",,,"",,"","","","","","","",""
31051292,"10.1016/j.neuroimage.2019.04.043",0,"Not Related to HER","Cardiac afferent activity modulates early neural signature of error detection during skilled performance","Bury G, García-Huéscar M, Bhattacharya J, Ruiz MH.","Neuroimage. 2019 Oct 1;199:704-717. doi: 10.1016/j.neuroimage.2019.04.043. Epub 2019 Apr 30.",2019,,"",,"",,,,"",,"","","","","","","","","","","","","","","","","","","","","","",,,"","","","","","","","",,,"","","","","","","","","",,,"",,"","","","","","","",""
31045914,"10.1097/MAT.0000000000001013",0,"Not Related to HER","Noninvasive Neurological Monitoring in Extracorporeal Membrane Oxygenation","Cho SM, Ziai W, Mayasi Y, Gusdon AM, Creed J, Sharrock M, Stephens RS, Choi CW, Ritzl EK, Suarez J, Whitman G, Geocadin RG.","ASAIO J. 2020 Apr;66(4):388-393. doi: 10.1097/MAT.0000000000001013.",2020,,"",,"",,,,"",,"","","","","","","","","","","","","","","","","","","","","","",,,"","","","","","","","",,,"","","","","","","","","",,,"",,"","","","","","","",""
31044844,"10.1364/AO.58.003467",0,"Not Related to HER","IR-camera-based measurements of 2D/3D cognitive fatigue in 2D/3D display system using task-evoked pupillary response","Park S, Mun S, Lee DW, Whang M.","Appl Opt. 2019 May 1;58(13):3467-3480. doi: 10.1364/AO.58.003467.",2019,,"",,"",,,,"",,"","","","","","","","","","","","","","","","","","","","","","",,,"","","","","","","","",,,"","","","","","","","","",,,"",,"","","","","","","",""
30870769,"10.1016/j.jad.2019.03.019",0,"Not Related to HER","Heightened sensitivity to panic-related sounds with reduced sensitivity to neutral sounds in preattentive processing among panic patients","Zheng Y, Li R, Guo H, Li J, Zhang H, Liu X, Pang X, Zhang B, Shen H, Chang Y.","J Affect Disord. 2019 May 1;250:204-209. doi: 10.1016/j.jad.2019.03.019. Epub 2019 Mar 5.",2019,,"",,"",,,,"",,"","","","","","","","","","","","","","","","","","","","","","",,,"","","","","","","","",,,"","","","","","","","","",,,"",,"","","","","","","",""
30867552,"10.1038/s41386-019-0370-3",1,"Consider","Multimodal neurocognitive markers of interoceptive tuning in smoked cocaine","de la Fuente A, Sedeño L, Vignaga SS, Ellmann C, Sonzogni S, Belluscio L, García-Cordero I, Castagnaro E, Boano M, Cetkovich M, Torralva T, Cánepa ET, Tagliazucchi E, Garcia AM, Ibañez A.","Neuropsychopharmacology. 2019 Jul;44(8):1425-1434. doi: 10.1038/s41386-019-0370-3. Epub 2019 Mar 13.",2019,0,"Patients/Addiction/Cocaine, Perception/Interoception/Cardiac",1,"19.60+-2.62, 20.04+-2.28, 20.64+-2.96",1,50,0,"EEG",128,"na","na","1024","256","biosemi128","layout",,"2","Lead II","unknown","unknown","1024","unknown","unknown","unknown","Automatic","Derivative sign","Peakfinder","unknown","Linked Mastoids","0.5","30",1,0,"Eye movements","","","","","Noisy Epochs","C18, C19, C20, D4, D3, C24, C11, C3, C4","na",2,1,"unknown","Primary","R-peak","300","800","-200","0","Group/Condition Differences","Amplitude",1,0,"t-test",1,"5000","1","C18, C19, C20, D4, D3, C24, C11, C3, C4","R-peak","671","722","HR, LF/HF",""
30867552,"10.1038/s41386-019-0370-3",,"","Multimodal neurocognitive markers of interoceptive tuning in smoked cocaine","de la Fuente A, Sedeño L, Vignaga SS, Ellmann C, Sonzogni S, Belluscio L, García-Cordero I, Castagnaro E, Boano M, Cetkovich M, Torralva T, Cánepa ET, Tagliazucchi E, Garcia AM, Ibañez A.","Neuropsychopharmacology. 2019 Jul;44(8):1425-1434. doi: 10.1038/s41386-019-0370-3. Epub 2019 Mar 13.",2019,0,"Patients/Addiction/Cocaine, Perception/Interoception/Cardiac",1,"19.60+-2.62, 20.04+-2.28, 20.64+-2.96",1,50,0,"EEG",128,"na","na","1024","256","biosemi128","layout",,"2","Lead II","unknown","unknown","1024","unknown","unknown","unknown","Automatic","Derivative sign","Peakfinder","unknown","Linked Mastoids","0.5","30",1,0,"Eye movements","","","","","Noisy Epochs","C11, C3, C4","na",2,1,"unknown","Primary","R-peak","300","800","-200","0","Group/Condition Differences","Amplitude",1,0,"t-test",1,"5000","1","C11, C3, C4","R-peak","650","750","HR, LF/HF",""
30867552,"10.1038/s41386-019-0370-3",,"","Multimodal neurocognitive markers of interoceptive tuning in smoked cocaine","de la Fuente A, Sedeño L, Vignaga SS, Ellmann C, Sonzogni S, Belluscio L, García-Cordero I, Castagnaro E, Boano M, Cetkovich M, Torralva T, Cánepa ET, Tagliazucchi E, Garcia AM, Ibañez A.","Neuropsychopharmacology. 2019 Jul;44(8):1425-1434. doi: 10.1038/s41386-019-0370-3. Epub 2019 Mar 13.",2019,0,"Patients/Addiction/Cocaine, Perception/Interoception/Cardiac",1,"19.60+-2.62, 20.04+-2.28, 20.64+-2.96",1,50,0,"EEG",128,"na","na","1024","256","biosemi128","layout",,"2","Lead II","unknown","unknown","1024","unknown","unknown","unknown","Automatic","Derivative sign","Peakfinder","unknown","Linked Mastoids","0.5","30",1,0,"Eye movements","","","","","Noisy Epochs","D4, D3, C24","na",2,1,"unknown","Primary","R-peak","300","800","-200","0","Group/Condition Differences","Amplitude",1,0,"t-test",1,"5000","1","D4, D3, C24","R-peak","650","750","HR, LF/HF",""
30867552,"10.1038/s41386-019-0370-3",,"","Multimodal neurocognitive markers of interoceptive tuning in smoked cocaine","de la Fuente A, Sedeño L, Vignaga SS, Ellmann C, Sonzogni S, Belluscio L, García-Cordero I, Castagnaro E, Boano M, Cetkovich M, Torralva T, Cánepa ET, Tagliazucchi E, Garcia AM, Ibañez A.","Neuropsychopharmacology. 2019 Jul;44(8):1425-1434. doi: 10.1038/s41386-019-0370-3. Epub 2019 Mar 13.",2019,0,"Patients/Addiction/Cocaine, Perception/Interoception/Cardiac",1,"19.60+-2.62, 20.04+-2.28, 20.64+-2.96",1,50,0,"EEG",128,"na","na","1024","256","biosemi128","layout",,"2","Lead II","unknown","unknown","1024","unknown","unknown","unknown","Automatic","Derivative sign","Peakfinder","unknown","Linked Mastoids","0.5","30",1,0,"Eye movements","","","","","Noisy Epochs","C18, C19, C20","na",2,1,"unknown","Primary","R-peak","300","800","-200","0","Group/Condition Differences","Amplitude",1,0,"t-test",1,"5000","1","C18, C19, C20","R-peak","650","750","HR, LF/HF",""
30826212,"10.1016/j.tics.2019.02.002",0,"Review","Coupling Inner and Outer Body for Self-Consciousness","Park HD, Blanke O.","Trends Cogn Sci. 2019 May;23(5):377-388. doi: 10.1016/j.tics.2019.02.002. Epub 2019 Feb 27.",2019,,"",,"",,,,"",,"","","","","","","","","","","","","","","","","","","","","","",,,"","","","","","","","",,,"","","","","","","","","",,,"",,"","","","","","","",""
30776528,"10.1016/j.neuroimage.2019.02.032",1,"Consider","I feel what I do: Relating interoceptive processes and reward-related behavior","Marshall AC, Gentsch A, Blum AL, Broering C, Schütz-Bosbach S.","Neuroimage. 2019 May 1;191:315-324. doi: 10.1016/j.neuroimage.2019.02.032. Epub 2019 Feb 16.",2019,0,"Perception/Interoception/Cardiac, Cognitive processes/Prediction, Motor/Motor planning, Motor/Motor execution, Evoked responses/Contingent negative variation (CNV)",0,"26.96+-4.67",1,27,0,"EEG",64,"na","na","500","unknown","standard61","Fp1, Fp2, F7, F3, Fz, F4, F8, T7, C3, Cz, C4, T8, P7, P3, Pz, P4, P8, O1, O2, FT9, FC5, FC1, FC2, FC6, FT10, CP5, CP1, CP2, CP6, Oz, AF7, AF3, AFz, AF4, AF8, F5, F1, F2, F6, FT7, FC3, FCz, FC4, FT8, C5, C1, C2, C6, TP7, CP3, CPz, CP4, TP8, P9, P5, P1, P2, P6, P10, PO9, PO7, PO3, POz, PO4, PO8, PO10",,"2","Unclassified","Left clavicle, Left chest","Right clavicle","500","unknown","1","40","Semi-automatic","Niazy2005","FMRIB","unknown","Laplacian reference","0.1","40",1,0,"CFA, Eye movements","2-4","Manual","Topography, time course","CSD","","All","na",1,2,"96","Primary","R-peak","-100","600","-100","0","Group/Condition Differences","Amplitude",0,0,"F-test",1,"1000","1","C1, Cz, C2, CPz, CP2","R-peak","200","300","Surrogate heartbeats, ECG, Respiration",""
30776528,"10.1016/j.neuroimage.2019.02.032",,"","I feel what I do: Relating interoceptive processes and reward-related behavior","Marshall AC, Gentsch A, Blum AL, Broering C, Schütz-Bosbach S.","Neuroimage. 2019 May 1;191:315-324. doi: 10.1016/j.neuroimage.2019.02.032. Epub 2019 Feb 16.",2019,0,"Perception/Interoception/Cardiac, Cognitive processes/Prediction, Motor/Motor planning, Motor/Motor execution, Evoked responses/Contingent negative variation (CNV)",0,"26.96+-4.67",1,27,0,"EEG",64,"na","na","500","unknown","standard61","Fp1, Fp2, F7, F3, Fz, F4, F8, T7, C3, Cz, C4, T8, P7, P3, Pz, P4, P8, O1, O2, FT9, FC5, FC1, FC2, FC6, FT10, CP5, CP1, CP2, CP6, Oz, AF7, AF3, AFz, AF4, AF8, F5, F1, F2, F6, FT7, FC3, FCz, FC4, FT8, C5, C1, C2, C6, TP7, CP3, CPz, CP4, TP8, P9, P5, P1, P2, P6, P10, PO9, PO7, PO3, POz, PO4, PO8, PO10",,"2","Unclassified","Left clavicle, Left chest","Right clavicle","500","unknown","1","40","Semi-automatic","Niazy2005","FMRIB","unknown","Laplacian reference","0.1","40",1,0,"CFA, Eye movements","2-4","Manual","Topography, time course","CSD","","C1, Cz, C2, CPz, CP2","na",1,3,"96","Secondary","R-peak","200","300","-100","0","Group/Condition Differences","Amplitude",1,1,"Regression",0,"","0","","","","","Surrogate heartbeats, ECG, Respiration",""
30742980,"10.1016/j.neuroimage.2019.02.021",0,"Not Related to HER","Investigating the variability of cardiac pulse artifacts across heartbeats in simultaneous EEG-fMRI recordings: A 7T study","Jorge J, Bouloc C, Bréchet L, Michel CM, Gruetter R.","Neuroimage. 2019 May 1;191:21-35. doi: 10.1016/j.neuroimage.2019.02.021. Epub 2019 Feb 8.",2019,,"",,"",,,,"",,"","","","","","","","","","","","","","","","","","","","","","",,,"","","","","","","","",,,"","","","","","","","","",,,"",,"","","","","","","",""
30739843,"10.1016/j.nicl.2019.101701",1,"Consider","Increased heartbeat-evoked potential during REM sleep in nightmare disorder","Perogamvros L, Park HD, Bayer L, Perrault AA, Blanke O, Schwartz S.","Neuroimage Clin. 2019;22:101701. doi: 10.1016/j.nicl.2019.101701. Epub 2019 Jan 29.",2019,0,"Patients/Sleep/Nightmare disorder, Sleep/REM, Affective processes/Arousal",1,"34+-9.3, 33+-9.2",1,22,1,"EEG",19,"na","na","512","256","standard19","Fp1, Fp2, F7, F3, Fz, F4, F8, T3, C3, Cz, C4, T4, T5, P3, Pz, P4, T6, O1, O2",,"2","unknown","unknown","unknown","512","256","1","40","Automatic","Template matching","unknown","Fpz","Common average","1","40",1,0,"Eye movements, Blinks","","","","","Noisy Epochs","Fp1, Fp2, F3, F4, F7, F8, C3, C4, P3, P4, O1, O2, T3, T4, T5, T6, Fz, Cz, Pz","na",2,1,"[est256]","Primary","R-peak","200","600","unknown","unknown","Group/Condition Differences","Amplitude",0,0,"t-test",1,"1000","1","Fp2, Fz, F4, F8","R-peak","449","504","ECG, RR, SDNN, Surrogate heartbeats","est number of trials = 2819 (min. over conditions & groups) / 11 participants per group"
30739843,"10.1016/j.nicl.2019.101701",,"","Increased heartbeat-evoked potential during REM sleep in nightmare disorder","Perogamvros L, Park HD, Bayer L, Perrault AA, Blanke O, Schwartz S.","Neuroimage Clin. 2019;22:101701. doi: 10.1016/j.nicl.2019.101701. Epub 2019 Jan 29.",2019,0,"Patients/Sleep/Nightmare disorder, Sleep/REM, Affective processes/Arousal",1,"34+-9.3, 33+-9.2",1,22,1,"EEG",19,"na","na","512","256","standard19","Fp1, Fp2, F7, F3, Fz, F4, F8, T3, C3, Cz, C4, T4, T5, P3, Pz, P4, T6, O1, O2",,"2","unknown","unknown","unknown","512","256","1","40","Automatic","Template matching","unknown","Fpz","Common average","1","40",1,0,"Eye movements, Blinks","","","","","Noisy Epochs","Fp2, Fz, F4, F8","na",2,2,"[est256]","Secondary","R-peak","449","504","unknown","unknown","Group/Condition Differences","Amplitude",1,1,"t-test",0,"","1","","","","","","est number of trials = 2819 (min. over conditions & groups) / 11 participants per group"
30739843,"10.1016/j.nicl.2019.101701",,"","Increased heartbeat-evoked potential during REM sleep in nightmare disorder","Perogamvros L, Park HD, Bayer L, Perrault AA, Blanke O, Schwartz S.","Neuroimage Clin. 2019;22:101701. doi: 10.1016/j.nicl.2019.101701. Epub 2019 Jan 29.",2019,0,"Patients/Sleep/Nightmare disorder, Sleep/REM, Affective processes/Arousal",1,"34+-9.3, 33+-9.2",1,11,1,"EEG",19,"na","na","512","256","standard19","Fp1, Fp2, F7, F3, Fz, F4, F8, T3, C3, Cz, C4, T4, T5, P3, Pz, P4, T6, O1, O2",,"2","unknown","unknown","unknown","512","256","1","40","Automatic","Template matching","unknown","Fpz","Common average","1","40",1,0,"Eye movements, Blinks","","","","","Noisy Epochs","Fp2, Fz, F4, F8","na",1,1,"[est256]","Secondary","R-peak","449","504","unknown","unknown","Correlation","Amplitude",1,1,"Correlation",0,"","1","","","","","","est number of trials = 2819 (min. over conditions & groups) / 11 participants per group"
30738205,"10.1016/j.neuroimage.2019.02.012",1,"Consider","Neural responses to heartbeats distinguish self from other during imagination","Babo-Rebelo M, Buot A, Tallon-Baudry C.","Neuroimage. 2019 May 1;191:10-20. doi: 10.1016/j.neuroimage.2019.02.012. Epub 2019 Feb 7.",2019,0,"Cognitive processes/Self-other distinction, Perception/Interoception/Cardiac",0,"24.3+-0.6",1,23,0,"MEG",306,"204","102","1000","unknown","Elekta","na",,"7","Multiple leads","Left clavicle, Right clavicle, Left shoulder, Right shoulder, Sternum","Neck","unknown","unknown","0.5","40","Semi-automatic","Template matching","unknown","na","na","0.5","30",1,1,"CFA, Eye movements, Muscle","0-2","Automatic","Phase consistency","","","na","Magnetometers",2,1,"189.1+-5.94","Primary","T-peak","80","350","unknown","unknown","Group/Condition Differences","Amplitude",0,0,"t-test",1,"10000","1","na","T-peak","307","326","Arousal, Interoception, Daydreaming, RR, HRV, Surrogate heartbeats, Pupil diameter, HR, ECG",""
30738205,"10.1016/j.neuroimage.2019.02.012",,"","Neural responses to heartbeats distinguish self from other during imagination","Babo-Rebelo M, Buot A, Tallon-Baudry C.","Neuroimage. 2019 May 1;191:10-20. doi: 10.1016/j.neuroimage.2019.02.012. Epub 2019 Feb 7.",2019,0,"Cognitive processes/Self-other distinction, Perception/Interoception/Cardiac",0,"24.3+-0.6",1,23,0,"MEG",306,"204","102","1000","unknown","Elekta","na",,"7","Multiple leads","Left clavicle, Right clavicle, Left shoulder, Right shoulder, Sternum","Neck","unknown","unknown","0.5","40","Semi-automatic","Template matching","unknown","na","na","0.5","30",1,1,"CFA, Eye movements, Muscle","0-2","Automatic","Phase consistency","","","na","Magnetometers",1,1,"189.1+-5.94","Secondary","T-peak","307","326","unknown","unknown","Correlation","Amplitude",1,1,"Correlation",1,"10000","1","na","T-peak","307","326","Arousal, Interoception, Daydreaming, RR, HRV, Surrogate heartbeats, Pupil diameter",""
30738205,"10.1016/j.neuroimage.2019.02.012",,"","Neural responses to heartbeats distinguish self from other during imagination","Babo-Rebelo M, Buot A, Tallon-Baudry C.","Neuroimage. 2019 May 1;191:10-20. doi: 10.1016/j.neuroimage.2019.02.012. Epub 2019 Feb 7.",2019,0,"Cognitive processes/Self-other distinction, Perception/Interoception/Cardiac",0,"24.3+-0.6",1,23,0,"MEG",306,"204","102","1000","unknown","Elekta","na",,"7","Multiple leads","Left clavicle, Right clavicle, Left shoulder, Right shoulder, Sternum","Neck","unknown","unknown","0.5","40","Semi-automatic","Template matching","unknown","na","na","0.5","30",1,1,"CFA, Eye movements, Muscle","0-2","Automatic","Phase consistency","","","na","Magnetometers",1,6,"189.1+-5.94","Secondary","T-peak","80","350","unknown","unknown","Group/Condition Differences","Amplitude",1,1,"Regression",0,"","1","","","","","",""
30674995,"10.1038/s41598-018-36498-7",1,"Consider","Sad faces increase the heartbeat-associated interoceptive information flow within the salience network: a MEG study","Kim J, Park HD, Kim KW, Shin DW, Lim S, Kwon H, Kim MY, Kim K, Jeong B.","Sci Rep. 2019 Jan 23;9(1):430. doi: 10.1038/s41598-018-36498-7.",2019,0,"Perception/Exteroception/Visual/Emotion recognition",0,"24.03+-3.28",1,32,0,"MEG",152,"152","0","1024","unknown","KRISS","na",,"unknown","unknown","unknown","unknown","unknown","unknown","unknown","unknown","unknown","PanTompkins1985","unknown","na","na","1","30",1,0,"CFA, Eye movements","2.23","Automatic","Time course, Power spectrum, Correlation","RR at least 600 ms","Noisy epochs","na","All",1,2,"114","Primary","R-peak","200","600","-150","0","Group/Condition Differences","Amplitude",0,0,"t-test",1,"2000","1","na","R-peak","494","504","ECG, RR, Surrogate heartbeats",""
30610654,"10.3758/s13415-018-00681-0",0,"Not Related to HER","Phenomenal, bodily and brain correlates of fictional reappraisal as an implicit emotion regulation strategy","Makowski D, Sperduti M, Pelletier J, Blondé P, La Corte V, Arcangeli M, Zalla T, Lemaire S, Dokic J, Nicolas S, Piolino P.","Cogn Affect Behav Neurosci. 2019 Aug;19(4):877-897. doi: 10.3758/s13415-018-00681-0.",2019,,"",,"",,,,"",,"","","","","","","","","","","","","","","","","","","","","","",,,"","","","","","","","",,,"","","","","","","","","",,,"",,"","","","","","","",""
30476520,"10.1016/j.biopsycho.2018.11.009",0,"Not Related to HER","Sympathetic responding to unconditioned stimuli predicts subsequent threat expectancy, orienting, and visuocortical bias in human aversive Pavlovian conditioning","Gruss LF, Keil A.","Biol Psychol. 2019 Jan;140:64-74. doi: 10.1016/j.biopsycho.2018.11.009. Epub 2018 Nov 23.",2019,,"",,"",,,,"",,"","","","","","","","","","","","","","","","","","","","","","",,,"","","","","","","","",,,"","","","","","","","","",,,"",,"","","","","","","",""
30472370,"10.1016/j.neuroimage.2018.11.037",1,"Consider","Focus of attention modulates the heartbeat evoked potential","Petzschner FH, Weber LA, Wellstein KV, Paolini G, Do CT, Stephan KE.","Neuroimage. 2019 Feb 1;186:595-606. doi: 10.1016/j.neuroimage.2018.11.037. Epub 2018 Nov 22.",2019,0,"Manipulation/Focus of attention, Perception/Interoception/Cardiac",0,"23.68+-3.61",1,19,0,"EEG",64,"na","na","500","250","standard61","Fp1, Fp2, F7, F3, Fz, F4, F8, T7, C3, Cz, C4, T8, P7, P3, Pz, P4, P8, O1, O2, FT9, FC5, FC1, FC2, FC6, FT10, TP9, CP5, CP1, CP2, CP6, TP10, Oz, AF7, AF3, AF4, AF8, F5, F1, F2, F6, FT7, FC3, FCz, FC4, FT8, C5, C1, C2, C6, TP7, CP3, CPz, CP4, TP8, P5, P1, P2, P6, PO7, PO3, POz, PO4, PO8",,"4","Multiple leads (Lead II)","Right clavicle, Left abdomen, Left clavicle, right abdomen","upper back","500","250","unknown","unknown","Automatic","Librow","Librow","Nose","unknown","0.3","30",0,,"","","","","RR at least 700 ms","","All","na",1,2,"unknown","Primary","R-peak","200","652","-100","0","Group/Condition Differences","Amplitude",0,0,"t-test",0,"0","1","C2","R-peak","524","620","ECG, HR",""
30472370,"10.1016/j.neuroimage.2018.11.037",,"","Focus of attention modulates the heartbeat evoked potential","Petzschner FH, Weber LA, Wellstein KV, Paolini G, Do CT, Stephan KE.","Neuroimage. 2019 Feb 1;186:595-606. doi: 10.1016/j.neuroimage.2018.11.037. Epub 2018 Nov 22.",2019,0,"Manipulation/Focus of attention, Perception/Interoception/Cardiac",0,"23.68+-3.61",1,19,0,"EEG",64,"na","na","500","250","standard61","Fp1, Fp2, F7, F3, Fz, F4, F8, T7, C3, Cz, C4, T8, P7, P3, Pz, P4, P8, O1, O2, FT9, FC5, FC1, FC2, FC6, FT10, TP9, CP5, CP1, CP2, CP6, TP10, Oz, AF7, AF3, AF4, AF8, F5, F1, F2, F6, FT7, FC3, FCz, FC4, FT8, C5, C1, C2, C6, TP7, CP3, CPz, CP4, TP8, P5, P1, P2, P6, PO7, PO3, POz, PO4, PO8",,"4","Multiple leads (Lead II)","Right clavicle, Left abdomen, Left clavicle, right abdomen","upper back","500","250","unknown","unknown","Automatic","Librow","Librow","Nose","unknown","0.3","30",0,,"","","","","RR at least 700 ms","","C2","na",1,1,"unknown","Secondary","R-peak","548","548","-100","0","Correlation","Amplitude",0,0,"Non-parametric comparison",0,"0","0","","","","","ECG, HR",""
30472370,"10.1016/j.neuroimage.2018.11.037",,"","Focus of attention modulates the heartbeat evoked potential","Petzschner FH, Weber LA, Wellstein KV, Paolini G, Do CT, Stephan KE.","Neuroimage. 2019 Feb 1;186:595-606. doi: 10.1016/j.neuroimage.2018.11.037. Epub 2018 Nov 22.",2019,0,"Manipulation/Focus of attention, Perception/Interoception/Cardiac",0,"23.68+-3.61",1,19,0,"EEG",64,"na","na","500","250","standard61","Fp1, Fp2, F7, F3, Fz, F4, F8, T7, C3, Cz, C4, T8, P7, P3, Pz, P4, P8, O1, O2, FT9, FC5, FC1, FC2, FC6, FT10, TP9, CP5, CP1, CP2, CP6, TP10, Oz, AF7, AF3, AF4, AF8, F5, F1, F2, F6, FT7, FC3, FCz, FC4, FT8, C5, C1, C2, C6, TP7, CP3, CPz, CP4, TP8, P5, P1, P2, P6, PO7, PO3, POz, PO4, PO8",,"4","Multiple leads (Lead II)","Right clavicle, Left abdomen, Left clavicle, right abdomen","upper back","500","250","unknown","unknown","Automatic","Librow","Librow","Nose","unknown","0.3","30",0,,"","","","","RR at least 700 ms","","C2","na",1,1,"unknown","Secondary","R-peak","548","548","-100","0","Correlation","Amplitude",0,0,"Regression",0,"0","1","","","","","ECG, HR",""
30303838,"10.1097/CCM.0000000000003470",0,"Not Related to HER","Late Awakening in Survivors of Postanoxic Coma: Early Neurophysiologic Predictors and Association With ICU and Long-Term Neurologic Recovery","Rey A, Rossetti AO, Miroz JP, Eckert P, Oddo M.","Crit Care Med. 2019 Jan;47(1):85-92. doi: 10.1097/CCM.0000000000003470.",2019,,"",,"",,,,"",,"","","","","","","","","","","","","","","","","","","","","","",,,"","","","","","","","",,,"","","","","","","","","",,,"",,"","","","","","","",""
30296402,"10.1016/j.physbeh.2018.10.005",0,"Not Related to HER","High-intensity interval exercise impairs neuroelectric indices of reinforcement-learning","Walsh JJ, Colino FL, Krigolson OE, Luehr S, Gurd BJ, Tschakovsky ME.","Physiol Behav. 2019 Jan 1;198:18-26. doi: 10.1016/j.physbeh.2018.10.005. Epub 2018 Oct 5.",2019,,"",,"",,,,"",,"","","","","","","","","","","","","","","","","","","","","","",,,"","","","","","","","",,,"","","","","","","","","",,,"",,"","","","","","","",""
30290212,"10.1016/j.biopsycho.2018.09.013",1,"Consider","The relationship between social anxiety and heartbeat evoked potential amplitude","Judah MR, Shurkova EY, Hager NM, White EJ, Taylor DL, Grant DM.","Biol Psychol. 2018 Nov;139:1-7. doi: 10.1016/j.biopsycho.2018.09.013. Epub 2018 Oct 2.",2018,0,"Affective processes/Anxiety",0,"19.3+-4.05",0,38,0,"EEG",32,"na","na","256","unknown","standard32","Fp1, Fp2, AF3, AF4, F7, F3, Fz, F4, F8, FC5, FC1, FC2, FC6, T7, C3, Cz, C4, T8, CP5, CP1, CP2, CP6, P7, P3, Pz, P4, P8, PO3, PO4, O1, Oz, O2",,"2","Lead II","Left abdomen, Right clavicle","unknown","256","unknown","unknown","unknown","unknown","unknown","unknown","CMS","Linked mastoids","0.1","30",1,0,"Eye Movements","","","","subtract/regress ECG from EEG, limit analysis to time of minimal artifact","","Fz","na",2,2,"3218+-702","Primary","R-peak","200","350","-200","0","Group/Condition Differences","Amplitude",0,1,"Anova",0,"0","1","","","","","HR, ECG, Anxiety",""
30290212,"10.1016/j.biopsycho.2018.09.013",,"","The relationship between social anxiety and heartbeat evoked potential amplitude","Judah MR, Shurkova EY, Hager NM, White EJ, Taylor DL, Grant DM.","Biol Psychol. 2018 Nov;139:1-7. doi: 10.1016/j.biopsycho.2018.09.013. Epub 2018 Oct 2.",2018,0,"Affective processes/Anxiety",0,"19.3+-4.05",0,38,0,"EEG",32,"na","na","256","unknown","standard32","Fp1, Fp2, AF3, AF4, F7, F3, Fz, F4, F8, FC5, FC1, FC2, FC6, T7, C3, Cz, C4, T8, CP5, CP1, CP2, CP6, P7, P3, Pz, P4, P8, PO3, PO4, O1, Oz, O2",,"2","Lead II","Left abdomen, Right clavicle","unknown","256","unknown","unknown","unknown","unknown","unknown","unknown","CMS","Linked mastoids","0.1","30",1,0,"Eye Movements","","","","subtract/regress ECG from EEG, limit analysis to time of minimal artifact","","Fz","na",1,1,"3218+-702","Primary","R-peak","200","350","-200","0","Correlation","Amplitude",0,1,"Correlation",0,"0","1","Fz","R-peak","223","305","",""
30267020,"10.1038/s41598-018-32781-9",0,"Not Related to HER","Excitability regulation in the dorsomedial prefrontal cortex during sustained instructed fear responses: a TMS-EEG study","Gonzalez-Escamilla G, Chirumamilla VC, Meyer B, Bonertz T, von Grotthus S, Vogt J, Stroh A, Horstmann JP, Tüscher O, Kalisch R, Muthuraman M, Groppa S.","Sci Rep. 2018 Sep 28;8(1):14506. doi: 10.1038/s41598-018-32781-9.",2018,,"",,"",,,,"",,"","","","","","","","","","","","","","","","","","","","","","",,,"","","","","","","","",,,"","","","","","","","","",,,"",,"","","","","","","",""
30188809,"10.1109/TBME.2018.2868759",0,"Not Related to HER","A Wearable Multi-Modal Bio-Sensing System Towards Real-World Applications","Siddharth, Patel AN, Jung TP, Sejnowski TJ.","IEEE Trans Biomed Eng. 2019 Apr;66(4):1137-1147. doi: 10.1109/TBME.2018.2868759. Epub 2018 Sep 4.",2019,,"",,"",,,,"",,"","","","","","","","","","","","","","","","","","","","","","",,,"","","","","","","","",,,"","","","","","","","","",,,"",,"","","","","","","",""
30159945,"10.1002/hbm.24352",1,"Consider","Affective interoceptive inference: Evidence from heart-beat evoked brain potentials","Gentsch A, Sel A, Marshall AC, Schütz-Bosbach S.","Hum Brain Mapp. 2019 Jan;40(1):20-33. doi: 10.1002/hbm.24352. Epub 2018 Aug 30.",2019,0,"Perception/Interoception/Cardiac",0,"23+-3.1",1,17,0,"EEG",63,"na","na","512","128","standard61","Fp1, Fp2, F7, F3, Fz, F4, F8, T7, C3, Cz, C4, T8, P7, P3, Pz, P4, P8, O1, O2, Fpz, FC5, FC1, FC2, FC6, CP5, CP1, CP2, CP6, Oz, AF7, AF3, AFz, AF4, AF8, F5, F1, F2, F6, FT7, FC3, FCz, FC4, FT8, C5, C1, C2, C6, TP7, CP3, CPz, CP4, TP8, P9, P5, P1, P2, P6, P10, PO7, PO3, POz, PO4, PO8, Iz",,"2","Unclassified","Left clavicle, Left Chest","unknown","512","unknown","0.16","100","Automatic","Niazy2005","FMRIB","CMS","Common average","1","40",1,1,"CFA, muscle","3","Semi-automatic","Time course, Topography, Power spectrum","","noisy epochs","All","na",1,2,"320","Primary","R-peak","100","600","-100","0","Group/Condition Differences","Amplitude",0,0,"t-test",1,"2500","1","Fz, F2, FCz, FC2, Cz","R-peak","200","300","ECG, surrogate heartbeats",""
30159945,"10.1002/hbm.24352",,"","Affective interoceptive inference: Evidence from heart-beat evoked brain potentials","Gentsch A, Sel A, Marshall AC, Schütz-Bosbach S.","Hum Brain Mapp. 2019 Jan;40(1):20-33. doi: 10.1002/hbm.24352. Epub 2018 Aug 30.",2019,0,"Perception/Interoception/Cardiac",0,"23+-3.1",1,17,0,"EEG",63,"na","na","512","128","standard61","Fp1, Fp2, F7, F3, Fz, F4, F8, T7, C3, Cz, C4, T8, P7, P3, Pz, P4, P8, O1, O2, Fpz, FC5, FC1, FC2, FC6, CP5, CP1, CP2, CP6, Oz, AF7, AF3, AFz, AF4, AF8, F5, F1, F2, F6, FT7, FC3, FCz, FC4, FT8, C5, C1, C2, C6, TP7, CP3, CPz, CP4, TP8, P9, P5, P1, P2, P6, P10, PO7, PO3, POz, PO4, PO8, Iz",,"2","Unclassified","Left clavicle, Left Chest","unknown","512","unknown","0.16","100","Automatic","Niazy2005","FMRIB","CMS","Common average","1","40",1,1,"CFA, muscle","3","Semi-automatic","Time course, Topography, Power spectrum","","noisy epochs","Fz, F2, FCz, FC2, Cz","na",1,1,"320","Secondary","R-peak","200","300","-100","0","Correlation","Amplitude",1,1,"Correlation",0,"","0","","","","","",""
30148395,"10.1037/dev0000499",0,"Not Related to HER","Effects of early adversity on neural mechanisms of distractor suppression are mediated by sympathetic nervous system activity in preschool-aged children","Giuliano RJ, Karns CM, Roos LE, Bell TA, Petersen S, Skowron EA, Neville HJ, Pakulak E.","Dev Psychol. 2018 Sep;54(9):1674-1686. doi: 10.1037/dev0000499.",2018,,"",,"",,,,"",,"","","","","","","","","","","","","","","","","","","","","","",,,"","","","","","","","",,,"","","","","","","","","",,,"",,"","","","","","","",""
30114382,"10.1016/j.jneumeth.2018.08.011",0,"Not Related to HER","CARE-rCortex: A Matlab toolbox for the analysis of CArdio-REspiratory-related activity in the Cortex","Grosselin F, Navarro-Sune X, Raux M, Similowski T, Chavez M.","J Neurosci Methods. 2018 Oct 1;308:309-316. doi: 10.1016/j.jneumeth.2018.08.011. Epub 2018 Aug 13.",2018,,"",,"",,,,"",,"","","","","","","","","","","","","","","","","","","","","","",,,"","","","","","","","",,,"","","","","","","","","",,,"",,"","","","","","","",""
30076770,"10.1002/hbm.24319",1,"Consider","Altered neural signatures of interoception in multiple sclerosis","Salamone PC, Esteves S, Sinay VJ, García-Cordero I, Abrevaya S, Couto B, Adolfi F, Martorell M, Petroni A, Yoris A, Torquati K, Alifano F, Legaz A, Cassará FP, Bruno D, Kemp AH, Herrera E, García AM, Ibáñez A, Sedeño L.","Hum Brain Mapp. 2018 Dec;39(12):4743-4754. doi: 10.1002/hbm.24319. Epub 2018 Aug 4.",2018,0,"Patients/Neurological/Multiple sclerosis, Perception/Interoception/Cardiac, Perception/Exteroception/Auditory/Heartbeat sounds, Manipulation/Focus of attention",1,"38.58+-10.03, 37.48+-12.46",1,80,0,"EEG",128,"na","na","1024","256","biosemi128","layout","8","unknown","unknown","unknown","unknown","unknown","unknown","unknown","unknown","Automatic","Derivative sign","Peakfinder","unknown","Linked mastoids","0.5","30",1,0,"CFA, Eye movements","","Manual","Time course","","noisy epochs","C27, C28, C31, C32","na",2,2,"unknown","Primary","R-peak","100","500","-200","0","Group/Condition Differences","Amplitude",1,0,"t-test",1,"","1","C27, C28, C31, C32","R-peak","100","500","",""
30076770,"10.1002/hbm.24319",,"","Altered neural signatures of interoception in multiple sclerosis","Salamone PC, Esteves S, Sinay VJ, García-Cordero I, Abrevaya S, Couto B, Adolfi F, Martorell M, Petroni A, Yoris A, Torquati K, Alifano F, Legaz A, Cassará FP, Bruno D, Kemp AH, Herrera E, García AM, Ibáñez A, Sedeño L.","Hum Brain Mapp. 2018 Dec;39(12):4743-4754. doi: 10.1002/hbm.24319. Epub 2018 Aug 4.",2018,0,"Patients/Neurological/Multiple sclerosis, Perception/Interoception/Cardiac, Perception/Exteroception/Auditory/Heartbeat sounds, Manipulation/Focus of attention",1,"38.58+-10.03, 37.48+-12.46",1,80,0,"EEG",128,"na","na","1024","256","biosemi128","layout","8","unknown","unknown","unknown","unknown","unknown","unknown","unknown","unknown","Automatic","Derivative sign","Peakfinder","unknown","Linked mastoids","0.5","30",1,0,"CFA, Eye movements","","Manual","Time course","","noisy epochs","C19, C20, C21, C22","na",2,2,"unknown","Primary","R-peak","100","500","-200","0","Group/Condition Differences","Amplitude",1,0,"t-test",1,"","1","C19, C20, C21, C22","R-peak","100","500","",""
30076770,"10.1002/hbm.24319",,"","Altered neural signatures of interoception in multiple sclerosis","Salamone PC, Esteves S, Sinay VJ, García-Cordero I, Abrevaya S, Couto B, Adolfi F, Martorell M, Petroni A, Yoris A, Torquati K, Alifano F, Legaz A, Cassará FP, Bruno D, Kemp AH, Herrera E, García AM, Ibáñez A, Sedeño L.","Hum Brain Mapp. 2018 Dec;39(12):4743-4754. doi: 10.1002/hbm.24319. Epub 2018 Aug 4.",2018,0,"Patients/Neurological/Multiple sclerosis, Perception/Interoception/Cardiac, Perception/Exteroception/Auditory/Heartbeat sounds, Manipulation/Focus of attention",1,"38.58+-10.03, 37.48+-12.46",1,80,0,"EEG",128,"na","na","1024","256","biosemi128","layout","8","unknown","unknown","unknown","unknown","unknown","unknown","unknown","unknown","Automatic","Derivative sign","Peakfinder","unknown","Linked mastoids","0.5","30",1,0,"CFA, Eye movements","","Manual","Time course","","noisy epochs","C9, C10, C14, C15","na",2,1,"unknown","Primary","R-peak","100","500","-200","0","Group/Condition Differences","Amplitude",1,0,"t-test",1,"","1","C9, C10, C14, C15","R-peak","100","500","",""
30076770,"10.1002/hbm.24319",,"","Altered neural signatures of interoception in multiple sclerosis","Salamone PC, Esteves S, Sinay VJ, García-Cordero I, Abrevaya S, Couto B, Adolfi F, Martorell M, Petroni A, Yoris A, Torquati K, Alifano F, Legaz A, Cassará FP, Bruno D, Kemp AH, Herrera E, García AM, Ibáñez A, Sedeño L.","Hum Brain Mapp. 2018 Dec;39(12):4743-4754. doi: 10.1002/hbm.24319. Epub 2018 Aug 4.",2018,0,"Patients/Neurological/Multiple sclerosis, Perception/Interoception/Cardiac, Perception/Exteroception/Auditory/Heartbeat sounds, Manipulation/Focus of attention",1,"38.58+-10.03, 37.48+-12.46",1,80,0,"EEG",128,"na","na","1024","256","biosemi128","layout","8","unknown","unknown","unknown","unknown","unknown","unknown","unknown","unknown","Automatic","Derivative sign","Peakfinder","unknown","Linked mastoids","0.5","30",1,0,"CFA, Eye movements","","Manual","Time course","","noisy epochs","All","na",2,1,"unknown","Primary","R-peak","100","500","-200","0","Group/Condition Differences","Amplitude",1,1,"t-test",1,"5000","1","unknown","R-peak","200","402","",""
30076770,"10.1002/hbm.24319",,"","Altered neural signatures of interoception in multiple sclerosis","Salamone PC, Esteves S, Sinay VJ, García-Cordero I, Abrevaya S, Couto B, Adolfi F, Martorell M, Petroni A, Yoris A, Torquati K, Alifano F, Legaz A, Cassará FP, Bruno D, Kemp AH, Herrera E, García AM, Ibáñez A, Sedeño L.","Hum Brain Mapp. 2018 Dec;39(12):4743-4754. doi: 10.1002/hbm.24319. Epub 2018 Aug 4.",2018,0,"Patients/Neurological/Multiple sclerosis, Perception/Interoception/Cardiac, Perception/Exteroception/Auditory/Heartbeat sounds, Manipulation/Focus of attention",1,"38.58+-10.03, 37.48+-12.46",1,80,0,"EEG",128,"na","na","1024","256","biosemi128","layout","8","unknown","unknown","unknown","unknown","unknown","unknown","unknown","unknown","Automatic","Derivative sign","Peakfinder","unknown","Linked mastoids","0.5","30",1,0,"CFA, Eye movements","","Manual","Time course","","noisy epochs","C27, C28, C31, C32","na",1,1,"unknown","Secondary","R-peak","200","250","-200","0","Correlation","Amplitude",1,1,"Correlation",0,"","1","","","","","",""
30056746,"10.1177/1550059418790717",0,"Not Related to HER","P300 and Heart Rate Variability Recorded Simultaneously in Meditation","Telles S, Singh D, Naveen KV, Pailoor S, Singh N, Pathak S.","Clin EEG Neurosci. 2019 May;50(3):161-171. doi: 10.1177/1550059418790717. Epub 2018 Jul 30.",2019,,"",,"",,,,"",,"","","","","","","","","","","","","","","","","","","","","","",,,"","","","","","","","",,,"","","","","","","","","",,,"",,"","","","","","","",""
29990070,"10.1109/JBHI.2017.2778140",0,"Not Related to HER","40-Hz ASSR for Measuring Depth of Anaesthesia During Induction Phase","Haghighi SJ, Komeili M, Hatzinakos D, Beheiry HE.","IEEE J Biomed Health Inform. 2018 Nov;22(6):1871-1882. doi: 10.1109/JBHI.2017.2778140. Epub 2017 Nov 28.",2018,,"",,"",,,,"",,"","","","","","","","","","","","","","","","","","","","","","",,,"","","","","","","","",,,"","","","","","","","","",,,"",,"","","","","","","",""
29944962,"10.1016/j.biopsycho.2018.06.007",1,"Consider","Interoception is associated with heartbeat-evoked brain potentials (HEPs) in adolescents","Mai S, Wong CK, Georgiou E, Pollatos O.","Biol Psychol. 2018 Sep;137:24-33. doi: 10.1016/j.biopsycho.2018.06.007. Epub 2018 Jun 23.",2018,0,"Perception/Interoception/Cardiac, Age group/Adolescents",0,"14.2+-1.6",1,46,1,"EEG",62,"na","na","1000","unknown","easycap-M10","layout","5","2","Unclassified","Right clavicle, left chest","unknown","1000","unknown","0.016","1000","Semi-automatic","unknown","unknown","Cz","unknown","0.05","20",1,0,"CFA, Eye movements","","Semi-automatic","Power spectrum, topography, time course","subtract/regress ECG from EEG","noisy epochs","Fp1, AF3, F1, F5, F7, F9, FT7, FT9, Fpz, AFz, Fz, Fp2, AF4, F2, F6, F8, F10, FT10, FT8, FC3, FC5, FCz, FC4, FC6, C1, C2, C3, C4, C5, C6, CP1, CP2, CP3, CP4, CP5, CP6, CPz, P1, P2, P5, P6, P7, P8, P9, P10, Pz, T7, T8, TP7, TP8, TP9, TP10, PO3, PO4, O1, O2, O9, O10, Oz","na",1,11,"unknown","Primary","R-peak","360","500","-200","0","Group/Condition Differences","Amplitude",1,1,"ANOVA",0,"","0","","","","","",""
29944962,"10.1016/j.biopsycho.2018.06.007",,"","Interoception is associated with heartbeat-evoked brain potentials (HEPs) in adolescents","Mai S, Wong CK, Georgiou E, Pollatos O.","Biol Psychol. 2018 Sep;137:24-33. doi: 10.1016/j.biopsycho.2018.06.007. Epub 2018 Jun 23.",2018,0,"Perception/Interoception/Cardiac, Age group/Adolescents",0,"14.2+-1.6",1,46,1,"EEG",62,"na","na","1000","unknown","easycap-M10","layout","5","2","Unclassified","Right clavicle, left chest","unknown","1000","unknown","0.016","1000","Semi-automatic","unknown","unknown","Cz","unknown","0.05","20",1,0,"CFA, Eye movements","","Semi-automatic","Power spectrum, topography, time course","subtract/regress ECG from EEG","noisy epochs","Fp1, AF3, F1, F5, F7, F9, FT7, FT9, Fpz, AFz, Fz, Fp2, AF4, F2, F6, F8, F10, FT10, FT8, FC3, FC5, FCz, FC4, FC6, C1, C2, C3, C4, C5, C6, CP1, CP2, CP3, CP4, CP5, CP6, CPz, P1, P2, P5, P6, P7, P8, P9, P10, Pz, T7, T8, TP7, TP8, TP9, TP10, PO3, PO4, O1, O2, O9, O10, Oz","na",1,2,"unknown","Primary","R-peak","360","500","-200","0","Group/Condition Differences","Amplitude",1,1,"t-test",0,"","1","","","","","",""
29944962,"10.1016/j.biopsycho.2018.06.007",,"","Interoception is associated with heartbeat-evoked brain potentials (HEPs) in adolescents","Mai S, Wong CK, Georgiou E, Pollatos O.","Biol Psychol. 2018 Sep;137:24-33. doi: 10.1016/j.biopsycho.2018.06.007. Epub 2018 Jun 23.",2018,0,"Perception/Interoception/Cardiac, Age group/Adolescents",0,"14.2+-1.6",1,46,1,"EEG",62,"na","na","1000","unknown","easycap-M10","layout","5","2","Unclassified","Right clavicle, left chest","unknown","1000","unknown","0.016","1000","Semi-automatic","unknown","unknown","Cz","unknown","0.05","20",1,0,"CFA, Eye movements","","Semi-automatic","Power spectrum, topography, time course","subtract/regress ECG from EEG","noisy epochs","Fp1, AF3, F1, F5, F7, F9, FT7, FT9, Fpz, AFz, Fz, Fp2, AF4, F2, F6, F8, F10, FT10, FT8, FC3, FC5, FCz, FC4, FC6, C1, C2, C3, C4, C5, C6, CP1, CP2, CP3, CP4, CP5, CP6, CPz, P1, P2, P5, P6, P7, P8, P9, P10, Pz, T7, T8, TP7, TP8, TP9, TP10, PO3, PO4, O1, O2, O9, O10, Oz","na",1,1,"unknown","Primary","R-peak","360","500","-200","0","Group/Condition Differences","Amplitude",1,1,"Correlation",0,"","1","","","","","",""
29935584,"10.1016/j.bja.2018.03.031",0,"Not Related to HER","Nociceptive activation in spinal cord and brain persists during deep general anaesthesia","Lichtner G, Auksztulewicz R, Velten H, Mavrodis D, Scheel M, Blankenburg F, von Dincklage F.","Br J Anaesth. 2018 Jul;121(1):291-302. doi: 10.1016/j.bja.2018.03.031.",2018,,"",,"",,,,"",,"","","","","","","","","","","","","","","","","","","","","","",,,"","","","","","","","",,,"","","","","","","","","",,,"",,"","","","","","","",""
29929061,"10.1016/j.cortex.2018.05.008",0,"Not Related to HER","Hypervigilance during anxiety and selective attention during fear: Using steady-state visual evoked potentials (ssVEPs) to disentangle attention mechanisms during predictable and unpredictable threat","Kastner-Dorn AK, Andreatta M, Pauli P, Wieser MJ.","Cortex. 2018 Sep;106:120-131. doi: 10.1016/j.cortex.2018.05.008. Epub 2018 May 21.",2018,,"",,"",,,,"",,"","","","","","","","","","","","","","","","","","","","","","",,,"","","","","","","","",,,"","","","","","","","","",,,"",,"","","","","","","",""
29915337,"10.1038/s41598-018-27698-2",0,"Not Related to HER","Cardio-visual full body illusion alters bodily self-consciousness and tactile processing in somatosensory cortex","Heydrich L, Aspell JE, Marillier G, Lavanchy T, Herbelin B, Blanke O.","Sci Rep. 2018 Jun 18;8(1):9230. doi: 10.1038/s41598-018-27698-2.",2018,,"",,"",,,,"",,"","","","","","","","","","","","","","","","","","","","","","",,,"","","","","","","","",,,"","","","","","","","","",,,"",,"","","","","","","",""
29868834,"10.1093/scan/nsy042",1,"Consider","Cardiac interoceptive learning is modulated by emotional valence perceived from facial expressions","Marshall AC, Gentsch A, Schröder L, Schütz-Bosbach S.","Soc Cogn Affect Neurosci. 2018 Sep 4;13(7):677-686. doi: 10.1093/scan/nsy042.",2018,0,"Perception/Interoception/Cardiac, Perception/Exteroception/Visual/Emotion recognition",0,"26.72+-4.53, 25.6+-4.96",1,25,0,"EEG",64,"na","na","500","unknown","standard61","Fp1, Fp2, F7, F3, Fz, F4, F8, T7, C3, Cz, C4, T8, P7, P3, Pz, P4, P8, O1, O2, FT9, FC5, FC1, FC2, FC6, FT10, TP9, P5, CP1, CP2, CP6, TP10, Oz, AF7, AF3, AFz, AF4, AF8, F5, F1, F2, F6, FT7, FC3, FCz, FC4, FT8, C5, C1, C2, C6, TP7, CP3, CPz, CP4, TP8, P5, P1, P2, P6, PO9, PO7, PO3, POz, PO4, PO8, PO10",,"2","Lead III","Left clavicle, Left chest","unknown","500","500","1","40","Automatic","Niazy2005","FMRIB","unknown","Laplacian reference","0.1","40",1,0,"CFA, Eye movements, Blinks","1.72","Manual","Topography, Time course, Power spectrum","CSD","","All","na",1,2,"104","Primary","R-peak","-100","600","-100","0","Group/Condition Differences","Amplitude",0,0,"F-test",0,"1000","1","F1, Fz, F2, FC1, FCz, FC2","R-peak","200","300","ECG, RR",""
29868834,"10.1093/scan/nsy042",,"","Cardiac interoceptive learning is modulated by emotional valence perceived from facial expressions","Marshall AC, Gentsch A, Schröder L, Schütz-Bosbach S.","Soc Cogn Affect Neurosci. 2018 Sep 4;13(7):677-686. doi: 10.1093/scan/nsy042.",2018,0,"Perception/Interoception/Cardiac, Perception/Exteroception/Visual/Emotion recognition",0,"26.72+-4.53, 25.6+-4.96",1,25,0,"EEG",64,"na","na","500","unknown","standard61","Fp1, Fp2, F7, F3, Fz, F4, F8, T7, C3, Cz, C4, T8, P7, P3, Pz, P4, P8, O1, O2, FT9, FC5, FC1, FC2, FC6, FT10, TP9, P5, CP1, CP2, CP6, TP10, Oz, AF7, AF3, AFz, AF4, AF8, F5, F1, F2, F6, FT7, FC3, FCz, FC4, FT8, C5, C1, C2, C6, TP7, CP3, CPz, CP4, TP8, P5, P1, P2, P6, PO9, PO7, PO3, POz, PO4, PO8, PO10",,"2","Lead III","Left clavicle, Left chest","unknown","500","500","1","40","Automatic","Niazy2005","FMRIB","unknown","Laplacian reference","0.1","40",1,0,"CFA, Eye movements, Blinks","1.72","Manual","Topography, Time course, Power spectrum","CSD","","F1, Fz, F2, FC1, FCz, FC2","na",1,2,"104","Secondary","R-peak","200","300","-100","0","Group/Condition Differences","Amplitude",1,1,"ANOVA",0,"","1","","","","","ECG, RR",""
29868834,"10.1093/scan/nsy042",,"","Cardiac interoceptive learning is modulated by emotional valence perceived from facial expressions","Marshall AC, Gentsch A, Schröder L, Schütz-Bosbach S.","Soc Cogn Affect Neurosci. 2018 Sep 4;13(7):677-686. doi: 10.1093/scan/nsy042.",2018,0,"Perception/Interoception/Cardiac, Perception/Exteroception/Visual/Emotion recognition",0,"26.72+-4.53, 25.6+-4.96",1,25,0,"EEG",64,"na","na","500","unknown","standard61","Fp1, Fp2, F7, F3, Fz, F4, F8, T7, C3, Cz, C4, T8, P7, P3, Pz, P4, P8, O1, O2, FT9, FC5, FC1, FC2, FC6, FT10, TP9, P5, CP1, CP2, CP6, TP10, Oz, AF7, AF3, AFz, AF4, AF8, F5, F1, F2, F6, FT7, FC3, FCz, FC4, FT8, C5, C1, C2, C6, TP7, CP3, CPz, CP4, TP8, P5, P1, P2, P6, PO9, PO7, PO3, POz, PO4, PO8, PO10",,"2","Lead III","Left clavicle, Left chest","unknown","500","500","1","40","Automatic","Niazy2005","FMRIB","unknown","Laplacian reference","0.1","40",1,0,"CFA, Eye movements, Blinks","1.72","Manual","Topography, Time course, Power spectrum","CSD","","F1, Fz, F2, FC1, FCz, FC2","na",1,2,"104","Secondary","R-peak","200","300","-100","0","Group/Condition Differences","Amplitude",1,1,"Correlation",0,"","1","","","","","ECG, RR",""
29782969,"10.1016/j.biopsycho.2018.05.007",0,"Not Related to HER","Electroencephalographic and cardiovascular markers of vulnerability within families of suicidal adolescents: A pilot study","Kaufman EA, Crowell SE, Coleman J, Puzia ME, Gray DD, Strayer DL.","Biol Psychol. 2018 Jul;136:46-56. doi: 10.1016/j.biopsycho.2018.05.007. Epub 2018 May 18.",2018,,"",,"",,,,"",,"","","","","","","","","","","","","","","","","","","","","","",,,"","","","","","","","",,,"","","","","","","","","",,,"",,"","","","","","","",""
29782873,"10.1016/j.neuropsychologia.2018.05.015",0,"Not Related to HER","Sleep divergently affects cognitive and automatic emotional response in children","Bolinger E, Born J, Zinke K.","Neuropsychologia. 2018 Aug;117:84-91. doi: 10.1016/j.neuropsychologia.2018.05.015. Epub 2018 May 19.",2018,,"",,"",,,,"",,"","","","","","","","","","","","","","","","","","","","","","",,,"","","","","","","","",,,"","","","","","","","","",,,"",,"","","","","","","",""
29742028,"10.1152/jn.00128.2018",0,"Not Related to HER","Learning by heart: cardiac cycle reveals an effective time window for learning","Waselius T, Wikgren J, Halkola H, Penttonen M, Nokia MS.","J Neurophysiol. 2018 Aug 1;120(2):830-838. doi: 10.1152/jn.00128.2018. Epub 2018 May 9.",2018,,"",,"",,,,"",,"","","","","","","","","","","","","","","","","","","","","","",,,"","","","","","","","",,,"","","","","","","","","",,,"",,"","","","","","","",""
29715704,"10.1055/s-0038-1642611",0,"Not Related to HER","Benefits and Risks of Prophylactic Cerebrospinal Fluid Catheter and Evoked Potential Monitoring in Symptomatic Spinal Cord Ischemia Low-Risk Thoracic Endovascular Aortic Repair","Maier S, Shcherbakova M, Beyersdorf F, Benk C, Kari FA, Siepe M, Czerny M, Rylski B.","Thorac Cardiovasc Surg. 2019 Aug;67(5):379-384. doi: 10.1055/s-0038-1642611. Epub 2018 May 1.",2019,,"",,"",,,,"",,"","","","","","","","","","","","","","","","","","","","","","",,,"","","","","","","","",,,"","","","","","","","","",,,"",,"","","","","","","",""
29693214,"10.3758/s13415-018-0596-2",0,"Not Related to HER","Transcutaneous vagus nerve stimulation (tVNS) enhances conflict-triggered adjustment of cognitive control","Fischer R, Ventura-Bort C, Hamm A, Weymar M.","Cogn Affect Behav Neurosci. 2018 Aug;18(4):680-693. doi: 10.3758/s13415-018-0596-2.",2018,,"",,"",,,,"",,"","","","","","","","","","","","","","","","","","","","","","",,,"","","","","","","","",,,"","","","","","","","","",,,"",,"","","","","","","",""
29624675,"10.1111/psyp.13079",0,"Not Related to HER","Parasympathetic and sympathetic activity are associated with individual differences in neural indices of selective attention in adults","Giuliano RJ, Karns CM, Bell TA, Petersen S, Skowron EA, Neville HJ, Pakulak E.","Psychophysiology. 2018 Aug;55(8):e13079. doi: 10.1111/psyp.13079. Epub 2018 Apr 6.",2018,,"",,"",,,,"",,"","","","","","","","","","","","","","","","","","","","","","",,,"","","","","","","","",,,"","","","","","","","","",,,"",,"","","","","","","",""
29596153,"10.1097/WNR.0000000000001019",0,"Not Related to HER","The neural underpinnings of music listening under different attention conditions","Jäncke L, Leipold S, Burkhard A.","Neuroreport. 2018 May 2;29(7):594-604. doi: 10.1097/WNR.0000000000001019.",2018,,"",,"",,,,"",,"","","","","","","","","","","","","","","","","","","","","","",,,"","","","","","","","",,,"","","","","","","","","",,,"",,"","","","","","","",""
29525680,"10.1016/j.concog.2018.02.011",0,"Not Related to HER","I see neither your Fear, nor your Sadness - Interoception in adolescents","Georgiou E, Mai S, Fernandez KC, Pollatos O.","Conscious Cogn. 2018 Apr;60:52-61. doi: 10.1016/j.concog.2018.02.011.",2018,,"",,"",,,,"",,"","","","","","","","","","","","","","","","","","","","","","",,,"","","","","","","","",,,"","","","","","","","","",,,"",,"","","","","","","",""
29447999,"10.1016/j.resuscitation.2018.02.009",1,"Consider","Late heartbeat-evoked potentials are associated with survival after cardiac arrest","Schulz A, Stammet P, Dierolf AM, Vögele C, Beyenburg S, Werer C, Devaux Y.","Resuscitation. 2018 May;126:7-13. doi: 10.1016/j.resuscitation.2018.02.009. Epub 2018 Feb 12.",2018,0,"Patients/Cardiovascular/Cardiac arrest",1,"67.1+-12.1, 53.0+-15.7",1,55,1,"EEG",14,"na","na","250","unknown","standard19","Fp1, Fp2, F3, F4, C3, C4, P3, P4, T3, T4, O1, O2, A1, A2","15","2","Lead II","unknown","unknown","250","unknown","0.1","70","unknown","unknown","unknown","linked mastoids","unknown","1","35",0,,"","","","","","","All except C4","na",2,1,"1087+-384","Primary","R-peak","455","595","-200","0","Group/Condition Differences","Amplitude",1,1,"ANOVA",0,"","0","","","","","HR, RMSSD, SDNN",""
29447999,"10.1016/j.resuscitation.2018.02.009",,"","Late heartbeat-evoked potentials are associated with survival after cardiac arrest","Schulz A, Stammet P, Dierolf AM, Vögele C, Beyenburg S, Werer C, Devaux Y.","Resuscitation. 2018 May;126:7-13. doi: 10.1016/j.resuscitation.2018.02.009. Epub 2018 Feb 12.",2018,0,"Patients/Cardiovascular/Cardiac arrest",1,"67.1+-12.1, 53.0+-15.7",1,55,1,"EEG",14,"na","na","250","unknown","standard19","Fp1, Fp2, F3, F4, C3, C4, P3, P4, T3, T4, O1, O2, A1, A2","15","2","Lead II","unknown","unknown","250","unknown","0.1","70","unknown","unknown","unknown","linked mastoids","unknown","1","35",0,,"","","","","","","All except C4","na",2,1,"1087+-384","Primary","R-peak","180","320","-200","0","Group/Condition Differences","Amplitude",1,1,"ANOVA",0,"","0","","","","","HR, RMSSD, SDNN",""
29447999,"10.1016/j.resuscitation.2018.02.009",,"","Late heartbeat-evoked potentials are associated with survival after cardiac arrest","Schulz A, Stammet P, Dierolf AM, Vögele C, Beyenburg S, Werer C, Devaux Y.","Resuscitation. 2018 May;126:7-13. doi: 10.1016/j.resuscitation.2018.02.009. Epub 2018 Feb 12.",2018,0,"Patients/Cardiovascular/Cardiac arrest",1,"67.1+-12.1, 53.0+-15.7",1,55,1,"EEG",14,"na","na","250","unknown","standard19","Fp1, Fp2, F3, F4, C3, C4, P3, P4, T3, T4, O1, O2, A1, A2","15","2","Lead II","unknown","unknown","250","unknown","0.1","70","unknown","unknown","unknown","linked mastoids","unknown","1","35",0,,"","","","","","","All except C4","na",2,1,"1087+-384","Primary","R-peak","860","1000","-200","0","Group/Condition Differences","Amplitude",1,1,"ANOVA",0,"","1","","","","","HR, RMSSD, SDNN",""
29382555,"10.1016/j.ijpsycho.2018.01.010",0,"Not Related to HER","Reliability and robustness of feedback-evoked brain-heart coupling after placebo, dopamine, and noradrenaline challenge","Lueckel M, Panitz C, Nater UM, Mueller EM.","Int J Psychophysiol. 2018 Oct;132(Pt B):298-310. doi: 10.1016/j.ijpsycho.2018.01.010. Epub 2018 Jan 31.",2018,,"",,"",,,,"",,"","","","","","","","","","","","","","","","","","","","","","",,,"","","","","","","","",,,"","","","","","","","","",,,"",,"","","","","","","",""
29271093,"10.1002/hbm.23933",1,"Consider","Multilevel convergence of interoceptive impairments in hypertension: New evidence of disrupted body-brain interactions","Yoris A, Abrevaya S, Esteves S, Salamone P, Lori N, Martorell M, Legaz A, Alifano F, Petroni A, Sánchez R, Sedeño L, García AM, Ibáñez A.","Hum Brain Mapp. 2018 Apr;39(4):1563-1581. doi: 10.1002/hbm.23933. Epub 2017 Dec 21.",2018,0,"Patients/Cardiovascular/Hypertension, Perception/Interoception/Cardiac, Manipulation/Focus of attention",1,"67.86+-9.09, 65.92+-7.51",1,50,0,"EEG",128,"na","na","1024","256","biosemi128","layout",,"2","unknown","unknown","unknown","unknown","unknown","unknown","unknown","unknown","unknown","unknown","Linked mastoids","Common average","0.3","50",1,1,"Eye movements","","","","limit analysis to time of minimal artifact","Noisy epochs","C3, C4, C5, C6, C7, C9, C10, C13, C14, C15, C26, C27, C28, C31, C32, D3, D4, D5, D6, D7, C11, C12, C18, C19, C20, C21, C22, C23, C24, C25","na",2,1,"[est300]","Primary","R-peak","200","500","-200","0","Group/Condition Differences","Amplitude",1,0,"t-test",1,"5000","1","C3, C4, C5, C6, C7, C9, C10, C13, C14, C15, C26, C27, C28, C31, C32, D3, D4, D5, D6, D7, C11, C12, C18, C19, C20, C21, C22, C23, C24, C25","R-peak","200","500","Age, Gender, BMI, Education, Handedness","est number of trials = 2 blocks * 2.5 min * 60 bpm per condition (internal/external)"
29199079,"10.1016/j.cub.2017.10.063",0,"Not Related to HER","Nociceptive Cortical Activity Is Dissociated from Nociceptive Behavior in Newborn Human Infants under Stress","Jones L, Fabrizi L, Laudiano-Dray M, Whitehead K, Meek J, Verriotis M, Fitzgerald M.","Curr Biol. 2017 Dec 18;27(24):3846-3851.e3. doi: 10.1016/j.cub.2017.10.063. Epub 2017 Nov 30.",2017,,"",,"",,,,"",,"","","","","","","","","","","","","","","","","","","","","","",,,"","","","","","","","",,,"","","","","","","","","",,,"",,"","","","","","","",""
29184095,"10.1038/s41598-017-16595-9",1,"Consider","Exteroceptive expectations modulate interoceptive processing: repetition-suppression effects for visual and heartbeat evoked potentials","Marshall AC, Gentsch A, Jelinčić V, Schütz-Bosbach S.","Sci Rep. 2017 Nov 28;7(1):16525. doi: 10.1038/s41598-017-16595-9.",2017,0,"Perception/Interoception/Cardiac, Perception/Exteroception/Visual",0,"25.3+-3.9, 26.7+-4.3",1,25,0,"EEG",64,"na","na","500","unknown","standard61","Fp1, Fp2, F7, F3, Fz, F4, F8, T7, C3, Cz, C4, T8, P7, P3, Pz, P4, P8, O1, O2, FC5, FC1, FCz, FC2, FC6, CP5, CP1, CP2, CP6, Oz, AF7, AF3, AF4, AF8, F5, F1, F2, F6, FT7, FC3, FC4, FT8, C5, C1, C2, C6, TP7, CP3, CPz, CP4, TP8, P5, P1, P2, P6, PO7, PO3, POz, PO4, PO8",,"2","Lead III","Left clavicle, Left chest","unknown","unknown","unknown","unknown","unknown","Automatic","Niazy2005","FMRIB","CMS","Laplacian reference","1","40",1,0,"Eye movements, Blinks, CFA","1.75","Manual","Time course, topography, power spectrum","CSD","","All","na",1,2,"unknown","Primary","R-peak","-100","0","-100","0","Group/Condition Differences","Amplitude",0,1,"F-test",0,"1000","0","","","","","ECG, RR, LF, HF, Surrogate heartbeats",""
29184095,"10.1038/s41598-017-16595-9",,"","Exteroceptive expectations modulate interoceptive processing: repetition-suppression effects for visual and heartbeat evoked potentials","Marshall AC, Gentsch A, Jelinčić V, Schütz-Bosbach S.","Sci Rep. 2017 Nov 28;7(1):16525. doi: 10.1038/s41598-017-16595-9.",2017,0,"Perception/Interoception/Cardiac, Perception/Exteroception/Visual",0,"25.3+-3.9, 26.7+-4.3",1,25,0,"EEG",64,"na","na","500","unknown","standard61","Fp1, Fp2, F7, F3, Fz, F4, F8, T7, C3, Cz, C4, T8, P7, P3, Pz, P4, P8, O1, O2, FC5, FC1, FCz, FC2, FC6, CP5, CP1, CP2, CP6, Oz, AF7, AF3, AF4, AF8, F5, F1, F2, F6, FT7, FC3, FC4, FT8, C5, C1, C2, C6, TP7, CP3, CPz, CP4, TP8, P5, P1, P2, P6, PO7, PO3, POz, PO4, PO8",,"2","Lead III","Left clavicle, Left chest","unknown","unknown","unknown","unknown","unknown","Automatic","Niazy2005","FMRIB","CMS","Laplacian reference","1","40",1,0,"Eye movements, Blinks, CFA","1.75","Manual","Time course, topography, power spectrum","CSD","","All","na",1,2,"unknown","Primary","R-peak","0","100","-100","0","Group/Condition Differences","Amplitude",0,1,"F-test",0,"1000","0","","","","","ECG, RR, LF, HF, Surrogate heartbeats",""
29184095,"10.1038/s41598-017-16595-9",,"","Exteroceptive expectations modulate interoceptive processing: repetition-suppression effects for visual and heartbeat evoked potentials","Marshall AC, Gentsch A, Jelinčić V, Schütz-Bosbach S.","Sci Rep. 2017 Nov 28;7(1):16525. doi: 10.1038/s41598-017-16595-9.",2017,0,"Perception/Interoception/Cardiac, Perception/Exteroception/Visual",0,"25.3+-3.9, 26.7+-4.3",1,25,0,"EEG",64,"na","na","500","unknown","standard61","Fp1, Fp2, F7, F3, Fz, F4, F8, T7, C3, Cz, C4, T8, P7, P3, Pz, P4, P8, O1, O2, FC5, FC1, FCz, FC2, FC6, CP5, CP1, CP2, CP6, Oz, AF7, AF3, AF4, AF8, F5, F1, F2, F6, FT7, FC3, FC4, FT8, C5, C1, C2, C6, TP7, CP3, CPz, CP4, TP8, P5, P1, P2, P6, PO7, PO3, POz, PO4, PO8",,"2","Lead III","Left clavicle, Left chest","unknown","unknown","unknown","unknown","unknown","Automatic","Niazy2005","FMRIB","CMS","Laplacian reference","1","40",1,0,"Eye movements, Blinks, CFA","1.75","Manual","Time course, topography, power spectrum","CSD","","All","na",1,2,"unknown","Primary","R-peak","100","200","-100","0","Group/Condition Differences","Amplitude",0,1,"F-test",0,"1000","0","","","","","ECG, RR, LF, HF, Surrogate heartbeats",""
29184095,"10.1038/s41598-017-16595-9",,"","Exteroceptive expectations modulate interoceptive processing: repetition-suppression effects for visual and heartbeat evoked potentials","Marshall AC, Gentsch A, Jelinčić V, Schütz-Bosbach S.","Sci Rep. 2017 Nov 28;7(1):16525. doi: 10.1038/s41598-017-16595-9.",2017,0,"Perception/Interoception/Cardiac, Perception/Exteroception/Visual",0,"25.3+-3.9, 26.7+-4.3",1,25,0,"EEG",64,"na","na","500","unknown","standard61","Fp1, Fp2, F7, F3, Fz, F4, F8, T7, C3, Cz, C4, T8, P7, P3, Pz, P4, P8, O1, O2, FC5, FC1, FCz, FC2, FC6, CP5, CP1, CP2, CP6, Oz, AF7, AF3, AF4, AF8, F5, F1, F2, F6, FT7, FC3, FC4, FT8, C5, C1, C2, C6, TP7, CP3, CPz, CP4, TP8, P5, P1, P2, P6, PO7, PO3, POz, PO4, PO8",,"2","Lead III","Left clavicle, Left chest","unknown","unknown","unknown","unknown","unknown","Automatic","Niazy2005","FMRIB","CMS","Laplacian reference","1","40",1,0,"Eye movements, Blinks, CFA","1.75","Manual","Time course, topography, power spectrum","CSD","","All","na",1,2,"unknown","Primary","R-peak","200","300","-100","0","Group/Condition Differences","Amplitude",0,1,"F-test",0,"1000","1","","","","","ECG, RR, LF, HF, Surrogate heartbeats",""
29184095,"10.1038/s41598-017-16595-9",,"","Exteroceptive expectations modulate interoceptive processing: repetition-suppression effects for visual and heartbeat evoked potentials","Marshall AC, Gentsch A, Jelinčić V, Schütz-Bosbach S.","Sci Rep. 2017 Nov 28;7(1):16525. doi: 10.1038/s41598-017-16595-9.",2017,0,"Perception/Interoception/Cardiac, Perception/Exteroception/Visual",0,"25.3+-3.9, 26.7+-4.3",1,25,0,"EEG",64,"na","na","500","unknown","standard61","Fp1, Fp2, F7, F3, Fz, F4, F8, T7, C3, Cz, C4, T8, P7, P3, Pz, P4, P8, O1, O2, FC5, FC1, FCz, FC2, FC6, CP5, CP1, CP2, CP6, Oz, AF7, AF3, AF4, AF8, F5, F1, F2, F6, FT7, FC3, FC4, FT8, C5, C1, C2, C6, TP7, CP3, CPz, CP4, TP8, P5, P1, P2, P6, PO7, PO3, POz, PO4, PO8",,"2","Lead III","Left clavicle, Left chest","unknown","unknown","unknown","unknown","unknown","Automatic","Niazy2005","FMRIB","CMS","Laplacian reference","1","40",1,0,"Eye movements, Blinks, CFA","1.75","Manual","Time course, topography, power spectrum","CSD","","All","na",1,2,"unknown","Primary","R-peak","300","400","-100","0","Group/Condition Differences","Amplitude",0,1,"F-test",0,"1000","0","","","","","ECG, RR, LF, HF, Surrogate heartbeats",""
29184095,"10.1038/s41598-017-16595-9",,"","Exteroceptive expectations modulate interoceptive processing: repetition-suppression effects for visual and heartbeat evoked potentials","Marshall AC, Gentsch A, Jelinčić V, Schütz-Bosbach S.","Sci Rep. 2017 Nov 28;7(1):16525. doi: 10.1038/s41598-017-16595-9.",2017,0,"Perception/Interoception/Cardiac, Perception/Exteroception/Visual",0,"25.3+-3.9, 26.7+-4.3",1,25,0,"EEG",64,"na","na","500","unknown","standard61","Fp1, Fp2, F7, F3, Fz, F4, F8, T7, C3, Cz, C4, T8, P7, P3, Pz, P4, P8, O1, O2, FC5, FC1, FCz, FC2, FC6, CP5, CP1, CP2, CP6, Oz, AF7, AF3, AF4, AF8, F5, F1, F2, F6, FT7, FC3, FC4, FT8, C5, C1, C2, C6, TP7, CP3, CPz, CP4, TP8, P5, P1, P2, P6, PO7, PO3, POz, PO4, PO8",,"2","Lead III","Left clavicle, Left chest","unknown","unknown","unknown","unknown","unknown","Automatic","Niazy2005","FMRIB","CMS","Laplacian reference","1","40",1,0,"Eye movements, Blinks, CFA","1.75","Manual","Time course, topography, power spectrum","CSD","","All","na",1,2,"unknown","Primary","R-peak","400","500","-100","0","Group/Condition Differences","Amplitude",0,1,"F-test",0,"1000","0","","","","","ECG, RR, LF, HF, Surrogate heartbeats",""
29184095,"10.1038/s41598-017-16595-9",,"","Exteroceptive expectations modulate interoceptive processing: repetition-suppression effects for visual and heartbeat evoked potentials","Marshall AC, Gentsch A, Jelinčić V, Schütz-Bosbach S.","Sci Rep. 2017 Nov 28;7(1):16525. doi: 10.1038/s41598-017-16595-9.",2017,0,"Perception/Interoception/Cardiac, Perception/Exteroception/Visual",0,"25.3+-3.9, 26.7+-4.3",1,25,0,"EEG",64,"na","na","500","unknown","standard61","Fp1, Fp2, F7, F3, Fz, F4, F8, T7, C3, Cz, C4, T8, P7, P3, Pz, P4, P8, O1, O2, FC5, FC1, FCz, FC2, FC6, CP5, CP1, CP2, CP6, Oz, AF7, AF3, AF4, AF8, F5, F1, F2, F6, FT7, FC3, FC4, FT8, C5, C1, C2, C6, TP7, CP3, CPz, CP4, TP8, P5, P1, P2, P6, PO7, PO3, POz, PO4, PO8",,"2","Lead III","Left clavicle, Left chest","unknown","unknown","unknown","unknown","unknown","Automatic","Niazy2005","FMRIB","CMS","Laplacian reference","1","40",1,0,"Eye movements, Blinks, CFA","1.75","Manual","Time course, topography, power spectrum","CSD","","All","na",1,2,"unknown","Primary","R-peak","500","600","-100","0","Group/Condition Differences","Amplitude",0,1,"F-test",0,"1000","0","","","","","ECG, RR, LF, HF, Surrogate heartbeats",""
29184095,"10.1038/s41598-017-16595-9",,"","Exteroceptive expectations modulate interoceptive processing: repetition-suppression effects for visual and heartbeat evoked potentials","Marshall AC, Gentsch A, Jelinčić V, Schütz-Bosbach S.","Sci Rep. 2017 Nov 28;7(1):16525. doi: 10.1038/s41598-017-16595-9.",2017,0,"Perception/Interoception/Cardiac, Perception/Exteroception/Visual",0,"25.3+-3.9, 26.7+-4.3",1,25,0,"EEG",64,"na","na","500","unknown","standard61","Fp1, Fp2, F7, F3, Fz, F4, F8, T7, C3, Cz, C4, T8, P7, P3, Pz, P4, P8, O1, O2, FC5, FC1, FCz, FC2, FC6, CP5, CP1, CP2, CP6, Oz, AF7, AF3, AF4, AF8, F5, F1, F2, F6, FT7, FC3, FC4, FT8, C5, C1, C2, C6, TP7, CP3, CPz, CP4, TP8, P5, P1, P2, P6, PO7, PO3, POz, PO4, PO8",,"2","Lead III","Left clavicle, Left chest","unknown","unknown","unknown","unknown","unknown","Automatic","Niazy2005","FMRIB","CMS","Laplacian reference","1","40",1,0,"Eye movements, Blinks, CFA","1.75","Manual","Time course, topography, power spectrum","CSD","","F1, Fz, F2, FC1, FCz, FC2","na",1,8,"unknown","Secondary","R-peak","200","300","-100","0","Group/Condition Differences","Amplitude",1,1,"ANOVA",0,"","1","","","","","",""
29184095,"10.1038/s41598-017-16595-9",,"","Exteroceptive expectations modulate interoceptive processing: repetition-suppression effects for visual and heartbeat evoked potentials","Marshall AC, Gentsch A, Jelinčić V, Schütz-Bosbach S.","Sci Rep. 2017 Nov 28;7(1):16525. doi: 10.1038/s41598-017-16595-9.",2017,0,"Perception/Interoception/Cardiac, Perception/Exteroception/Visual",0,"25.3+-3.9, 26.7+-4.3",1,25,0,"EEG",64,"na","na","500","unknown","standard61","Fp1, Fp2, F7, F3, Fz, F4, F8, T7, C3, Cz, C4, T8, P7, P3, Pz, P4, P8, O1, O2, FC5, FC1, FCz, FC2, FC6, CP5, CP1, CP2, CP6, Oz, AF7, AF3, AF4, AF8, F5, F1, F2, F6, FT7, FC3, FC4, FT8, C5, C1, C2, C6, TP7, CP3, CPz, CP4, TP8, P5, P1, P2, P6, PO7, PO3, POz, PO4, PO8",,"2","Lead III","Left clavicle, Left chest","unknown","unknown","unknown","unknown","unknown","Automatic","Niazy2005","FMRIB","CMS","Laplacian reference","1","40",1,0,"Eye movements, Blinks","","","","CSD","","F1, Fz, F2, FC1, FCz, FC2","na",1,8,"unknown","Secondary","R-peak","200","300","-100","0","Group/Condition Differences","Amplitude",1,1,"ANOVA",0,"","1","","","","","",""
29184095,"10.1038/s41598-017-16595-9",,"","Exteroceptive expectations modulate interoceptive processing: repetition-suppression effects for visual and heartbeat evoked potentials","Marshall AC, Gentsch A, Jelinčić V, Schütz-Bosbach S.","Sci Rep. 2017 Nov 28;7(1):16525. doi: 10.1038/s41598-017-16595-9.",2017,0,"Perception/Interoception/Cardiac, Perception/Exteroception/Visual",0,"25.3+-3.9, 26.7+-4.3",1,25,0,"EEG",64,"na","na","500","unknown","standard61","Fp1, Fp2, F7, F3, Fz, F4, F8, T7, C3, Cz, C4, T8, P7, P3, Pz, P4, P8, O1, O2, FC5, FC1, FCz, FC2, FC6, CP5, CP1, CP2, CP6, Oz, AF7, AF3, AF4, AF8, F5, F1, F2, F6, FT7, FC3, FC4, FT8, C5, C1, C2, C6, TP7, CP3, CPz, CP4, TP8, P5, P1, P2, P6, PO7, PO3, POz, PO4, PO8",,"2","Lead III","Left clavicle, Left chest","unknown","unknown","unknown","unknown","unknown","Automatic","Niazy2005","FMRIB","CMS","Laplacian reference","1","40",1,0,"Eye movements, Blinks, CFA","1.75","Manual","Time course, topography, power spectrum","CSD","","F1, Fz, F2, FC1, FCz, FC2","na",1,1,"unknown","Secondary","R-peak","200","300","-100","0","Correlation","Amplitude",1,1,"Correlation",0,"","0","","","","","",""
29184095,"10.1038/s41598-017-16595-9",,"","Exteroceptive expectations modulate interoceptive processing: repetition-suppression effects for visual and heartbeat evoked potentials","Marshall AC, Gentsch A, Jelinčić V, Schütz-Bosbach S.","Sci Rep. 2017 Nov 28;7(1):16525. doi: 10.1038/s41598-017-16595-9.",2017,0,"Perception/Interoception/Cardiac, Perception/Exteroception/Visual",0,"25.3+-3.9, 26.7+-4.3",1,25,0,"EEG",64,"na","na","500","unknown","standard61","Fp1, Fp2, F7, F3, Fz, F4, F8, T7, C3, Cz, C4, T8, P7, P3, Pz, P4, P8, O1, O2, FC5, FC1, FCz, FC2, FC6, CP5, CP1, CP2, CP6, Oz, AF7, AF3, AF4, AF8, F5, F1, F2, F6, FT7, FC3, FC4, FT8, C5, C1, C2, C6, TP7, CP3, CPz, CP4, TP8, P5, P1, P2, P6, PO7, PO3, POz, PO4, PO8",,"2","Lead III","Left clavicle, Left chest","unknown","unknown","unknown","unknown","unknown","Automatic","Niazy2005","FMRIB","CMS","Laplacian reference","1","40",1,0,"Eye movements, Blinks, CFA","1.75","Manual","Time course, topography, power spectrum","CSD","","F1, Fz, F2, FC1, FCz, FC2","na",1,1,"unknown","Secondary","R-peak","200","300","-100","0","Correlation","Amplitude",1,1,"t-test",0,"","1","","","","","",""
29097660,"10.1038/s41598-017-14138-w",0,"Not Related to HER","Acute Psychological Stress Disrupts Attentional Bias to Threat-Related Stimuli","Jiang C, Buchanan TW, Yao Z, Zhang K, Wu J, Zhang L.","Sci Rep. 2017 Nov 6;7(1):14607. doi: 10.1038/s41598-017-14138-w.",2017,,"",,"",,,,"",,"","","","","","","","","","","","","","","","","","","","","","",,,"","","","","","","","",,,"","","","","","","","","",,,"",,"","","","","","","",""
29089235,"10.1016/j.brs.2017.10.014",0,"Not Related to HER","Transcranial magnetic stimulation modulation of corticospinal excitability by targeting cortical I-waves with biphasic paired-pulses","Kallioniemi E, Savolainen P, Järnefelt G, Koskenkorva P, Karhu J, Julkunen P.","Brain Stimul. 2018 Mar-Apr;11(2):322-326. doi: 10.1016/j.brs.2017.10.014. Epub 2017 Oct 20.",2018,,"",,"",,,,"",,"","","","","","","","","","","","","","","","","","","","","","",,,"","","","","","","","",,,"","","","","","","","","",,,"",,"","","","","","","",""
29053180,"10.1111/cdev.12982",0,"Not Related to HER","Infant Visual Attention and Stimulus Repetition Effects on Object Recognition","Reynolds GD, Richards JE.","Child Dev. 2019 Jul;90(4):1027-1042. doi: 10.1111/cdev.12982. Epub 2017 Oct 20.",2019,,"",,"",,,,"",,"","","","","","","","","","","","","","","","","","","","","","",,,"","","","","","","","",,,"","","","","","","","","",,,"",,"","","","","","","",""
29028955,"10.1093/cercor/bhx237",0,"Not Related to HER","Gamma-Band Oscillations Preferential for Nociception can be Recorded in the Human Insula","Liberati G, Klöcker A, Algoet M, Mulders D, Maia Safronova M, Ferrao Santos S, Ribeiro Vaz JG, Raftopoulos C, Mouraux A.","Cereb Cortex. 2018 Oct 1;28(10):3650-3664. doi: 10.1093/cercor/bhx237.",2018,,"",,"",,,,"",,"","","","","","","","","","","","","","","","","","","","","","",,,"","","","","","","","",,,"","","","","","","","","",,,"",,"","","","","","","",""
29025323,"10.1177/1933719117734318",0,"Not Related to HER","Cardiovascular Autonomic Responses in the VCD Rat Model of Menopause: Effects of Short- and Long-Term Ovarian Failure","Huber DA, Bazilio D, Lorenzon F, Sehnem S, Pacheco L, Anselmo-Franci JA, Lima FB.","Reprod Sci. 2018 Jul;25(7):1093-1105. doi: 10.1177/1933719117734318. Epub 2017 Oct 12.",2018,,"",,"",,,,"",,"","","","","","","","","","","","","","","","","","","","","","",,,"","","","","","","","",,,"","","","","","","","","",,,"",,"","","","","","","",""
28972124,"10.1523/JNEUROSCI.2210-17.2017",0,"Not Related to HER","Activity Patterns Elicited by Airflow in the Olfactory Bulb and Their Possible Functions","Wu R, Liu Y, Wang L, Li B, Xu F.","J Neurosci. 2017 Nov 1;37(44):10700-10711. doi: 10.1523/JNEUROSCI.2210-17.2017. Epub 2017 Oct 2.",2017,,"",,"",,,,"",,"","","","","","","","","","","","","","","","","","","","","","",,,"","","","","","","","",,,"","","","","","","","","",,,"",,"","","","","","","",""
28947266,"10.1016/j.ijpsycho.2017.09.013",0,"Not Related to HER","Dynamics of defensive response mobilization during repeated terminations of exposure to increasing interoceptive threat","Benke C, Krause E, Hamm AO, Pané-Farré CA.","Int J Psychophysiol. 2018 Sep;131:44-56. doi: 10.1016/j.ijpsycho.2017.09.013. Epub 2017 Sep 23.",2018,,"",,"",,,,"",,"","","","","","","","","","","","","","","","","","","","","","",,,"","","","","","","","",,,"","","","","","","","","",,,"",,"","","","","","","",""
28927724,"10.1016/j.ijpsycho.2017.09.007",0,"Not Related to HER","Empirical evidence for the relationship between cognitive workload and attentional reserve","Jaquess KJ, Gentili RJ, Lo LC, Oh H, Zhang J, Rietschel JC, Miller MW, Tan YY, Hatfield BD.","Int J Psychophysiol. 2017 Nov;121:46-55. doi: 10.1016/j.ijpsycho.2017.09.007. Epub 2017 Sep 18.",2017,,"",,"",,,,"",,"","","","","","","","","","","","","","","","","","","","","","",,,"","","","","","","","",,,"","","","","","","","","",,,"",,"","","","","","","",""
28892566,"10.1002/ana.25045",0,"Not Related to HER","Brain-heart interactions reveal consciousness in noncommunicating patients","Raimondo F, Rohaut B, Demertzi A, Valente M, Engemann DA, Salti M, Fernandez Slezak D, Naccache L, Sitt JD.","Ann Neurol. 2017 Oct;82(4):578-591. doi: 10.1002/ana.25045. Epub 2017 Oct 11.",2017,,"",,"",,,,"",,"","","","","","","","","","","","","","","","","","","","","","",,,"","","","","","","","",,,"","","","","","","","","",,,"",,"","","","","","","",""
28784203,"10.7554/eLife.25318",1,"Consider","Neurobehavioral evidence of interoceptive sensitivity in early infancy","Maister L, Tang T, Tsakiris M.","Elife. 2017 Aug 8;6:e25318. doi: 10.7554/eLife.25318.",2017,0,"Age group/Infants, Methodology/Heartbeat-stimulus synchronicity, Perception/Interoception/Cardiac",0,"0.425+-0.025",1,22,0,"EEG",64,"na","na","1024","unknown","standard61","Fp1, Fp2, F7, F3, Fz, F4, F8, T7, C3, Cz, C4, T8, P7, P3, Pz, P4, P8, O1, O2, Fpz, FC5, FC1, FC2, FC6, CP5, CP1, CP2, CP6, Oz, AF7, AF3, AFz, AF4, AF8, F5, F1, F2, F6, FT7, FC3, FCz, FC4, FT8, C5, C1, C2, C6, TP7, CP3, CPz, CP4, TP8, P9, P5, P1, P2, P6, P10, PO7, PO3, POz, PO4, PO8, Iz",,"3","Multiple leads","Left clavicle, Right clavicle, Left abdomen","3-lead","1024","unknown","0.16","100","unknown","unknown","unknown","CMS","Common average","0.1","30",1,0,"Eye movements, CFA","","Automatic","Topography, CORRMAP","","Bad channels, Noisy epochs","All","na",1,2,"22+-14","Primary","R-peak","150","300","-200","-50","Group/Condition Differences","Amplitude",0,0,"t-test",1,"2000","1","F1, Fp1, Fp2, AF8, AF7, Fz, Fpz, AFz, F2, F4, F8","R-peak","150","300","ECG",""
28784203,"10.7554/eLife.25318",,"","Neurobehavioral evidence of interoceptive sensitivity in early infancy","Maister L, Tang T, Tsakiris M.","Elife. 2017 Aug 8;6:e25318. doi: 10.7554/eLife.25318.",2017,0,"Age group/Infants, Methodology/Heartbeat-stimulus synchronicity, Perception/Interoception/Cardiac",0,"0.425+-0.025",1,22,0,"EEG",64,"na","na","1024","unknown","standard61","Fp1, Fp2, F7, F3, Fz, F4, F8, T7, C3, Cz, C4, T8, P7, P3, Pz, P4, P8, O1, O2, Fpz, FC5, FC1, FC2, FC6, CP5, CP1, CP2, CP6, Oz, AF7, AF3, AFz, AF4, AF8, F5, F1, F2, F6, FT7, FC3, FCz, FC4, FT8, C5, C1, C2, C6, TP7, CP3, CPz, CP4, TP8, P9, P5, P1, P2, P6, P10, PO7, PO3, POz, PO4, PO8, Iz",,"3","Multiple leads","Left clavicle, Right clavicle, Left abdomen","3-lead","1024","unknown","0.16","100","unknown","unknown","unknown","CMS","Common average","0.1","30",1,0,"Eye movements, CFA","","Automatic","Topography, CORRMAP","","Bad channels, Noisy epochs","All","na",1,1,"22+-14","Primary","R-peak","150","300","-200","-50","Correlation","Amplitude",0,0,"Correlation",1,"2000","1","P2, POz, Pz","R-peak","206","272","ECG",""
28778551,"10.1016/j.physbeh.2017.07.032",1,"Consider","Brain responses and self-reported indices of interoception: Heartbeat evoked potentials are inversely associated with worrying about body sensations","Baranauskas M, Grabauskaitė A, Griškova-Bulanova I.","Physiol Behav. 2017 Oct 15;180:1-7. doi: 10.1016/j.physbeh.2017.07.032. Epub 2017 Aug 1.",2017,0,"Perception/Interoception/Cardiac",0,"24.03+-2.43",1,30,0,"EEG",16,"na","na","1024","unknown","standard19","Fp1, Fp2, F3, Fz, F4, C3, Cz, C4, P3, Pz, P4, O1, Oz, O2, M1, M2",,"2","Lead I","Right wrist, Left wrist","unknown","1024","unknown","0.3","30","Semi-automatic","PanTompkins1985","unknown","Cz","Linked mastoids","0.3","30",1,0,"Eye movements","","","","RR at least 750 ms, limit analysis to time of minimal artifact","Bad channels, Noisy epochs","F3, Fz, F4, C3, Cz, C4, P3, Pz, P4, O1, Oz, O2","na",1,1,"444+-111","Primary","R-peak","400","600","-200","-50","Correlation","Amplitude",0,0,"Correlation",1,"20000","1","Cz, C4, Pz, P4","R-peak","400","545","Sex, HRV",""
28769749,"10.3389/fnins.2017.00411",1,"Consider","Attention, in and Out: Scalp-Level and Intracranial EEG Correlates of Interoception and Exteroception","García-Cordero I, Esteves S, Mikulan EP, Hesse E, Baglivo FH, Silva W, García MDC, Vaucheret E, Ciraolo C, García HS, Adolfi F, Pietto M, Herrera E, Legaz A, Manes F, García AM, Sigman M, Bekinschtein TA, Ibáñez A, Sedeño L.","Front Neurosci. 2017 Jul 19;11:411. doi: 10.3389/fnins.2017.00411. eCollection 2017.",2017,0,"Perception/Interoception/Cardiac, Perception/Exteroception/Auditory/Heartbeat sounds",0,"36.5+-12.63",1,50,0,"EEG",128,"na","na","1024","256","biosemi128","layout",,"2","Lead II","unknown","unknown","1024","unknown","unknown","unknown","Automatic","Derivative sign","Peakfinder","CMS","Linked mastoids","0.5","30",1,0,"Eye movements, CFA","","Manual","Topography, time course","","noisy epochs","C3, C4, C5","na",1,2,"unknown","Primary","R-peak","100","500","unknown","unknown","Group/Condition Differences","Amplitude",1,0,"t-test",0,"5000","1","","","","","",""
28769749,"10.3389/fnins.2017.00411",,"","Attention, in and Out: Scalp-Level and Intracranial EEG Correlates of Interoception and Exteroception","García-Cordero I, Esteves S, Mikulan EP, Hesse E, Baglivo FH, Silva W, García MDC, Vaucheret E, Ciraolo C, García HS, Adolfi F, Pietto M, Herrera E, Legaz A, Manes F, García AM, Sigman M, Bekinschtein TA, Ibáñez A, Sedeño L.","Front Neurosci. 2017 Jul 19;11:411. doi: 10.3389/fnins.2017.00411. eCollection 2017.",2017,0,"Perception/Interoception/Cardiac, Perception/Exteroception/Auditory/Heartbeat sounds",0,"36.5+-12.63",1,50,0,"EEG",128,"na","na","1024","256","biosemi128","layout",,"2","Lead II","unknown","unknown","1024","unknown","unknown","unknown","Automatic","Derivative sign","Peakfinder","CMS","Linked mastoids","0.5","30",1,0,"Eye movements, CFA","","Manual","Topography, time course","","noisy epochs","C17, C18, C19","na",1,2,"unknown","Primary","R-peak","100","500","unknown","unknown","Group/Condition Differences","Amplitude",1,0,"t-test",0,"5000","1","","","","","",""
28769749,"10.3389/fnins.2017.00411",,"","Attention, in and Out: Scalp-Level and Intracranial EEG Correlates of Interoception and Exteroception","García-Cordero I, Esteves S, Mikulan EP, Hesse E, Baglivo FH, Silva W, García MDC, Vaucheret E, Ciraolo C, García HS, Adolfi F, Pietto M, Herrera E, Legaz A, Manes F, García AM, Sigman M, Bekinschtein TA, Ibáñez A, Sedeño L.","Front Neurosci. 2017 Jul 19;11:411. doi: 10.3389/fnins.2017.00411. eCollection 2017.",2017,0,"Perception/Interoception/Cardiac, Perception/Exteroception/Auditory/Heartbeat sounds",0,"36.5+-12.63",1,50,0,"EEG",128,"na","na","1024","256","biosemi128","layout",,"2","Lead II","unknown","unknown","1024","unknown","unknown","unknown","Automatic","Derivative sign","Peakfinder","CMS","Linked mastoids","0.5","30",1,0,"Eye movements, CFA","","Manual","Topography, time course","","noisy epochs","D3, D4, D5","na",1,2,"unknown","Primary","R-peak","100","500","unknown","unknown","Group/Condition Differences","Amplitude",1,0,"t-test",0,"5000","1","","","","","",""
28700538,"10.1097/j.pain.0000000000001010",0,"Not Related to HER","Autonomic responses to tonic pain are more closely related to stimulus intensity than to pain intensity","Nickel MM, May ES, Tiemann L, Postorino M, Ta Dinh S, Ploner M.","Pain. 2017 Nov;158(11):2129-2136. doi: 10.1097/j.pain.0000000000001010.",2017,,"",,"",,,,"",,"","","","","","","","","","","","","","","","","","","","","","",,,"","","","","","","","",,,"","","","","","","","","",,,"",,"","","","","","","",""
28669917,"10.1016/j.neuroimage.2017.06.064",0,"Not Related to HER","Interoceptive signals impact visual processing: Cardiac modulation of visual body perception","Ronchi R, Bernasconi F, Pfeiffer C, Bello-Ruiz J, Kaliuzhna M, Blanke O.","Neuroimage. 2017 Sep;158:176-185. doi: 10.1016/j.neuroimage.2017.06.064. Epub 2017 Jun 29.",2017,,"",,"",,,,"",,"","","","","","","","","","","","","","","","","","","","","","",,,"","","","","","","","",,,"","","","","","","","","",,,"",,"","","","","","","",""
28651745,"10.1016/j.cortex.2017.05.019",0,"Review","The neural monitoring of visceral inputs, rather than attention, accounts for first-person perspective in conscious vision","Tallon-Baudry C, Campana F, Park HD, Babo-Rebelo M.","Cortex. 2018 May;102:139-149. doi: 10.1016/j.cortex.2017.05.019. Epub 2017 Jun 3.",2018,,"",,"",,,,"",,"","","","","","","","","","","","","","","","","","","","","","",,,"","","","","","","","",,,"","","","","","","","","",,,"",,"","","","","","","",""
28591822,"10.1093/cercor/bhx136",0,"Intracranial recordings","Neural Sources and Underlying Mechanisms of Neural Responses to Heartbeats, and their Role in Bodily Self-consciousness: An Intracranial EEG Study","Park HD, Bernasconi F, Salomon R, Tallon-Baudry C, Spinelli L, Seeck M, Schaller K, Blanke O.","Cereb Cortex. 2018 Jul 1;28(7):2351-2364. doi: 10.1093/cercor/bhx136.",2018,,"",,"",,,,"",,"","","","","","","","","","","","","","","","","","","","","","",,,"","","","","","","","",,,"","","","","","","","","",,,"",,"","","","","","","",""
28560781,"10.1111/psyp.12894",1,"Consider","Attending to the heart is associated with posterior alpha band increase and a reduction in sensitivity to concurrent visual stimuli","Villena-González M, Moënne-Loccoz C, Lagos RA, Alliende LM, Billeke P, Aboitiz F, López V, Cosmelli D.","Psychophysiology. 2017 Oct;54(10):1483-1497. doi: 10.1111/psyp.12894. Epub 2017 May 31.",2017,0,"Manipulation/Focus of attention, Perception/Exteroception/Visual",0,"19-28",1,8,0,"EEG",64,"na","na","unknown","512","standard61","Fp1, Fp2, F7, F3, Fz, F4, F8, T7, C3, Cz, C4, T8, P7, P3, Pz, P4, P8, O1, O2, Fpz, FC5, FC1, FC2, FC6, CP5, CP1, CP2, CP6, Oz, AF7, AF3, AFz, AF4, AF8, F5, F1, F2, F6, FT7, FC3, FCz, FC4, FT8, C5, C1, C2, C6, TP7, CP3, CPz, CP4, TP8, P9, P5, P1, P2, P6, P10, PO7, PO3, POz, PO4, PO8, Iz",,"2","Unclassified","Left clavicle, Left chest","unknown","unknown","unknown","unknown","unknown","unknown","unknown","unknown","CMS","Linked mastoids","0.5","30",1,1,"CFA","","Semi-automatic","Topography, CORRMAP","","","C3, Cz, FCz, C4","na",1,2,"unknown","Primary","R-peak","350","450","-200","0","Group/Condition Differences","Amplitude",0,1,"ANOVA",0,"","1","","","","","HR",""
28560781,"10.1111/psyp.12894",,"","Attending to the heart is associated with posterior alpha band increase and a reduction in sensitivity to concurrent visual stimuli","Villena-González M, Moënne-Loccoz C, Lagos RA, Alliende LM, Billeke P, Aboitiz F, López V, Cosmelli D.","Psychophysiology. 2017 Oct;54(10):1483-1497. doi: 10.1111/psyp.12894. Epub 2017 May 31.",2017,0,"Manipulation/Focus of attention, Perception/Exteroception/Visual",0,"19-28",1,8,0,"EEG",64,"na","na","unknown","512","standard61","Fp1, Fp2, F7, F3, Fz, F4, F8, T7, C3, Cz, C4, T8, P7, P3, Pz, P4, P8, O1, O2, Fpz, FC5, FC1, FC2, FC6, CP5, CP1, CP2, CP6, Oz, AF7, AF3, AFz, AF4, AF8, F5, F1, F2, F6, FT7, FC3, FCz, FC4, FT8, C5, C1, C2, C6, TP7, CP3, CPz, CP4, TP8, P9, P5, P1, P2, P6, P10, PO7, PO3, POz, PO4, PO8, Iz",,"2","Unclassified","Left clavicle, Left chest","unknown","unknown","unknown","unknown","unknown","unknown","unknown","unknown","CMS","Linked mastoids","0.5","30",1,1,"CFA","","Semi-automatic","Topography, CORRMAP","","","C3, Cz, FCz, C4","na",1,2,"unknown","Primary","R-peak","450","550","-200","0","Group/Condition Differences","Amplitude",0,1,"ANOVA",0,"","1","","","","","HR",""
28539079,"10.1080/10253890.2017.1335300",0,"Not Related to HER","A cognitive stressor for event-related potential studies: the Portland arithmetic stress task","Atchley R, Ellingson R, Klee D, Memmott T, Oken B.","Stress. 2017 May;20(3):277-284. doi: 10.1080/10253890.2017.1335300. Epub 2017 Jun 19.",2017,,"",,"",,,,"",,"","","","","","","","","","","","","","","","","","","","","","",,,"","","","","","","","",,,"","","","","","","","","",,,"",,"","","","","","","",""
28497927,"10.23736/S1973-9087.17.04303-9",0,"Not Related to HER","The potential role of pain-related SSEPs in the early prognostication of long-term functional outcome in post-anoxic coma","Del Felice A, Bargellesi S, Linassi F, Scarpa B, Formaggio E, Boldrini P, Masiero S, Zanatta P.","Eur J Phys Rehabil Med. 2017 Dec;53(6):883-891. doi: 10.23736/S1973-9087.17.04303-9. Epub 2017 May 12.",2017,,"",,"",,,,"",,"","","","","","","","","","","","","","","","","","","","","","",,,"","","","","","","","",,,"","","","","","","","","",,,"",,"","","","","","","",""
28470675,"10.1002/ana.24943",0,"Not Related to HER","Early prediction of coma recovery after cardiac arrest with blinded pupillometry","Solari D, Rossetti AO, Carteron L, Miroz JP, Novy J, Eckert P, Oddo M.","Ann Neurol. 2017 Jun;81(6):804-810. doi: 10.1002/ana.24943. Epub 2017 Jun 2.",2017,,"",,"",,,,"",,"","","","","","","","","","","","","","","","","","","","","","",,,"","","","","","","","",,,"","","","","","","","","",,,"",,"","","","","","","",""
28406812,"10.1097/CCM.0000000000002337",0,"Not Related to HER","Electroencephalography Predicts Poor and Good Outcomes After Cardiac Arrest: A Two-Center Study","Rossetti AO, Tovar Quiroga DF, Juan E, Novy J, White RD, Ben-Hamouda N, Britton JW, Oddo M, Rabinstein AA.","Crit Care Med. 2017 Jul;45(7):e674-e682. doi: 10.1097/CCM.0000000000002337.",2017,,"",,"",,,,"",,"","","","","","","","","","","","","","","","","","","","","","",,,"","","","","","","","",,,"","","","","","","","","",,,"",,"","","","","","","",""
28374658,"10.1017/S0033291717000368",1,"Consider","The inner world of overactive monitoring: neural markers of interoception in obsessive-compulsive disorder","Yoris A, García AM, Traiber L, Santamaría-García H, Martorell M, Alifano F, Kichic R, Moser JS, Cetkovich M, Manes F, Ibáñez A, Sedeño L.","Psychol Med. 2017 Aug;47(11):1957-1970. doi: 10.1017/S0033291717000368. Epub 2017 Apr 4.",2017,0,"Patients/Psychiatric/Obsessive compulsive disorder, Patients/Psychiatric/Panic disorder, Perception/Interoception/Cardiac, Evoked responses/Readiness potential",1,"30.4+-9.98, 33.45+-11.55, 35.46+-8.99",1,55,0,"EEG",128,"na","na","1024","256","biosemi128","layout",,"2","unknown","unknown","unknown","unknown","unknown","unknown","unknown","Automatic","Derivative sign","Peakfinder","Linked mastoids","Common average","0.3","50",1,0,"Eye movements, CFA","","Manual","unknown","","","C14, C15, C16, C10","na",3,1,"unknown","Primary","R-peak","unknown","unknown","-200","unknown","Group/Condition Differences","Amplitude",1,0,"t-test",1,"unknown","1","C14, C15, C16, C10","R-peak","200","300","Age, gender, education, handedness, BMI",""
28374658,"10.1017/S0033291717000368",,"","The inner world of overactive monitoring: neural markers of interoception in obsessive-compulsive disorder","Yoris A, García AM, Traiber L, Santamaría-García H, Martorell M, Alifano F, Kichic R, Moser JS, Cetkovich M, Manes F, Ibáñez A, Sedeño L.","Psychol Med. 2017 Aug;47(11):1957-1970. doi: 10.1017/S0033291717000368. Epub 2017 Apr 4.",2017,0,"Patients/Psychiatric/Obsessive compulsive disorder, Patients/Psychiatric/Panic disorder, Perception/Interoception/Cardiac, Evoked responses/Readiness potential",1,"30.4+-9.98, 33.45+-11.55, 35.46+-8.99",1,55,0,"EEG",128,"na","na","1024","256","biosemi128","layout",,"2","unknown","unknown","unknown","unknown","unknown","unknown","unknown","Automatic","Derivative sign","Peakfinder","Linked mastoids","Common average","0.3","50",1,0,"Eye movements, CFA","","Manual","unknown","","","C14, C15, C16, C10","na",3,1,"unknown","Primary","R-peak","-50","800","-200","unknown","Group/Condition Differences","Amplitude",1,0,"t-test",1,"unknown","1","C14, C15, C16, C10","R-peak","160","230","Age, gender, education, handedness, BMI",""
28374658,"10.1017/S0033291717000368",,"","The inner world of overactive monitoring: neural markers of interoception in obsessive-compulsive disorder","Yoris A, García AM, Traiber L, Santamaría-García H, Martorell M, Alifano F, Kichic R, Moser JS, Cetkovich M, Manes F, Ibáñez A, Sedeño L.","Psychol Med. 2017 Aug;47(11):1957-1970. doi: 10.1017/S0033291717000368. Epub 2017 Apr 4.",2017,0,"Patients/Psychiatric/Obsessive compulsive disorder, Patients/Psychiatric/Panic disorder, Perception/Interoception/Cardiac, Evoked responses/Readiness potential",1,"30.4+-9.98, 33.45+-11.55, 35.46+-8.99",1,55,0,"EEG",128,"na","na","1024","256","biosemi128","layout",,"2","unknown","unknown","unknown","unknown","unknown","unknown","unknown","Automatic","Derivative sign","Peakfinder","Linked mastoids","Common average","0.3","50",1,0,"Eye movements, CFA","","Manual","unknown","","","C14, C15, C16, C10","na",1,1,"unknown","Primary","R-peak","200","300","-200","unknown","Correlation","Amplitude",1,0,"Regression",0,"","0","","","","","Age, gender, education, handedness, BMI",""
28374658,"10.1017/S0033291717000368",,"","The inner world of overactive monitoring: neural markers of interoception in obsessive-compulsive disorder","Yoris A, García AM, Traiber L, Santamaría-García H, Martorell M, Alifano F, Kichic R, Moser JS, Cetkovich M, Manes F, Ibáñez A, Sedeño L.","Psychol Med. 2017 Aug;47(11):1957-1970. doi: 10.1017/S0033291717000368. Epub 2017 Apr 4.",2017,0,"Patients/Psychiatric/Obsessive compulsive disorder, Patients/Psychiatric/Panic disorder, Perception/Interoception/Cardiac, Evoked responses/Readiness potential",1,"30.4+-9.98, 33.45+-11.55, 35.46+-8.99",1,55,0,"EEG",128,"na","na","1024","256","biosemi128","layout",,"2","unknown","unknown","unknown","unknown","unknown","unknown","unknown","Automatic","Derivative sign","Peakfinder","Linked mastoids","Common average","0.3","50",1,0,"Eye movements, CFA","","Manual","unknown","","","C14, C15, C16, C10","na",1,1,"unknown","Primary","R-peak","300","400","-200","unknown","Correlation","Amplitude",1,0,"Regression",0,"","1","","","","","Age, gender, education, handedness, BMI",""
28334126,"10.1093/cercor/bhw296",1,"Consider","Heartfelt Self: Cardio-Visual Integration Affects Self-Face Recognition and Interoceptive Cortical Processing","Sel A, Azevedo RT, Tsakiris M.","Cereb Cortex. 2017 Nov 1;27(11):5144-5155. doi: 10.1093/cercor/bhw296.",2017,0,"Methodology/Heartbeat-stimulus synchronicity, Perception/Exteroception/Visual/Face recognition",0,"21.9+-3.71",1,29,0,"EEG",64,"na","na","512","unknown","standard61","Fp1, Fp2, F7, F3, Fz, F4, F8, T7, C3, Cz, C4, T8, P7, P3, Pz, P4, P8, O1, O2, Fpz, FC5, FC1, FC2, FC6, CP5, CP1, CP2, CP6, Oz, AF7, AF3, AFz, AF4, AF8, F5, F1, F2, F6, FT7, FC3, FCz, FC4, FT8, C5, C1, C2, C6, TP7, CP3, CPz, CP4, TP8, P9, P5, P1, P2, P6, P10, PO7, PO3, POz, PO4, PO8, Iz","72","3","Multiple leads","Left clavicle, Right clavicle, Left abdomen","3-lead","unknown","unknown","unknown","unknown","unknown","unknown","none","CMS","Common average","0.16","30",1,0,"Eye movements, CFA","1-2","Manual","Time Course, Topography","limit analysis to time of minimal artifact","noisy epochs","AF7, AF3, F5, F3, AF4, AF8, F4, F6, FC5, FC3, C5, C3, FC6, FC4, C6, C4, CP5, CP3, P5, P3, CP6, CP4, P6, P4","na",2,2,"4186","Primary","R-peak","200","400","-150","-50","Group/Condition Differences","Amplitude",1,0,"Regression",1,"5000","1","CP6, CP4, P6, P4","R-peak","195","289","ECG",""
28334126,"10.1093/cercor/bhw296",,"","Heartfelt Self: Cardio-Visual Integration Affects Self-Face Recognition and Interoceptive Cortical Processing","Sel A, Azevedo RT, Tsakiris M.","Cereb Cortex. 2017 Nov 1;27(11):5144-5155. doi: 10.1093/cercor/bhw296.",2017,0,"Methodology/Heartbeat-stimulus synchronicity, Perception/Exteroception/Visual/Face recognition",0,"21.9+-3.71",1,29,0,"EEG",64,"na","na","512","unknown","standard61","Fp1, Fp2, F7, F3, Fz, F4, F8, T7, C3, Cz, C4, T8, P7, P3, Pz, P4, P8, O1, O2, Fpz, FC5, FC1, FC2, FC6, CP5, CP1, CP2, CP6, Oz, AF7, AF3, AFz, AF4, AF8, F5, F1, F2, F6, FT7, FC3, FCz, FC4, FT8, C5, C1, C2, C6, TP7, CP3, CPz, CP4, TP8, P9, P5, P1, P2, P6, P10, PO7, PO3, POz, PO4, PO8, Iz","72","3","Multiple leads","Left clavicle, Right clavicle, Left abdomen","3-lead","unknown","unknown","unknown","unknown","unknown","unknown","none","CMS","Common average","0.16","30",1,0,"Eye movements, CFA","1-2","Manual","Time Course, Topography","limit analysis to time of minimal artifact","noisy epochs","AF7, AF3, F5, F3, AF4, AF8, F4, F6, FC5, FC3, C5, C3, FC6, FC4, C6, C4, CP5, CP3, P5, P3, CP6, CP4, P6, P4","na",1,1,"4186","Secondary","R-peak","195","289","-150","-50","Correlation","Amplitude",1,1,"Correlation",0,"","1","","","","","",""
28244001,"10.1007/s12028-017-0382-y",0,"Not Related to HER","Relating Clinical and Electrophysiological Parameters in Death Determination in a Laboratory Model of Progressive Hypoxemia","Park E, Liu E, Shemie SD, Baker AJ.","Neurocrit Care. 2018 Feb;28(1):133-141. doi: 10.1007/s12028-017-0382-y.",2018,,"",,"",,,,"",,"","","","","","","","","","","","","","","","","","","","","","",,,"","","","","","","","",,,"","","","","","","","","",,,"",,"","","","","","","",""
28160751,"10.1016/j.clinph.2016.12.011",0,"Not Related to HER","Pain perception in patients with chronic disorders of consciousness: What can limbic system tell us?","Calabrò RS, Naro A, Manuli A, Leo A, De Luca R, Lo Buono V, Russo M, Bramanti A, Bramanti P.","Clin Neurophysiol. 2017 Mar;128(3):454-462. doi: 10.1016/j.clinph.2016.12.011. Epub 2016 Dec 29.",2017,,"",,"",,,,"",,"","","","","","","","","","","","","","","","","","","","","","",,,"","","","","","","","",,,"","","","","","","","","",,,"",,"","","","","","","",""
28089714,"10.1016/j.biopsycho.2017.01.002",0,"Not Related to HER","Effects of touch on emotional face processing: A study of event-related potentials, facial EMG and cardiac activity","Spapé MM, Harjunen V, Ravaja N.","Biol Psychol. 2017 Mar;124:1-10. doi: 10.1016/j.biopsycho.2017.01.002. Epub 2017 Jan 12.",2017,,"",,"",,,,"",,"","","","","","","","","","","","","","","","","","","","","","",,,"","","","","","","","",,,"","","","","","","","","",,,"",,"","","","","","","",""
28080973,"10.1098/rstb.2016.0016",1,"Consider","Changes in interoceptive processes following brain stimulation","Pollatos O, Herbert BM, Mai S, Kammer T.","Philos Trans R Soc Lond B Biol Sci. 2016 Nov 19;371(1708):20160016. doi: 10.1098/rstb.2016.0016. Epub 2016 Oct 10.",2016,0,"Manipulation/Stimulation/Brain stimulation/Transcranial magnetic stimulation (TMS), Perception/Interoception/Cardiac, Perception/Interoception/Respiratory",0,"23.9+-2.9",1,15,0,"EEG",32,"na","na","1000","unknown","standard61","Fp1, Fpz, Fp2, AF3, AFz, AF4, F7, F5, Fz, F6, F8, FC5, FCz, FC6, C5, C1, Cz, C2, C6, CP5, CP1, CPz, CP2, CP6, P5, Pz, P6, PO3, PO4, O1, Oz, O2",,"2","Unclassified","Right clavicle, Left chest ","unknown","1000","unknown","unknown","unknown","Semi-automatic","unknown","BrainVision Analyzer","Cz","unknown","0.05","20",0,,"","","","","limit analysis to time of minimal artifact","Noisy epochs","FC6, C6","na",1,3,"unknown","Primary","R-peak","400","600","-200","0","Group/Condition Differences","Amplitude",0,1,"ANOVA",0,"","1","","","","","",""
28080965,"10.1098/rstb.2016.0006",1,"Consider","Feeling, learning from and being aware of inner states: interoceptive dimensions in neurodegeneration and stroke","García-Cordero I, Sedeño L, de la Fuente L, Slachevsky A, Forno G, Klein F, Lillo P, Ferrari J, Rodriguez C, Bustin J, Torralva T, Baez S, Yoris A, Esteves S, Melloni M, Salamone P, Huepe D, Manes F, García AM, Ibañez A.","Philos Trans R Soc Lond B Biol Sci. 2016 Nov 19;371(1708):20160006. doi: 10.1098/rstb.2016.0006. Epub 2016 Oct 10.",2016,0,"Patients/Neurological/Neurodegenerative/Behavioral variant frontotemporal dementia, Patients/Neurological/Neurodegenerative/Alzheimer's disease, Patients/Neurological/Stroke, Perception/Interoception/Cardiac",1,"66.90+-7.45, 64.17+-10.56, 72.47+-7.42, 61.83+-8.33",1,47,0,"EEG",128,"na","na","1024","256","biosemi128","layout","10","2","Lead II","unknown","unknown","unknown","unknown","unknown","unknown","Automatic","Derivative sign","Peakfinder","Common average","Common average","0.5","30",1,0,"Eye movements, CFA","","unknown","unknown","","Noisy epochs, linear trend removal","D1, D2, D13, D12, D11, D10, C24, D3, D4, D5, C25, C26, C32, C27, C19, C20, C21, C22, C23, C1, C2, B32, B31, B30, B29, C11, C3, C4, C5, C12, C13, C14, C10","na",2,1,"unknown","Primary","R-peak","100","400","-200","0","Group/Condition Differences","Amplitude",1,0,"t-test",1,"5000","1","D1, D2, D13, D12, D11, D10, C24, D3, D4, D5, C25, C26, C32, C27, C19, C20, C21, C22, C23, C1, C2, B32, B31, B30, B29, C11, C3, C4, C5, C12, C13, C14, C10","R-peak","191","355","",""
28080965,"10.1098/rstb.2016.0006",,"","Feeling, learning from and being aware of inner states: interoceptive dimensions in neurodegeneration and stroke","García-Cordero I, Sedeño L, de la Fuente L, Slachevsky A, Forno G, Klein F, Lillo P, Ferrari J, Rodriguez C, Bustin J, Torralva T, Baez S, Yoris A, Esteves S, Melloni M, Salamone P, Huepe D, Manes F, García AM, Ibañez A.","Philos Trans R Soc Lond B Biol Sci. 2016 Nov 19;371(1708):20160006. doi: 10.1098/rstb.2016.0006. Epub 2016 Oct 10.",2016,0,"Patients/Neurological/Neurodegenerative/Behavioral variant frontotemporal dementia, Patients/Neurological/Neurodegenerative/Alzheimer's disease, Patients/Neurological/Stroke, Perception/Interoception/Cardiac",1,"66.90+-7.45, 64.17+-10.56, 72.47+-7.42, 61.83+-8.33",1,47,0,"EEG",128,"na","na","1024","256","biosemi128","layout","10","2","Lead II","unknown","unknown","unknown","unknown","unknown","unknown","Automatic","Derivative sign","Peakfinder","Common average","Common average","0.5","30",1,0,"Eye movements, CFA","","unknown","unknown","","Noisy epochs, linear trend removal","C24, C25, C26, C27","na",2,1,"unknown","Primary","R-peak","100","400","-200","0","Group/Condition Differences","Amplitude",1,0,"t-test",1,"5000","1","C24, C25, C26, C27","R-peak","183","351","",""
28080965,"10.1098/rstb.2016.0006",,"","Feeling, learning from and being aware of inner states: interoceptive dimensions in neurodegeneration and stroke","García-Cordero I, Sedeño L, de la Fuente L, Slachevsky A, Forno G, Klein F, Lillo P, Ferrari J, Rodriguez C, Bustin J, Torralva T, Baez S, Yoris A, Esteves S, Melloni M, Salamone P, Huepe D, Manes F, García AM, Ibañez A.","Philos Trans R Soc Lond B Biol Sci. 2016 Nov 19;371(1708):20160006. doi: 10.1098/rstb.2016.0006. Epub 2016 Oct 10.",2016,0,"Patients/Neurological/Neurodegenerative/Behavioral variant frontotemporal dementia, Patients/Neurological/Neurodegenerative/Alzheimer's disease, Patients/Neurological/Stroke, Perception/Interoception/Cardiac",1,"66.90+-7.45, 64.17+-10.56, 72.47+-7.42, 61.83+-8.33",1,47,0,"EEG",128,"na","na","1024","256","biosemi128","layout","10","2","Lead II","unknown","unknown","unknown","unknown","unknown","unknown","Automatic","Derivative sign","Peakfinder","Common average","Common average","0.5","30",1,0,"Eye movements, CFA","","unknown","unknown","","Noisy epochs, linear trend removal","C18, C19, C20, C21","na",2,1,"unknown","Primary","R-peak","100","400","-200","0","Group/Condition Differences","Amplitude",1,0,"t-test",1,"5000","1","C18, C19, C20, C21","R-peak","183","343","",""
28080965,"10.1098/rstb.2016.0006",,"","Feeling, learning from and being aware of inner states: interoceptive dimensions in neurodegeneration and stroke","García-Cordero I, Sedeño L, de la Fuente L, Slachevsky A, Forno G, Klein F, Lillo P, Ferrari J, Rodriguez C, Bustin J, Torralva T, Baez S, Yoris A, Esteves S, Melloni M, Salamone P, Huepe D, Manes F, García AM, Ibañez A.","Philos Trans R Soc Lond B Biol Sci. 2016 Nov 19;371(1708):20160006. doi: 10.1098/rstb.2016.0006. Epub 2016 Oct 10.",2016,0,"Patients/Neurological/Neurodegenerative/Behavioral variant frontotemporal dementia, Patients/Neurological/Neurodegenerative/Alzheimer's disease, Patients/Neurological/Stroke, Perception/Interoception/Cardiac",1,"66.90+-7.45, 64.17+-10.56, 72.47+-7.42, 61.83+-8.33",1,47,0,"EEG",128,"na","na","1024","256","biosemi128","layout","10","2","Lead II","unknown","unknown","unknown","unknown","unknown","unknown","Automatic","Derivative sign","Peakfinder","Common average","Common average","0.5","30",1,0,"Eye movements, CFA","","unknown","unknown","","Noisy epochs, linear trend removal","C11, C12, C13, C14","na",2,1,"unknown","Primary","R-peak","100","400","-200","0","Group/Condition Differences","Amplitude",1,0,"t-test",1,"5000","1","C11, C12, C13, C14","R-peak","199","363","",""
28080963,"10.1098/rstb.2016.0004",1,"Consider","Is the cardiac monitoring function related to the self in both the default network and right anterior insula?","Babo-Rebelo M, Wolpert N, Adam C, Hasboun D, Tallon-Baudry C.","Philos Trans R Soc Lond B Biol Sci. 2016 Nov 19;371(1708):20160004. doi: 10.1098/rstb.2016.0004. Epub 2016 Oct 10.",2016,0,"Cognitive processes/Self-reflection, Cognitive processes/Thoughts",0,"24.1+-0.6",0,16,0,"MEG",306,"204","102","1000","unknown","Elekta","na",,"7","Multiple leads","Neck","unknown","unknown","unknown","0.5","25","unknown","unknown","unknown","na","na","0.5","25",1,0,"CFA","","unknown","unknown","","","na","All (source space)",1,2,"unknown","Primary","R-peak","300","600","unknown","unknown","Group/Condition Differences","Amplitude",0,0,"t-test",1,"unknown","1","na","R-peak","384","486","Surrogate Heartbeats",""
27708614,"10.3389/fneur.2016.00157",0,"Not Related to HER","Diving Response in Rats: Role of the Subthalamic Vasodilator Area","Golanov EV, Shiflett JM, Britz GW.","Front Neurol. 2016 Sep 21;7:157. doi: 10.3389/fneur.2016.00157. eCollection 2016.",2016,,"",,"",,,,"",,"","","","","","","","","","","","","","","","","","","","","","",,,"","","","","","","","",,,"","","","","","","","","",,,"",,"","","","","","","",""
27634787,"10.5665/sleep.6308",1,"Consider","I Keep a Close Watch on This Heart of Mine: Increased Interoception in Insomnia","Wei Y, Ramautar JR, Colombo MA, Stoffers D, Gómez-Herrero G, van der Meijden WP, Te Lindert BH, van der Werf YD, Van Someren EJ.","Sleep. 2016 Dec 1;39(12):2113-2124. doi: 10.5665/sleep.6308.",2016,0,"Patients/Sleep/Insomnia disorder",1,"46.8+-15.0, 48.5+-14.1",1,64,0,"EEG",256,"na","na","1000","250","GSN-HydroCel-257","layout","10","2","Lead II","unknown","unknown","1000","unknown","0.1","100","Semi-automatic","PanTompkins1985","unknown","Cz","Common average","0.5","62.5",1,0,"Line noise, Eye movements, CFA","","Manual","Topography, Time course, Power spectrum","","LPA-ICI algorithm, Noisy epochs, Bad channels","unknown","na",1,2,"[est300]","Primary","R-peak","200","600","-300","-100","Group/Condition Differences","Amplitude",0,0,"t-test",1,"10000","1","E90, E131, E143, E155, E164, E154, E163, E172, E130, E142, E153, E162, E171, E129, E141, E152, E161, E101, E128, E140, E151, E160, E110, E119, E127, E139, E150, E98, E109, E118, E108, E117, E126, E107, E116, E125, E138, E17, E8, E198, E185, E24, E16, E7, E207, E197, E206, E215, E6, E15, E23, E30, E42, E51, E205, E214, E224, E5, E14, E22, E29, E36, E41, E50, E213, E223, E4, E13, E21, E28, E35, E40, E49, E57, E56, E222, E3, E12, E20, E27, E34, E33, E26, E19","R-peak","364","500","","est number of trials = 5 min rest recording per condition (eyes closed/opened) * 60 bpm"
27634787,"10.5665/sleep.6308",,"","I Keep a Close Watch on This Heart of Mine: Increased Interoception in Insomnia","Wei Y, Ramautar JR, Colombo MA, Stoffers D, Gómez-Herrero G, van der Meijden WP, Te Lindert BH, van der Werf YD, Van Someren EJ.","Sleep. 2016 Dec 1;39(12):2113-2124. doi: 10.5665/sleep.6308.",2016,0,"Patients/Sleep/Insomnia disorder",1,"46.8+-15.0, 48.5+-14.1",1,64,0,"EEG",256,"na","na","1000","250","GSN-HydroCel-257","layout","10","2","Lead II","unknown","unknown","1000","unknown","0.1","100","Semi-automatic","PanTompkins1985","unknown","Cz","Common average","0.5","62.5",1,0,"Line noise, Eye movements, CFA","","Manual","Topography, Time course, Power spectrum","","LPA-ICI algorithm, Noisy epochs, Bad channels","unknown","na",2,1,"[est300]","Secondary","R-peak","376","500","-300","-100","Group/Condition Differences","Amplitude",0,1,"t-test",1,"10000","1","E52, E43, E24, E16, E7, E42, E30, E23, E15, E6, E5, E14, E22, E29, E36, E40, E39","R-peak","376","500","","est number of trials = 5 min rest recording per condition (eyes closed/opened) * 60 bpm"
27634787,"10.5665/sleep.6308",,"","I Keep a Close Watch on This Heart of Mine: Increased Interoception in Insomnia","Wei Y, Ramautar JR, Colombo MA, Stoffers D, Gómez-Herrero G, van der Meijden WP, Te Lindert BH, van der Werf YD, Van Someren EJ.","Sleep. 2016 Dec 1;39(12):2113-2124. doi: 10.5665/sleep.6308.",2016,0,"Patients/Sleep/Insomnia disorder",1,"46.8+-15.0, 48.5+-14.1",1,64,0,"EEG",256,"na","na","1000","250","GSN-HydroCel-257","layout","10","2","Lead II","unknown","unknown","1000","unknown","0.1","100","Semi-automatic","PanTompkins1985","unknown","Cz","Common average","0.5","62.5",1,0,"Line noise, Eye movements, CFA","","Manual","Topography, Time course, Power spectrum","","LPA-ICI algorithm, Noisy epochs, Bad channels","E38, E33, E26, E19, E11, E39, E34, E27, E20, E12, E3, E40, E35, E28, E21, E13, E4, E223, E41, E36, E29, E22, E14, E5, E224, E214, E42, E30, E23, E15, E6, E215, E206, E43, E24, E16, E7, E207, E197, E17, E8, E198","na",1,1,"[est600]","Secondary","R-peak","376","500","-300","-100","Correlation","Amplitude",1,1,"Correlation",0,"","0","","","","","","est number of trials = 10 min rest recording for both conditions (eyes closed/opened) * 60 bpm"
27573986,"10.1007/s10484-016-9343-z",0,"Not Related to HER","Electrophysiological and Behavioral Outcomes of Berard Auditory Integration Training (AIT) in Children with Autism Spectrum Disorder","Sokhadze EM, Casanova MF, Tasman A, Brockett S.","Appl Psychophysiol Biofeedback. 2016 Dec;41(4):405-420. doi: 10.1007/s10484-016-9343-z.",2016,,"",,"",,,,"",,"","","","","","","","","","","","","","","","","","","","","","",,,"","","","","","","","",,,"","","","","","","","","",,,"",,"","","","","","","",""
27511016,"10.1523/JNEUROSCI.0311-16.2016",1,"Consider","Transient Modulations of Neural Responses to Heartbeats Covary with Bodily Self-Consciousness","Park HD, Bernasconi F, Bello-Ruiz J, Pfeiffer C, Salomon R, Blanke O.","J Neurosci. 2016 Aug 10;36(32):8453-60. doi: 10.1523/JNEUROSCI.0311-16.2016.",2016,0,"Cognitive processes/Self-reflection, Perception/Interoception/Cardiac, Perception/Exteroception/Somatosensory/Full-body illusion",0,"25.5+-0.8",1,16,0,"EEG",64,"na","na","2048","256","standard61","Fp1, Fp2, F7, F3, Fz, F4, F8, T7, C3, Cz, C4, T8, P7, P3, Pz, P4, P8, O1, O2, Fpz, FC5, FC1, FC2, FC6, CP5, CP1, CP2, CP6, Oz, AF7, AF3, AFz, AF4, AF8, F5, F1, F2, F6, FT7, FC3, FCz, FC4, FT8, C5, C1, C2, C6, TP7, CP3, CPz, CP4, TP8, P9, P5, P1, P2, P6, P10, PO7, PO3, POz, PO4, PO8, Iz",,"2","Lead II","Right shoulder, Left abdomen","unknown","unknown","256","1","40","Semi-automatic","Template matching","unknown","CMS","Common average","1","40",1,0,"Blinks, Eye movements","","","","","Manual removal of artifacts","All","na",1,2,"667+-28","Primary","R-peak","0","600","unknown","unknown","Group/Condition Differences","Amplitude",0,0,"t-test",1,"1000","1","Fpz, AFz, AF4, F1, Fz, F2, F4, FC3, FC1, FCz, FC2, C3, C1, Cz","R-peak","250","305","ECG, RR, HRV, Respiration, Surrogate heartbeats",""
27511016,"10.1523/JNEUROSCI.0311-16.2016",,"","Transient Modulations of Neural Responses to Heartbeats Covary with Bodily Self-Consciousness","Park HD, Bernasconi F, Bello-Ruiz J, Pfeiffer C, Salomon R, Blanke O.","J Neurosci. 2016 Aug 10;36(32):8453-60. doi: 10.1523/JNEUROSCI.0311-16.2016.",2016,0,"Cognitive processes/Self-reflection, Perception/Interoception/Cardiac, Perception/Exteroception/Somatosensory/Full-body illusion",0,"25.5+-0.8",1,16,0,"EEG",64,"na","na","2048","256","standard61","Fp1, Fp2, F7, F3, Fz, F4, F8, T7, C3, Cz, C4, T8, P7, P3, Pz, P4, P8, O1, O2, Fpz, FC5, FC1, FC2, FC6, CP5, CP1, CP2, CP6, Oz, AF7, AF3, AFz, AF4, AF8, F5, F1, F2, F6, FT7, FC3, FCz, FC4, FT8, C5, C1, C2, C6, TP7, CP3, CPz, CP4, TP8, P9, P5, P1, P2, P6, P10, PO7, PO3, POz, PO4, PO8, Iz",,"2","Lead II","Right shoulder, Left abdomen","unknown","unknown","256","1","40","Semi-automatic","Template matching","unknown","CMS","Common average","1","40",1,0,"Blinks, Eye movements","","","","","Manual removal of artifacts","Fpz, AFz, AF4, F1, Fz, F2, F4, FC3, FC1, FCz, FC2, C3, C1, Cz","na",1,2,"667+-28","Secondary","R-peak","250","305","unknown","unknown","Group/Condition Differences","Amplitude",1,1,"ANOVA",0,"","0","","","","","",""
27511016,"10.1523/JNEUROSCI.0311-16.2016",,"","Transient Modulations of Neural Responses to Heartbeats Covary with Bodily Self-Consciousness","Park HD, Bernasconi F, Bello-Ruiz J, Pfeiffer C, Salomon R, Blanke O.","J Neurosci. 2016 Aug 10;36(32):8453-60. doi: 10.1523/JNEUROSCI.0311-16.2016.",2016,0,"Cognitive processes/Self-reflection, Perception/Interoception/Cardiac, Perception/Exteroception/Somatosensory/Full-body illusion",0,"25.5+-0.8",1,16,0,"EEG",64,"na","na","2048","256","standard61","Fp1, Fp2, F7, F3, Fz, F4, F8, T7, C3, Cz, C4, T8, P7, P3, Pz, P4, P8, O1, O2, Fpz, FC5, FC1, FC2, FC6, CP5, CP1, CP2, CP6, Oz, AF7, AF3, AFz, AF4, AF8, F5, F1, F2, F6, FT7, FC3, FCz, FC4, FT8, C5, C1, C2, C6, TP7, CP3, CPz, CP4, TP8, P9, P5, P1, P2, P6, P10, PO7, PO3, POz, PO4, PO8, Iz",,"2","Lead II","Right shoulder, Left abdomen","unknown","unknown","256","1","40","Semi-automatic","Template matching","unknown","CMS","Common average","1","40",1,0,"Blinks, Eye movements","","","","","Manual removal of artifacts","Fpz, AFz, AF4, F1, Fz, F2, F4, FC3, FC1, FCz, FC2, C3, C1, Cz","na",1,1,"667+-28","Secondary","R-peak","250","305","unknown","unknown","Correlation","Amplitude",1,1,"Correlation",0,"1000","1","","","","","",""
27466329,"10.1523/JNEUROSCI.0262-16.2016",1,"Consider","Neural Responses to Heartbeats in the Default Network Encode the Self in Spontaneous Thoughts","Babo-Rebelo M, Richter CG, Tallon-Baudry C.","J Neurosci. 2016 Jul 27;36(30):7829-40. doi: 10.1523/JNEUROSCI.0262-16.2016.",2016,0,"Cognitive processes/Thoughts, Cognitive processes/Self-reflection",0,"24.1+-0.6",1,16,0,"MEG",306,"204","102","1000","unknown","Elekta","na",,"7","Multiple leads (Lead II)","Right clavicle, Left abdomen, Sternum, Right shoulder, Left shoulder, Left clavicle","unknown","unknown","unknown","unknown","unknown","Semi-automatic","Template matching","unknown","na","na","0.5","25",1,1,"Muscle, Blinks, Eye movements, CFA","0-2","Automatic","Phase consistency","","Manual removal of artifacts","na","Magnetometers",1,2,"80","Primary","T-peak","80","350","unknown","unknown","Group/Condition Differences","Amplitude",0,0,"t-test",1,"10000","1","na","T-peak","298","327","Surrogate heartbeats, Respiration",""
27466329,"10.1523/JNEUROSCI.0262-16.2016",,"","Neural Responses to Heartbeats in the Default Network Encode the Self in Spontaneous Thoughts","Babo-Rebelo M, Richter CG, Tallon-Baudry C.","J Neurosci. 2016 Jul 27;36(30):7829-40. doi: 10.1523/JNEUROSCI.0262-16.2016.",2016,0,"Cognitive processes/Thoughts, Cognitive processes/Self-reflection",0,"24.1+-0.6",1,16,0,"MEG",306,"204","102","1000","unknown","Elekta","na",,"7","Multiple leads (Lead II)","Right clavicle, Left abdomen, Sternum, Right shoulder, Left shoulder, Left clavicle","unknown","unknown","unknown","unknown","unknown","Semi-automatic","Template matching","unknown","na","na","0.5","25",1,1,"Muscle, Blinks, Eye movements, CFA","0-2","Automatic","Phase consistency","","Manual removal of artifacts","na","Magnetometers",1,2,"80","Primary","T-peak","80","350","unknown","unknown","Group/Condition Differences","Amplitude",0,0,"t-test",1,"10000","1","na","T-peak","94","169","Surrogate heartbeats, Respiration",""
27466329,"10.1523/JNEUROSCI.0262-16.2016",,"","Neural Responses to Heartbeats in the Default Network Encode the Self in Spontaneous Thoughts","Babo-Rebelo M, Richter CG, Tallon-Baudry C.","J Neurosci. 2016 Jul 27;36(30):7829-40. doi: 10.1523/JNEUROSCI.0262-16.2016.",2016,0,"Cognitive processes/Thoughts, Cognitive processes/Self-reflection",0,"24.1+-0.6",1,16,0,"MEG",306,"204","102","1000","unknown","Elekta","na",,"7","Multiple leads (Lead II)","Right clavicle, Left abdomen, Sternum, Right shoulder, Left shoulder, Left clavicle","unknown","unknown","unknown","unknown","unknown","Semi-automatic","Template matching","unknown","na","na","0.5","25",1,1,"Muscle, Blinks, Eye movements, CFA","0-2","Automatic","Phase consistency","","Manual removal of artifacts","na","Magnetometers",1,2,"80","Secondary","T-peak","298","327","unknown","unknown","Correlation","Amplitude",1,1,"Regression",0,"","0","","","","","Surrogate heartbeats, Respiration",""
27466329,"10.1523/JNEUROSCI.0262-16.2016",,"","Neural Responses to Heartbeats in the Default Network Encode the Self in Spontaneous Thoughts","Babo-Rebelo M, Richter CG, Tallon-Baudry C.","J Neurosci. 2016 Jul 27;36(30):7829-40. doi: 10.1523/JNEUROSCI.0262-16.2016.",2016,0,"Cognitive processes/Thoughts, Cognitive processes/Self-reflection",0,"24.1+-0.6",1,16,0,"MEG",306,"204","102","1000","unknown","Elekta","na",,"7","Multiple leads (Lead II)","Right clavicle, Left abdomen, Sternum, Right shoulder, Left shoulder, Left clavicle","unknown","unknown","unknown","unknown","unknown","Semi-automatic","Template matching","unknown","na","na","0.5","25",1,1,"Muscle, Blinks, Eye movements, CFA","0-2","Automatic","Phase consistency","","Manual removal of artifacts","na","Magnetometers",1,2,"80","Secondary","T-peak","94","169","unknown","unknown","Correlation","Amplitude",1,1,"Regression",0,"","0","","","","","Surrogate heartbeats, Respiration",""
27445083,"10.1038/srep29671",0,"Not Related to HER","The occurrence of individual slow waves in sleep is predicted by heart rate","Mensen A, Zhang Z, Qi M, Khatami R.","Sci Rep. 2016 Jul 22;6:29671. doi: 10.1038/srep29671.",2016,,"",,"",,,,"",,"","","","","","","","","","","","","","","","","","","","","","",,,"","","","","","","","",,,"","","","","","","","","",,,"",,"","","","","","","",""
27404234,"10.1016/j.cub.2016.05.024",0,"Not Related to HER","What makes medical students better listeners?","De Meo R, Matusz PJ, Knebel JF, Murray MM, Thompson WR, Clarke S.","Curr Biol. 2016 Jul 11;26(13):R519-R520. doi: 10.1016/j.cub.2016.05.024.",2016,,"",,"",,,,"",,"","","","","","","","","","","","","","","","","","","","","","",,,"","","","","","","","",,,"","","","","","","","","",,,"",,"","","","","","","",""
27217109,"10.1093/scan/nsw071",0,"Not Related to HER","Performance monitoring during a minimal group manipulation","Pfabigan DM, Holzner MT, Lamm C.","Soc Cogn Affect Neurosci. 2016 Oct;11(10):1560-8. doi: 10.1093/scan/nsw071. Epub 2016 May 20.",2016,,"",,"",,,,"",,"","","","","","","","","","","","","","","","","","","","","","",,,"","","","","","","","",,,"","","","","","","","","",,,"",,"","","","","","","",""
27194564,"10.1007/s11682-016-9557-y",0,"Not Related to HER","Neural response patterns in spider, blood-injection-injury and social fearful individuals: new insights from a simultaneous EEG/ECG-fMRI study","Michałowski JM, Matuszewski J, Droździel D, Koziejowski W, Rynkiewicz A, Jednoróg K, Marchewka A.","Brain Imaging Behav. 2017 Jun;11(3):829-845. doi: 10.1007/s11682-016-9557-y.",2017,,"",,"",,,,"",,"","","","","","","","","","","","","","","","","","","","","","",,,"","","","","","","","",,,"","","","","","","","","",,,"",,"","","","","","","",""
27171616,"10.1080/13803395.2016.1176995",0,"Not Related to HER","Electrophysiological approaches to noise sensitivity","Shepherd D, Hautus MJ, Lee SY, Mulgrew J.","J Clin Exp Neuropsychol. 2016 Oct;38(8):900-12. doi: 10.1080/13803395.2016.1176995. Epub 2016 May 12.",2016,,"",,"",,,,"",,"","","","","","","","","","","","","","","","","","","","","","",,,"","","","","","","","",,,"","","","","","","","","",,,"",,"","","","","","","",""
27165337,"10.3758/s13415-016-0435-2",0,"Not Related to HER","Thumbs up or thumbs down? Effects of neuroticism and depressive symptoms on psychophysiological responses to social evaluation in healthy students","van der Veen FM, van der Molen MJ, van der Molen MW, Franken IH.","Cogn Affect Behav Neurosci. 2016 Oct;16(5):836-47. doi: 10.3758/s13415-016-0435-2.",2016,,"",,"",,,,"",,"","","","","","","","","","","","","","","","","","","","","","",,,"","","","","","","","",,,"","","","","","","","","",,,"",,"","","","","","","",""
27159263,"10.1111/psyp.12670",0,"Not Related to HER","Effects of interstimulus intervals on behavioral, heart rate, and event-related potential indices of infant engagement and sustained attention","Xie W, Richards JE.","Psychophysiology. 2016 Aug;53(8):1128-42. doi: 10.1111/psyp.12670. Epub 2016 May 9.",2016,,"",,"",,,,"",,"","","","","","","","","","","","","","","","","","","","","","",,,"","","","","","","","",,,"","","","","","","","","",,,"",,"","","","","","","",""
27078753,"10.1016/j.psychres.2016.03.051",0,"Not Related to HER","Cardiac modulation of startle is altered in depersonalization-/derealization disorder: Evidence for impaired brainstem representation of baro-afferent neural traffic","Schulz A, Matthey JH, Vögele C, Schaan V, Schächinger H, Adler J, Beutel ME, Michal M.","Psychiatry Res. 2016 Jun 30;240:4-10. doi: 10.1016/j.psychres.2016.03.051. Epub 2016 Apr 4.",2016,,"",,"",,,,"",,"","","","","","","","","","","","","","","","","","","","","","",,,"","","","","","","","",,,"","","","","","","","","",,,"",,"","","","","","","",""
27039705,"10.1016/j.neuroimage.2016.03.065",0,"Not Related to HER","Physiological processes non-linearly affect electrophysiological recordings during transcranial electric stimulation","Noury N, Hipp JF, Siegel M.","Neuroimage. 2016 Oct 15;140:99-109. doi: 10.1016/j.neuroimage.2016.03.065. Epub 2016 Apr 1.",2016,,"",,"",,,,"",,"","","","","","","","","","","","","","","","","","","","","","",,,"","","","","","","","",,,"","","","","","","","","",,,"",,"","","","","","","",""
26956658,"10.1016/j.beth.2015.12.002",0,"Not Related to HER","Electrocortical Evidence of Enhanced Performance Monitoring in Social Anxiety","Judah MR, Grant DM, Frosio KE, White EJ, Taylor DL, Mills AC.","Behav Ther. 2016 Mar;47(2):274-85. doi: 10.1016/j.beth.2015.12.002. Epub 2015 Dec 29.",2016,,"",,"",,,,"",,"","","","","","","","","","","","","","","","","","","","","","",,,"","","","","","","","",,,"","","","","","","","","",,,"",,"","","","","","","",""
26883623,"",0,"Not Related to HER","Time-dependent and independent neurophysiological indicators of prognosis in post-anoxic coma subjects treated by therapeutic hypothermia","Carrai R, Grippo A, Scarpino M, Spalletti M, Cossu C, Lanzo G, Peris A, Cianchi G, Batacchi S, Valente S, Gensini G, Amantini A.","Minerva Anestesiol. 2016 Sep;82(9):940-9. Epub 2016 Feb 16.",2016,,"",,"",,,,"",,"","","","","","","","","","","","","","","","","","","","","","",,,"","","","","","","","",,,"","","","","","","","","",,,"",,"","","","","","","",""
26856907,"10.5665/sleep.5770",0,"Not Related to HER","K-Complexes: Interaction between the Central and Autonomic Nervous Systems during Sleep","de Zambotti M, Willoughby AR, Franzen PL, Clark DB, Baker FC, Colrain IM.","Sleep. 2016 May 1;39(5):1129-37. doi: 10.5665/sleep.5770.",2016,,"",,"",,,,"",,"","","","","","","","","","","","","","","","","","","","","","",,,"","","","","","","","",,,"","","","","","","","","",,,"",,"","","","","","","",""
26818511,"10.1523/JNEUROSCI.2211-15.2016",0,"Not Related to HER","Microsaccades Are Coupled to Heartbeat","Ohl S, Wohltat C, Kliegl R, Pollatos O, Engbert R.","J Neurosci. 2016 Jan 27;36(4):1237-41. doi: 10.1523/JNEUROSCI.2211-15.2016.",2016,,"",,"",,,,"",,"","","","","","","","","","","","","","","","","","","","","","",,,"","","","","","","","",,,"","","","","","","","","",,,"",,"","","","","","","",""
26749161,"10.1002/mrm.26073",0,"Not Related to HER","Effect of temporal resolution and serial autocorrelations in event-related functional MRI","Sahib AK, Mathiak K, Erb M, Elshahabi A, Klamer S, Scheffler K, Focke NK, Ethofer T.","Magn Reson Med. 2016 Dec;76(6):1805-1813. doi: 10.1002/mrm.26073. Epub 2016 Jan 9.",2016,,"",,"",,,,"",,"","","","","","","","","","","","","","","","","","","","","","",,,"","","","","","","","",,,"","","","","","","","","",,,"",,"","","","","","","",""
26738634,"10.1016/j.biopsycho.2015.12.005",0,"Not Related to HER","Joint effects of sensory feedback and interoceptive awareness on conscious error detection: Evidence from event related brain potentials","Godefroid E, Pourtois G, Wiersema JR.","Biol Psychol. 2016 Feb;114:49-60. doi: 10.1016/j.biopsycho.2015.12.005. Epub 2015 Dec 29.",2016,,"",,"",,,,"",,"","","","","","","","","","","","","","","","","","","","","","",,,"","","","","","","","",,,"","","","","","","","","",,,"",,"","","","","","","",""
26724251,"10.1016/j.ijpsycho.2015.12.008",0,"Not Related to HER","Heart rate and P300: Integrating peripheral and central indices of cognitive processing","Guerra PM, Sánchez-Adam A, Miccoli L, Polich J, Vila J.","Int J Psychophysiol. 2016 Feb;100:1-11. doi: 10.1016/j.ijpsycho.2015.12.008. Epub 2015 Dec 23.",2016,,"",,"",,,,"",,"","","","","","","","","","","","","","","","","","","","","","",,,"","","","","","","","",,,"","","","","","","","","",,,"",,"","","","","","","",""
26503014,"10.1038/srep15717",1,"Consider","Aroused with heart: Modulation of heartbeat evoked potential by arousal induction and its oscillatory correlates","Luft CD, Bhattacharya J.","Sci Rep. 2015 Oct 27;5:15717. doi: 10.1038/srep15717.",2015,0,"Manipulation/Emotion induction, Affective processes/Arousal",0,"21-32",1,16,0,"EEG",64,"na","na","512","unknown","standard61","Fp1, Fp2, F7, F3, Fz, F4, F8, T7, C3, Cz, C4, T8, P7, P3, Pz, P4, P8, O1, O2, Fpz, FC5, FC1, FC2, FC6, CP5, CP1, CP2, CP6, Oz, AF7, AF3, AFz, AF4, AF8, F5, F1, F2, F6, FT7, FC3, FCz, FC4, FT8, C5, C1, C2, C6, TP7, CP3, CPz, CP4, TP8, P9, P5, P1, P2, P6, P10, PO7, PO3, POz, PO4, PO8, Iz","20","2","Lead II","unknown","unknown","512","unknown","unknown","unknown","Semi-automatic","Afonso1999","none","Linked earlobes","Laplacian reference","0.5","15",1,0,"Blinks, CFA","1-2","Manual","Time course, Topography","CSD","Manual removal of artifacts","All","na",1,2,"[est604]","Primary","R-peak","-200","1000","unknown","unknown","Group/Condition Differences","Amplitude",0,0,"t-test",1,"500","1","P6, P8","R-peak","380","460","ECG, RR, SDRR, RMSSD, PNN50, LF, HF, LF/HF","est number of trials = 302 seconds per epoch * 2 epochs per condition (HA or LA) * 1 beat per second"
26485310,"10.1002/hbm.23033",0,"Not Related to HER","Cortical localization of phase and amplitude dynamics predicting access to somatosensory awareness","Hirvonen J, Palva S.","Hum Brain Mapp. 2016 Jan;37(1):311-26. doi: 10.1002/hbm.23033. Epub 2015 Oct 20.",2016,,"",,"",,,,"",,"","","","","","","","","","","","","","","","","","","","","","",,,"","","","","","","","",,,"","","","","","","","","",,,"",,"","","","","","","",""
26376409,"10.1001/jamapsychiatry.2015.1252",1,"Consider","Cortical Representation of Afferent Bodily Signals in Borderline Personality Disorder: Neural Correlates and Relationship to Emotional Dysregulation","Müller LE, Schulz A, Andermann M, Gäbel A, Gescher DM, Spohn A, Herpertz SC, Bertsch K.","JAMA Psychiatry. 2015 Nov;72(11):1077-86. doi: 10.1001/jamapsychiatry.2015.1252.",2015,0,"Patients/Psychiatric/Borderline personality disorder",1,"27.7+-6.8, 30.2+-6.8, 27.9+-6.7",1,82,1,"EEG",60,"na","na","1000","250","easycap-M10","layout","5","2","Lead II","Right wrist, Left leg","unknown","1000","unknown","unknown","unknown","unknown","unknown","unknown","Common average","Common average","0.1","35",0,,"","","","","","Gratton-Coles blink detection, noisy epochs","All","na",2,1,"unknown","Primary","R-peak","455","595","unknown","unknown","Group/Condition Differences","Amplitude",1,1,"ANOVA",0,"","1","","","","","Age, sex, HR, BMI, Affective disorders, Anxiety",""
26376409,"10.1001/jamapsychiatry.2015.1252",,"","Cortical Representation of Afferent Bodily Signals in Borderline Personality Disorder: Neural Correlates and Relationship to Emotional Dysregulation","Müller LE, Schulz A, Andermann M, Gäbel A, Gescher DM, Spohn A, Herpertz SC, Bertsch K.","JAMA Psychiatry. 2015 Nov;72(11):1077-86. doi: 10.1001/jamapsychiatry.2015.1252.",2015,0,"Patients/Psychiatric/Borderline personality disorder",1,"27.7+-6.8, 30.2+-6.8, 27.9+-6.7",1,82,1,"EEG",60,"na","na","1000","250","easycap-M10","layout","5","2","Lead II","Right wrist, Left leg","unknown","1000","unknown","unknown","unknown","unknown","unknown","unknown","Common average","Common average","0.1","35",0,,"","","","","","Gratton-Coles blink detection, noisy epochs","All","na",3,1,"unknown","Primary","R-peak","455","595","unknown","unknown","Group/Condition Differences","Amplitude",1,1,"ANOVA",0,"","1","","","","","Age, sex, HR, BMI, Affective disorders, Anxiety",""
26376409,"10.1001/jamapsychiatry.2015.1252",,"","Cortical Representation of Afferent Bodily Signals in Borderline Personality Disorder: Neural Correlates and Relationship to Emotional Dysregulation","Müller LE, Schulz A, Andermann M, Gäbel A, Gescher DM, Spohn A, Herpertz SC, Bertsch K.","JAMA Psychiatry. 2015 Nov;72(11):1077-86. doi: 10.1001/jamapsychiatry.2015.1252.",2015,0,"Patients/Psychiatric/Borderline personality disorder",1,"27.7+-6.8, 30.2+-6.8, 27.9+-6.7",1,82,1,"EEG",60,"na","na","1000","250","easycap-M10","layout","5","2","Lead II","Right wrist, Left leg","unknown","1000","unknown","unknown","unknown","unknown","unknown","unknown","Common average","Common average","0.1","35",0,,"","","","","","Gratton-Coles blink detection, noisy epochs","Fz, Cz, Pz, Oz","na",2,1,"unknown","Primary","R-peak","455","595","unknown","unknown","Group/Condition Differences","Amplitude",0,1,"ANOVA, Non-parametric comparison",0,"","1","","","","","",""
26376409,"10.1001/jamapsychiatry.2015.1252",,"","Cortical Representation of Afferent Bodily Signals in Borderline Personality Disorder: Neural Correlates and Relationship to Emotional Dysregulation","Müller LE, Schulz A, Andermann M, Gäbel A, Gescher DM, Spohn A, Herpertz SC, Bertsch K.","JAMA Psychiatry. 2015 Nov;72(11):1077-86. doi: 10.1001/jamapsychiatry.2015.1252.",2015,0,"Patients/Psychiatric/Borderline personality disorder",1,"27.7+-6.8, 30.2+-6.8, 27.9+-6.7",1,82,1,"EEG",60,"na","na","1000","250","easycap-M10","layout","5","2","Lead II","Right wrist, Left leg","unknown","1000","unknown","unknown","unknown","unknown","unknown","unknown","Common average","Common average","0.1","35",0,,"","","","","","Gratton-Coles blink detection, noisy epochs","All","na",1,1,"unknown","Primary","R-peak","455","595","unknown","unknown","Correlation","Amplitude",1,1,"Correlation",0,"","1","","","","","",""
26318337,"10.1016/j.neuroscience.2015.08.046",0,"Not Related to HER","Multiple stages of information processing are modulated during acute bouts of exercise","Bullock T, Cecotti H, Giesbrecht B.","Neuroscience. 2015 Oct 29;307:138-50. doi: 10.1016/j.neuroscience.2015.08.046. Epub 2015 Aug 28.",2015,,"",,"",,,,"",,"","","","","","","","","","","","","","","","","","","","","","",,,"","","","","","","","",,,"","","","","","","","","",,,"",,"","","","","","","",""
26268858,"10.1111/psyp.12508",1,"Consider","Heartbeat-related EEG amplitude and phase modulations from wakefulness to deep sleep: Interactions with sleep spindles and slow oscillations","Lechinger J, Heib DP, Gruber W, Schabus M, Klimesch W.","Psychophysiology. 2015 Nov;52(11):1441-50. doi: 10.1111/psyp.12508. Epub 2015 Aug 13.",2015,0,"Sleep",0,"24.42+-2.59",0,22,1,"EEG",22,"na","na","250","unknown","standard19","Fp1, Fpz, Fp2, F7, F3, Fz, F4, F8, T3, C3, Cz, C4, T4, T5, P3, Pz, P4, T6, O1, Oz, O2, A1, A2",,"unknown","unknown","unknown","unknown","250","unknown","0.3","40","Semi-automatic","unknown","BrainVision Analyzer","FCz","Linked mastoids","0.3","40",0,,"","","","","","Manual removal of artifacts","F7, F3, Fz, F4, F8, C3, Cz, C4","na",1,6,"1000","Primary","R-peak","200","450","unknown","unknown","Group/Condition Differences","Peak-to-peak Amplitude",0,0,"ANOVA",0,"","1","","","","","ECG",""
26268858,"10.1111/psyp.12508",,"","Heartbeat-related EEG amplitude and phase modulations from wakefulness to deep sleep: Interactions with sleep spindles and slow oscillations","Lechinger J, Heib DP, Gruber W, Schabus M, Klimesch W.","Psychophysiology. 2015 Nov;52(11):1441-50. doi: 10.1111/psyp.12508. Epub 2015 Aug 13.",2015,0,"Sleep",0,"24.42+-2.59",0,22,1,"EEG",22,"na","na","250","unknown","standard19","Fp1, Fpz, Fp2, F7, F3, Fz, F4, F8, T3, C3, Cz, C4, T4, T5, P3, Pz, P4, T6, O1, Oz, O2, A1, A2",,"unknown","unknown","unknown","unknown","250","unknown","0.3","40","Semi-automatic","unknown","BrainVision Analyzer","FCz","Linked mastoids","0.3","40",0,,"","","","","","Manual removal of artifacts","F7, F3, Fz, F4, F8, C3, Cz, C4","na",1,2,"1000","Primary","R-peak","200","450","unknown","unknown","Group/Condition Differences","Peak-to-peak Amplitude",0,0,"t-test",0,"","1","","","","","ECG",""
26257624,"10.3389/fnhum.2015.00401",0,"Not Related to HER","Time course of EEG oscillations during repeated listening of a well-known aria","Jäncke L, Kühnis J, Rogenmoser L, Elmer S.","Front Hum Neurosci. 2015 Jul 20;9:401. doi: 10.3389/fnhum.2015.00401. eCollection 2015.",2015,,"",,"",,,,"",,"","","","","","","","","","","","","","","","","","","","","","",,,"","","","","","","","",,,"","","","","","","","","",,,"",,"","","","","","","",""
26255255,"10.1016/j.ijpsycho.2015.08.002",0,"Not Related to HER","Trials and intensity effects in single-trial ERP components and autonomic responses in a dishabituation paradigm with very long ISIs","MacDonald B, Barry RJ, Bonfield RC.","Int J Psychophysiol. 2015 Dec;98(3 Pt 1):394-412. doi: 10.1016/j.ijpsycho.2015.08.002. Epub 2015 Aug 5.",2015,,"",,"",,,,"",,"","","","","","","","","","","","","","","","","","","","","","",,,"","","","","","","","",,,"","","","","","","","","",,,"",,"","","","","","","",""
26189975,"10.1111/psyp.12498",0,"Not Related to HER","Conditioned and extinguished fear modulate functional corticocardiac coupling in humans","Panitz C, Hermann C, Mueller EM.","Psychophysiology. 2015 Oct;52(10):1351-60. doi: 10.1111/psyp.12498. Epub 2015 Jul 20.",2015,,"",,"",,,,"",,"","","","","","","","","","","","","","","","","","","","","","",,,"","","","","","","","",,,"","","","","","","","","",,,"",,"","","","","","","",""
26188392,"10.1016/j.autneu.2015.06.006",1,"Consider","Heart evoked potential triggers brain responses to natural affective scenes: A preliminary study","Couto B, Adolfi F, Velasquez M, Mesow M, Feinstein J, Canales-Johnson A, Mikulan E, Martínez-Pernía D, Bekinschtein T, Sigman M, Manes F, Ibanez A.","Auton Neurosci. 2015 Dec;193:132-7. doi: 10.1016/j.autneu.2015.06.006. Epub 2015 Jul 3.",2015,0,"Manipulation/Emotion induction",0,"41.3+-14.95",1,10,0,"EEG",128,"na","na","2048","512","biosemi128","layout",,"unknown","unknown","unknown","unknown","unknown","unknown","unknown","unknown","Automatic","Derivative sign","Peakfinder","Linked mastoids","Common average","0.3","50",1,1,"Eye Movements","","","","","","C27, C28, C29, C17, C18, C19, C14, C15, C16","na",1,2,"unknown","Primary","R-peak","200","400","unknown","unknown","Group/Condition Differences","Amplitude",0,0,"t-test",1,"5000","1","C27, C28, C29, C17, C18, C19, C14, C15, C16","R-peak","216","572","",""
26188392,"10.1016/j.autneu.2015.06.006",,"","Heart evoked potential triggers brain responses to natural affective scenes: A preliminary study","Couto B, Adolfi F, Velasquez M, Mesow M, Feinstein J, Canales-Johnson A, Mikulan E, Martínez-Pernía D, Bekinschtein T, Sigman M, Manes F, Ibanez A.","Auton Neurosci. 2015 Dec;193:132-7. doi: 10.1016/j.autneu.2015.06.006. Epub 2015 Jul 3.",2015,0,"Manipulation/Emotion induction",0,"41.3+-14.95",1,10,0,"EEG",128,"na","na","2048","512","biosemi128","layout",,"unknown","unknown","unknown","unknown","unknown","unknown","unknown","unknown","Automatic","Derivative sign","Peakfinder","Linked mastoids","Common average","0.3","50",1,1,"Eye Movements","","","","","","A5, A17, A18, A30, A31, A32","na",1,2,"unknown","Primary","R-peak","200","400","unknown","unknown","Group/Condition Differences","Amplitude",0,0,"t-test",1,"5000","1","A5, A17, A18, A30, A31, A32","R-peak","248","648","",""
26060324,"10.1093/scan/nsv075",0,"Not Related to HER","The dual nature of eye contact: to see and to be seen","Myllyneva A, Hietanen JK.","Soc Cogn Affect Neurosci. 2016 Jul;11(7):1089-95. doi: 10.1093/scan/nsv075. Epub 2015 Jun 8.",2016,,"",,"",,,,"",,"","","","","","","","","","","","","","","","","","","","","","",,,"","","","","","","","",,,"","","","","","","","","",,,"",,"","","","","","","",""
25984819,"10.1097/PSY.0000000000000195",1,"Consider","Altered patterns of heartbeat-evoked potentials in depersonalization/derealization disorder: neurophysiological evidence for impaired cortical representation of bodily signals","Schulz A, Köster S, Beutel ME, Schächinger H, Vögele C, Rost S, Rauh M, Michal M.","Psychosom Med. 2015 Jun;77(5):506-16. doi: 10.1097/PSY.0000000000000195.",2015,0,"Patients/Psychiatric/Depersonalization disorder, Perception/Interoception/Cardiac",1,"26.4+-2.0, 26.8+-6.5",1,47,0,"EEG",2,"na","na","1000","250","standard19","Fz, Cz",,"unknown","Lead II","unknown","unknown","1000","unknown","0.05","unknown","Semi-automatic","unknown","WinCPRS","unknown","unknown","0.1","35",0,,"","","","","limit analysis to time of minimal artifact","Noisy epochs, Gratton-Coles blink detection","Fz, Cz","na",2,2,"[est300]","Primary","R-peak","455","595","unknown","unknown","Group/Condition Differences","Amplitude",0,1,"ANOVA",0,"","1","","","","","Age, BMI, LF/HF, Cortisol","est number of trials = 300 s in resting condition * 1 beat per second"
25984819,"10.1097/PSY.0000000000000195",,"","Altered patterns of heartbeat-evoked potentials in depersonalization/derealization disorder: neurophysiological evidence for impaired cortical representation of bodily signals","Schulz A, Köster S, Beutel ME, Schächinger H, Vögele C, Rost S, Rauh M, Michal M.","Psychosom Med. 2015 Jun;77(5):506-16. doi: 10.1097/PSY.0000000000000195.",2015,0,"Patients/Psychiatric/Depersonalization disorder, Perception/Interoception/Cardiac",1,"26.4+-2.0, 26.8+-6.5",1,47,0,"EEG",2,"na","na","1000","250","standard19","Fz, Cz",,"unknown","Lead II","unknown","unknown","1000","unknown","0.05","unknown","Semi-automatic","unknown","WinCPRS","unknown","unknown","0.1","35",0,,"","","","","limit analysis to time of minimal artifact","Noisy epochs, Gratton-Coles blink detection","Fz, Cz","na",1,1,"[est620]","Primary","R-peak","455","595","unknown","unknown","Correlation","Amplitude",1,1,"Correlation",0,"","1","","","","","Age, BMI, LF/HF, Cortisol","est number of trials = (300 s in resting condition + 320 s in heartbeat counting) * 1 beat per second"
25925534,"10.1111/ejn.12936",0,"Not Related to HER","The classic P300 encodes a build-to-threshold decision variable","Twomey DM, Murphy PR, Kelly SP, O'Connell RG.","Eur J Neurosci. 2015 Jul;42(1):1636-43. doi: 10.1111/ejn.12936. Epub 2015 May 28.",2015,,"",,"",,,,"",,"","","","","","","","","","","","","","","","","","","","","","",,,"","","","","","","","",,,"","","","","","","","","",,,"",,"","","","","","","",""
25912598,"10.1016/j.sleep.2015.02.528",0,"Not Related to HER","Effect of respiration on heartbeat-evoked potentials during sleep in children with sleep-disordered breathing","Baumert M, Pamula Y, Kohler M, Martin J, Kennedy D, Nalivaiko E, Immanuel SA.","Sleep Med. 2015 May;16(5):665-7. doi: 10.1016/j.sleep.2015.02.528. Epub 2015 Mar 9.",2015,,"",,"",,,,"",,"","","","","","","","","","","","","","","","","","","","","","",,,"","","","","","","","",,,"","","","","","","","","",,,"",,"","","","","","","",""
25911524,"10.1016/j.ijpsycho.2015.04.006",0,"Not Related to HER","Evaluation of 3D cognitive fatigue using heart-brain synchronization","Park S, Won MJ, Lee EC, Mun S, Park MC, Whang M.","Int J Psychophysiol. 2015 Aug;97(2):120-30. doi: 10.1016/j.ijpsycho.2015.04.006. Epub 2015 Apr 21.",2015,,"",,"",,,,"",,"","","","","","","","","","","","","","","","","","","","","","",,,"","","","","","","","",,,"","","","","","","","","",,,"",,"","","","","","","",""
25911524,"10.1016/j.ijpsycho.2015.04.006",,"","Evaluation of 3D cognitive fatigue using heart-brain synchronization","Park S, Won MJ, Lee EC, Mun S, Park MC, Whang M.","Int J Psychophysiol. 2015 Aug;97(2):120-30. doi: 10.1016/j.ijpsycho.2015.04.006. Epub 2015 Apr 21.",2015,,"",,"",,,,"",,"","","","","","","","","","","","","","","","","","","","","","",,,"","","","","","","","",,,"","","","","","","","","",,,"",,"","","","","","","",""
25899708,"10.1093/cercor/bhv076",1,"Consider","Auditory Feedback Differentially Modulates Behavioral and Neural Markers of Objective and Subjective Performance When Tapping to Your Heartbeat","Canales-Johnson A, Silva C, Huepe D, Rivera-Rei Á, Noreika V, Garcia Mdel C, Silva W, Ciraolo C, Vaucheret E, Sedeño L, Couto B, Kargieman L, Baglivo F, Sigman M, Chennu S, Ibáñez A, Rodríguez E, Bekinschtein TA.","Cereb Cortex. 2015 Nov;25(11):4490-503. doi: 10.1093/cercor/bhv076. Epub 2015 Apr 21.",2015,0,"Perception/Interoception/Cardiac, Manipulation/Biofeedback, Patients/Neurological/Epilepsy",1,"22.6+-3.2",1,33,0,"EEG",128,"na","na","500","250","GSN-HydroCel-129","layout",,"2","Lead II","Right clavicle, Left abdomen","unknown","500","unknown","0.01","100","unknown","unknown","none","Cz","Linked mastoids","0.5","40",1,0,"Eye movements, CFA, Other","","Semi-automatic","Topography, CORRMAP","","Noisy epochs","E7, E30, E36, E35, E29, E13, E28, E20, E27, E24, E6, E12, E5, E19, E11, E4, E18, E16, E10, E106, E105, E104, E112, E111, E110, E118, E117, E124, E123","na",1,2,"unknown","Primary","R-peak","-200","600","-200","-50","Group/Condition Differences","Amplitude",0,0,"t-test",1,"1000","1","E7, E30, E36, E35, E29, E13, E28, E20, E27, E24, E6, E12, E5, E19, E11, E4, E18, E16, E10, E106, E105, E104, E112, E111, E110, E118, E117, E124, E123","R-peak","173","356","",""
25899708,"10.1093/cercor/bhv076",,"","Auditory Feedback Differentially Modulates Behavioral and Neural Markers of Objective and Subjective Performance When Tapping to Your Heartbeat","Canales-Johnson A, Silva C, Huepe D, Rivera-Rei Á, Noreika V, Garcia Mdel C, Silva W, Ciraolo C, Vaucheret E, Sedeño L, Couto B, Kargieman L, Baglivo F, Sigman M, Chennu S, Ibáñez A, Rodríguez E, Bekinschtein TA.","Cereb Cortex. 2015 Nov;25(11):4490-503. doi: 10.1093/cercor/bhv076. Epub 2015 Apr 21.",2015,0,"Perception/Interoception/Cardiac, Manipulation/Biofeedback, Patients/Neurological/Epilepsy",1,"22.6+-3.2",1,33,0,"EEG",128,"na","na","500","250","GSN-HydroCel-129","layout",,"2","Lead II","Right clavicle, Left abdomen","unknown","500","unknown","0.01","100","unknown","unknown","none","Cz","Linked mastoids","0.5","40",1,0,"Eye movements, CFA, Other","","Semi-automatic","Topography, CORRMAP","","Noisy epochs","E7, E30, E36, E35, E29, E13, E28, E20, E27, E24, E6, E12, E5, E19, E11, E4, E18, E16, E10, E106, E105, E104, E112, E111, E110, E118, E117, E124, E123","na",2,1,"unknown","Primary","R-peak","-200","600","-200","-50","Group/Condition Differences","Amplitude",0,0,"t-test",1,"1000","1","E7, E30, E36, E35, E29, E13, E28, E20, E27, E24, E6, E12, E5, E19, E11, E4, E18, E16, E10, E106, E105, E104, E112, E111, E110, E118, E117, E124, E123","R-peak","168","500","",""
25899708,"10.1093/cercor/bhv076",,"","Auditory Feedback Differentially Modulates Behavioral and Neural Markers of Objective and Subjective Performance When Tapping to Your Heartbeat","Canales-Johnson A, Silva C, Huepe D, Rivera-Rei Á, Noreika V, Garcia Mdel C, Silva W, Ciraolo C, Vaucheret E, Sedeño L, Couto B, Kargieman L, Baglivo F, Sigman M, Chennu S, Ibáñez A, Rodríguez E, Bekinschtein TA.","Cereb Cortex. 2015 Nov;25(11):4490-503. doi: 10.1093/cercor/bhv076. Epub 2015 Apr 21.",2015,0,"Perception/Interoception/Cardiac, Manipulation/Biofeedback, Patients/Neurological/Epilepsy",1,"22.6+-3.2",1,33,0,"EEG",128,"na","na","500","250","GSN-HydroCel-129","layout",,"2","Lead II","Right clavicle, Left abdomen","unknown","500","unknown","0.01","100","unknown","unknown","none","Cz","Linked mastoids","0.5","40",1,0,"Eye movements, CFA, Other","","Semi-automatic","Topography, CORRMAP","","Noisy epochs","E7, E30, E36, E35, E29, E13, E28, E20, E27, E24, E6, E12, E5, E19, E11, E4, E18, E16, E10, E106, E105, E104, E112, E111, E110, E118, E117, E124, E123","na",1,2,"unknown","Primary","R-peak","200","450","-200","-50","Group/Condition Differences","Amplitude",1,1,"ANOVA",0,"","1","","","","","Tapping accuracy",""
25870439,"10.1093/scan/nsv039",0,"Not Related to HER","Cardiac and electro-cortical concomitants of social feedback processing in women","Dekkers LM, van der Molen MJ, Gunther Moor B, van der Veen FM, van der Molen MW.","Soc Cogn Affect Neurosci. 2015 Nov;10(11):1506-14. doi: 10.1093/scan/nsv039. Epub 2015 Apr 13.",2015,,"",,"",,,,"",,"","","","","","","","","","","","","","","","","","","","","","",,,"","","","","","","","",,,"","","","","","","","","",,,"",,"","","","","","","",""
25848007,"10.1073/pnas.1423936112",0,"Not Related to HER","Asphyxia-activated corticocardiac signaling accelerates onset of cardiac arrest","Li D, Mabrouk OS, Liu T, Tian F, Xu G, Rengifo S, Choi SJ, Mathur A, Crooks CP, Kennedy RT, Wang MM, Ghanbari H, Borjigin J.","Proc Natl Acad Sci U S A. 2015 Apr 21;112(16):E2073-82. doi: 10.1073/pnas.1423936112. Epub 2015 Apr 6.",2015,,"",,"",,,,"",,"","","","","","","","","","","","","","","","","","","","","","",,,"","","","","","","","",,,"","","","","","","","","",,,"",,"","","","","","","",""
25630906,"10.1007/s00221-015-4208-x",0,"Not Related to HER","Neuroelectric adaptations to cognitive processing in virtual environments: an exercise-related approach","Vogt T, Herpers R, Scherfgen D, Strüder HK, Schneider S.","Exp Brain Res. 2015 Apr;233(4):1321-9. doi: 10.1007/s00221-015-4208-x. Epub 2015 Jan 29.",2015,,"",,"",,,,"",,"","","","","","","","","","","","","","","","","","","","","","",,,"","","","","","","","",,,"","","","","","","","","",,,"",,"","","","","","","",""
25571329,"10.1109/EMBC.2014.6944961",0,"Not Related to HER","Brain biomarkers based assessment of cognitive workload in pilots under various task demands","Gentili RJ, Rietschel JC, Jaquess KJ, Lo LC, Prevost M, Miller MW, Mohler JM, Oh H, Tan YY, Hatfield BD.","Annu Int Conf IEEE Eng Med Biol Soc. 2014;2014:5860-3. doi: 10.1109/EMBC.2014.6944961.",2014,,"",,"",,,,"",,"","","","","","","","","","","","","","","","","","","","","","",,,"","","","","","","","",,,"","","","","","","","","",,,"",,"","","","","","","",""
25431244,"10.1111/psyp.12388",1,"Consider","Short-term food deprivation increases amplitudes of heartbeat-evoked potentials","Schulz A, Ferreira de Sá DS, Dierolf AM, Lutz A, van Dyck Z, Vögele C, Schächinger H.","Psychophysiology. 2015 May;52(5):695-703. doi: 10.1111/psyp.12388. Epub 2014 Nov 28.",2015,0,"Manipulation/Fasting",0,"20-26",1,16,0,"EEG",13,"na","na","512","256","standard19","F7, F3, Fz, F4, F8, C3, Cz, C4, P3, Pz, P4, A1, A2","8","2","Lead II","unknown","unknown","512","unknown","0.05","unknown","Semi-automatic","unknown","WinCPRS","linked mastoids","unknown","0.1","35",0,,"","","","","limit analysis to time of minimal artifact","Gratton-Coles blink detection","F7, F3, Fz, F4, F8, C3, Cz, C4, P3, Pz, P4, A1, A2","na",1,2,"589+-60","Primary","R-peak","455","595","-200","0","Group/Condition Differences","Amplitude",0,1,"ANOVA",0,"","0","","","","","Menstrual Cycle Phase, HR, HRV",""
25398141,"10.1371/journal.pone.0112849",0,"Not Related to HER","Enhanced slow-wave EEG activity and thermoregulatory impairment following the inhibition of the lateral hypothalamus in the rat","Cerri M, Del Vecchio F, Mastrotto M, Luppi M, Martelli D, Perez E, Tupone D, Zamboni G, Amici R.","PLoS One. 2014 Nov 14;9(11):e112849. doi: 10.1371/journal.pone.0112849. eCollection 2014.",2014,,"",,"",,,,"",,"","","","","","","","","","","","","","","","","","","","","","",,,"","","","","","","","",,,"","","","","","","","","",,,"",,"","","","","","","",""
25355852,"10.14814/phy2.12178",0,"Not Related to HER","The influence of an acute bout of aerobic exercise on cortical contributions to motor preparation and execution","Thacker JS, Middleton LE, McIlroy WE, Staines WR.","Physiol Rep. 2014 Oct 28;2(10):e12178. doi: 10.14814/phy2.12178. Print 2014 Oct 1.",2014,,"",,"",,,,"",,"","","","","","","","","","","","","","","","","","","","","","",,,"","","","","","","","",,,"","","","","","","","","",,,"",,"","","","","","","",""
25342100,"10.1186/1745-6215-15-403",0,"Not Related to HER","Effect of acupuncture on patients with insomnia: study protocol for a randomized controlled trial","Han KH, Kim SY, Chung SY.","Trials. 2014 Oct 23;15:403. doi: 10.1186/1745-6215-15-403.",2014,,"",,"",,,,"",,"","","","","","","","","","","","","","","","","","","","","","",,,"","","","","","","","",,,"","","","","","","","","",,,"",,"","","","","","","",""
25330003,"10.1371/journal.pone.0108224",0,"Not Related to HER","Sex differences in orienting to pictures with and without humans: evidence from the cardiac evoked response (ECR) and the cortical long latency parietal positivity (LPP)","Althaus M, Groen Y, van der Schaft L, Minderaa RB, Tucha O, Mulder LJ, Wijers AA.","PLoS One. 2014 Oct 15;9(10):e108224. doi: 10.1371/journal.pone.0108224. eCollection 2014.",2014,,"",,"",,,,"",,"","","","","","","","","","","","","","","","","","","","","","",,,"","","","","","","","",,,"","","","","","","","","",,,"",,"","","","","","","",""
25317937,"10.1164/rccm.201405-0920OC",1,"Consider","Heartbeat evoked potentials during sleep and daytime behavior in children with sleep-disordered breathing","Immanuel SA, Pamula Y, Kohler M, Martin J, Kennedy D, Nalivaiko E, Saint DA, Baumert M.","Am J Respir Crit Care Med. 2014 Nov 15;190(10):1149-57. doi: 10.1164/rccm.201405-0920OC.",2014,0,"Patients/Sleep/Sleep-disordered breathing, Sleep, Age group/Children, Physiology/Respiration",1,"7.5+-2.6, 7.5+-2.7, 8.2+-2.6, 7.8+-2.6",1,80,0,"EEG",2,"na","na","250","unknown","standard19","C3, C4",,"2","Lead II","unknown","unknown","500","unknown","unknown","unknown","Semi-automatic","unknown","LibRASCH","Linked mastoids","unknown","unknown","unknown",0,,"","","","","limit analysis to time of minimal artifact","","C3, C4","na",2,1,"unknown","Primary","R-peak","400","550","unknown","unknown","Group/Condition Differences","Amplitude",0,1,"ANOVA",0,"","1","","","","","Surrogate heartbeats, RR",""
25317937,"10.1164/rccm.201405-0920OC",,"","Heartbeat evoked potentials during sleep and daytime behavior in children with sleep-disordered breathing","Immanuel SA, Pamula Y, Kohler M, Martin J, Kennedy D, Nalivaiko E, Saint DA, Baumert M.","Am J Respir Crit Care Med. 2014 Nov 15;190(10):1149-57. doi: 10.1164/rccm.201405-0920OC.",2014,0,"Patients/Sleep/Sleep-disordered breathing, Sleep, Age group/Children, Physiology/Respiration",1,"7.5+-2.6, 7.5+-2.7, 8.2+-2.6, 7.8+-2.6",1,80,0,"EEG",2,"na","na","250","unknown","standard19","C3, C4",,"2","Lead II","unknown","unknown","500","unknown","unknown","unknown","Semi-automatic","unknown","LibRASCH","Linked mastoids","unknown","unknown","unknown",0,,"","","","","limit analysis to time of minimal artifact","","C3, C4","na",2,1,"unknown","Primary","R-peak","400","550","unknown","unknown","Group/Condition Differences","Latency",0,1,"ANOVA",0,"","1","","","","","Surrogate heartbeats, RR",""
25317937,"10.1164/rccm.201405-0920OC",,"","Heartbeat evoked potentials during sleep and daytime behavior in children with sleep-disordered breathing","Immanuel SA, Pamula Y, Kohler M, Martin J, Kennedy D, Nalivaiko E, Saint DA, Baumert M.","Am J Respir Crit Care Med. 2014 Nov 15;190(10):1149-57. doi: 10.1164/rccm.201405-0920OC.",2014,0,"Patients/Sleep/Sleep-disordered breathing, Sleep, Age group/Children, Physiology/Respiration",1,"7.5+-2.6, 7.5+-2.7, 8.2+-2.6, 7.8+-2.6",1,80,0,"EEG",2,"na","na","250","unknown","standard19","C3, C4",,"2","Lead II","unknown","unknown","500","unknown","unknown","unknown","Semi-automatic","unknown","LibRASCH","Linked mastoids","unknown","unknown","unknown",0,,"","","","","limit analysis to time of minimal artifact","","C3, C4","na",2,1,"unknown","Primary","R-peak","400","550","unknown","unknown","Group/Condition Differences","Amplitude",0,1,"t-test",0,"","1","","","","","",""
25317937,"10.1164/rccm.201405-0920OC",,"","Heartbeat evoked potentials during sleep and daytime behavior in children with sleep-disordered breathing","Immanuel SA, Pamula Y, Kohler M, Martin J, Kennedy D, Nalivaiko E, Saint DA, Baumert M.","Am J Respir Crit Care Med. 2014 Nov 15;190(10):1149-57. doi: 10.1164/rccm.201405-0920OC.",2014,0,"Patients/Sleep/Sleep-disordered breathing, Sleep, Age group/Children, Physiology/Respiration",1,"7.5+-2.6, 7.5+-2.7, 8.2+-2.6, 7.8+-2.6",1,80,0,"EEG",2,"na","na","250","unknown","standard19","C3, C4",,"2","Lead II","unknown","unknown","500","unknown","unknown","unknown","Semi-automatic","unknown","LibRASCH","Linked mastoids","unknown","unknown","unknown",0,,"","","","","limit analysis to time of minimal artifact","","C3, C4","na",2,1,"unknown","Primary","R-peak","400","550","unknown","unknown","Group/Condition Differences","Latency",0,1,"t-test",0,"","1","","","","","",""
25317937,"10.1164/rccm.201405-0920OC",,"","Heartbeat evoked potentials during sleep and daytime behavior in children with sleep-disordered breathing","Immanuel SA, Pamula Y, Kohler M, Martin J, Kennedy D, Nalivaiko E, Saint DA, Baumert M.","Am J Respir Crit Care Med. 2014 Nov 15;190(10):1149-57. doi: 10.1164/rccm.201405-0920OC.",2014,0,"Patients/Sleep/Sleep-disordered breathing, Sleep, Age group/Children, Physiology/Respiration",1,"7.5+-2.6, 7.5+-2.7, 8.2+-2.6, 7.8+-2.6",1,80,0,"EEG",2,"na","na","250","unknown","standard19","C3, C4",,"2","Lead II","unknown","unknown","500","unknown","unknown","unknown","Semi-automatic","unknown","LibRASCH","Linked mastoids","unknown","unknown","unknown",0,,"","","","","limit analysis to time of minimal artifact","","C3, C4","na",1,1,"unknown","Primary","R-peak","400","550","unknown","unknown","Correlation","Amplitude",0,1,"Correlation",0,"","1","","","","","",""
25317937,"10.1164/rccm.201405-0920OC",,"","Heartbeat evoked potentials during sleep and daytime behavior in children with sleep-disordered breathing","Immanuel SA, Pamula Y, Kohler M, Martin J, Kennedy D, Nalivaiko E, Saint DA, Baumert M.","Am J Respir Crit Care Med. 2014 Nov 15;190(10):1149-57. doi: 10.1164/rccm.201405-0920OC.",2014,0,"Patients/Sleep/Sleep-disordered breathing, Sleep, Age group/Children, Physiology/Respiration",1,"7.5+-2.6, 7.5+-2.7, 8.2+-2.6, 7.8+-2.6",1,80,0,"EEG",2,"na","na","250","unknown","standard19","C3, C4",,"2","Lead II","unknown","unknown","500","unknown","unknown","unknown","Semi-automatic","unknown","LibRASCH","Linked mastoids","unknown","unknown","unknown",0,,"","","","","limit analysis to time of minimal artifact","","C3, C4","na",1,1,"unknown","Primary","R-peak","400","550","unknown","unknown","Correlation","Latency",0,1,"Correlation",0,"","0","","","","","",""
25308605,"10.1111/psyp.12364",0,"Not Related to HER","Effect of acute exercise and cardiovascular fitness on cognitive function: an event-related cortical desynchronization study","Chang YK, Chu CH, Wang CC, Song TF, Wei GX.","Psychophysiology. 2015 Mar;52(3):342-51. doi: 10.1111/psyp.12364. Epub 2014 Oct 13.",2015,,"",,"",,,,"",,"","","","","","","","","","","","","","","","","","","","","","",,,"","","","","","","","",,,"","","","","","","","","",,,"",,"","","","","","","",""
25218826,"10.1016/j.pain.2014.09.006",0,"Not Related to HER","Noxious stimulation in children receiving general anaesthesia evokes an increase in delta frequency brain activity","Hartley C, Poorun R, Goksan S, Worley A, Boyd S, Rogers R, Ali T, Slater R.","Pain. 2014 Nov;155(11):2368-76. doi: 10.1016/j.pain.2014.09.006. Epub 2014 Sep 10.",2014,,"",,"",,,,"",,"","","","","","","","","","","","","","","","","","","","","","",,,"","","","","","","","",,,"","","","","","","","","",,,"",,"","","","","","","",""
25109434,"10.1016/j.ijpsycho.2014.07.015",0,"Not Related to HER","Physiological and cognitive consequences of suppressing and expressing emotion in dyadic interactions","Peters BJ, Overall NC, Jamieson JP.","Int J Psychophysiol. 2014 Oct;94(1):100-7. doi: 10.1016/j.ijpsycho.2014.07.015. Epub 2014 Aug 7.",2014,,"",,"",,,,"",,"","","","","","","","","","","","","","","","","","","","","","",,,"","","","","","","","",,,"","","","","","","","","",,,"",,"","","","","","","",""
24916920,"10.1111/psyp.12239",0,"Not Related to HER","Memory detection with the Concealed Information Test: a meta analysis of skin conductance, respiration, heart rate, and P300 data","Meijer EH, klein Selle N, Elber L, Ben-Shakhar G.","Psychophysiology. 2014 Sep;51(9):879-904. doi: 10.1111/psyp.12239. Epub 2014 Jun 10.",2014,,"",,"",,,,"",,"","","","","","","","","","","","","","","","","","","","","","",,,"","","","","","","","",,,"","","","","","","","","",,,"",,"","","","","","","",""
24887007,"10.1016/j.jpain.2014.05.004",0,"Not Related to HER","Sex differences in the neural representation of pain unpleasantness","Girard-Tremblay L, Auclair V, Daigle K, Léonard G, Whittingstall K, Goffaux P.","J Pain. 2014 Aug;15(8):867-77. doi: 10.1016/j.jpain.2014.05.004. Epub 2014 Jun 2.",2014,,"",,"",,,,"",,"","","","","","","","","","","","","","","","","","","","","","",,,"","","","","","","","",,,"","","","","","","","","",,,"",,"","","","","","","",""
24824678,"10.1007/s10517-014-2431-2",0,"Not Related to HER","Contribution of neurophysiological endophenotype, individual frequency of EEG alpha oscillations, to mechanisms of emotional reactivity","Tumyalis AV, Aftanas LI.","Bull Exp Biol Med. 2014 Apr;156(6):711-6. doi: 10.1007/s10517-014-2431-2. Epub 2014 May 3.",2014,,"",,"",,,,"",,"","","","","","","","","","","","","","","","","","","","","","",,,"","","","","","","","",,,"","","","","","","","","",,,"",,"","","","","","","",""
24681245,"10.1016/j.ijpsycho.2014.03.007",0,"Not Related to HER","Trial effects in single-trial ERP components and autonomic responses at very long ISIs","MacDonald B, Barry RJ.","Int J Psychophysiol. 2014 Jun;92(3):99-112. doi: 10.1016/j.ijpsycho.2014.03.007. Epub 2014 Mar 26.",2014,,"",,"",,,,"",,"","","","","","","","","","","","","","","","","","","","","","",,,"","","","","","","","",,,"","","","","","","","","",,,"",,"","","","","","","",""
24680787,"10.1016/j.biopsycho.2014.03.004",0,"Not Related to HER","Suppression of the auditory N1-component for heartbeat-related sounds reflects interoceptive predictive coding","van Elk M, Lenggenhager B, Heydrich L, Blanke O.","Biol Psychol. 2014 May;99:172-82. doi: 10.1016/j.biopsycho.2014.03.004. Epub 2014 Mar 26.",2014,,"",,"",,,,"",,"","","","","","","","","","","","","","","","","","","","","","",,,"","","","","","","","",,,"","","","","","","","","",,,"",,"","","","","","","",""
24609466,"10.1038/nn.3671",1,"Consider","Spontaneous fluctuations in neural responses to heartbeats predict visual detection","Park HD, Correia S, Ducorps A, Tallon-Baudry C.","Nat Neurosci. 2014 Apr;17(4):612-8. doi: 10.1038/nn.3671. Epub 2014 Mar 9.",2014,0,"Perception/Exteroception/Visual/Near-threshold detection",0,"23.7+-0.5",1,17,0,"MEG",306,"204","102","1000","unknown","Elekta","na",,"8","Multiple leads (Lead II)","Right clavicle, Left abdomen, Left clavicle, Sternum, Right shoulder, Left shoulder","Upper back","unknown","unknown","1","40","Automatic","Template matching","none","na","na","1","40",1,1,"CFA","","Automatic","Phase consistency","limit analysis to time of minimal artifact","Noisy epochs","na","mag",1,2,"unknown","Primary","T-peak","50","350","unknown","unknown","Group/Condition Differences","Amplitude",0,0,"t-test",1,"1000","1","na","T-peak","135","171","RR, HR, ECG, Surrogate heartbeats, Alpha power, Respiration, Systolic blood pressure, Diastolic blood pressure, HRV",""
24609466,"10.1038/nn.3671",,"","Spontaneous fluctuations in neural responses to heartbeats predict visual detection","Park HD, Correia S, Ducorps A, Tallon-Baudry C.","Nat Neurosci. 2014 Apr;17(4):612-8. doi: 10.1038/nn.3671. Epub 2014 Mar 9.",2014,0,"Perception/Exteroception/Visual/Near-threshold detection",0,"23.7+-0.5",1,17,0,"MEG",306,"204","102","1000","unknown","Elekta","na",,"8","Multiple leads (Lead II)","Right clavicle, Left abdomen, Left clavicle, Sternum, Right shoulder, Left shoulder","Upper back","unknown","unknown","1","40","Automatic","Template matching","none","na","na","1","40",1,1,"CFA","","Automatic","Phase consistency","limit analysis to time of minimal artifact","Noisy epochs","na","mag",1,1,"unknown","Secondary","T-peak","135","171","unknown","unknown","Correlation","Amplitude",1,1,"Regression",0,"","1","","","","","RR, HR, ECG, Surrogate heartbeats, Alpha power, Respiration, Systolic blood pressure, Diastolic blood pressure, HRV",""
24609466,"10.1038/nn.3671",,"","Spontaneous fluctuations in neural responses to heartbeats predict visual detection","Park HD, Correia S, Ducorps A, Tallon-Baudry C.","Nat Neurosci. 2014 Apr;17(4):612-8. doi: 10.1038/nn.3671. Epub 2014 Mar 9.",2014,0,"Perception/Exteroception/Visual/Near-threshold detection",0,"23.7+-0.5",1,17,0,"MEG",306,"204","102","1000","unknown","Elekta","na",,"8","Multiple leads (Lead II)","Right clavicle, Left abdomen, Left clavicle, Sternum, Right shoulder, Left shoulder","Upper back","unknown","unknown","1","40","Automatic","Template matching","none","na","na","1","40",1,1,"CFA","","Automatic","Phase consistency","limit analysis to time of minimal artifact","Noisy epochs","na","mag",1,1,"unknown","Secondary","T-peak","135","171","unknown","unknown","Correlation","Amplitude",1,1,"Correlation",0,"","1","","","","","RR, HR, ECG, Surrogate heartbeats, Alpha power, Respiration, Systolic blood pressure, Diastolic blood pressure, HRV",""
24530435,"10.1016/j.jneumeth.2014.02.002",0,"Not Related to HER","Non-invasive detection of optical changes elicited by seizure activity using time-series analysis of light scattering images in a rat model of generalized seizure","Hajihashemi MR, Zhang T, Ormerod BK, Jiang H.","J Neurosci Methods. 2014 Apr 30;227:18-28. doi: 10.1016/j.jneumeth.2014.02.002. Epub 2014 Feb 11.",2014,,"",,"",,,,"",,"","","","","","","","","","","","","","","","","","","","","","",,,"","","","","","","","",,,"","","","","","","","","",,,"",,"","","","","","","",""
24329704,"10.33549/physiolres.932564",0,"Not Related to HER","Effect of an inhibitor of neuronal nitric oxide synthase 7-nitroindazole on cerebral hemodynamic response and brain excitability in urethane-anesthetized rats","Brožíčková C, Otáhal J.","Physiol Res. 2013;62(Suppl 1):S57-66. doi: 10.33549/physiolres.932564.",2013,,"",,"",,,,"",,"","","","","","","","","","","","","","","","","","","","","","",,,"","","","","","","","",,,"","","","","","","","","",,,"",,"","","","","","","",""
24311196,"10.1007/s11011-013-9462-7",0,"Not Related to HER","Mindfulness based cognitive therapy may improve emotional processing in bipolar disorder: pilot ERP and HRV study","Howells FM, Laurie Rauch HG, Ives-Deliperi VL, Horn NR, Stein DJ.","Metab Brain Dis. 2014 Jun;29(2):367-75. doi: 10.1007/s11011-013-9462-7. Epub 2013 Dec 7.",2014,,"",,"",,,,"",,"","","","","","","","","","","","","","","","","","","","","","",,,"","","","","","","","",,,"","","","","","","","","",,,"",,"","","","","","","",""
24111201,"10.1109/EMBC.2013.6611014",0,"Not Related to HER","Changes in behavior of evoked potentials in the brain as a possible indicator of fatigue in people","Kadambi P, Lovelace JA, Beyette FR.","Annu Int Conf IEEE Eng Med Biol Soc. 2013;2013:6381-4. doi: 10.1109/EMBC.2013.6611014.",2013,,"",,"",,,,"",,"","","","","","","","","","","","","","","","","","","","","","",,,"","","","","","","","",,,"","","","","","","","","",,,"",,"","","","","","","",""
23954302,"10.1016/j.ijpsycho.2013.08.002",0,"Not Related to HER","The influence of social evaluation on cerebral cortical activity and motor performance: a study of ""Real-Life"" competition","Hatfield BD, Costanzo ME, Goodman RN, Lo LC, Oh H, Rietschel JC, Saffer M, Bradberry T, Contreras-Vidal J, Haufler A.","Int J Psychophysiol. 2013 Nov;90(2):240-9. doi: 10.1016/j.ijpsycho.2013.08.002. Epub 2013 Aug 14.",2013,,"",,"",,,,"",,"","","","","","","","","","","","","","","","","","","","","","",,,"","","","","","","","",,,"","","","","","","","","",,,"",,"","","","","","","",""
23933516,"10.1016/j.bbr.2013.07.049",0,"Not Related to HER","Wakefulness-promoting role of the inferior colliculus","Cabrera G, Cavelli M, Lopez C, Rodriguez-Servetti Z, Vanini G, Chase MH, Falconi A, Torterolo P.","Behav Brain Res. 2013 Nov 1;256:82-94. doi: 10.1016/j.bbr.2013.07.049. Epub 2013 Aug 7.",2013,,"",,"",,,,"",,"","","","","","","","","","","","","","","","","","","","","","",,,"","","","","","","","",,,"","","","","","","","","",,,"",,"","","","","","","",""
23892096,"10.1016/j.ijpsycho.2013.07.006",0,"Not Related to HER","Mindfulness (Vipassana) meditation: effects on P3b event-related potential and heart rate variability","Delgado-Pastor LC, Perakakis P, Subramanya P, Telles S, Vila J.","Int J Psychophysiol. 2013 Nov;90(2):207-14. doi: 10.1016/j.ijpsycho.2013.07.006. Epub 2013 Jul 24.",2013,,"",,"",,,,"",,"","","","","","","","","","","","","","","","","","","","","","",,,"","","","","","","","",,,"","","","","","","","","",,,"",,"","","","","","","",""
23887821,"10.1093/scan/nst120",0,"Not Related to HER","The heart-break of social rejection versus the brain wave of social acceptance","van der Veen FM, van der Molen MW, Sahibdin PP, Franken IH.","Soc Cogn Affect Neurosci. 2014 Sep;9(9):1346-51. doi: 10.1093/scan/nst120. Epub 2013 Jul 25.",2014,,"",,"",,,,"",,"","","","","","","","","","","","","","","","","","","","","","",,,"","","","","","","","",,,"","","","","","","","","",,,"",,"","","","","","","",""
23887813,"10.1093/scan/nst108",1,"Consider","The man who feels two hearts: the different pathways of interoception","Couto B, Salles A, Sedeño L, Peradejordi M, Barttfeld P, Canales-Johnson A, Dos Santos YV, Huepe D, Bekinschtein T, Sigman M, Favaloro R, Manes F, Ibanez A.","Soc Cogn Affect Neurosci. 2014 Sep;9(9):1253-60. doi: 10.1093/scan/nst108. Epub 2013 Jul 24.",2014,0,"Patients/Cardiovascular/Heart implant, Perception/Interoception/Cardiac, Manipulation/Focus of attention",1,"32, 30.2+-8.5",1,6,0,"EEG",128,"na","na","2048","512","biosemi128","layout","21","2","Lead II","unknown","unknown","unknown","unknown","unknown","unknown","unknown","unknown","unknown","Linked mastoids","Common average","0.3","40",0,,"","","","","subtract/regress ECG from EEG","noisy epochs","All","na",1,2,"422+-53.75","Primary","R-peak","-200","800","unknown","unknown","Group/Condition Differences","Amplitude",0,0,"t-test",1,"5000","1","unknown","R-peak","193","233","",""
23887813,"10.1093/scan/nst108",,"","The man who feels two hearts: the different pathways of interoception","Couto B, Salles A, Sedeño L, Peradejordi M, Barttfeld P, Canales-Johnson A, Dos Santos YV, Huepe D, Bekinschtein T, Sigman M, Favaloro R, Manes F, Ibanez A.","Soc Cogn Affect Neurosci. 2014 Sep;9(9):1253-60. doi: 10.1093/scan/nst108. Epub 2013 Jul 24.",2014,0,"Patients/Cardiovascular/Heart implant, Perception/Interoception/Cardiac, Manipulation/Focus of attention",1,"32, 30.2+-8.5",1,6,0,"EEG",128,"na","na","2048","512","biosemi128","layout","21","2","Lead II","unknown","unknown","unknown","unknown","unknown","unknown","unknown","unknown","unknown","Linked mastoids","Common average","0.3","40",0,,"","","","","subtract/regress ECG from EEG","noisy epochs","All","na",1,2,"422+-53.75","Primary","R-peak","-200","800","unknown","unknown","Group/Condition Differences","Amplitude",0,0,"t-test",1,"5000","1","unknown","R-peak","250","270","",""
23887813,"10.1093/scan/nst108",,"","The man who feels two hearts: the different pathways of interoception","Couto B, Salles A, Sedeño L, Peradejordi M, Barttfeld P, Canales-Johnson A, Dos Santos YV, Huepe D, Bekinschtein T, Sigman M, Favaloro R, Manes F, Ibanez A.","Soc Cogn Affect Neurosci. 2014 Sep;9(9):1253-60. doi: 10.1093/scan/nst108. Epub 2013 Jul 24.",2014,0,"Patients/Cardiovascular/Heart implant, Perception/Interoception/Cardiac, Manipulation/Focus of attention",1,"32, 30.2+-8.5",1,6,0,"EEG",128,"na","na","2048","512","biosemi128","layout","21","2","Lead II","unknown","unknown","unknown","unknown","unknown","unknown","unknown","unknown","unknown","Linked mastoids","Common average","0.3","40",0,,"","","","","subtract/regress ECG from EEG","noisy epochs","All","na",1,2,"422+-53.75","Primary","R-peak","-200","800","unknown","unknown","Group/Condition Differences","Amplitude",0,0,"t-test",1,"5000","1","unknown","R-peak","288","298","",""
23887813,"10.1093/scan/nst108",,"","The man who feels two hearts: the different pathways of interoception","Couto B, Salles A, Sedeño L, Peradejordi M, Barttfeld P, Canales-Johnson A, Dos Santos YV, Huepe D, Bekinschtein T, Sigman M, Favaloro R, Manes F, Ibanez A.","Soc Cogn Affect Neurosci. 2014 Sep;9(9):1253-60. doi: 10.1093/scan/nst108. Epub 2013 Jul 24.",2014,0,"Patients/Cardiovascular/Heart implant, Perception/Interoception/Cardiac, Manipulation/Focus of attention",1,"32, 30.2+-8.5",1,6,0,"EEG",128,"na","na","2048","512","biosemi128","layout","21","2","Lead II","unknown","unknown","unknown","unknown","unknown","unknown","unknown","unknown","unknown","Linked mastoids","Common average","0.3","40",0,,"","","","","subtract/regress ECG from EEG","noisy epochs","All","na",1,2,"422+-53.75","Primary","R-peak","-200","800","unknown","unknown","Group/Condition Differences","Amplitude",0,0,"t-test",1,"5000","1","unknown","R-peak","193","272","",""
23887813,"10.1093/scan/nst108",,"","The man who feels two hearts: the different pathways of interoception","Couto B, Salles A, Sedeño L, Peradejordi M, Barttfeld P, Canales-Johnson A, Dos Santos YV, Huepe D, Bekinschtein T, Sigman M, Favaloro R, Manes F, Ibanez A.","Soc Cogn Affect Neurosci. 2014 Sep;9(9):1253-60. doi: 10.1093/scan/nst108. Epub 2013 Jul 24.",2014,0,"Patients/Cardiovascular/Heart implant, Perception/Interoception/Cardiac, Manipulation/Focus of attention",1,"32, 30.2+-8.5",1,6,0,"EEG",128,"na","na","2048","512","biosemi128","layout","21","2","Lead II","unknown","unknown","unknown","unknown","unknown","unknown","unknown","unknown","unknown","Linked mastoids","Common average","0.3","40",0,,"","","","","subtract/regress ECG from EEG","noisy epochs","All","na",1,2,"422+-53.75","Primary","R-peak","-200","800","unknown","unknown","Group/Condition Differences","Amplitude",0,0,"t-test",1,"5000","1","unknown","R-peak","224","254","",""
23887813,"10.1093/scan/nst108",,"","The man who feels two hearts: the different pathways of interoception","Couto B, Salles A, Sedeño L, Peradejordi M, Barttfeld P, Canales-Johnson A, Dos Santos YV, Huepe D, Bekinschtein T, Sigman M, Favaloro R, Manes F, Ibanez A.","Soc Cogn Affect Neurosci. 2014 Sep;9(9):1253-60. doi: 10.1093/scan/nst108. Epub 2013 Jul 24.",2014,0,"Patients/Cardiovascular/Heart implant, Perception/Interoception/Cardiac, Manipulation/Focus of attention",1,"32, 30.2+-8.5",1,6,0,"EEG",128,"na","na","2048","512","biosemi128","layout","21","2","Lead II","unknown","unknown","unknown","unknown","unknown","unknown","unknown","unknown","unknown","Linked mastoids","Common average","0.3","40",0,,"","","","","subtract/regress ECG from EEG","noisy epochs","All","na",1,2,"422+-53.75","Primary","R-peak","-200","800","unknown","unknown","Group/Condition Differences","Amplitude",0,0,"t-test",1,"5000","1","unknown","R-peak","221","237","",""
23887813,"10.1093/scan/nst108",,"","The man who feels two hearts: the different pathways of interoception","Couto B, Salles A, Sedeño L, Peradejordi M, Barttfeld P, Canales-Johnson A, Dos Santos YV, Huepe D, Bekinschtein T, Sigman M, Favaloro R, Manes F, Ibanez A.","Soc Cogn Affect Neurosci. 2014 Sep;9(9):1253-60. doi: 10.1093/scan/nst108. Epub 2013 Jul 24.",2014,0,"Patients/Cardiovascular/Heart implant, Perception/Interoception/Cardiac, Manipulation/Focus of attention",1,"32, 30.2+-8.5",1,6,0,"EEG",128,"na","na","2048","512","biosemi128","layout","21","2","Lead II","unknown","unknown","unknown","unknown","unknown","unknown","unknown","unknown","unknown","Linked mastoids","Common average","0.3","40",0,,"","","","","subtract/regress ECG from EEG","noisy epochs","All","na",1,2,"422+-53.75","Primary","R-peak","-200","800","unknown","unknown","Group/Condition Differences","Amplitude",0,0,"t-test",1,"5000","1","unknown","R-peak","224","242","",""
23887813,"10.1093/scan/nst108",,"","The man who feels two hearts: the different pathways of interoception","Couto B, Salles A, Sedeño L, Peradejordi M, Barttfeld P, Canales-Johnson A, Dos Santos YV, Huepe D, Bekinschtein T, Sigman M, Favaloro R, Manes F, Ibanez A.","Soc Cogn Affect Neurosci. 2014 Sep;9(9):1253-60. doi: 10.1093/scan/nst108. Epub 2013 Jul 24.",2014,0,"Patients/Cardiovascular/Heart implant, Perception/Interoception/Cardiac, Manipulation/Focus of attention",1,"32, 30.2+-8.5",1,6,0,"EEG",128,"na","na","2048","512","biosemi128","layout","21","2","Lead II","unknown","unknown","unknown","unknown","unknown","unknown","unknown","unknown","unknown","Linked mastoids","Common average","0.3","40",0,,"","","","","subtract/regress ECG from EEG","noisy epochs","All","na",1,2,"422+-53.75","Primary","R-peak","-200","800","unknown","unknown","Group/Condition Differences","Amplitude",0,0,"t-test",1,"5000","1","unknown","R-peak","214","256","",""
23887813,"10.1093/scan/nst108",,"","The man who feels two hearts: the different pathways of interoception","Couto B, Salles A, Sedeño L, Peradejordi M, Barttfeld P, Canales-Johnson A, Dos Santos YV, Huepe D, Bekinschtein T, Sigman M, Favaloro R, Manes F, Ibanez A.","Soc Cogn Affect Neurosci. 2014 Sep;9(9):1253-60. doi: 10.1093/scan/nst108. Epub 2013 Jul 24.",2014,0,"Patients/Cardiovascular/Heart implant, Perception/Interoception/Cardiac, Manipulation/Focus of attention",1,"32, 30.2+-8.5",1,6,0,"EEG",128,"na","na","2048","512","biosemi128","layout","21","2","Lead II","unknown","unknown","unknown","unknown","unknown","unknown","unknown","unknown","unknown","Linked mastoids","Common average","0.3","40",0,,"","","","","subtract/regress ECG from EEG","noisy epochs","C2, C3, C4, C10, C11, C12, C13, C14","na",1,2,"422+-53.75","Primary","R-peak","-200","800","unknown","unknown","Group/Condition Differences","Amplitude",0,0,"t-test",1,"5000","unknown","","","","","",""
23850227,"10.1016/j.psyneuen.2013.06.027",1,"Consider","Cortisol rapidly affects amplitudes of heartbeat-evoked brain potentials--implications for the contribution of stress to an altered perception of physical sensations?","Schulz A, Strelzyk F, Ferreira de Sá DS, Naumann E, Vögele C, Schächinger H.","Psychoneuroendocrinology. 2013 Nov;38(11):2686-93. doi: 10.1016/j.psyneuen.2013.06.027. Epub 2013 Jul 11.",2013,0,"Manipulation/Medication/Hydrocortisone, Affective processes/Stress",0,"23.8+-2.1",1,16,0,"EEG",32,"na","na","1000","250","standard61","Fp1, Fp2, F3, Fz, F4, FC7, FC2, FC4, FC8, T7, C3, Cz, C4, T8, CP5, CP1, CP2, CP6, P7, P3, Pz, P4, P8, O1, Oz, O2, A1, A2, T1, T2","30","2","Lead II","unknown","unknown","1000","unknown","0.05","unknown","Semi-automatic","unknown","WinCPRS","FCz","Linked mastoids","0.1","35",0,,"","","","","limit analysis to time of minimal artifact","Manual removal of artifacts, Gratton-Coles blink detection","All","na",1,20,"[est180]","Primary","R-peak","455","595","unknown","unknown","Group/Condition Differences","Amplitude",1,1,"ANOVA",0,"","1","","","","","HR","est number of trials = 3 minutes of rest (seprately for closed-opended eyes) * 60 bpm"
23840700,"10.1371/journal.pone.0067435",0,"Not Related to HER","Mild Transient Hypercapnia as a Novel Fear Conditioning Stimulus Allowing Re-Exposure during Sleep","McDowell AL, Filippone AB, Balbir A, Germain A, O'Donnell CP.","PLoS One. 2013 Jun 26;8(6):e67435. doi: 10.1371/journal.pone.0067435. Print 2013.",2013,,"",,"",,,,"",,"","","","","","","","","","","","","","","","","","","","","","",,,"","","","","","","","",,,"","","","","","","","","",,,"",,"","","","","","","",""
23824262,"10.1007/s10484-013-9226-5",1,"Consider","Utilizing heartbeat evoked potentials to identify cardiac regulation of vagal afferents during emotion and resonant breathing","MacKinnon S, Gevirtz R, McCraty R, Brown M.","Appl Psychophysiol Biofeedback. 2013 Dec;38(4):241-55. doi: 10.1007/s10484-013-9226-5.",2013,0,"Manipulation/Emotion induction, Manipulation/Resonant breathing",0,"23-35",1,27,0,"EEG",3,"na","na","1000","unknown","standard19","C3, Cz, C4",,"2","Unclassified","V5, right chest","left abdomen","1000","unknown","unknown","unknown","unknown","unknown","unknown","Linked earlobes","unknown","unknown","unknown",0,,"","","","","limit analysis to time of minimal artifact","Noisy epochs","Cz, C3, C4","na",1,3,"260","Primary","R-peak","20","240","-75","0","Group/Condition Differences","Amplitude",0,1,"ANOVA",0,"","1","","","","","SDNN, RMSSD, LF, HF, LF/HF, PNN50, Gender",""
23809738,"",0,"Not Related to HER","Predicting outcome after cardiopulmonary arrest in therapeutic hypothermia patients: clinical, electrophysiological and imaging prognosticators","Maia B, Roque R, Amaral-Silva A, Lourenço S, Bento L, Alcântara J.","Acta Med Port. 2013 Mar-Apr;26(2):93-7. Epub 2013 May 31.",2013,,"",,"",,,,"",,"","","","","","","","","","","","","","","","","","","","","","",,,"","","","","","","","",,,"","","","","","","","","",,,"",,"","","","","","","",""
23770890,"10.1016/j.ridd.2013.05.037",0,"Not Related to HER","Moderate cycling exercise enhances neurocognitive processing in adolescents with intellectual and developmental disabilities","Vogt T, Schneider S, Anneken V, Strüder HK.","Res Dev Disabil. 2013 Sep;34(9):2708-16. doi: 10.1016/j.ridd.2013.05.037. Epub 2013 Jun 14.",2013,,"",,"",,,,"",,"","","","","","","","","","","","","","","","","","","","","","",,,"","","","","","","","",,,"","","","","","","","","",,,"",,"","","","","","","",""
23735706,"10.1016/j.biopsycho.2013.05.017",0,"Not Related to HER","Brain-heart coupling at the P300 latency is linked to anterior cingulate cortex and insula--a cardio-electroencephalographic covariance tracing study","Panitz C, Wacker J, Stemmler G, Mueller EM.","Biol Psychol. 2013 Sep;94(1):185-91. doi: 10.1016/j.biopsycho.2013.05.017. Epub 2013 Jun 2.",2013,,"",,"",,,,"",,"","","","","","","","","","","","","","","","","","","","","","",,,"","","","","","","","",,,"","","","","","","","","",,,"",,"","","","","","","",""
23684883,"10.1016/j.neuroimage.2013.05.042",0,"Intracranial recordings","Heart cycle-related effects on event-related potentials, spectral power changes, and connectivity patterns in the human ECoG","Kern M, Aertsen A, Schulze-Bonhage A, Ball T.","Neuroimage. 2013 Nov 1;81:178-190. doi: 10.1016/j.neuroimage.2013.05.042. Epub 2013 May 16.",2013,,"",,"",,,,"",,"","","","","","","","","","","","","","","","","","","","","","",,,"","","","","","","","",,,"","","","","","","","","",,,"",,"","","","","","","",""
23623172,"10.1016/j.jpain.2013.01.775",0,"Not Related to HER","Altered psychophysiological responses to the view of others' pain and anger faces in fibromyalgia patients","González-Roldán AM, Muñoz MA, Cifre I, Sitges C, Montoya P.","J Pain. 2013 Jul;14(7):709-19. doi: 10.1016/j.jpain.2013.01.775. Epub 2013 Apr 25.",2013,,"",,"",,,,"",,"","","","","","","","","","","","","","","","","","","","","","",,,"","","","","","","","",,,"","","","","","","","","",,,"",,"","","","","","","",""
23612694,"10.1515/jpm-2013-0022",0,"Not Related to HER","Is there a relationship between fetal brain function and the fetal behavioral state? A fetal MEG-study","Kiefer-Schmidt I, Raufer J, Brändle J, Münßinger J, Abele H, Wallwiener D, Eswaran H, Preissl H.","J Perinat Med. 2013 Sep 1;41(5):605-12. doi: 10.1515/jpm-2013-0022.",2013,,"",,"",,,,"",,"","","","","","","","","","","","","","","","","","","","","","",,,"","","","","","","","",,,"","","","","","","","","",,,"",,"","","","","","","",""
23583420,"10.1016/j.jneumeth.2013.04.002",0,"Not Related to HER","Cleaning MEG artifacts using external cues","Tal I, Abeles M.","J Neurosci Methods. 2013 Jul 15;217(1-2):31-8. doi: 10.1016/j.jneumeth.2013.04.002. Epub 2013 Apr 11.",2013,,"",,"",,,,"",,"","","","","","","","","","","","","","","","","","","","","","",,,"","","","","","","","",,,"","","","","","","","","",,,"",,"","","","","","","",""
23564460,"10.1074/jbc.M112.441246",0,"Not Related to HER","Nicotinic acid adenine dinucleotide phosphate (NAADP)-mediated calcium signaling and arrhythmias in the heart evoked by β-adrenergic stimulation","Nebel M, Schwoerer AP, Warszta D, Siebrands CC, Limbrock AC, Swarbrick JM, Fliegert R, Weber K, Bruhn S, Hohenegger M, Geisler A, Herich L, Schlegel S, Carrier L, Eschenhagen T, Potter BV, Ehmke H, Guse AH.","J Biol Chem. 2013 May 31;288(22):16017-30. doi: 10.1074/jbc.M112.441246. Epub 2013 Apr 5.",2013,,"",,"",,,,"",,"","","","","","","","","","","","","","","","","","","","","","",,,"","","","","","","","",,,"","","","","","","","","",,,"",,"","","","","","","",""
23560794,"10.1111/psyp.12046",0,"Not Related to HER","Identifying concealment-related responses in the concealed information test","Matsuda I, Nittono H, Ogawa T.","Psychophysiology. 2013 Jul;50(7):617-26. doi: 10.1111/psyp.12046. Epub 2013 Apr 8.",2013,,"",,"",,,,"",,"","","","","","","","","","","","","","","","","","","","","","",,,"","","","","","","","",,,"","","","","","","","","",,,"",,"","","","","","","",""
23407956,"10.1523/JNEUROSCI.3596-12.2013",0,"Not Related to HER","The inhibition of neurons in the central nervous pathways for thermoregulatory cold defense induces a suspended animation state in the rat","Cerri M, Mastrotto M, Tupone D, Martelli D, Luppi M, Perez E, Zamboni G, Amici R.","J Neurosci. 2013 Feb 13;33(7):2984-93. doi: 10.1523/JNEUROSCI.3596-12.2013.",2013,,"",,"",,,,"",,"","","","","","","","","","","","","","","","","","","","","","",,,"","","","","","","","",,,"","","","","","","","","",,,"",,"","","","","","","",""
23395562,"10.1016/j.ijpsycho.2013.01.016",0,"Not Related to HER","Linking components of event-related potentials and autonomic measures of the orienting reflex","Barry RJ, MacDonald B, De Blasio FM, Steiner GZ.","Int J Psychophysiol. 2013 Sep;89(3):366-73. doi: 10.1016/j.ijpsycho.2013.01.016. Epub 2013 Feb 5.",2013,,"",,"",,,,"",,"","","","","","","","","","","","","","","","","","","","","","",,,"","","","","","","","",,,"","","","","","","","","",,,"",,"","","","","","","",""
23370163,"10.1016/j.resuscitation.2013.01.019",0,"Not Related to HER","Neurological prognostication after cardiac arrest--recommendations from the Swedish Resuscitation Council","Cronberg T, Brizzi M, Liedholm LJ, Rosén I, Rubertsson S, Rylander C, Friberg H.","Resuscitation. 2013 Jul;84(7):867-72. doi: 10.1016/j.resuscitation.2013.01.019. Epub 2013 Jan 29.",2013,,"",,"",,,,"",,"","","","","","","","","","","","","","","","","","","","","","",,,"","","","","","","","",,,"","","","","","","","","",,,"",,"","","","","","","",""
23351098,"10.1111/psyp.12023",0,"Not Related to HER","Does arousal per se account for the influence of appetitive stimuli on attentional scope and the late positive potential?","Gable PA, Harmon-Jones E.","Psychophysiology. 2013 Apr;50(4):344-50. doi: 10.1111/psyp.12023. Epub 2013 Jan 25.",2013,,"",,"",,,,"",,"","","","","","","","","","","","","","","","","","","","","","",,,"","","","","","","","",,,"","","","","","","","","",,,"",,"","","","","","","",""
23253105,"10.1111/apa.12136",0,"Not Related to HER","Auditory evoked arousal responses of 3-month-old infants exposed to methamphetamine in utero: a nap study","Galland BC, Mitchell EA, Thompson JM, Wouldes T; NZ IDEAL Study Group.","Acta Paediatr. 2013 Apr;102(4):424-30. doi: 10.1111/apa.12136. Epub 2013 Jan 29.",2013,,"",,"",,,,"",,"","","","","","","","","","","","","","","","","","","","","","",,,"","","","","","","","",,,"","","","","","","","","",,,"",,"","","","","","","",""
23247189,"10.1016/j.neuroimage.2012.11.064",0,"Not Related to HER","EEG acquisition in ultra-high static magnetic fields up to 9.4 T","Neuner I, Warbrick T, Arrubla J, Felder J, Celik A, Reske M, Boers F, Shah NJ.","Neuroimage. 2013 Mar;68:214-20. doi: 10.1016/j.neuroimage.2012.11.064. Epub 2012 Dec 14.",2013,,"",,"",,,,"",,"","","","","","","","","","","","","","","","","","","","","","",,,"","","","","","","","",,,"","","","","","","","","",,,"",,"","","","","","","",""
23142016,"10.1016/j.neuroscience.2012.10.060",0,"Not Related to HER","Effects of acute nicotine on somatosensory change-related cortical responses","Kodaira M, Wasaka T, Motomura E, Tanii H, Inui K, Kakigi R.","Neuroscience. 2013 Jan 15;229:20-6. doi: 10.1016/j.neuroscience.2012.10.060. Epub 2012 Nov 6.",2013,,"",,"",,,,"",,"","","","","","","","","","","","","","","","","","","","","","",,,"","","","","","","","",,,"","","","","","","","","",,,"",,"","","","","","","",""
23049783,"10.1371/journal.pone.0045284",0,"Not Related to HER","The practice of therapeutic hypothermia after cardiac arrest in France: a national survey","Orban JC, Cattet F, Lefrant JY, Leone M, Jaber S, Constantin JM, Allaouchiche B, Ichai C; AzuRéa group.","PLoS One. 2012;7(9):e45284. doi: 10.1371/journal.pone.0045284. Epub 2012 Sep 25.",2012,,"",,"",,,,"",,"","","","","","","","","","","","","","","","","","","","","","",,,"","","","","","","","",,,"","","","","","","","","",,,"",,"","","","","","","",""
22972958,"10.1152/jn.00512.2011",0,"Not Related to HER","An evaluation of in vivo voltage-sensitive dyes: pharmacological side effects and signal-to-noise ratios after effective removal of brain-pulsation artifacts","Grandy TH, Greenfield SA, Devonshire IM.","J Neurophysiol. 2012 Dec;108(11):2931-45. doi: 10.1152/jn.00512.2011. Epub 2012 Sep 12.",2012,,"",,"",,,,"",,"","","","","","","","","","","","","","","","","","","","","","",,,"","","","","","","","",,,"","","","","","","","","",,,"",,"","","","","","","",""
22849835,"10.1556/APhysiol.99.2012.2.4",0,"Not Related to HER","Haemodynamic parameters and cognitive function during modeled acute volume loss","Tuboly G, Rudas L, Csillik A, Nagy A, Benedek K, Benedek G, Braunitzer G.","Acta Physiol Hung. 2012 Jun;99(2):118-25. doi: 10.1556/APhysiol.99.2012.2.4.",2012,,"",,"",,,,"",,"","","","","","","","","","","","","","","","","","","","","","",,,"","","","","","","","",,,"","","","","","","","","",,,"",,"","","","","","","",""
22685240,"10.1097/PSY.0b013e3182583c6d",0,"Not Related to HER","The influence of concentration/meditation on autonomic nervous system activity and the innate immune response: a case study","Kox M, Stoffels M, Smeekens SP, van Alfen N, Gomes M, Eijsvogels TM, Hopman MT, van der Hoeven JG, Netea MG, Pickkers P.","Psychosom Med. 2012 Jun;74(5):489-94. doi: 10.1097/PSY.0b013e3182583c6d.",2012,,"",,"",,,,"",,"","","","","","","","","","","","","","","","","","","","","","",,,"","","","","","","","",,,"","","","","","","","","",,,"",,"","","","","","","",""
22653135,"10.1159/000337459",0,"Not Related to HER","Influence of antipsychotic agents on heart rate variability in male WKY rats: implications for cardiovascular safety","Wang YC, Chen CY, Kuo TB, Lai CJ, Yang CC.","Neuropsychobiology. 2012 Jun;65(4):216-26. doi: 10.1159/000337459. Epub 2012 May 25.",2012,,"",,"",,,,"",,"","","","","","","","","","","","","","","","","","","","","","",,,"","","","","","","","",,,"","","","","","","","","",,,"",,"","","","","","","",""
22541740,"10.1016/j.clinph.2012.02.086",1,"Consider","Heartbeat evoked potentials mirror altered body perception in depressed patients","Terhaar J, Viola FC, Bär KJ, Debener S.","Clin Neurophysiol. 2012 Oct;123(10):1950-7. doi: 10.1016/j.clinph.2012.02.086. Epub 2012 Apr 25.",2012,0,"Patients/Psychiatric/Major depressive disorder, Perception/Interoception/Cardiac",1,"41.75+-12.4, 39.81+-17.6",1,30,0,"EEG",62,"na","na","500","250","easycap-M10","layout",,"2","Unclassified","Lower back","unknown","500","unknown","unknown","unknown","Automatic","Niazy2005","FMRIB","Cz","Laplacian reference","1","40",1,0,"Blinks, CFA","","Semi-automatic","Topography, CORRMAP","CSD","","unknown","na",2,1,"unknown","Primary","R-peak","-200","800","-200","0","Group/Condition Differences","Global Field Power",0,0,"t-test",0,"","1","","","","","ECG, Medication",""
22541740,"10.1016/j.clinph.2012.02.086",,"","Heartbeat evoked potentials mirror altered body perception in depressed patients","Terhaar J, Viola FC, Bär KJ, Debener S.","Clin Neurophysiol. 2012 Oct;123(10):1950-7. doi: 10.1016/j.clinph.2012.02.086. Epub 2012 Apr 25.",2012,0,"Patients/Psychiatric/Major depressive disorder, Perception/Interoception/Cardiac",1,"41.75+-12.4, 39.81+-17.6",1,30,0,"EEG",62,"na","na","500","250","easycap-M10","layout",,"2","Unclassified","Lower back","unknown","500","unknown","unknown","unknown","Automatic","Niazy2005","FMRIB","Cz","Laplacian reference","1","40",1,0,"Blinks, CFA","","Semi-automatic","Topography, CORRMAP","CSD","","unknown","na",2,2,"unknown","Secondary","R-peak","128","264","-200","0","Group/Condition Differences","Global Field Power",0,1,"ANOVA",0,"","1","","","","","ECG, Medication",""
22541740,"10.1016/j.clinph.2012.02.086",,"","Heartbeat evoked potentials mirror altered body perception in depressed patients","Terhaar J, Viola FC, Bär KJ, Debener S.","Clin Neurophysiol. 2012 Oct;123(10):1950-7. doi: 10.1016/j.clinph.2012.02.086. Epub 2012 Apr 25.",2012,0,"Patients/Psychiatric/Major depressive disorder, Perception/Interoception/Cardiac",1,"41.75+-12.4, 39.81+-17.6",1,30,0,"EEG",62,"na","na","500","250","easycap-M10","layout",,"2","Unclassified","Lower back","unknown","500","unknown","unknown","unknown","Automatic","Niazy2005","FMRIB","Cz","Laplacian reference","1","40",1,0,"Blinks, CFA","","Semi-automatic","Topography, CORRMAP","CSD","","unknown","na",2,2,"unknown","Secondary","R-peak","356","456","-200","0","Group/Condition Differences","Global Field Power",0,1,"ANOVA",0,"","1","","","","","ECG, Medication",""
22541740,"10.1016/j.clinph.2012.02.086",,"","Heartbeat evoked potentials mirror altered body perception in depressed patients","Terhaar J, Viola FC, Bär KJ, Debener S.","Clin Neurophysiol. 2012 Oct;123(10):1950-7. doi: 10.1016/j.clinph.2012.02.086. Epub 2012 Apr 25.",2012,0,"Patients/Psychiatric/Major depressive disorder, Perception/Interoception/Cardiac",1,"41.75+-12.4, 39.81+-17.6",1,30,0,"EEG",62,"na","na","500","250","easycap-M10","layout",,"2","Unclassified","Lower back","unknown","500","unknown","unknown","unknown","Automatic","Niazy2005","FMRIB","Cz","Laplacian reference","1","40",1,0,"Blinks, CFA","","Semi-automatic","Topography, CORRMAP","CSD","","unknown","na",2,2,"unknown","Secondary","R-peak","536","592","-200","0","Group/Condition Differences","Global Field Power",0,1,"ANOVA",0,"","1","","","","","ECG, Medication",""
22541740,"10.1016/j.clinph.2012.02.086",,"","Heartbeat evoked potentials mirror altered body perception in depressed patients","Terhaar J, Viola FC, Bär KJ, Debener S.","Clin Neurophysiol. 2012 Oct;123(10):1950-7. doi: 10.1016/j.clinph.2012.02.086. Epub 2012 Apr 25.",2012,0,"Patients/Psychiatric/Major depressive disorder, Perception/Interoception/Cardiac",1,"41.75+-12.4, 39.81+-17.6",1,30,0,"EEG",62,"na","na","500","250","easycap-M10","layout",,"2","Unclassified","Lower back","unknown","500","unknown","unknown","unknown","Automatic","Niazy2005","FMRIB","Cz","Laplacian reference","1","40",1,0,"Blinks, CFA","","Semi-automatic","Topography, CORRMAP","CSD","","unknown","na",1,1,"unknown","Secondary","R-peak","128","264","-200","0","Correlation","Global Field Power",0,1,"Correlation",0,"","0","","","","","ECG, Medication",""
22541740,"10.1016/j.clinph.2012.02.086",,"","Heartbeat evoked potentials mirror altered body perception in depressed patients","Terhaar J, Viola FC, Bär KJ, Debener S.","Clin Neurophysiol. 2012 Oct;123(10):1950-7. doi: 10.1016/j.clinph.2012.02.086. Epub 2012 Apr 25.",2012,0,"Patients/Psychiatric/Major depressive disorder, Perception/Interoception/Cardiac",1,"41.75+-12.4, 39.81+-17.6",1,30,0,"EEG",62,"na","na","500","250","easycap-M10","layout",,"2","Unclassified","Lower back","unknown","500","unknown","unknown","unknown","Automatic","Niazy2005","FMRIB","Cz","Laplacian reference","1","40",1,0,"Blinks, CFA","","Semi-automatic","Topography, CORRMAP","CSD","","unknown","na",1,1,"unknown","Secondary","R-peak","356","456","-200","0","Correlation","Global Field Power",0,1,"Correlation",0,"","0","","","","","ECG, Medication",""
22541740,"10.1016/j.clinph.2012.02.086",,"","Heartbeat evoked potentials mirror altered body perception in depressed patients","Terhaar J, Viola FC, Bär KJ, Debener S.","Clin Neurophysiol. 2012 Oct;123(10):1950-7. doi: 10.1016/j.clinph.2012.02.086. Epub 2012 Apr 25.",2012,0,"Patients/Psychiatric/Major depressive disorder, Perception/Interoception/Cardiac",1,"41.75+-12.4, 39.81+-17.6",1,30,0,"EEG",62,"na","na","500","250","easycap-M10","layout",,"2","Unclassified","Lower back","unknown","500","unknown","unknown","unknown","Automatic","Niazy2005","FMRIB","Cz","Laplacian reference","1","40",1,0,"Blinks, CFA","","Semi-automatic","Topography, CORRMAP","CSD","","unknown","na",1,1,"unknown","Secondary","R-peak","536","592","-200","0","Correlation","Global Field Power",0,1,"Correlation",0,"","0","","","","","ECG, Medication",""
22509162,"10.3389/fnhum.2012.00077",0,"Not Related to HER","Acute tryptophan depletion attenuates brain-heart coupling following external feedback","Mueller EM, Evers EA, Wacker J, van der Veen F.","Front Hum Neurosci. 2012 Apr 9;6:77. doi: 10.3389/fnhum.2012.00077. eCollection 2012.",2012,,"",,"",,,,"",,"","","","","","","","","","","","","","","","","","","","","","",,,"","","","","","","","",,,"","","","","","","","","",,,"",,"","","","","","","",""
22454915,"10.1111/j.1365-2125.1974.tb00274.x",0,"Not Related to HER","Physiological response to propranolol and diazepam in chronic anxiety","Tyrer PJ, Lader MH.","Br J Clin Pharmacol. 1974 Oct;1(5):387-90. doi: 10.1111/j.1365-2125.1974.tb00274.x.",1974,,"",,"",,,,"",,"","","","","","","","","","","","","","","","","","","","","","",,,"","","","","","","","",,,"","","","","","","","","",,,"",,"","","","","","","",""
22454914,"10.1111/j.1365-2125.1974.tb00273.x",0,"Not Related to HER","Physiological and psychological effects of ±-propranolol, +-propranolol and diazepam in induced anxiety","Tyrer PJ, Lader MH.","Br J Clin Pharmacol. 1974 Oct;1(5):379-85. doi: 10.1111/j.1365-2125.1974.tb00273.x.",1974,,"",,"",,,,"",,"","","","","","","","","","","","","","","","","","","","","","",,,"","","","","","","","",,,"","","","","","","","","",,,"",,"","","","","","","",""
22425471,"10.1016/j.psychres.2012.01.026",0,"Not Related to HER","Nicotine and the hallucinating brain: effects on mismatch negativity (MMN) in schizophrenia","Fisher DJ, Grant B, Smith DM, Borracci G, Labelle A, Knott VJ.","Psychiatry Res. 2012 Apr 30;196(2-3):181-7. doi: 10.1016/j.psychres.2012.01.026. Epub 2012 Mar 16.",2012,,"",,"",,,,"",,"","","","","","","","","","","","","","","","","","","","","","",,,"","","","","","","","",,,"","","","","","","","","",,,"",,"","","","","","","",""
22337155,"",0,"Not Related to HER","Pain-related middle-latency somatosensory evoked potentials in the prognosis of post anoxic coma: a preliminary report","Zanatta P, Messerotti Benvenuti S, Baldanzi F, Bosco E.","Minerva Anestesiol. 2012 Jul;78(7):749-56. Epub 2012 Feb 15.",2012,,"",,"",,,,"",,"","","","","","","","","","","","","","","","","","","","","","",,,"","","","","","","","",,,"","","","","","","","","",,,"",,"","","","","","","",""
22269488,"10.1016/j.aap.2011.11.019",0,"Not Related to HER","Electroencephalogram and electrocardiograph assessment of mental fatigue in a driving simulator","Zhao C, Zhao M, Liu J, Zheng C.","Accid Anal Prev. 2012 Mar;45:83-90. doi: 10.1016/j.aap.2011.11.019. Epub 2011 Dec 26.",2012,,"",,"",,,,"",,"","","","","","","","","","","","","","","","","","","","","","",,,"","","","","","","","",,,"","","","","","","","","",,,"",,"","","","","","","",""
22254732,"10.1109/IEMBS.2011.6090371",0,"Not Related to HER","HRV and EEG based indicators of stress in children with Asperger syndrome in audio-visual stimulus test","Tiinanen S, Määttä A, Silfverhuth M, Suominen K, Jansson-Verkasalo E, Seppänen T.","Annu Int Conf IEEE Eng Med Biol Soc. 2011;2011:2021-4. doi: 10.1109/IEMBS.2011.6090371.",2011,,"",,"",,,,"",,"","","","","","","","","","","","","","","","","","","","","","",,,"","","","","","","","",,,"","","","","","","","","",,,"",,"","","","","","","",""
22216493,"10.1111/j.1365-2125.1976.tb04874.x",0,"Not Related to HER","A comparison of some physiological and psychological effects of propranolol and diazepam in normal subjects","Ashton H, Millman JE, Telford R, Thompson JW.","Br J Clin Pharmacol. 1976 Aug;3(4):551-9. doi: 10.1111/j.1365-2125.1976.tb04874.x.",1976,,"",,"",,,,"",,"","","","","","","","","","","","","","","","","","","","","","",,,"","","","","","","","",,,"","","","","","","","","",,,"",,"","","","","","","",""
22216490,"10.1111/j.1365-2125.1976.tb04871.x",0,"Not Related to HER","An electroencephalographic investigation of short-term effects of three hypothalamic hormones (TRH, LH/FSH-RH, GH-RIH) in normal subjects","Ashton H, Millman JE, Telford R, Thompson JW, Davies TF, Hall R.","Br J Clin Pharmacol. 1976 Aug;3(4):523-31. doi: 10.1111/j.1365-2125.1976.tb04871.x.",1976,,"",,"",,,,"",,"","","","","","","","","","","","","","","","","","","","","","",,,"","","","","","","","",,,"","","","","","","","","",,,"",,"","","","","","","",""
22139005,"10.1093/bja/aer393",0,"Not Related to HER","aepEX monitor for the measurement of hypnotic depth in patients undergoing balanced xenon anaesthesia","Stoppe C, Peters D, Fahlenkamp AV, Cremer J, Rex S, Schälte G, Rossaint R, Coburn M.","Br J Anaesth. 2012 Jan;108(1):80-8. doi: 10.1093/bja/aer393. Epub 2011 Dec 2.",2012,,"",,"",,,,"",,"","","","","","","","","","","","","","","","","","","","","","",,,"","","","","","","","",,,"","","","","","","","","",,,"",,"","","","","","","",""
22101380,"10.1007/s10548-011-0210-1",0,"Not Related to HER","Neural signatures of economic parameters during decision-making: a functional MRI (FMRI), electroencephalography (EEG) and autonomic monitoring study","Minati L, Grisoli M, Franceschetti S, Epifani F, Granvillano A, Medford N, Harrison NA, Piacentini S, Critchley HD.","Brain Topogr. 2012 Jan;25(1):73-96. doi: 10.1007/s10548-011-0210-1. Epub 2011 Nov 20.",2012,,"",,"",,,,"",,"","","","","","","","","","","","","","","","","","","","","","",,,"","","","","","","","",,,"","","","","","","","","",,,"",,"","","","","","","",""
22062246,"10.1016/j.ijpsycho.2011.10.007",0,"Not Related to HER","Single-trial event-related potentials and autonomic measures of the orienting reflex","Macdonald B, Barry RJ, Rushby JA.","Int J Psychophysiol. 2012 Jan;83(1):79-86. doi: 10.1016/j.ijpsycho.2011.10.007. Epub 2011 Nov 4.",2012,,"",,"",,,,"",,"","","","","","","","","","","","","","","","","","","","","","",,,"","","","","","","","",,,"","","","","","","","","",,,"",,"","","","","","","",""
22032747,"10.1016/j.brs.2010.10.004",0,"Not Related to HER","Some evidence supporting the safety of quadripulse stimulation (QPS)","Nakatani-Enomoto S, Hanajima R, Hamada M, Mochizuki H, Kobayashi S, Enomoto H, Sugiura Y, Matsumoto H, Furubayashi T, Terao Y, Sato F, Ugawa Y.","Brain Stimul. 2011 Oct;4(4):303-5. doi: 10.1016/j.brs.2010.10.004. Epub 2010 Nov 13.",2011,,"",,"",,,,"",,"","","","","","","","","","","","","","","","","","","","","","",,,"","","","","","","","",,,"","","","","","","","","",,,"",,"","","","","","","",""
21879884,"10.1089/cyber.2010.0377",0,"Not Related to HER","Why is Facebook so successful? Psychophysiological measures describe a core flow state while using Facebook","Mauri M, Cipresso P, Balgera A, Villamira M, Riva G.","Cyberpsychol Behav Soc Netw. 2011 Dec;14(12):723-31. doi: 10.1089/cyber.2010.0377. Epub 2011 Aug 31.",2011,,"",,"",,,,"",,"","","","","","","","","","","","","","","","","","","","","","",,,"","","","","","","","",,,"","","","","","","","","",,,"",,"","","","","","","",""
21806637,"10.1111/j.1469-8986.2011.01266.x",0,"Not Related to HER","Event-related potentials increase the discrimination performance of the autonomic-based concealed information test","Matsuda I, Nittono H, Ogawa T.","Psychophysiology. 2011 Dec;48(12):1701-10. doi: 10.1111/j.1469-8986.2011.01266.x. Epub 2011 Aug 1.",2011,,"",,"",,,,"",,"","","","","","","","","","","","","","","","","","","","","","",,,"","","","","","","","",,,"","","","","","","","","",,,"",,"","","","","","","",""
21786030,"10.3758/s13415-011-0050-1",0,"Not Related to HER","Dissociation between medial frontal negativity and cardiac responses in the ultimatum game: Effects of offer size and fairness","Van der Veen FM, Sahibdin PP.","Cogn Affect Behav Neurosci. 2011 Dec;11(4):516-25. doi: 10.3758/s13415-011-0050-1.",2011,,"",,"",,,,"",,"","","","","","","","","","","","","","","","","","","","","","",,,"","","","","","","","",,,"","","","","","","","","",,,"",,"","","","","","","",""
21723949,"10.1016/j.neuroimage.2011.06.045",0,"Not Related to HER","Ketamine effects on brain function--simultaneous fMRI/EEG during a visual oddball task","Musso F, Brinkmeyer J, Ecker D, London MK, Thieme G, Warbrick T, Wittsack HJ, Saleh A, Greb W, de Boer P, Winterer G.","Neuroimage. 2011 Sep 15;58(2):508-25. doi: 10.1016/j.neuroimage.2011.06.045. Epub 2011 Jun 29.",2011,,"",,"",,,,"",,"","","","","","","","","","","","","","","","","","","","","","",,,"","","","","","","","",,,"","","","","","","","","",,,"",,"","","","","","","",""
21516545,"10.1080/87565641.2010.549881",0,"Not Related to HER","Effects of instructed emotion regulation on valence, arousal, and attentional measures of affective processing","Bernat EM, Cadwallader M, Seo D, Vizueta N, Patrick CJ.","Dev Neuropsychol. 2011;36(4):493-518. doi: 10.1080/87565641.2010.549881.",2011,,"",,"",,,,"",,"","","","","","","","","","","","","","","","","","","","","","",,,"","","","","","","","",,,"","","","","","","","","",,,"",,"","","","","","","",""
21511527,"10.1016/j.clinph.2011.03.017",0,"Not Related to HER","Intraoperative neurophysiological monitoring of the afferent pain pathway in cardiac surgery patients","Zanatta P, Messerotti Benvenuti S, Bosco E, Baldanzi F, Longo C, Palomba D, Salandin V, Sorbara C.","Clin Neurophysiol. 2011 Oct;122(10):2093-9. doi: 10.1016/j.clinph.2011.03.017. Epub 2011 Apr 20.",2011,,"",,"",,,,"",,"","","","","","","","","","","","","","","","","","","","","","",,,"","","","","","","","",,,"","","","","","","","","",,,"",,"","","","","","","",""
21396887,"10.1016/j.clinph.2011.02.014",1,"Consider","Effect of pain perception on the heartbeat evoked potential","Shao S, Shen K, Wilder-Smith EP, Li X.","Clin Neurophysiol. 2011 Sep;122(9):1838-45. doi: 10.1016/j.clinph.2011.02.014. Epub 2011 Mar 10.",2011,0,"Affective processes/Pain",0,"25.2+-3.6",1,21,0,"EEG",32,"na","na","250","unknown","standard61","Fp1, F7, F3, Fp2, F8, F4, FT7, FC3, T7, C3, TP7, CP3, FT8, FC4, T8, C4, TP8, CP4, P7, P3, O1, P8, P4, O2, Fz, FCz, Cz, CPz, Pz, Oz, A1, A2",,"2","Lead II","Right wrist, left leg","unknown","250","unknown","0.5","100","unknown","Zhang2006","unknown","Linked mastoids","Laplacian reference","0.5","15",1,0,"Blinks, eye movements","","","","CSD","","Fp1, F7, F3, Fp2, F8, F4, FT7, FC3, T7, C3, TP7, CP3, FT8, FC4, T8, C4, TP8, CP4, P7, P3, O1, P8, P4, O2, Fz, FCz, Cz, CPz, Pz, Oz","na",1,4,"unknown","Primary","R-peak","200","600","-100","0","Group/Condition Differences","Amplitude",1,1,"ANOVA",0,"","1","","","","","HR",""
21396887,"10.1016/j.clinph.2011.02.014",,"","Effect of pain perception on the heartbeat evoked potential","Shao S, Shen K, Wilder-Smith EP, Li X.","Clin Neurophysiol. 2011 Sep;122(9):1838-45. doi: 10.1016/j.clinph.2011.02.014. Epub 2011 Mar 10.",2011,0,"Affective processes/Pain",0,"25.2+-3.6",1,21,0,"EEG",32,"na","na","250","unknown","standard61","Fp1, F7, F3, Fp2, F8, F4, FT7, FC3, T7, C3, TP7, CP3, FT8, FC4, T8, C4, TP8, CP4, P7, P3, O1, P8, P4, O2, Fz, FCz, Cz, CPz, Pz, Oz, A1, A2",,"2","Lead II","Right wrist, left leg","unknown","250","unknown","0.5","100","unknown","Zhang2006","unknown","Linked mastoids","Laplacian reference","0.5","15",1,0,"Blinks, eye movements","","","","CSD","","Fp1, F7, F3, Fp2, F8, F4, FT7, FC3, T7, C3, TP7, CP3, FT8, FC4, T8, C4, TP8, CP4, P7, P3, O1, P8, P4, O2, Fz, FCz, Cz, CPz, Pz, Oz","na",1,1,"unknown","Primary","R-peak","200","600","-100","0","Correlation","Amplitude",1,1,"Correlation",0,"","0","","","","","",""
21268673,"10.1162/jocn.2011.21635",0,"Not Related to HER","Error awareness revisited: accumulation of multimodal evidence from central and autonomic nervous systems","Wessel JR, Danielmeier C, Ullsperger M.","J Cogn Neurosci. 2011 Oct;23(10):3021-36. doi: 10.1162/jocn.2011.21635. Epub 2011 Jan 26.",2011,,"",,"",,,,"",,"","","","","","","","","","","","","","","","","","","","","","",,,"","","","","","","","",,,"","","","","","","","","",,,"",,"","","","","","","",""
21238507,"10.1016/j.ijpsycho.2011.01.003",0,"Not Related to HER","Late cortical positivity and cardiac responsitivity in female dental phobics when exposed to phobia-relevant pictures","Leutgeb V, Schäfer A, Schienle A.","Int J Psychophysiol. 2011 Mar;79(3):410-6. doi: 10.1016/j.ijpsycho.2011.01.003. Epub 2011 Jan 14.",2011,,"",,"",,,,"",,"","","","","","","","","","","","","","","","","","","","","","",,,"","","","","","","","",,,"","","","","","","","","",,,"",,"","","","","","","",""
21237155,"10.1016/j.expneurol.2011.01.003",0,"Not Related to HER","Correlation between fetal brain activity patterns and behavioral states: an exploratory fetal magnetoencephalography study","Haddad N, Govindan RB, Vairavan S, Siegel E, Temple J, Preissl H, Lowery CL, Eswaran H.","Exp Neurol. 2011 Apr;228(2):200-5. doi: 10.1016/j.expneurol.2011.01.003. Epub 2011 Jan 13.",2011,,"",,"",,,,"",,"","","","","","","","","","","","","","","","","","","","","","",,,"","","","","","","","",,,"","","","","","","","","",,,"",,"","","","","","","",""
21224001,"10.1016/j.neuroimage.2010.11.090",0,"Not Related to HER","Using pulse oximetry to account for high and low frequency physiological artifacts in the BOLD signal","Verstynen TD, Deshpande V.","Neuroimage. 2011 Apr 15;55(4):1633-44. doi: 10.1016/j.neuroimage.2010.11.090. Epub 2011 Jan 9.",2011,,"",,"",,,,"",,"","","","","","","","","","","","","","","","","","","","","","",,,"","","","","","","","",,,"","","","","","","","","",,,"",,"","","","","","","",""
21182891,"10.1016/j.biopsycho.2010.12.003",0,"Not Related to HER","Autonomic nervous system reactivity to positive and negative mood induction: the role of acute psychological responses and frontal electrocortical activity","Kop WJ, Synowski SJ, Newell ME, Schmidt LA, Waldstein SR, Fox NA.","Biol Psychol. 2011 Mar;86(3):230-8. doi: 10.1016/j.biopsycho.2010.12.003. Epub 2010 Dec 21.",2011,,"",,"",,,,"",,"","","","","","","","","","","","","","","","","","","","","","",,,"","","","","","","","",,,"","","","","","","","","",,,"",,"","","","","","","",""
21144862,"10.1016/j.neuro.2010.12.001",0,"Not Related to HER","The environmental pollutant endosulfan disrupts cerebral cortical function at low doses","Scremin OU, Chialvo DR, Lavarello S, Berra HH, Lucero MA.","Neurotoxicology. 2011 Jan;32(1):31-7. doi: 10.1016/j.neuro.2010.12.001. Epub 2010 Dec 7.",2011,,"",,"",,,,"",,"","","","","","","","","","","","","","","","","","","","","","",,,"","","","","","","","",,,"","","","","","","","","",,,"",,"","","","","","","",""
21061401,"10.1002/ana.22133",0,"Not Related to HER","Predictors of neurologic outcome in hypothermia after cardiac arrest","Fugate JE, Wijdicks EF, Mandrekar J, Claassen DO, Manno EM, White RD, Bell MR, Rabinstein AA.","Ann Neurol. 2010 Dec;68(6):907-14. doi: 10.1002/ana.22133.",2010,,"",,"",,,,"",,"","","","","","","","","","","","","","","","","","","","","","",,,"","","","","","","","",,,"","","","","","","","","",,,"",,"","","","","","","",""
21055427,"10.1016/j.ijpsycho.2010.10.015",1,"Consider","Association between interoception and empathy: evidence from heartbeat-evoked brain potential","Fukushima H, Terasawa Y, Umeda S.","Int J Psychophysiol. 2011 Feb;79(2):259-65. doi: 10.1016/j.ijpsycho.2010.10.015. Epub 2010 Nov 3.",2011,0,"Affective processes/Empathy, Perception/Exteroception/Visual/Emotion recognition",0,"18-22",1,21,0,"EEG",10,"na","na","200","unknown","standard19","F3, Fz, F4, FCz, Cz, C3, C4, Pz, T5, T6",,"2","Lead I","Left wrist, right wrist","unknown","200","unknown","unknown","30","unknown","unknown","unknown","Linked mastoids","unknown","unknown","30",0,,"","","","","","noisy epochs","Fz, F3, F4, FCz, Cz, C3, C4, Pz, T5, T6","na",1,2,"unknown","Primary","R-peak","-100","800","-100","0","Group/Condition Differences","Amplitude",0,0,"t-test",1,"1000","1","F3, Fz","R-peak","250","285","ECG",""
21055427,"10.1016/j.ijpsycho.2010.10.015",,"","Association between interoception and empathy: evidence from heartbeat-evoked brain potential","Fukushima H, Terasawa Y, Umeda S.","Int J Psychophysiol. 2011 Feb;79(2):259-65. doi: 10.1016/j.ijpsycho.2010.10.015. Epub 2010 Nov 3.",2011,0,"Affective processes/Empathy, Perception/Exteroception/Visual/Emotion recognition",0,"18-22",1,21,0,"EEG",10,"na","na","200","unknown","standard19","F3, Fz, F4, FCz, Cz, C3, C4, Pz, T5, T6",,"2","Lead I","Left wrist, right wrist","unknown","200","unknown","unknown","30","unknown","unknown","unknown","Linked mastoids","unknown","unknown","30",0,,"","","","","subtract/regress ECG from EEG","noisy epochs","Fz, F3, F4, FCz, Cz, C3, C4, Pz, T5, T6","na",1,2,"unknown","Primary","R-peak","-100","800","-100","0","Group/Condition Differences","Amplitude",0,0,"t-test",1,"1000","1","F3, Fz, F4, FCz, C3, F3","R-peak","245","430","ECG",""
21055427,"10.1016/j.ijpsycho.2010.10.015",,"","Association between interoception and empathy: evidence from heartbeat-evoked brain potential","Fukushima H, Terasawa Y, Umeda S.","Int J Psychophysiol. 2011 Feb;79(2):259-65. doi: 10.1016/j.ijpsycho.2010.10.015. Epub 2010 Nov 3.",2011,0,"Affective processes/Empathy, Perception/Exteroception/Visual/Emotion recognition",0,"18-22",1,21,0,"EEG",10,"na","na","200","unknown","standard19","F3, Fz, F4, FCz, Cz, C3, C4, Pz, T5, T6",,"2","Lead I","Left wrist, right wrist","unknown","200","unknown","unknown","30","unknown","unknown","unknown","Linked mastoids","unknown","unknown","30",0,,"","","","","subtract/regress ECG from EEG","noisy epochs","F3, C3, Fz, FCz, F4","na",1,1,"unknown","Secondary","R-peak","245","430","-100","0","Group/Condition Differences","Amplitude",1,1,"Correlation",0,"","1","","","","","",""
20888803,"10.1016/j.brainres.2010.09.090",0,"Not Related to HER","Transient changes in frontal alpha asymmetry as a measure of emotional and physical distress during sleep","Flo E, Steine I, Blågstad T, Grønli J, Pallesen S, Portas CM.","Brain Res. 2011 Jan 7;1367:234-49. doi: 10.1016/j.brainres.2010.09.090. Epub 2010 Oct 1.",2011,,"",,"",,,,"",,"","","","","","","","","","","","","","","","","","","","","","",,,"","","","","","","","",,,"","","","","","","","","",,,"",,"","","","","","","",""
20888366,"10.1016/j.bbr.2010.09.021",0,"Not Related to HER","Locomotion-induced hippocampal theta is independent of visual information in rats during movement through a pipe","Chen CY, Yang CC, Lin YY, Kuo TB.","Behav Brain Res. 2011 Jan 20;216(2):699-704. doi: 10.1016/j.bbr.2010.09.021. Epub 2010 Oct 1.",2011,,"",,"",,,,"",,"","","","","","","","","","","","","","","","","","","","","","",,,"","","","","","","","",,,"","","","","","","","","",,,"",,"","","","","","","",""
20887756,"10.1016/j.ijpsycho.2010.09.010",0,"Not Related to HER","Single-trial event-related potentials and the orienting reflex to monaural tones","Barry RJ, Macdonald B, Rushby JA.","Int J Psychophysiol. 2011 Feb;79(2):127-36. doi: 10.1016/j.ijpsycho.2010.09.010. Epub 2010 Sep 29.",2011,,"",,"",,,,"",,"","","","","","","","","","","","","","","","","","","","","","",,,"","","","","","","","",,,"","","","","","","","","",,,"",,"","","","","","","",""
20871644,"10.55782/ane-2010-1796",0,"Not Related to HER","Sepsis induces apoptotic cell death in different regions of the brain in a rat model of sepsis","Kafa IM, Uysal M, Bakirci S, Ayberk Kurt M.","Acta Neurobiol Exp (Wars). 2010;70(3):246-60. doi: 10.55782/ane-2010-1796.",2010,,"",,"",,,,"",,"","","","","","","","","","","","","","","","","","","","","","",,,"","","","","","","","",,,"","","","","","","","","",,,"",,"","","","","","","",""
20846894,"10.1016/j.parkreldis.2010.08.016",0,"Not Related to HER","Deep brain stimulation does not change neurovascular coupling in non-motor visual cortex: an autonomic and visual evoked blood flow velocity response study","Azevedo E, Santos R, Freitas J, Rosas MJ, Gago M, Garrett C, Rosengarten B.","Parkinsonism Relat Disord. 2010 Nov;16(9):600-3. doi: 10.1016/j.parkreldis.2010.08.016. Epub 2010 Sep 16.",2010,,"",,"",,,,"",,"","","","","","","","","","","","","","","","","","","","","","",,,"","","","","","","","",,,"","","","","","","","","",,,"",,"","","","","","","",""
20842164,"10.1038/jcbfm.2010.153",0,"Not Related to HER","The influence of carbon dioxide on brain activity and metabolism in conscious humans","Xu F, Uh J, Brier MR, Hart J Jr, Yezhuvath US, Gu H, Yang Y, Lu H.","J Cereb Blood Flow Metab. 2011 Jan;31(1):58-67. doi: 10.1038/jcbfm.2010.153. Epub 2010 Sep 15.",2011,,"",,"",,,,"",,"","","","","","","","","","","","","","","","","","","","","","",,,"","","","","","","","",,,"","","","","","","","","",,,"",,"","","","","","","",""
20817247,"10.1016/S0140-6736(10)61303-7",0,"Not Related to HER","Oral sucrose as an analgesic drug for procedural pain in newborn infants: a randomised controlled trial","Slater R, Cornelissen L, Fabrizi L, Patten D, Yoxen J, Worley A, Boyd S, Meek J, Fitzgerald M.","Lancet. 2010 Oct 9;376(9748):1225-32. doi: 10.1016/S0140-6736(10)61303-7.",2010,,"",,"",,,,"",,"","","","","","","","","","","","","","","","","","","","","","",,,"","","","","","","","",,,"","","","","","","","","",,,"",,"","","","","","","",""
20713075,"10.1016/j.neuropsychologia.2010.08.007",0,"Not Related to HER","Defensive engagement and perceptual enhancement","Keil A, Bradley MM, Ihssen N, Heim S, Vila J, Guerra P, Lang PJ.","Neuropsychologia. 2010 Oct;48(12):3580-4. doi: 10.1016/j.neuropsychologia.2010.08.007. Epub 2010 Aug 14.",2010,,"",,"",,,,"",,"","","","","","","","","","","","","","","","","","","","","","",,,"","","","","","","","",,,"","","","","","","","","",,,"",,"","","","","","","",""
20702807,"10.1152/ajpregu.00831.2009",0,"Not Related to HER","Differential control of renal and lumbar sympathetic nerve activity during freezing behavior in conscious rats","Yoshimoto M, Nagata K, Miki K.","Am J Physiol Regul Integr Comp Physiol. 2010 Oct;299(4):R1114-20. doi: 10.1152/ajpregu.00831.2009. Epub 2010 Aug 11.",2010,,"",,"",,,,"",,"","","","","","","","","","","","","","","","","","","","","","",,,"","","","","","","","",,,"","","","","","","","","",,,"",,"","","","","","","",""
20678982,"10.1016/j.neuropsychologia.2010.05.031",0,"Not Related to HER","Affective processing of loved faces: contributions from peripheral and central electrophysiology","Vico C, Guerra P, Robles H, Vila J, Anllo-Vento L.","Neuropsychologia. 2010 Aug;48(10):2894-902. doi: 10.1016/j.neuropsychologia.2010.05.031. Epub 2010 Jun 8.",2010,,"",,"",,,,"",,"","","","","","","","","","","","","","","","","","","","","","",,,"","","","","","","","",,,"","","","","","","","","",,,"",,"","","","","","","",""
20674556,"10.1016/j.brainres.2010.07.049",0,"Not Related to HER","Alterations in the brain electrical activity in a rat model of sepsis-associated encephalopathy","Kafa IM, Bakirci S, Uysal M, Kurt MA.","Brain Res. 2010 Oct 1;1354:217-26. doi: 10.1016/j.brainres.2010.07.049. Epub 2010 Jul 29.",2010,,"",,"",,,,"",,"","","","","","","","","","","","","","","","","","","","","","",,,"","","","","","","","",,,"","","","","","","","","",,,"",,"","","","","","","",""
20615239,"10.1186/1744-9081-6-39",0,"Not Related to HER","Perceived mental effort correlates with changes in tonic arousal during attentional tasks","Howells FM, Stein DJ, Russell VA.","Behav Brain Funct. 2010 Jul 8;6:39. doi: 10.1186/1744-9081-6-39.",2010,,"",,"",,,,"",,"","","","","","","","","","","","","","","","","","","","","","",,,"","","","","","","","",,,"","","","","","","","","",,,"",,"","","","","","","",""
20604609,"10.1037/a0019670",0,"Not Related to HER","Infant attention and visual preferences: converging evidence from behavior, event-related potentials, and cortical source localization","Reynolds GD, Courage ML, Richards JE.","Dev Psychol. 2010 Jul;46(4):886-904. doi: 10.1037/a0019670.",2010,,"",,"",,,,"",,"","","","","","","","","","","","","","","","","","","","","","",,,"","","","","","","","",,,"","","","","","","","","",,,"",,"","","","","","","",""
20601208,"10.1016/j.resp.2010.06.006",0,"Not Related to HER","Functional topography of respiratory, cardiovascular and pontine-wave responses to glutamate microstimulation of the pedunculopontine tegmentum of the rat","Topchiy I, Waxman J, Radulovacki M, Carley DW.","Respir Physiol Neurobiol. 2010 Aug 31;173(1):64-70. doi: 10.1016/j.resp.2010.06.006. Epub 2010 Jun 19.",2010,,"",,"",,,,"",,"","","","","","","","","","","","","","","","","","","","","","",,,"","","","","","","","",,,"","","","","","","","","",,,"",,"","","","","","","",""
20600251,"10.1016/j.pbb.2010.06.003",0,"Not Related to HER","Neurophysiological and cognitive effects of smoked marijuana in frequent users","Hart CL, Ilan AB, Gevins A, Gunderson EW, Role K, Colley J, Foltin RW.","Pharmacol Biochem Behav. 2010 Sep;96(3):333-41. doi: 10.1016/j.pbb.2010.06.003. Epub 2010 Jun 18.",2010,,"",,"",,,,"",,"","","","","","","","","","","","","","","","","","","","","","",,,"","","","","","","","",,,"","","","","","","","","",,,"",,"","","","","","","",""
20582271,"10.3389/fnpro.2010.00003",0,"Not Related to HER","The hybrid BCI","Pfurtscheller G, Allison BZ, Brunner C, Bauernfeind G, Solis-Escalante T, Scherer R, Zander TO, Mueller-Putz G, Neuper C, Birbaumer N.","Front Neurosci. 2010 Apr 21;4:30. doi: 10.3389/fnpro.2010.00003. eCollection 2010.",2010,,"",,"",,,,"",,"","","","","","","","","","","","","","","","","","","","","","",,,"","","","","","","","",,,"","","","","","","","","",,,"",,"","","","","","","",""
20570555,"10.1016/j.clinph.2010.04.032",0,"Not Related to HER","Neurophysiological evidence of impaired musical sound perception in cochlear-implant users","Sandmann P, Kegel A, Eichele T, Dillier N, Lai W, Bendixen A, Debener S, Jancke L, Meyer M.","Clin Neurophysiol. 2010 Dec;121(12):2070-82. doi: 10.1016/j.clinph.2010.04.032. Epub 2010 Jun 8.",2010,,"",,"",,,,"",,"","","","","","","","","","","","","","","","","","","","","","",,,"","","","","","","","",,,"","","","","","","","","",,,"",,"","","","","","","",""
20536902,"10.1111/j.1469-8986.2010.01041.x",0,"Not Related to HER","Aversive picture processing: effects of a concurrent task on sustained defensive system engagement","Wangelin BC, Löw A, McTeague LM, Bradley MM, Lang PJ.","Psychophysiology. 2011 Jan;48(1):112-6. doi: 10.1111/j.1469-8986.2010.01041.x.",2011,,"",,"",,,,"",,"","","","","","","","","","","","","","","","","","","","","","",,,"","","","","","","","",,,"","","","","","","","","",,,"",,"","","","","","","",""
20419566,"10.1080/17470911003691402",0,"Not Related to HER","Exploring the relationship between vagal tone and event-related potentials in response to an affective picture task","Dufey M, Hurtado E, Fernández AM, Manes F, Ibáñez A.","Soc Neurosci. 2011;6(1):48-62. doi: 10.1080/17470911003691402. Epub 2010 Apr 23.",2011,,"",,"",,,,"",,"","","","","","","","","","","","","","","","","","","","","","",,,"","","","","","","","",,,"","","","","","","","","",,,"",,"","","","","","","",""
20163444,"10.1111/j.1528-1167.2009.02500.x",0,"Not Related to HER","Etomidate accurately localizes the epileptic area in patients with temporal lobe epilepsy","Pastor J, Wix R, Meilán ML, Martínez-Chacón JL, de Dios E, Domínguez-Gadea L, Herrera-Peco I, Sola RG.","Epilepsia. 2010 Apr;51(4):602-9. doi: 10.1111/j.1528-1167.2009.02500.x. Epub 2010 Feb 12.",2010,,"",,"",,,,"",,"","","","","","","","","","","","","","","","","","","","","","",,,"","","","","","","","",,,"","","","","","","","","",,,"",,"","","","","","","",""
20089200,"10.1186/1744-8069-6-3",0,"Not Related to HER","Effects of Parecoxib and Fentanyl on nociception-induced cortical activity","Peng YZ, Li XX, Wang YW.","Mol Pain. 2010 Jan 21;6:3. doi: 10.1186/1744-8069-6-3.",2010,,"",,"",,,,"",,"","","","","","","","","","","","","","","","","","","","","","",,,"","","","","","","","",,,"","","","","","","","","",,,"",,"","","","","","","",""
20084411,"10.1007/s00701-009-0585-x",0,"Not Related to HER","Monitoring of motor and somatosensory systems in a 26-week pregnant woman","Pastor J, Pulido P, López A, Sola RG.","Acta Neurochir (Wien). 2010 Jul;152(7):1231-4. doi: 10.1007/s00701-009-0585-x. Epub 2010 Jan 19.",2010,,"",,"",,,,"",,"","","","","","","","","","","","","","","","","","","","","","",,,"","","","","","","","",,,"","","","","","","","","",,,"",,"","","","","","","",""
20048770,"10.55782/ane-2009-1764",0,"Not Related to HER","ERPs and the evoked cardiac response to auditory stimuli: Intensity and cognitive load effects","Lawrence CA, Barry RJ.","Acta Neurobiol Exp (Wars). 2009;69(4):552-9. doi: 10.55782/ane-2009-1764.",2009,,"",,"",,,,"",,"","","","","","","","","","","","","","","","","","","","","","",,,"","","","","","","","",,,"","","","","","","","","",,,"",,"","","","","","","",""
20038441,"10.1016/j.neuroscience.2009.12.051",0,"Not Related to HER","Single-trial electroencephalogram predicts cardiac acceleration: a time-lagged P-correlation approach for studying neurovisceral connectivity","Mueller EM, Stemmler G, Wacker J.","Neuroscience. 2010 Mar 17;166(2):491-500. doi: 10.1016/j.neuroscience.2009.12.051. Epub 2009 Dec 28.",2010,,"",,"",,,,"",,"","","","","","","","","","","","","","","","","","","","","","",,,"","","","","","","","",,,"","","","","","","","","",,,"",,"","","","","","","",""
20026133,"10.1016/j.ijpsycho.2009.12.007",0,"Not Related to HER","A Concealed Information Test with multimodal measurement","Ambach W, Bursch S, Stark R, Vaitl D.","Int J Psychophysiol. 2010 Mar;75(3):258-67. doi: 10.1016/j.ijpsycho.2009.12.007. Epub 2009 Dec 21.",2010,,"",,"",,,,"",,"","","","","","","","","","","","","","","","","","","","","","",,,"","","","","","","","",,,"","","","","","","","","",,,"",,"","","","","","","",""
20025851,"10.1016/j.brainres.2009.12.022",0,"Not Related to HER","The effect of smoking on pain-related evoked potentials","Miyazaki T, Wang X, Inui K, Domino EF, Kakigi R.","Brain Res. 2010 Feb 8;1313:185-91. doi: 10.1016/j.brainres.2009.12.022. Epub 2009 Dec 16.",2010,,"",,"",,,,"",,"","","","","","","","","","","","","","","","","","","","","","",,,"","","","","","","","",,,"","","","","","","","","",,,"",,"","","","","","","",""
20015674,"10.1016/j.medengphy.2009.11.006",0,"Not Related to HER","Auditory evoked potentials for monitoring during anaesthesia: a study of data quality","Notley SV, Bell SL, Smith DC.","Med Eng Phys. 2010 Mar;32(2):168-73. doi: 10.1016/j.medengphy.2009.11.006. Epub 2009 Dec 16.",2010,,"",,"",,,,"",,"","","","","","","","","","","","","","","","","","","","","","",,,"","","","","","","","",,,"","","","","","","","","",,,"",,"","","","","","","",""
19963519,"10.1109/IEMBS.2009.5332602",0,"Not Related to HER","Mental workload classification using heart rate metrics","Henelius A, Hirvonen K, Holm A, Korpela J, Muller K.","Annu Int Conf IEEE Eng Med Biol Soc. 2009;2009:1836-9. doi: 10.1109/IEMBS.2009.5332602.",2009,,"",,"",,,,"",,"","","","","","","","","","","","","","","","","","","","","","",,,"","","","","","","","",,,"","","","","","","","","",,,"",,"","","","","","","",""
19955018,"10.1016/j.clinph.2009.10.012",0,"Not Related to HER","Behavioural and neurophysiological correlates of human cataplexy: a video-polygraphic study","Vetrugno R, D'Angelo R, Moghadam KK, Vandi S, Franceschini C, Mignot E, Montagna P, Plazzi G.","Clin Neurophysiol. 2010 Feb;121(2):153-62. doi: 10.1016/j.clinph.2009.10.012. Epub 2009 Dec 1.",2010,,"",,"",,,,"",,"","","","","","","","","","","","","","","","","","","","","","",,,"","","","","","","","",,,"","","","","","","","","",,,"",,"","","","","","","",""
19896894,"10.1016/j.clinph.2009.09.029",0,"Not Related to HER","Emotional MMN: Anxiety and heart rate correlate with the ERP signature for auditory change detection","Schirmer A, Escoffier N.","Clin Neurophysiol. 2010 Jan;121(1):53-9. doi: 10.1016/j.clinph.2009.09.029. Epub 2009 Nov 6.",2010,,"",,"",,,,"",,"","","","","","","","","","","","","","","","","","","","","","",,,"","","","","","","","",,,"","","","","","","","","",,,"",,"","","","","","","",""
19686855,"10.1016/j.neuroimage.2009.08.019",0,"Not Related to HER","Fetal MEG evoked response latency from beamformer with random field theory","McCubbin J, Vrba J, Murphy P, Temple J, Eswaran H, Lowery CL, Preissl H.","Neuroimage. 2010 Jan 1;49(1):282-92. doi: 10.1016/j.neuroimage.2009.08.019. Epub 2009 Aug 15.",2010,,"",,"",,,,"",,"","","","","","","","","","","","","","","","","","","","","","",,,"","","","","","","","",,,"","","","","","","","","",,,"",,"","","","","","","",""
19648155,"10.1093/bja/aep206",0,"Not Related to HER","Influence of different remifentanil concentrations on the performance of the surgical stress index to detect a standardized painful stimulus during sevoflurane anaesthesia","Gruenewald M, Meybohm P, Ilies C, Höcker J, Hanss R, Scholz J, Bein B.","Br J Anaesth. 2009 Oct;103(4):586-93. doi: 10.1093/bja/aep206. Epub 2009 Jul 31.",2009,,"",,"",,,,"",,"","","","","","","","","","","","","","","","","","","","","","",,,"","","","","","","","",,,"","","","","","","","","",,,"",,"","","","","","","",""
19647796,"10.1016/j.neuroimage.2009.07.060",0,"Not Related to HER","Brain and autonomic association accompanying stochastic decision-making","Ohira H, Ichikawa N, Nomura M, Isowa T, Kimura K, Kanayama N, Fukuyama S, Shinoda J, Yamada J.","Neuroimage. 2010 Jan 1;49(1):1024-37. doi: 10.1016/j.neuroimage.2009.07.060. Epub 2009 Jul 30.",2010,,"",,"",,,,"",,"","","","","","","","","","","","","","","","","","","","","","",,,"","","","","","","","",,,"","","","","","","","","",,,"",,"","","","","","","",""
19631702,"10.1016/j.ijpsycho.2009.07.004",0,"Not Related to HER","Event-related brain potentials during the standard autonomic-based concealed information test","Matsuda I, Nittono H, Hirota A, Ogawa T, Takasawa N.","Int J Psychophysiol. 2009 Oct;74(1):58-68. doi: 10.1016/j.ijpsycho.2009.07.004. Epub 2009 Jul 23.",2009,,"",,"",,,,"",,"","","","","","","","","","","","","","","","","","","","","","",,,"","","","","","","","",,,"","","","","","","","","",,,"",,"","","","","","","",""
19618092,"10.1100/tsw.2009.83",0,"Not Related to HER","Estimating brain load from the EEG","Holm A, Lukander K, Korpela J, Sallinen M, Müller KM.","ScientificWorldJournal. 2009 Jul 14;9:639-51. doi: 10.1100/tsw.2009.83.",2009,,"",,"",,,,"",,"","","","","","","","","","","","","","","","","","","","","","",,,"","","","","","","","",,,"","","","","","","","","",,,"",,"","","","","","","",""
19607864,"10.1016/j.ijpsycho.2009.07.001",0,"Not Related to HER","Event-related potential and autonomic signs of maladaptive information processing during an auditory oddball task in panic disorder","Wise V, McFarlane AC, Clark CR, Battersby M.","Int J Psychophysiol. 2009 Oct;74(1):34-44. doi: 10.1016/j.ijpsycho.2009.07.001. Epub 2009 Jul 14.",2009,,"",,"",,,,"",,"","","","","","","","","","","","","","","","","","","","","","",,,"","","","","","","","",,,"","","","","","","","","",,,"",,"","","","","","","",""
19575506,"10.1142/S0129065709001938",0,"Not Related to HER","Non-invasive computerized system for automatically initiating vagus nerve stimulation following patient-specific detection of seizures or epileptiform discharges","Shoeb A, Pang T, Guttag J, Schachter S.","Int J Neural Syst. 2009 Jun;19(3):157-72. doi: 10.1142/S0129065709001938.",2009,,"",,"",,,,"",,"","","","","","","","","","","","","","","","","","","","","","",,,"","","","","","","","",,,"","","","","","","","","",,,"",,"","","","","","","",""
19559213,"10.1016/j.athoracsur.2009.03.074",0,"Not Related to HER","Assessment of the level of sedation in children after cardiac surgery","Lamas A, López-Herce J, Sancho L, Mencía S, Carrillo A, Santiago MJ, Martínez V.","Ann Thorac Surg. 2009 Jul;88(1):144-50. doi: 10.1016/j.athoracsur.2009.03.074.",2009,,"",,"",,,,"",,"","","","","","","","","","","","","","","","","","","","","","",,,"","","","","","","","",,,"","","","","","","","","",,,"",,"","","","","","","",""
19541291,"10.1016/j.apergo.2009.04.013",0,"Not Related to HER","The effect of lutein supplementation on visual fatigue: a psychophysiological analysis","Yagi A, Fujimoto K, Michihiro K, Goh B, Tsi D, Nagai H.","Appl Ergon. 2009 Nov;40(6):1047-54. doi: 10.1016/j.apergo.2009.04.013. Epub 2009 Jun 21.",2009,,"",,"",,,,"",,"","","","","","","","","","","","","","","","","","","","","","",,,"","","","","","","","",,,"","","","","","","","","",,,"",,"","","","","","","",""
19414053,"10.1016/j.ijpsycho.2009.02.007",0,"Not Related to HER","The acute effect of low-dose alcohol on working memory during mental arithmetic: II. Changes of nonlinear and linear EEG-complexity in the theta band, heart rate and electrodermal activity","Molnár M, Boha R, Czigler B, Gaál ZA, Benyovszky M, Róna K, Klausz G.","Int J Psychophysiol. 2009 Aug;73(2):138-42. doi: 10.1016/j.ijpsycho.2009.02.007. Epub 2009 May 3.",2009,,"",,"",,,,"",,"","","","","","","","","","","","","","","","","","","","","","",,,"","","","","","","","",,,"","","","","","","","","",,,"",,"","","","","","","",""
19363089,"10.1093/geronb/gbp030",0,"Not Related to HER","Acute effects of aerobic exercise on cognitive function in older adults","Kamijo K, Hayashi Y, Sakai T, Yahiro T, Tanaka K, Nishihira Y.","J Gerontol B Psychol Sci Soc Sci. 2009 May;64(3):356-63. doi: 10.1093/geronb/gbp030. Epub 2009 Apr 10.",2009,,"",,"",,,,"",,"","","","","","","","","","","","","","","","","","","","","","",,,"","","","","","","","",,,"","","","","","","","","",,,"",,"","","","","","","",""
19356688,"10.1016/j.neuroscience.2009.01.057",0,"Not Related to HER","The effect of acute treadmill walking on cognitive control and academic achievement in preadolescent children","Hillman CH, Pontifex MB, Raine LB, Castelli DM, Hall EE, Kramer AF.","Neuroscience. 2009 Mar 31;159(3):1044-54. doi: 10.1016/j.neuroscience.2009.01.057. Epub 2009 Feb 3.",2009,,"",,"",,,,"",,"","","","","","","","","","","","","","","","","","","","","","",,,"","","","","","","","",,,"","","","","","","","","",,,"",,"","","","","","","",""
19345611,"10.1016/j.clinph.2009.01.015",0,"Not Related to HER","Semi-automatic identification of independent components representing EEG artifact","Viola FC, Thorne J, Edmonds B, Schneider T, Eichele T, Debener S.","Clin Neurophysiol. 2009 May;120(5):868-77. doi: 10.1016/j.clinph.2009.01.015. Epub 2009 Apr 3.",2009,,"",,"",,,,"",,"","","","","","","","","","","","","","","","","","","","","","",,,"","","","","","","","",,,"","","","","","","","","",,,"",,"","","","","","","",""
19325644,"10.55782/ane-2009-1733",0,"Not Related to HER","Influence of emotional arousal on the N150 of the Auditory Evoked Potential from the rat amygdala","Knippenberg JMJ, Maes JHR, Coenen AML, van Luijtelaar GLJM.","Acta Neurobiol Exp (Wars). 2009;69(1):109-18. doi: 10.55782/ane-2009-1733.",2009,,"",,"",,,,"",,"","","","","","","","","","","","","","","","","","","","","","",,,"","","","","","","","",,,"","","","","","","","","",,,"",,"","","","","","","",""
19299639,"10.1161/STROKEAHA.108.536110",0,"Not Related to HER","Differential infraslow (<0.1 Hz) cortical activations in the affected and unaffected hemispheres from patients with subacute stroke demonstrated by noninvasive DC-magnetoencephalography","Leistner S, Sander T, Wachs M, Burghoff M, Curio G, Trahms L, Mackert BM.","Stroke. 2009 May;40(5):1683-6. doi: 10.1161/STROKEAHA.108.536110. Epub 2009 Mar 19.",2009,,"",,"",,,,"",,"","","","","","","","","","","","","","","","","","","","","","",,,"","","","","","","","",,,"","","","","","","","","",,,"",,"","","","","","","",""
19285454,"10.1016/j.autneu.2009.02.002",0,"Not Related to HER","The dmNTS is not the source of increased blood pressure variability in baroreflex denervated rats","Tang X, Dworkin BR.","Auton Neurosci. 2009 Jun 15;148(1-2):21-7. doi: 10.1016/j.autneu.2009.02.002. Epub 2009 Mar 13.",2009,,"",,"",,,,"",,"","","","","","","","","","","","","","","","","","","","","","",,,"","","","","","","","",,,"","","","","","","","","",,,"",,"","","","","","","",""
19254703,"10.1016/j.brainres.2009.02.032",0,"Not Related to HER","Effect of appetitive Pavlovian conditioning on the N150 of the amygdalar Auditory Evoked Potential in the rat","Knippenberg JM, Maes JH, Coenen AM, van Luijtelaar G.","Brain Res. 2009 Apr 24;1267:57-64. doi: 10.1016/j.brainres.2009.02.032. Epub 2009 Feb 27.",2009,,"",,"",,,,"",,"","","","","","","","","","","","","","","","","","","","","","",,,"","","","","","","","",,,"","","","","","","","","",,,"",,"","","","","","","",""
19190608,"10.1038/ajg.2008.73",0,"Not Related to HER","Auditory evoked potentials compared with bispectral index for monitoring of midazolam and propofol sedation during colonoscopy","von Delius S, Thies P, Rieder T, Wagenpfeil S, Herberich E, Karagianni A, Frimberger E, Meining A, Ludwig L, Ebert MP, Schulte-Frohlinde E, Neu B, Prinz C, Schmid RM, Huber W.","Am J Gastroenterol. 2009 Feb;104(2):318-25. doi: 10.1038/ajg.2008.73. Epub 2009 Jan 20.",2009,,"",,"",,,,"",,"","","","","","","","","","","","","","","","","","","","","","",,,"","","","","","","","",,,"","","","","","","","","",,,"",,"","","","","","","",""
19171503,"10.1016/j.autneu.2008.12.005",0,"Not Related to HER","Relationship between scalp potential and autonomic nervous activity during a mental arithmetic task","Yu X, Zhang J, Xie D, Wang J, Zhang C.","Auton Neurosci. 2009 Mar 12;146(1-2):81-6. doi: 10.1016/j.autneu.2008.12.005. Epub 2009 Jan 25.",2009,,"",,"",,,,"",,"","","","","","","","","","","","","","","","","","","","","","",,,"","","","","","","","",,,"","","","","","","","","",,,"",,"","","","","","","",""
19163779,"10.1109/IEMBS.2008.4650276",0,"Not Related to HER","Combining newborn EEG and HRV information for automatic seizure detection","Malarvili MB, Mesbah M.","Annu Int Conf IEEE Eng Med Biol Soc. 2008;2008:4756-9. doi: 10.1109/IEMBS.2008.4650276.",2008,,"",,"",,,,"",,"","","","","","","","","","","","","","","","","","","","","","",,,"","","","","","","","",,,"","","","","","","","","",,,"",,"","","","","","","",""
19154656,"10.1017/S1461145708009814",0,"Not Related to HER","Haloperidol counteracts the ketamine-induced disruption of processing negativity, but not that of the P300 amplitude","Oranje B, Gispen-de Wied CC, Westenberg HG, Kemner C, Verbaten MN, Kahn RS.","Int J Neuropsychopharmacol. 2009 Jul;12(6):823-32. doi: 10.1017/S1461145708009814. Epub 2009 Jan 21.",2009,,"",,"",,,,"",,"","","","","","","","","","","","","","","","","","","","","","",,,"","","","","","","","",,,"","","","","","","","","",,,"",,"","","","","","","",""
19032296,"10.1111/j.1365-2044.2008.05654.x",0,"Not Related to HER","Responsiveness to stimuli of bispectral index, middle latency auditory evoked potentials and clinical scales in critically ill children","Lamas A, López-Herce J, Sancho L, Mencía S, Carrillo A, José Santiago M, Martínez V.","Anaesthesia. 2008 Dec;63(12):1296-301. doi: 10.1111/j.1365-2044.2008.05654.x.",2008,,"",,"",,,,"",,"","","","","","","","","","","","","","","","","","","","","","",,,"","","","","","","","",,,"","","","","","","","","",,,"",,"","","","","","","",""
18854202,"10.1016/j.ijpsycho.2008.09.007",0,"Not Related to HER","Effects of Transcendental Meditation practice on brain functioning and stress reactivity in college students","Travis F, Haaga DA, Hagelin J, Tanner M, Nidich S, Gaylord-King C, Grosswald S, Rainforth M, Schneider RH.","Int J Psychophysiol. 2009 Feb;71(2):170-6. doi: 10.1016/j.ijpsycho.2008.09.007. Epub 2008 Sep 30.",2009,,"",,"",,,,"",,"","","","","","","","","","","","","","","","","","","","","","",,,"","","","","","","","",,,"","","","","","","","","",,,"",,"","","","","","","",""
18845227,"10.1016/j.neuroscience.2008.09.014",0,"Not Related to HER","Fitness and action monitoring: evidence for improved cognitive flexibility in young adults","Themanson JR, Pontifex MB, Hillman CH.","Neuroscience. 2008 Nov 19;157(2):319-28. doi: 10.1016/j.neuroscience.2008.09.014. Epub 2008 Sep 13.",2008,,"",,"",,,,"",,"","","","","","","","","","","","","","","","","","","","","","",,,"","","","","","","","",,,"","","","","","","","","",,,"",,"","","","","","","",""
18843823,"",0,"Not Related to HER","Relevance of the callosal transfer in defining the peripheral reactivity of somesthetic cortical neurones","Innocenti GM, Manzoni T, Spidalieri G.","Arch Ital Biol. 1973 Jun;111(2):187-221.",1973,,"",,"",,,,"",,"","","","","","","","","","","","","","","","","","","","","","",,,"","","","","","","","",,,"","","","","","","","","",,,"",,"","","","","","","",""
18612459,"10.1371/journal.pone.0002631",0,"Not Related to HER","Effects of unexpected chords and of performer's expression on brain responses and electrodermal activity","Koelsch S, Kilches S, Steinbeis N, Schelinski S.","PLoS One. 2008 Jul 9;3(7):e2631. doi: 10.1371/journal.pone.0002631.",2008,,"",,"",,,,"",,"","","","","","","","","","","","","","","","","","","","","","",,,"","","","","","","","",,,"","","","","","","","","",,,"",,"","","","","","","",""
18600313,"10.1007/s00134-008-1198-1",0,"Not Related to HER","Assessing sedation in critically ill children by bispectral index, auditory-evoked potentials and clinical scales","Lamas A, López-Herce J, Sancho L, Mencía S, Carrillo A, Santiago MJ, Martínez V.","Intensive Care Med. 2008 Nov;34(11):2092-9. doi: 10.1007/s00134-008-1198-1. Epub 2008 Jul 4.",2008,,"",,"",,,,"",,"","","","","","","","","","","","","","","","","","","","","","",,,"","","","","","","","",,,"","","","","","","","","",,,"",,"","","","","","","",""
18580845,"",0,"Not Related to HER","P300 wave: a comparative study of impulsive aggressive criminals","Zukov I, Hrubý T, Kozelek P, Ptácek R, Paclt I, Harsa P.","Neuro Endocrinol Lett. 2008 Jun;29(3):379-84.",2008,,"",,"",,,,"",,"","","","","","","","","","","","","","","","","","","","","","",,,"","","","","","","","",,,"","","","","","","","","",,,"",,"","","","","","","",""
18534623,"10.1016/j.jpsychires.2008.04.010",0,"Not Related to HER","Impact of loudness dependency of auditory evoked potentials on the panic response to CCK-4","Eser D, Leicht G, Baghai T, Pogarell O, Schüle C, Karch S, Nothdurfter C, Rupprecht R, Mulert C.","J Psychiatr Res. 2009 Jan;43(4):393-400. doi: 10.1016/j.jpsychires.2008.04.010. Epub 2008 Jun 4.",2009,,"",,"",,,,"",,"","","","","","","","","","","","","","","","","","","","","","",,,"","","","","","","","",,,"","","","","","","","","",,,"",,"","","","","","","",""
18506425,"10.1007/s00213-008-1176-x",0,"Not Related to HER","Acute tryptophan depletion in healthy males attenuates phasic cardiac slowing but does not affect electro-cortical response to negative feedback","van der Veen FM, Mies GW, van der Molen MW, Evers EA.","Psychopharmacology (Berl). 2008 Aug;199(2):255-63. doi: 10.1007/s00213-008-1176-x. Epub 2008 May 28.",2008,,"",,"",,,,"",,"","","","","","","","","","","","","","","","","","","","","","",,,"","","","","","","","",,,"","","","","","","","","",,,"",,"","","","","","","",""
18495529,"10.1016/j.clinph.2008.03.033",0,"Not Related to HER","Central and cardiovascular responses to emotional stimuli are normal in non-phobic subjects with Reflex Syncope","Calandra-Buonaura G, Cortelli P, Pierangeli G, Ribani MA, Barletta G, Mazzetti M, Codispoti M.","Clin Neurophysiol. 2008 Sep;119(9):1966-72. doi: 10.1016/j.clinph.2008.03.033. Epub 2008 May 21.",2008,,"",,"",,,,"",,"","","","","","","","","","","","","","","","","","","","","","",,,"","","","","","","","",,,"","","","","","","","","",,,"",,"","","","","","","",""
18221446,"10.1111/j.1469-8986.2007.00637.x",0,"Not Related to HER","Autonomic and electrophysiological correlates of emotional intensity in older and younger adults","Dywan J, Mathewson KJ, Choma BL, Rosenfeld B, Segalowitz SJ.","Psychophysiology. 2008 May;45(3):389-97. doi: 10.1111/j.1469-8986.2007.00637.x. Epub 2008 Jan 23.",2008,,"",,"",,,,"",,"","","","","","","","","","","","","","","","","","","","","","",,,"","","","","","","","",,,"","","","","","","","","",,,"",,"","","","","","","",""
18187220,"10.1016/j.ijpsycho.2007.11.003",0,"Not Related to HER","Centrally controlled heart rate changes during mental practice in immersive virtual environment: a case study with a tetraplegic","Pfurtscheller G, Leeb R, Friedman D, Slater M.","Int J Psychophysiol. 2008 Apr;68(1):1-5. doi: 10.1016/j.ijpsycho.2007.11.003. Epub 2007 Nov 29.",2008,,"",,"",,,,"",,"","","","","","","","","","","","","","","","","","","","","","",,,"","","","","","","","",,,"","","","","","","","","",,,"",,"","","","","","","",""
18068150,"10.1016/j.brainres.2007.10.072",0,"Not Related to HER","Affective picture perception: emotion, context, and the late positive potential","Pastor MC, Bradley MM, Löw A, Versace F, Moltó J, Lang PJ.","Brain Res. 2008 Jan 16;1189:145-51. doi: 10.1016/j.brainres.2007.10.072. Epub 2007 Nov 4.",2008,,"",,"",,,,"",,"","","","","","","","","","","","","","","","","","","","","","",,,"","","","","","","","",,,"","","","","","","","","",,,"",,"","","","","","","",""
18064066,"10.1007/s12264-007-0053-7",1,"Consider","Effect of heartbeat perception on heartbeat evoked potential waves","Yuan H, Yan HM, Xu XG, Han F, Yan Q.","Neurosci Bull. 2007 Nov;23(6):357-62. doi: 10.1007/s12264-007-0053-7.",2007,0,"Perception/Interoception/Cardiac, Methodology/Cardiac field artifacts",0,"23.2+-1.68",1,22,0,"EEG",30,"na","na","1000","unknown","standard61","Fp1, Fp2, F7, F8, F3, F4, Fz, FT7, FT8, FC3, FC4, FCz, T7, T8, C3, C4, Cz, TP7, TP8, CP3, CP4, CPz, P7, P8, P3, P4, Pz, O1, O2, Oz",,"2","Lead I","Right clavicle, Left clavicle","unknown","unknown","unknown","unknown","unknown","unknown","unknown","unknown","Linked mastoids","Common average","1","40",0,,"","","","","PCA on HEP","Manual removal of artifacts","All","na",2,2,"unknown","Primary","R-peak","-200","600","unknown","unknown","Group/Condition Differences","Amplitude",0,0,"none",0,"","none","","","","","",""
18057501,"10.1088/1741-2560/4/4/L01",0,"Not Related to HER","Self-initiation of EEG-based brain-computer communication using the heart rate response","Scherer R, Müller-Putz GR, Pfurtscheller G.","J Neural Eng. 2007 Dec;4(4):L23-9. doi: 10.1088/1741-2560/4/4/L01. Epub 2007 Nov 28.",2007,,"",,"",,,,"",,"","","","","","","","","","","","","","","","","","","","","","",,,"","","","","","","","",,,"","","","","","","","","",,,"",,"","","","","","","",""
17974933,"10.1176/appi.ajp.2007.07030525",0,"Not Related to HER","Failure of extinction of fear responses in posttraumatic stress disorder: evidence from second-order conditioning","Wessa M, Flor H.","Am J Psychiatry. 2007 Nov;164(11):1684-92. doi: 10.1176/appi.ajp.2007.07030525.",2007,,"",,"",,,,"",,"","","","","","","","","","","","","","","","","","","","","","",,,"","","","","","","","",,,"","","","","","","","","",,,"",,"","","","","","","",""
17913977,"10.1152/jn.00904.2007",0,"Not Related to HER","Activity of murine raphe magnus cells predicts tachypnea and on-going nociceptive responsiveness","Hellman KM, Brink TS, Mason P.","J Neurophysiol. 2007 Dec;98(6):3121-33. doi: 10.1152/jn.00904.2007. Epub 2007 Oct 3.",2007,,"",,"",,,,"",,"","","","","","","","","","","","","","","","","","","","","","",,,"","","","","","","","",,,"","","","","","","","","",,,"",,"","","","","","","",""
17893451,"10.1097/01.anes.0000281894.69422.ff",0,"Not Related to HER","Accuracy of cerebral monitoring in detecting cerebral ischemia during carotid endarterectomy: a comparison of transcranial Doppler sonography, near-infrared spectroscopy, stump pressure, and somatosensory evoked potentials","Moritz S, Kasprzak P, Arlt M, Taeger K, Metz C.","Anesthesiology. 2007 Oct;107(4):563-9. doi: 10.1097/01.anes.0000281894.69422.ff.",2007,,"",,"",,,,"",,"","","","","","","","","","","","","","","","","","","","","","",,,"","","","","","","","",,,"","","","","","","","","",,,"",,"","","","","","","",""
17888560,"10.1016/j.biopsycho.2007.07.006",0,"Not Related to HER","Physiological correlates of learning by performance feedback in children: a study of EEG event-related potentials and evoked heart rate","Groen Y, Wijers AA, Mulder LJ, Minderaa RB, Althaus M.","Biol Psychol. 2007 Oct;76(3):174-87. doi: 10.1016/j.biopsycho.2007.07.006. Epub 2007 Jul 28.",2007,,"",,"",,,,"",,"","","","","","","","","","","","","","","","","","","","","","",,,"","","","","","","","",,,"","","","","","","","","",,,"",,"","","","","","","",""
17826182,"10.1016/j.neuroimage.2007.07.042",0,"Not Related to HER","Single trial variability of EEG and fMRI responses to visual stimuli","Bagshaw AP, Warbrick T.","Neuroimage. 2007 Nov 1;38(2):280-92. doi: 10.1016/j.neuroimage.2007.07.042. Epub 2007 Aug 11.",2007,,"",,"",,,,"",,"","","","","","","","","","","","","","","","","","","","","","",,,"","","","","","","","",,,"","","","","","","","","",,,"",,"","","","","","","",""
17709296,"10.1016/j.clinph.2007.06.057",0,"Not Related to HER","Heartbeat perception and P300 amplitude in a visual oddball paradigm","Pollatos O, Matthias E, Schandry R.","Clin Neurophysiol. 2007 Oct;118(10):2248-53. doi: 10.1016/j.clinph.2007.06.057. Epub 2007 Aug 20.",2007,,"",,"",,,,"",,"","","","","","","","","","","","","","","","","","","","","","",,,"","","","","","","","",,,"","","","","","","","","",,,"",,"","","","","","","",""
17686048,"10.1111/j.1460-9568.2007.05683.x",0,"Not Related to HER","The subthalamic region is activated during valence-related emotional processing in patients with Parkinson's disease","Brücke C, Kupsch A, Schneider GH, Hariz MI, Nuttin B, Kopp U, Kempf F, Trottenberg T, Doyle L, Chen CC, Yarrow K, Brown P, Kühn AA.","Eur J Neurosci. 2007 Aug;26(3):767-74. doi: 10.1111/j.1460-9568.2007.05683.x.",2007,,"",,"",,,,"",,"","","","","","","","","","","","","","","","","","","","","","",,,"","","","","","","","",,,"","","","","","","","","",,,"",,"","","","","","","",""
17682660,"10.1093/sleep/30.7.891",0,"Not Related to HER","Pulse transit time and blood pressure changes following auditory-evoked subcortical arousal and waking of infants","Galland BC, Tan E, Taylor BJ.","Sleep. 2007 Jul;30(7):891-7. doi: 10.1093/sleep/30.7.891.",2007,,"",,"",,,,"",,"","","","","","","","","","","","","","","","","","","","","","",,,"","","","","","","","",,,"","","","","","","","","",,,"",,"","","","","","","",""
17659820,"10.1016/j.bandc.2007.02.008",0,"Not Related to HER","Frontal brain electrical activity (EEG) and heart rate in response to affective infant-directed (ID) speech in 9-month-old infants","Santesso DL, Schmidt LA, Trainor LJ.","Brain Cogn. 2007 Oct;65(1):14-21. doi: 10.1016/j.bandc.2007.02.008. Epub 2007 Jul 30.",2007,,"",,"",,,,"",,"","","","","","","","","","","","","","","","","","","","","","",,,"","","","","","","","",,,"","","","","","","","","",,,"",,"","","","","","","",""
17561954,"10.1111/j.1528-1167.2007.01156.x",0,"Not Related to HER","Ketogenic diet: electrophysiological effects on the normal human cortex","Cantello R, Varrasi C, Tarletti R, Cecchin M, D'Andrea F, Veggiotti P, Bellomo G, Monaco F.","Epilepsia. 2007 Sep;48(9):1756-1763. doi: 10.1111/j.1528-1167.2007.01156.x. Epub 2007 Jun 11.",2007,,"",,"",,,,"",,"","","","","","","","","","","","","","","","","","","","","","",,,"","","","","","","","",,,"","","","","","","","","",,,"",,"","","","","","","",""
17543405,"10.1016/j.ijpsycho.2007.04.007",0,"Not Related to HER","Interoceptive sensitivity and emotion processing: an EEG study","Herbert BM, Pollatos O, Schandry R.","Int J Psychophysiol. 2007 Sep;65(3):214-27. doi: 10.1016/j.ijpsycho.2007.04.007. Epub 2007 Apr 29.",2007,,"",,"",,,,"",,"","","","","","","","","","","","","","","","","","","","","","",,,"","","","","","","","",,,"","","","","","","","","",,,"",,"","","","","","","",""
17474951,"10.1111/j.1460-9592.2006.02146.x",0,"Not Related to HER","Level of sedation evaluation with Cerebral State Index and A-Line Arx in children undergoing diagnostic procedures","Disma N, Lauretta D, Palermo F, Sapienza D, Ingelmo PM, Astuto M.","Paediatr Anaesth. 2007 May;17(5):445-51. doi: 10.1111/j.1460-9592.2006.02146.x.",2007,,"",,"",,,,"",,"","","","","","","","","","","","","","","","","","","","","","",,,"","","","","","","","",,,"","","","","","","","","",,,"",,"","","","","","","",""
17472226,"10.1142/s0219635207001441",0,"Not Related to HER","An integrative approach to determine the best behavioral and biological markers of methylphenidate","Hermens DF, Cooper NJ, Clark CR, Debrota D, Clarke SD, Williams LM.","J Integr Neurosci. 2007 Mar;6(1):105-40. doi: 10.1142/s0219635207001441.",2007,,"",,"",,,,"",,"","","","","","","","","","","","","","","","","","","","","","",,,"","","","","","","","",,,"","","","","","","","","",,,"",,"","","","","","","",""
17462117,"10.1017/S0265021507000403",0,"Not Related to HER","Auditory-evoked potentials in bispectral index-guided anaesthesia for cardiac surgery","Musialowicz T, Niskanen M, Yppärilä-Wolters H, Pöyhönen M, Pitkänen O, Hynynen M.","Eur J Anaesthesiol. 2007 Jul;24(7):571-9. doi: 10.1017/S0265021507000403. Epub 2007 Apr 27.",2007,,"",,"",,,,"",,"","","","","","","","","","","","","","","","","","","","","","",,,"","","","","","","","",,,"","","","","","","","","",,,"",,"","","","","","","",""
17420478,"10.1073/pnas.0609509104",1,"Consider","A cortical potential reflecting cardiac function","Gray MA, Taggart P, Sutton PM, Groves D, Holdright DR, Bradbury D, Brull D, Critchley HD.","Proc Natl Acad Sci U S A. 2007 Apr 17;104(16):6818-23. doi: 10.1073/pnas.0609509104. Epub 2007 Apr 9.",2007,0,"Patients/Cardiovascular, Affective processes/Stress",1,"59+-11.11",1,10,0,"EEG",128,"na","na","512","300","biosemi128","layout",,"6","Multiple leads","Left clavicle, Right clavicle, Neck","unknown","512","300","0.7","24","unknown","unknown","none","CMS","Linked earlobes","0.7","24",1,0,"Eye movements, blinks","","","","","","All","na",1,2,"unknown","Primary","R-peak","455","595","unknown","unknown","Group/Condition Differences","Amplitude",1,1,"t-test",0,"","1","","","","","ECG",""
17420478,"10.1073/pnas.0609509104",,"","A cortical potential reflecting cardiac function","Gray MA, Taggart P, Sutton PM, Groves D, Holdright DR, Bradbury D, Brull D, Critchley HD.","Proc Natl Acad Sci U S A. 2007 Apr 17;104(16):6818-23. doi: 10.1073/pnas.0609509104. Epub 2007 Apr 9.",2007,0,"Patients/Cardiovascular, Affective processes/Stress",1,"59+-11.11",1,10,0,"EEG",128,"na","na","512","300","biosemi128","layout",,"6","Multiple leads","Left clavicle, Right clavicle, Neck","unknown","512","300","0.7","24","unknown","unknown","none","CMS","Linked earlobes","0.7","24",1,0,"Eye movements, blinks","","","","","","All","na",1,1,"unknown","Primary","R-peak","455","595","unknown","unknown","Correlation","Amplitude",0,1,"Correlation",0,"","1","","","","","Medication",""
17395326,"10.1016/j.ijpsycho.2007.02.008",0,"Not Related to HER","Stimulus-Preceding Negativity and heart rate changes in anticipation of affective pictures","Poli S, Sarlo M, Bortoletto M, Buodo G, Palomba D.","Int J Psychophysiol. 2007 Jul;65(1):32-9. doi: 10.1016/j.ijpsycho.2007.02.008. Epub 2007 Feb 24.",2007,,"",,"",,,,"",,"","","","","","","","","","","","","","","","","","","","","","",,,"","","","","","","","",,,"","","","","","","","","",,,"",,"","","","","","","",""
17343712,"10.1111/j.1469-8986.2007.00497.x",0,"Not Related to HER","Music and emotion: electrophysiological correlates of the processing of pleasant and unpleasant music","Sammler D, Grigutsch M, Fritz T, Koelsch S.","Psychophysiology. 2007 Mar;44(2):293-304. doi: 10.1111/j.1469-8986.2007.00497.x.",2007,,"",,"",,,,"",,"","","","","","","","","","","","","","","","","","","","","","",,,"","","","","","","","",,,"","","","","","","","","",,,"",,"","","","","","","",""
17333313,"10.1007/s10484-007-9033-y",0,"Not Related to HER","Effects of music on the recovery of autonomic and electrocortical activity after stress induced by aversive visual stimuli","Sokhadze EM.","Appl Psychophysiol Biofeedback. 2007 Mar;32(1):31-50. doi: 10.1007/s10484-007-9033-y.",2007,,"",,"",,,,"",,"","","","","","","","","","","","","","","","","","","","","","",,,"","","","","","","","",,,"","","","","","","","","",,,"",,"","","","","","","",""
17321222,"10.1016/j.autneu.2007.01.001",0,"Not Related to HER","Specific acupuncture sensation correlates with EEGs and autonomic changes in human subjects","Sakai S, Hori E, Umeno K, Kitabayashi N, Ono T, Nishijo H.","Auton Neurosci. 2007 May 30;133(2):158-69. doi: 10.1016/j.autneu.2007.01.001. Epub 2007 Feb 22.",2007,,"",,"",,,,"",,"","","","","","","","","","","","","","","","","","","","","","",,,"","","","","","","","",,,"","","","","","","","","",,,"",,"","","","","","","",""
17140849,"10.1016/j.clinph.2006.10.007",0,"Not Related to HER","Heart rate and spectral EEG changes accompanying periodic and non-periodic leg movements during sleep","Ferri R, Zucconi M, Rundo F, Spruyt K, Manconi M, Ferini-Strambi L.","Clin Neurophysiol. 2007 Feb;118(2):438-48. doi: 10.1016/j.clinph.2006.10.007. Epub 2006 Nov 30.",2007,,"",,"",,,,"",,"","","","","","","","","","","","","","","","","","","","","","",,,"","","","","","","","",,,"","","","","","","","","",,,"",,"","","","","","","",""
17095295,"10.1016/j.clinph.2006.09.029",0,"Not Related to HER","Neuroelectric and behavioral indices of interference control during acute cycling","Pontifex MB, Hillman CH.","Clin Neurophysiol. 2007 Mar;118(3):570-80. doi: 10.1016/j.clinph.2006.09.029. Epub 2006 Nov 13.",2007,,"",,"",,,,"",,"","","","","","","","","","","","","","","","","","","","","","",,,"","","","","","","","",,,"","","","","","","","","",,,"",,"","","","","","","",""
16924008,"10.1212/01.wnl.0000230162.35249.7f",0,"Not Related to HER","SSEPs and prognosis in postanoxic coma: only short or also long latency responses?","Zandbergen EG, Koelman JH, de Haan RJ, Hijdra A; PROPAC-Study Group.","Neurology. 2006 Aug 22;67(4):583-6. doi: 10.1212/01.wnl.0000230162.35249.7f.",2006,,"",,"",,,,"",,"","","","","","","","","","","","","","","","","","","","","","",,,"","","","","","","","",,,"","","","","","","","","",,,"",,"","","","","","","",""
16859422,"10.1162/jocn.2006.18.8.1380",0,"Not Related to HER","The role of harmonic expectancy violations in musical emotions: evidence from subjective, physiological, and neural responses","Steinbeis N, Koelsch S, Sloboda JA.","J Cogn Neurosci. 2006 Aug;18(8):1380-93. doi: 10.1162/jocn.2006.18.8.1380.",2006,,"",,"",,,,"",,"","","","","","","","","","","","","","","","","","","","","","",,,"","","","","","","","",,,"","","","","","","","","",,,"",,"","","","","","","",""
16784726,"10.1016/j.brainres.2006.04.134",0,"Not Related to HER","Fetal auditory responses to external sounds and mother's heart beat: detection improved by Independent Component Analysis","Porcaro C, Zappasodi F, Barbati G, Salustri C, Pizzella V, Rossini PM, Tecchio F.","Brain Res. 2006 Jul 26;1101(1):51-8. doi: 10.1016/j.brainres.2006.04.134. Epub 2006 Jun 19.",2006,,"",,"",,,,"",,"","","","","","","","","","","","","","","","","","","","","","",,,"","","","","","","","",,,"","","","","","","","","",,,"",,"","","","","","","",""
16729289,"10.1002/hbm.20258",0,"Not Related to HER","Neural systems connecting interoceptive awareness and feelings","Pollatos O, Gramann K, Schandry R.","Hum Brain Mapp. 2007 Jan;28(1):9-18. doi: 10.1002/hbm.20258.",2007,,"",,"",,,,"",,"","","","","","","","","","","","","","","","","","","","","","",,,"","","","","","","","",,,"","","","","","","","","",,,"",,"","","","","","","",""
16714037,"10.1016/j.neuropsychologia.2006.03.024",0,"Not Related to HER","Retrieval and emotional processing of traumatic memories in posttraumatic stress disorder: peripheral and central correlates","Wessa M, Jatzko A, Flor H.","Neuropsychologia. 2006;44(10):1683-96. doi: 10.1016/j.neuropsychologia.2006.03.024. Epub 2006 May 22.",2006,,"",,"",,,,"",,"","","","","","","","","","","","","","","","","","","","","","",,,"","","","","","","","",,,"","","","","","","","","",,,"",,"","","","","","","",""
16712592,"10.1111/j.1464-8986.2006.00386.x",0,"Not Related to HER","Fear but not awareness predicts enhanced sensory processing in fear conditioning","Moratti S, Keil A, Miller GA.","Psychophysiology. 2006 Mar;43(2):216-26. doi: 10.1111/j.1464-8986.2006.00386.x.",2006,,"",,"",,,,"",,"","","","","","","","","","","","","","","","","","","","","","",,,"","","","","","","","",,,"","","","","","","","","",,,"",,"","","","","","","",""
16580081,"10.1016/j.ijpsycho.2006.02.004",0,"Not Related to HER","Effect of allocating attention to aversive events on cardiovascular responses and event-related potentials in a dual-task paradigm","Ishida M.","Int J Psychophysiol. 2006 Oct;62(1):93-102. doi: 10.1016/j.ijpsycho.2006.02.004. Epub 2006 Mar 6.",2006,,"",,"",,,,"",,"","","","","","","","","","","","","","","","","","","","","","",,,"","","","","","","","",,,"","","","","","","","","",,,"",,"","","","","","","",""
16544371,"10.1142/s0219635206001070",0,"Not Related to HER","Distractibility in AD/HD predominantly inattentive and combined subtypes: the P3a ERP component, heart rate and performance","Keage HA, Clark CR, Hermens DF, Kohn MR, Clarke S, Williams LM, Crewther D, Lamb C, Gordon E.","J Integr Neurosci. 2006 Mar;5(1):139-58. doi: 10.1142/s0219635206001070.",2006,,"",,"",,,,"",,"","","","","","","","","","","","","","","","","","","","","","",,,"","","","","","","","",,,"","","","","","","","","",,,"",,"","","","","","","",""
16458068,"10.1016/j.clinph.2005.08.035",0,"Not Related to HER","The effect of CNS activation versus EEG arousal during sleep on heart rate response and daytime tests","Guilleminault C, Abad VC, Philip P, Stoohs R.","Clin Neurophysiol. 2006 Apr;117(4):731-9. doi: 10.1016/j.clinph.2005.08.035. Epub 2006 Feb 2.",2006,,"",,"",,,,"",,"","","","","","","","","","","","","","","","","","","","","","",,,"","","","","","","","",,,"","","","","","","","","",,,"",,"","","","","","","",""
16415310,"10.1093/bja/ael004",0,"Not Related to HER","Combined use of Bispectral Index and A-Line Autoregressive Index to assess anti-nociceptive component of balanced anaesthesia during lumbar arthrodesis","Bonhomme V, Llabres V, Dewandre PY, Brichant JF, Hans P.","Br J Anaesth. 2006 Mar;96(3):353-60. doi: 10.1093/bja/ael004. Epub 2006 Jan 16.",2006,,"",,"",,,,"",,"","","","","","","","","","","","","","","","","","","","","","",,,"","","","","","","","",,,"","","","","","","","","",,,"",,"","","","","","","",""
16406043,"10.1016/j.jneumeth.2005.10.017",0,"Not Related to HER","Murine auditory brainstem evoked response: putative two-channel differentiation of peripheral and central neural pathways","Galbraith G, Waschek J, Armstrong B, Edmond J, Lopez I, Liu W, Kurtz I.","J Neurosci Methods. 2006 Jun 15;153(2):214-20. doi: 10.1016/j.jneumeth.2005.10.017. Epub 2006 Jan 6.",2006,,"",,"",,,,"",,"","","","","","","","","","","","","","","","","","","","","","",,,"","","","","","","","",,,"","","","","","","","","",,,"",,"","","","","","","",""
16403475,"10.1016/j.brainres.2005.11.009",0,"Not Related to HER","Repetitive picture processing: autonomic and cortical correlates","Codispoti M, Ferrari V, Bradley MM.","Brain Res. 2006 Jan 12;1068(1):213-20. doi: 10.1016/j.brainres.2005.11.009. Epub 2006 Jan 5.",2006,,"",,"",,,,"",,"","","","","","","","","","","","","","","","","","","","","","",,,"","","","","","","","",,,"","","","","","","","","",,,"",,"","","","","","","",""
16298111,"10.1016/j.cogbrainres.2005.09.019",0,"Not Related to HER","On the relationship between interoceptive awareness, emotional experience, and brain processes","Pollatos O, Kirsch W, Schandry R.","Brain Res Cogn Brain Res. 2005 Dec;25(3):948-62. doi: 10.1016/j.cogbrainres.2005.09.019. Epub 2005 Nov 17.",2005,,"",,"",,,,"",,"","","","","","","","","","","","","","","","","","","","","","",,,"","","","","","","","",,,"","","","","","","","","",,,"",,"","","","","","","",""
16270178,"10.1007/s11055-005-0151-9",0,"Not Related to HER","Analysis of evoked EEG synchronization and desynchronization during perception of emotiogenic stimuli: association with autonomic activation processes","Aftanas LI, Savotina LN, Makhnev VP, Reva NV.","Neurosci Behav Physiol. 2005 Nov;35(9):951-7. doi: 10.1007/s11055-005-0151-9.",2005,,"",,"",,,,"",,"","","","","","","","","","","","","","","","","","","","","","",,,"","","","","","","","",,,"","","","","","","","","",,,"",,"","","","","","","",""
16150610,"10.1016/j.neuroimage.2005.06.067",0,"Not Related to HER","Removal of FMRI environment artifacts from EEG data using optimal basis sets","Niazy RK, Beckmann CF, Iannetti GD, Brady JM, Smith SM.","Neuroimage. 2005 Nov 15;28(3):720-37. doi: 10.1016/j.neuroimage.2005.06.067. Epub 2005 Sep 16.",2005,,"",,"",,,,"",,"","","","","","","","","","","","","","","","","","","","","","",,,"","","","","","","","",,,"","","","","","","","","",,,"",,"","","","","","","",""
16148455,"10.1097/00008877-200509000-00023",0,"Not Related to HER","Neurophysiological and subjective profile of marijuana with varying concentrations of cannabinoids","Ilan AB, Gevins A, Coleman M, ElSohly MA, de Wit H.","Behav Pharmacol. 2005 Sep;16(5-6):487-96. doi: 10.1097/00008877-200509000-00023.",2005,,"",,"",,,,"",,"","","","","","","","","","","","","","","","","","","","","","",,,"","","","","","","","",,,"","","","","","","","","",,,"",,"","","","","","","",""
16140512,"10.1016/j.cogbrainres.2005.07.006",0,"Not Related to HER","Cortical activation during Pavlovian fear conditioning depends on heart rate response patterns: an MEG study","Moratti S, Keil A.","Brain Res Cogn Brain Res. 2005 Oct;25(2):459-71. doi: 10.1016/j.cogbrainres.2005.07.006. Epub 2005 Sep 2.",2005,,"",,"",,,,"",,"","","","","","","","","","","","","","","","","","","","","","",,,"","","","","","","","",,,"","","","","","","","","",,,"",,"","","","","","","",""
16034572,"10.1007/s00221-005-0007-0",0,"Not Related to HER","Central and peripheral psychophysiological responses to trauma-related cues in subclinical posttraumatic stress disorder: a pilot study","Wessa M, Karl A, Flor H.","Exp Brain Res. 2005 Nov;167(1):56-65. doi: 10.1007/s00221-005-0007-0. Epub 2005 Oct 29.",2005,,"",,"",,,,"",,"","","","","","","","","","","","","","","","","","","","","","",,,"","","","","","","","",,,"","","","","","","","","",,,"",,"","","","","","","",""
16012661,"",0,"Not Related to HER","Fetal MCG and fetal MEG measurements with a 3-channel SQUID system","Schneider U, Giessler F, Nowak H, Logemann T, Grimm B, Haueisen J, Schleussner E.","Neurol Clin Neurophysiol. 2004 Nov 30;2004:65.",2004,,"",,"",,,,"",,"","","","","","","","","","","","","","","","","","","","","","",,,"","","","","","","","",,,"","","","","","","","","",,,"",,"","","","","","","",""
15993964,"10.1016/j.ijpsycho.2005.04.007",0,"Not Related to HER","From emotion perception to emotion experience: emotions evoked by pictures and classical music","Baumgartner T, Esslen M, Jäncke L.","Int J Psychophysiol. 2006 Apr;60(1):34-43. doi: 10.1016/j.ijpsycho.2005.04.007. Epub 2005 Jul 5.",2006,,"",,"",,,,"",,"","","","","","","","","","","","","","","","","","","","","","",,,"","","","","","","","",,,"","","","","","","","","",,,"",,"","","","","","","",""
15920989,"10.1007/BF03178863",0,"Not Related to HER","Real-time recording of neuropsychophysiological parameters during 50 Hz magnetic field exposure","Sadafi HA, Cadusch P, Wood AW.","Australas Phys Eng Sci Med. 2005 Mar;28(1):43-50. doi: 10.1007/BF03178863.",2005,,"",,"",,,,"",,"","","","","","","","","","","","","","","","","","","","","","",,,"","","","","","","","",,,"","","","","","","","","",,,"",,"","","","","","","",""
15903151,"10.1080/13803390490515739",0,"Not Related to HER","Attention to affective pictures in closed head injury: event-related brain potentials and cardiac responses","Solbakk AK, Reinvang I, Svebak S, Nielsen CS, Sundet K.","J Clin Exp Neuropsychol. 2005 Feb;27(2):205-23. doi: 10.1080/13803390490515739.",2005,,"",,"",,,,"",,"","","","","","","","","","","","","","","","","","","","","","",,,"","","","","","","","",,,"","","","","","","","","",,,"",,"","","","","","","",""
15852466,"10.1002/hbm.20121",1,"Consider","Brain structures involved in interoceptive awareness and cardioafferent signal processing: a dipole source localization study","Pollatos O, Kirsch W, Schandry R.","Hum Brain Mapp. 2005 Sep;26(1):54-64. doi: 10.1002/hbm.20121.",2005,0,"Perception/Interoception/Cardiac",0,"25.5+-4.5",1,44,0,"EEG",62,"na","na","1000","unknown","easycap-M10","layout","30","2","Unclassified","Left chest, Right clavicle","unknown","1000","unknown","0.01","100","unknown","unknown","unknown","Nose","Laplacian reference","0.01","100",0,,"","","","","CSD","Gratton-Coles blink detection, Noisy epochs","All","na",2,1,"[est1800]","Primary","R-peak","250","450","unknown","unknown","Group/Condition Differences","Amplitude",1,1,"ANOVA",0,"","1","","","","","Age, gender","est number of trials = 30 min task * 60 bpm"
15825875,"10.1109/TBME.2005.844044",0,"Not Related to HER","Optimal electrical stimulation modality for cortical esophageal evoked potentials: transmural or intraesophageal?","Kamath MV, Hollerbach S, Spaziani R, Shine G, Upton AR, Tougas G.","IEEE Trans Biomed Eng. 2005 Apr;52(4):736-9. doi: 10.1109/TBME.2005.844044.",2005,,"",,"",,,,"",,"","","","","","","","","","","","","","","","","","","","","","",,,"","","","","","","","",,,"","","","","","","","","",,,"",,"","","","","","","",""
15778268,"10.1093/bja/aei120",0,"Not Related to HER","Antagonism of neuromuscular blockade but not muscle relaxation affects depth of anaesthesia","Vasella FC, Frascarolo P, Spahn DR, Magnusson L.","Br J Anaesth. 2005 Jun;94(6):742-7. doi: 10.1093/bja/aei120. Epub 2005 Mar 18.",2005,,"",,"",,,,"",,"","","","","","","","","","","","","","","","","","","","","","",,,"","","","","","","","",,,"","","","","","","","","",,,"",,"","","","","","","",""
15714323,"10.1007/s00134-005-2579-3",0,"Not Related to HER","Withdrawal following sufentanil/propofol and sufentanil/midazolam. Sedation in surgical ICU patients: correlation with central nervous parameters and endogenous opioids","Korak-Leiter M, Likar R, Oher M, Trampitsch E, Ziervogel G, Levy JV, Freye EC.","Intensive Care Med. 2005 Mar;31(3):380-7. doi: 10.1007/s00134-005-2579-3. Epub 2005 Feb 16.",2005,,"",,"",,,,"",,"","","","","","","","","","","","","","","","","","","","","","",,,"","","","","","","","",,,"","","","","","","","","",,,"",,"","","","","","","",""
15650862,"10.1007/s00134-004-2516-x",0,"Not Related to HER","Prediction of responses to various stimuli during sedation: a comparison of three EEG variables","Doi M, Morita K, Mantzaridis H, Sato S, Kenny GN.","Intensive Care Med. 2005 Jan;31(1):41-7. doi: 10.1007/s00134-004-2516-x. Epub 2004 Dec 1.",2005,,"",,"",,,,"",,"","","","","","","","","","","","","","","","","","","","","","",,,"","","","","","","","",,,"","","","","","","","","",,,"",,"","","","","","","",""
15621474,"10.1016/j.ejcts.2004.10.045",0,"Not Related to HER","Cooling to 10 degrees C and treatment with Cyclosporine A improve cerebral recovery following prolonged hypothermic circulatory arrest in a chronic porcine model","Strauch JT, Spielvogel D, Haldenwang PL, Zhang N, Weisz D, Bodian CA, Tatton NA, Griepp RB.","Eur J Cardiothorac Surg. 2005 Jan;27(1):74-80. doi: 10.1016/j.ejcts.2004.10.045.",2005,,"",,"",,,,"",,"","","","","","","","","","","","","","","","","","","","","","",,,"","","","","","","","",,,"","","","","","","","","",,,"",,"","","","","","","",""
15582921,"10.1177/0269881104047282",0,"Not Related to HER","Two new neurophysiological indices of cocaine craving: evoked brain potentials and cue modulated startle reflex","Franken IH, Hulstijn KP, Stam CJ, Hendriks VM, van den Brink W.","J Psychopharmacol. 2004 Dec;18(4):544-52. doi: 10.1177/0269881104047282.",2004,,"",,"",,,,"",,"","","","","","","","","","","","","","","","","","","","","","",,,"","","","","","","","",,,"","","","","","","","","",,,"",,"","","","","","","",""
15562062,"10.1213/01.ANE.0000135634.46493.0A",0,"Not Related to HER","Measuring depth of sedation with auditory evoked potentials during controlled infusion of propofol and remifentanil in healthy volunteers","Haenggi M, Ypparila H, Takala J, Korhonen I, Luginbühl M, Petersen-Felix S, Jakob SM.","Anesth Analg. 2004 Dec;99(6):1728-1736. doi: 10.1213/01.ANE.0000135634.46493.0A.",2004,,"",,"",,,,"",,"","","","","","","","","","","","","","","","","","","","","","",,,"","","","","","","","",,,"","","","","","","","","",,,"",,"","","","","","","",""
15561378,"10.1016/j.pain.2004.08.025",0,"Not Related to HER","Pavlovian conditioning of muscular responses in chronic pain patients: central and peripheral correlates","Schneider C, Palomba D, Flor H.","Pain. 2004 Dec;112(3):239-247. doi: 10.1016/j.pain.2004.08.025.",2004,,"",,"",,,,"",,"","","","","","","","","","","","","","","","","","","","","","",,,"","","","","","","","",,,"","","","","","","","","",,,"",,"","","","","","","",""
15518935,"10.1016/j.bandc.2003.11.001",0,"Not Related to HER","Error-related psychophysiology and negative affect","Hajcak G, McDonald N, Simons RF.","Brain Cogn. 2004 Nov;56(2):189-97. doi: 10.1016/j.bandc.2003.11.001.",2004,,"",,"",,,,"",,"","","","","","","","","","","","","","","","","","","","","","",,,"","","","","","","","",,,"","","","","","","","","",,,"",,"","","","","","","",""
15502936,"10.1007/s00213-004-1868-9",0,"Not Related to HER","Effects of marijuana on neurophysiological signals of working and episodic memory","Ilan AB, Smith ME, Gevins A.","Psychopharmacology (Berl). 2004 Nov;176(2):214-22. doi: 10.1007/s00213-004-1868-9. Epub 2004 May 7.",2004,,"",,"",,,,"",,"","","","","","","","","","","","","","","","","","","","","","",,,"","","","","","","","",,,"","","","","","","","","",,,"",,"","","","","","","",""
15498547,"10.1016/j.expneurol.2004.06.002",0,"Not Related to HER","Maturational effects on newborn ERPs measured in the mismatch negativity paradigm","Leppänen PH, Guttorm TK, Pihko E, Takkinen S, Eklund KM, Lyytinen H.","Exp Neurol. 2004 Nov;190 Suppl 1:S91-101. doi: 10.1016/j.expneurol.2004.06.002.",2004,,"",,"",,,,"",,"","","","","","","","","","","","","","","","","","","","","","",,,"","","","","","","","",,,"","","","","","","","","",,,"",,"","","","","","","",""
15385365,"10.1213/01.ANE.0000130618.99860.48",0,"Not Related to HER","A comparison of bispectral index and rapidly extracted auditory evoked potentials index responses to noxious stimulation during sevoflurane anesthesia","Ekman A, Brudin L, Sandin R.","Anesth Analg. 2004 Oct;99(4):1141-1146. doi: 10.1213/01.ANE.0000130618.99860.48.",2004,,"",,"",,,,"",,"","","","","","","","","","","","","","","","","","","","","","",,,"","","","","","","","",,,"","","","","","","","","",,,"",,"","","","","","","",""
15315622,"10.1111/j.0001-5172.2004.00468.x",0,"Not Related to HER","Is the ARX index a more sensitive indicator of anesthetic depth than the bispectral index during sevoflurane/nitrous oxide anesthesia?","Nishiyama T, Matsukawa T, Hanaoka K.","Acta Anaesthesiol Scand. 2004 Sep;48(8):1028-32. doi: 10.1111/j.0001-5172.2004.00468.x.",2004,,"",,"",,,,"",,"","","","","","","","","","","","","","","","","","","","","","",,,"","","","","","","","",,,"","","","","","","","","",,,"",,"","","","","","","",""
15219580,"10.1016/j.neuroimage.2004.03.022",0,"Not Related to HER","Augmentation of serotonin enhances pleasant and suppresses unpleasant cortical electrophysiological responses to visual emotional stimuli in humans","Kemp AH, Gray MA, Silberstein RB, Armstrong SM, Nathan PJ.","Neuroimage. 2004 Jul;22(3):1084-96. doi: 10.1016/j.neuroimage.2004.03.022.",2004,,"",,"",,,,"",,"","","","","","","","","","","","","","","","","","","","","","",,,"","","","","","","","",,,"","","","","","","","","",,,"",,"","","","","","","",""
15197114,"10.1007/BF03018394",0,"Not Related to HER","The A-line ARX index may be a more sensitive detector of arousal than the bispectral index during propofol-fentanyl-nitrous oxide anesthesia: a preliminary investigation","Nishiyama T, Hanaoka K.","Can J Anaesth. 2004 Jun-Jul;51(6):539-44. doi: 10.1007/BF03018394.",2004,,"",,"",,,,"",,"","","","","","","","","","","","","","","","","","","","","","",,,"","","","","","","","",,,"","","","","","","","","",,,"",,"","","","","","","",""
15165413,"10.1089/107555304323062310",1,"Consider","Electrophysiological evidence of intuition: Part 2. A system-wide process?","McCraty R, Atkinson M, Bradley RT.","J Altern Complement Med. 2004 Apr;10(2):325-36. doi: 10.1089/107555304323062310.",2004,0,"Intuition",0,"28-56",1,11,0,"EEG",19,"na","na","unknown","128","standard19","layout",,"unknown","unknown","unknown","unknown","unknown","unknown","unknown","unknown","unknown","unknown","unknown","Linked mastoids","Linked mastoids","1","30",1,0,"Eye movements, Muscle","","","","","","All","na",1,2,"unknown","Primary","R-peak","0","600","-100","0","Group/Condition Differences","Amplitude",0,0,"t-test",1,"10000","1","P4","R-peak","unknown","unknown","",""
15165413,"10.1089/107555304323062310",,"","Electrophysiological evidence of intuition: Part 2. A system-wide process?","McCraty R, Atkinson M, Bradley RT.","J Altern Complement Med. 2004 Apr;10(2):325-36. doi: 10.1089/107555304323062310.",2004,0,"Intuition",0,"28-56",1,15,0,"EEG",19,"na","na","unknown","128","standard19","layout",,"unknown","unknown","unknown","unknown","unknown","unknown","unknown","unknown","unknown","unknown","unknown","Linked mastoids","Linked mastoids","1","30",1,0,"Eye movements, Muscle","","","","","","All","na",1,2,"unknown","Primary","R-peak","0","600","-100","0","Group/Condition Differences","Amplitude",0,0,"t-test",1,"10000","1","Fp1, Fp2, F8, T3","R-peak","unknown","unknown","",""
15165412,"10.1089/107555304323062301",0,"Not Related to HER","Event-related electroencephalographic correlations between isolated human subjects","Radin DI.","J Altern Complement Med. 2004 Apr;10(2):315-23. doi: 10.1089/107555304323062301.",2004,,"",,"",,,,"",,"","","","","","","","","","","","","","","","","","","","","","",,,"","","","","","","","",,,"","","","","","","","","",,,"",,"","","","","","","",""
15141795,"10.1017/s0265021504005046",0,"Not Related to HER","No difference in electroencephalographic power spectra or sensory-evoked potentials in patients anaesthetized with desflurane or sevoflurane","Freye E, Brückner J, Latasch L.","Eur J Anaesthesiol. 2004 May;21(5):373-8. doi: 10.1017/s0265021504005046.",2004,,"",,"",,,,"",,"","","","","","","","","","","","","","","","","","","","","","",,,"","","","","","","","",,,"","","","","","","","","",,,"",,"","","","","","","",""
15135977,"10.1016/j.bbr.2003.10.004",0,"Not Related to HER","Attentional processes and cognitive performance during expectancy of painful galvanic stimulations: a high-resolution EEG study","Babiloni C, Brancucci A, Arendt-Nielsen L, Babiloni F, Capotosto P, Carducci F, Cincotti F, Del Percio C, Petrini L, Rossini PM, Chen AC.","Behav Brain Res. 2004 Jun 4;152(1):137-47. doi: 10.1016/j.bbr.2003.10.004.",2004,,"",,"",,,,"",,"","","","","","","","","","","","","","","","","","","","","","",,,"","","","","","","","",,,"","","","","","","","","",,,"",,"","","","","","","",""
15135915,"10.1016/j.neulet.2003.12.064",0,"Not Related to HER","Peripheral and electrocortical responses to painful and non-painful stimulation in chronic pain patients, tension headache patients and healthy controls","Flor H, Diers M, Birbaumer N.","Neurosci Lett. 2004 May 6;361(1-3):147-50. doi: 10.1016/j.neulet.2003.12.064.",2004,,"",,"",,,,"",,"","","","","","","","","","","","","","","","","","","","","","",,,"","","","","","","","",,,"","","","","","","","","",,,"",,"","","","","","","",""
15127083,"10.1038/sj.npp.1300477",0,"Not Related to HER","Effects of lorazepam on the neuromagnetic mismatch negativity (MMNm) and auditory evoked field component N100m","Rosburg T, Marinou V, Haueisen J, Smesny S, Sauer H.","Neuropsychopharmacology. 2004 Sep;29(9):1723-33. doi: 10.1038/sj.npp.1300477.",2004,,"",,"",,,,"",,"","","","","","","","","","","","","","","","","","","","","","",,,"","","","","","","","",,,"","","","","","","","","",,,"",,"","","","","","","",""
15105212,"10.1213/01.ane.0000111109.42728.51",0,"Not Related to HER","A comparison of the clinical usefulness of three different electroencephalogram monitors: Bispectral Index, processed electroencephalogram, and Alaris auditory evoked potentials","Nishiyama T, Matsukawa T, Hanaoka K.","Anesth Analg. 2004 May;98(5):1341-5, table of contents. doi: 10.1213/01.ane.0000111109.42728.51.",2004,,"",,"",,,,"",,"","","","","","","","","","","","","","","","","","","","","","",,,"","","","","","","","",,,"","","","","","","","","",,,"",,"","","","","","","",""
15102134,"10.1111/1469-8986.2004.00170.x",1,"Consider","Accuracy of heartbeat perception is reflected in the amplitude of the heartbeat-evoked brain potential","Pollatos O, Schandry R.","Psychophysiology. 2004 May;41(3):476-82. doi: 10.1111/1469-8986.2004.00170.x.",2004,0,"Perception/Interoception/Cardiac",0,"25.7+-5.2",1,44,0,"EEG",27,"na","na","250","unknown","standard32","Fp1, Fp2, F7, F3, Fz, F4, F8, FC5, FC1, FC2, FC6, T7, C3, Cz, C4, T8, CP1, CP2, CP5, CP6, P7, P3, Pz, P4, P8, O1, O2",,"2","Lead I","Right wrist, Left wrist","unknown","250","unknown","0.1","30","unknown","unknown","none","Linked mastoids","Laplacian reference","0.1","30",0,,"","","","","CSD","Gratton-Coles blink detection, Noisy epochs","F3, F4, F7, F8, Fp1, Fp2, FC1, FC2, FC5, FC6, C3, C4, CP1, CP2, CP5, CP6, P3, P4, P7, P8, T7, T8, O1, O2","na",2,1,"unknown","Primary","R-peak","250","350","unknown","unknown","Group/Condition Differences","Amplitude",1,1,"ANOVA",0,"","1","","","","","ECG",""
15102134,"10.1111/1469-8986.2004.00170.x",,"","Accuracy of heartbeat perception is reflected in the amplitude of the heartbeat-evoked brain potential","Pollatos O, Schandry R.","Psychophysiology. 2004 May;41(3):476-82. doi: 10.1111/1469-8986.2004.00170.x.",2004,0,"Perception/Interoception/Cardiac",0,"25.7+-5.2",1,44,0,"EEG",27,"na","na","250","unknown","standard32","Fp1, Fp2, F7, F3, Fz, F4, F8, FC5, FC1, FC2, FC6, T7, C3, Cz, C4, T8, CP1, CP2, CP5, CP6, P7, P3, Pz, P4, P8, O1, O2",,"2","Lead I","Right wrist, Left wrist","unknown","250","unknown","0.1","30","unknown","unknown","none","Linked mastoids","Laplacian reference","0.1","30",0,,"","","","","CSD","Gratton-Coles blink detection, Noisy epochs","C4","na",1,1,"unknown","Primary","R-peak","250","350","unknown","unknown","Correlation","Amplitude",0,1,"Correlation",0,"","1","","","","","",""
15025887,"10.1089/107555304322849057",0,"Not Related to HER","Electrophysiological evidence of intuition: part 1. The surprising role of the heart","McCraty R, Atkinson M, Bradley RT.","J Altern Complement Med. 2004 Feb;10(1):133-43. doi: 10.1089/107555304322849057.",2004,,"",,"",,,,"",,"","","","","","","","","","","","","","","","","","","","","","",,,"","","","","","","","",,,"","","","","","","","","",,,"",,"","","","","","","",""
14998709,"10.1016/j.neuropsychologia.2003.11.018",0,"Not Related to HER","From mental power to muscle power--gaining strength by using the mind","Ranganathan VK, Siemionow V, Liu JZ, Sahgal V, Yue GH.","Neuropsychologia. 2004;42(7):944-56. doi: 10.1016/j.neuropsychologia.2003.11.018.",2004,,"",,"",,,,"",,"","","","","","","","","","","","","","","","","","","","","","",,,"","","","","","","","",,,"","","","","","","","","",,,"",,"","","","","","","",""
14741675,"10.1016/j.neuroimage.2003.09.040",0,"Not Related to HER","Noninvasive measurement of neuronal activity with near-infrared optical imaging","Franceschini MA, Boas DA.","Neuroimage. 2004 Jan;21(1):372-86. doi: 10.1016/j.neuroimage.2003.09.040.",2004,,"",,"",,,,"",,"","","","","","","","","","","","","","","","","","","","","","",,,"","","","","","","","",,,"","","","","","","","","",,,"",,"","","","","","","",""
14693608,"10.1213/01.ANE.0000096191.07929.44",0,"Not Related to HER","Acupuncture decreases somatosensory evoked potential amplitudes to noxious stimuli in anesthetized volunteers","Meissner W, Weiss T, Trippe RH, Hecht H, Krapp C, Miltner WH.","Anesth Analg. 2004 Jan;98(1):141-147. doi: 10.1213/01.ANE.0000096191.07929.44.",2004,,"",,"",,,,"",,"","","","","","","","","","","","","","","","","","","","","","",,,"","","","","","","","",,,"","","","","","","","","",,,"",,"","","","","","","",""
14319400,"10.1084/jem.121.6.1019",0,"Not Related to HER","THE PRESENCE OF ENDOGENOUS PYROGEN IN NORMAL RABBIT TISSUES","SNELL ES, ATKINS E.","J Exp Med. 1965 Jun 1;121(6):1019-38. doi: 10.1084/jem.121.6.1019.",1965,,"",,"",,,,"",,"","","","","","","","","","","","","","","","","","","","","","",,,"","","","","","","","",,,"","","","","","","","","",,,"",,"","","","","","","",""
12957369,"10.1016/s0006-8993(03)03159-7",0,"Not Related to HER","Late-developing rostral ventrolateral medullary surface responses to cardiovascular challenges during sleep","Richard CA, Rector DM, Macey PM, Ali N, Harper RM.","Brain Res. 2003 Sep 19;985(1):65-77. doi: 10.1016/s0006-8993(03)03159-7.",2003,,"",,"",,,,"",,"","","","","","","","","","","","","","","","","","","","","","",,,"","","","","","","","",,,"","","","","","","","","",,,"",,"","","","","","","",""
12951229,"10.1016/s0165-0270(03)00198-5",0,"Not Related to HER","On the use of isoflurane versus halothane in the study of visual response properties of single cells in the primary visual cortex","Villeneuve MY, Casanova C.","J Neurosci Methods. 2003 Oct 15;129(1):19-31. doi: 10.1016/s0165-0270(03)00198-5.",2003,,"",,"",,,,"",,"","","","","","","","","","","","","","","","","","","","","","",,,"","","","","","","","",,,"","","","","","","","","",,,"",,"","","","","","","",""
12885175,"10.1023/a:1024283303023",0,"Not Related to HER","Correlation beween AAI-index and the BIS-index during propofol hypnosis: a clinical study","Anderson RE, Barr G, Jakobsson JG.","J Clin Monit Comput. 2002 Aug;17(6):325-9. doi: 10.1023/a:1024283303023.",2002,,"",,"",,,,"",,"","","","","","","","","","","","","","","","","","","","","","",,,"","","","","","","","",,,"","","","","","","","","",,,"",,"","","","","","","",""
12837559,"10.1016/s0920-1211(03)00059-7",0,"Not Related to HER","Heart rate variability during interictal epileptiform discharges","Zaatreh MM, Quint SR, Tennison MB, D'Cruz O, Vaughn BB.","Epilepsy Res. 2003 May;54(2-3):85-90. doi: 10.1016/s0920-1211(03)00059-7.",2003,,"",,"",,,,"",,"","","","","","","","","","","","","","","","","","","","","","",,,"","","","","","","","",,,"","","","","","","","","",,,"",,"","","","","","","",""
12818956,"10.1213/01.ane.0000065546.78919.82",0,"Not Related to HER","ARX-derived auditory evoked potential index and bispectral index during the induction of anesthesia with propofol and remifentanil","Schmidt GN, Bischoff P, Standl T, Issleib M, Voigt M, Schulte Am Esch J.","Anesth Analg. 2003 Jul;97(1):139-44, table of contents. doi: 10.1213/01.ane.0000065546.78919.82.",2003,,"",,"",,,,"",,"","","","","","","","","","","","","","","","","","","","","","",,,"","","","","","","","",,,"","","","","","","","","",,,"",,"","","","","","","",""
12812807,"10.1016/s0278-2626(03)00011-3",0,"Not Related to HER","Central and autonomic nervous system integration in emotion","Hagemann D, Waldstein SR, Thayer JF.","Brain Cogn. 2003 Jun;52(1):79-87. doi: 10.1016/s0278-2626(03)00011-3.",2003,,"",,"",,,,"",,"","","","","","","","","","","","","","","","","","","","","","",,,"","","","","","","","",,,"","","","","","","","","",,,"",,"","","","","","","",""
12549733,"10.1109/TBME.2002.805480",0,"Not Related to HER","A resampling approach to estimate the stability of one-dimensional or multidimensional independent components","Meinecke F, Ziehe A, Kawanabe M, Müller KR.","IEEE Trans Biomed Eng. 2002 Dec;49(12 Pt 2):1514-25. doi: 10.1109/TBME.2002.805480.",2002,,"",,"",,,,"",,"","","","","","","","","","","","","","","","","","","","","","",,,"","","","","","","","",,,"","","","","","","","","",,,"",,"","","","","","","",""
12443920,"10.1016/s1095-6433(02)00154-x",0,"Not Related to HER","Biogenic amines evoke heartbeat reversal in larvae of the sweet potato hornworm, Agrius convolvuli","Matsushita T, Kuwasawa K, Uchimura K, Ai H, Kurokawa M.","Comp Biochem Physiol A Mol Integr Physiol. 2002 Nov;133(3):625-36. doi: 10.1016/s1095-6433(02)00154-x.",2002,,"",,"",,,,"",,"","","","","","","","","","","","","","","","","","","","","","",,,"","","","","","","","",,,"","","","","","","","","",,,"",,"","","","","","","",""
12399142,"10.1016/s0006-3223(02)01377-x",0,"Not Related to HER","Modulating sensory gating in healthy volunteers: the effects of ketamine and haloperidol","Oranje B, Gispen-de Wied CC, Verbaten MN, Kahn RS.","Biol Psychiatry. 2002 Nov 1;52(9):887-95. doi: 10.1016/s0006-3223(02)01377-x.",2002,,"",,"",,,,"",,"","","","","","","","","","","","","","","","","","","","","","",,,"","","","","","","","",,,"","","","","","","","","",,,"",,"","","","","","","",""
11951061,"",0,"Not Related to HER","Effects of acute hypoxemia/ischemia on EEG and evoked responses at normothermia and hypothermia in humans","Stecker MM, Escherich A, Patterson T, Bavaria JE, Cheung AT.","Med Sci Monit. 2002 Apr;8(4):CR223-8.",2002,,"",,"",,,,"",,"","","","","","","","","","","","","","","","","","","","","","",,,"","","","","","","","",,,"","","","","","","","","",,,"",,"","","","","","","",""
11943075,"10.1258/0023677021912398",0,"Not Related to HER","Effects of CO2 anaesthesia on central nervous system activity in swine","Martoft L, Lomholt L, Kolthoff C, Rodriguez BE, Jensen EW, Jørgensen PF, Pedersen HD, Forslid A.","Lab Anim. 2002 Apr;36(2):115-26. doi: 10.1258/0023677021912398.",2002,,"",,"",,,,"",,"","","","","","","","","","","","","","","","","","","","","","",,,"","","","","","","","",,,"","","","","","","","","",,,"",,"","","","","","","",""
11927175,"10.1016/S0893-133X(01)00384-0",0,"Not Related to HER","The effects of hydrocortisone on cognitive and neural function: a behavioral and event-related potential investigation","Monk CS, Nelson CA.","Neuropsychopharmacology. 2002 Apr;26(4):505-19. doi: 10.1016/S0893-133X(01)00384-0.",2002,,"",,"",,,,"",,"","","","","","","","","","","","","","","","","","","","","","",,,"","","","","","","","",,,"","","","","","","","","",,,"",,"","","","","","","",""
11852158,"10.1016/s0167-8760(01)00194-5",0,"Not Related to HER","Time-dependent cortical asymmetries induced by emotional arousal: EEG analysis of event-related synchronization and desynchronization in individually defined frequency bands","Aftanas LI, Varlamov AA, Pavlov SV, Makhnev VP, Reva NV.","Int J Psychophysiol. 2002 Apr;44(1):67-82. doi: 10.1016/s0167-8760(01)00194-5.",2002,,"",,"",,,,"",,"","","","","","","","","","","","","","","","","","","","","","",,,"","","","","","","","",,,"","","","","","","","","",,,"",,"","","","","","","",""
11850088,"10.1016/s0167-8760(01)00185-4",0,"Not Related to HER","Habituation and recovery of a slow negative wave of the event-related brain potential","Zimmer H.","Int J Psychophysiol. 2002 Mar;43(3):225-35. doi: 10.1016/s0167-8760(01)00185-4.",2002,,"",,"",,,,"",,"","","","","","","","","","","","","","","","","","","","","","",,,"","","","","","","","",,,"","","","","","","","","",,,"",,"","","","","","","",""
11812390,"10.1016/s0167-8760(01)00141-6",0,"Not Related to HER","Neurophysiological study of patients with perceived 'electrical hypersensitivity'","Lyskov E, Sandström M, Hansson Mild K.","Int J Psychophysiol. 2001 Nov;42(3):233-41. doi: 10.1016/s0167-8760(01)00141-6.",2001,,"",,"",,,,"",,"","","","","","","","","","","","","","","","","","","","","","",,,"","","","","","","","",,,"","","","","","","","","",,,"",,"","","","","","","",""
11599534,"10.1023/a:1012519923583",0,"Not Related to HER","Signal analysis of auditory evoked cortical fields in fetal magnetoencephalography","Schneider U, Schleussner E, Haueisen J, Nowak H, Seewald HJ.","Brain Topogr. 2001 Fall;14(1):69-80. doi: 10.1023/a:1012519923583.",2001,,"",,"",,,,"",,"","","","","","","","","","","","","","","","","","","","","","",,,"","","","","","","","",,,"","","","","","","","","",,,"",,"","","","","","","",""
11593509,"",0,"Not Related to HER","An animal and clinical study on the change of neuropeptide Y release evoked by electrical stimulation and myocardial ischemia","Cheng B, He Y, Xiang J, Guo L, Han Q.","Chin Med J (Engl). 1999 May;112(5):410-3.",1999,,"",,"",,,,"",,"","","","","","","","","","","","","","","","","","","","","","",,,"","","","","","","","",,,"","","","","","","","","",,,"",,"","","","","","","",""
11568930,"",0,"Not Related to HER","Provocation study of persons with perceived electrical hypersensitivity and controls using magnetic field exposure and recording of electrophysiological characteristics","Lyskov E, Sandström M, Mild KH.","Bioelectromagnetics. 2001 Oct;22(7):457-62.",2001,,"",,"",,,,"",,"","","","","","","","","","","","","","","","","","","","","","",,,"","","","","","","","",,,"","","","","","","","","",,,"",,"","","","","","","",""
11543028,"",0,"Not Related to HER","Effects of hyper +Gz acceleration on brainstem and auditory cortical evoked potentials and cerebral blood flow in anesthetized rats","Matsunami K, Konishi T, Satake H.","J Gravit Physiol. 1999 Jul;6(1):P61-2.",1999,,"",,"",,,,"",,"","","","","","","","","","","","","","","","","","","","","","",,,"","","","","","","","",,,"","","","","","","","","",,,"",,"","","","","","","",""
11542381,"",0,"Not Related to HER","Effects of hyper +Gz acceleration on cardiovascular function, visual evoked potentials and cerebral blood flow in anesthetized rats","Matsunami K, Satake H, Konishi T.","J Gravit Physiol. 1998 Jul;5(1):P99-100.",1998,,"",,"",,,,"",,"","","","","","","","","","","","","","","","","","","","","","",,,"","","","","","","","",,,"","","","","","","","","",,,"",,"","","","","","","",""
11376908,"10.1016/S0304-3959(01)00276-7",0,"Not Related to HER","Topical bicuculline to the rat spinal cord induces highly localized allodynia that is mediated by spinal prostaglandins","Zhang Z, Hefferan MP, Loomis CW.","Pain. 2001 Jun;92(3):351-361. doi: 10.1016/S0304-3959(01)00276-7.",2001,,"",,"",,,,"",,"","","","","","","","","","","","","","","","","","","","","","",,,"","","","","","","","",,,"","","","","","","","","",,,"",,"","","","","","","",""
11291946,"10.1023/a:1010233615281",0,"Not Related to HER","Pediatric anesthesia monitoring with the help of EEG and ECG","Senhadji L, Carrault G, Gauvrit H, Wodey E, Pladys P, Carré F.","Acta Biotheor. 2000 Dec;48(3-4):289-302. doi: 10.1023/a:1010233615281.",2000,,"",,"",,,,"",,"","","","","","","","","","","","","","","","","","","","","","",,,"","","","","","","","",,,"","","","","","","","","",,,"",,"","","","","","","",""
11282316,"10.1016/s1095-6433(01)00278-1",0,"Not Related to HER","Evaluation of cognitive performance in the heat by functional brain imaging and psychometric testing","Hocking C, Silberstein RB, Lau WM, Stough C, Roberts W.","Comp Biochem Physiol A Mol Integr Physiol. 2001 Apr;128(4):719-34. doi: 10.1016/s1095-6433(01)00278-1.",2001,,"",,"",,,,"",,"","","","","","","","","","","","","","","","","","","","","","",,,"","","","","","","","",,,"","","","","","","","","",,,"",,"","","","","","","",""
11275540,"10.1016/s1388-2457(01)00480-1",1,"Consider","The heartbeat-evoked brain potential in patients suffering from diabetic neuropathy and in healthy control persons","Leopold C, Schandry R.","Clin Neurophysiol. 2001 Apr;112(4):674-82. doi: 10.1016/s1388-2457(01)00480-1.",2001,0,"Patients/Endocrine/Diabetes, Patients/Cardiovascular/Cardiac autonomic neuropathy",1,"18-52",1,25,0,"EEG",18,"na","na","200","unknown","standard19","Fp1, Fp2, F7, F3, Fz, F4, F8, T3, C3, Cz, C4, T4, T5, P3, Pz, P4, T6, Oz",,"2","Lead II","Left abdomen, Right clavicle","unknown","200","unknown","0.016","70","unknown","unknown","none","Linked earlobes","Linked earlobes","0.016","70",0,,"","","","","","noisy epochs","F3, F4, F7, F8, Fp1, Fp2, Fz, C3, C4, Cz, P3, P4, Pz, T3, T4, T5, T6","na",2,1,"unknown","Primary","R-peak","230","530","unknown","unknown","Group/Condition Differences","Amplitude",1,1,"ANOVA",0,"","1","F3, F4, F7, F8, Fp1, Fp2, Fz, C3, C4, Cz, T3, T4, T5, T6","R-peak","280","330","ECG, HRV",""
11275540,"10.1016/s1388-2457(01)00480-1",,"","The heartbeat-evoked brain potential in patients suffering from diabetic neuropathy and in healthy control persons","Leopold C, Schandry R.","Clin Neurophysiol. 2001 Apr;112(4):674-82. doi: 10.1016/s1388-2457(01)00480-1.",2001,0,"Patients/Endocrine/Diabetes, Patients/Cardiovascular/Cardiac autonomic neuropathy",1,"18-52",1,25,0,"EEG",18,"na","na","200","unknown","standard19","Fp1, Fp2, F7, F3, Fz, F4, F8, T3, C3, Cz, C4, T4, T5, P3, Pz, P4, T6, Oz",,"2","Lead II","Left abdomen, Right clavicle","unknown","200","unknown","0.016","70","unknown","unknown","none","Linked earlobes","Linked earlobes","0.016","70",0,,"","","","","","noisy epochs","F3, F4, F7, F8, Fp1, Fp2, Fz, C3, C4, Cz, T3, T4, T5, T6","na",2,1,"unknown","Primary","R-peak","280","330","unknown","unknown","Correlation","Amplitude",1,1,"Correlation",0,"","1","","","","","",""
11123711,"10.1046/j.1365-2982.2000.00230.x",0,"Not Related to HER","Abnormal cerebral processing of oesophageal stimuli in patients with noncardiac chest pain (NCCP)","Hollerbach S, Bulat R, May A, Kamath MV, Upton AR, Fallen EL, Tougas G.","Neurogastroenterol Motil. 2000 Dec;12(6):555-65. doi: 10.1046/j.1365-2982.2000.00230.x.",2000,,"",,"",,,,"",,"","","","","","","","","","","","","","","","","","","","","","",,,"","","","","","","","",,,"","","","","","","","","",,,"",,"","","","","","","",""
11112000,"10.1007/s001470050329",0,"Not Related to HER","Non-invasive graft monitoring after heart transplantation: rationale to reduce the number of endomyocardial biopsies","Grasser B, Iberer F, Schaffellner S, Kniepeiss D, Schreier G, Kastner P, Tscheliessnigg KH.","Transpl Int. 2000;13 Suppl 1:S225-7. doi: 10.1007/s001470050329.",2000,,"",,"",,,,"",,"","","","","","","","","","","","","","","","","","","","","","",,,"","","","","","","","",,,"","","","","","","","","",,,"",,"","","","","","","",""
11099805,"10.1016/s0301-0511(00)00065-x",0,"Not Related to HER","Frontal electrocortical and cardiovascular reactivity during happiness and anger","Waldstein SR, Kop WJ, Schmidt LA, Haufler AJ, Krantz DS, Fox NA.","Biol Psychol. 2000 Nov;55(1):3-23. doi: 10.1016/s0301-0511(00)00065-x.",2000,,"",,"",,,,"",,"","","","","","","","","","","","","","","","","","","","","","",,,"","","","","","","","",,,"","","","","","","","","",,,"",,"","","","","","","",""
11094584,"10.1093/bja/85.5.705",0,"Not Related to HER","Effect of tramadol on electroencephalographic and auditory-evoked response variables during light anaesthesia","Vaughan DJ, Shinner G, Thornton C, Brunner MD.","Br J Anaesth. 2000 Nov;85(5):705-7. doi: 10.1093/bja/85.5.705.",2000,,"",,"",,,,"",,"","","","","","","","","","","","","","","","","","","","","","",,,"","","","","","","","",,,"","","","","","","","","",,,"",,"","","","","","","",""
11037043,"10.1017/s0048577200991625",0,"Not Related to HER","Event-related brain potential and heart rate manifestations of visual selective attention","van der Veen FM, Lange JJ, van der Molen MW, Mulder G, Mulder LJ.","Psychophysiology. 2000 Sep;37(5):677-82. doi: 10.1017/s0048577200991625.",2000,,"",,"",,,,"",,"","","","","","","","","","","","","","","","","","","","","","",,,"","","","","","","","",,,"","","","","","","","","",,,"",,"","","","","","","",""
11000664,"",0,"Not Related to HER","Anesthesia with deep hypothermic circulatory arrest for giant basilar aneurysm surgery","Yu CL, Tan PP, Wu CT, Hsu JC, Chen JF, Wang YL, Lee ST.","Acta Anaesthesiol Sin. 2000 Mar;38(1):47-51.",2000,,"",,"",,,,"",,"","","","","","","","","","","","","","","","","","","","","","",,,"","","","","","","","",,,"","","","","","","","","",,,"",,"","","","","","","",""
10934900,"",0,"Not Related to HER","Acute changes in carbon dioxide levels alter the electroencephalogram without affecting cognitive function","Bloch-Salisbury E, Lansing R, Shea SA.","Psychophysiology. 2000 Jul;37(4):418-26.",2000,,"",,"",,,,"",,"","","","","","","","","","","","","","","","","","","","","","",,,"","","","","","","","",,,"","","","","","","","","",,,"",,"","","","","","","",""
10883907,"10.3171/jns.2000.93.1.0068",0,"Not Related to HER","Experimental study of medullary trigeminal evoked potentials: development of a new method of intraoperative monitoring of the medulla oblongata","Oikawa T, Matsumoto M, Sasaki T, Kodama N.","J Neurosurg. 2000 Jul;93(1):68-76. doi: 10.3171/jns.2000.93.1.0068.",2000,,"",,"",,,,"",,"","","","","","","","","","","","","","","","","","","","","","",,,"","","","","","","","",,,"","","","","","","","","",,,"",,"","","","","","","",""
10860414,"",0,"Not Related to HER","P300, N400, aerobic fitness, and maximal aerobic exercise","Magnié MN, Bermon S, Martin F, Madany-Lounis M, Suisse G, Muhammad W, Dolisi C.","Psychophysiology. 2000 May;37(3):369-77.",2000,,"",,"",,,,"",,"","","","","","","","","","","","","","","","","","","","","","",,,"","","","","","","","",,,"","","","","","","","","",,,"",,"","","","","","","",""
10853945,"10.1007/s002210000343",0,"Not Related to HER","Pavlovian aversive and appetitive odor conditioning in humans: subjective, peripheral, and electrocortical changes","Hermann C, Ziegler S, Birbaumer N, Flor H.","Exp Brain Res. 2000 May;132(2):203-15. doi: 10.1007/s002210000343.",2000,,"",,"",,,,"",,"","","","","","","","","","","","","","","","","","","","","","",,,"","","","","","","","",,,"","","","","","","","","",,,"",,"","","","","","","",""
10838117,"10.1016/s0387-7604(00)00114-5",0,"Not Related to HER","Hypoxic-ischemic encephalopathy with cystic brain stem necroses and thalamic calcifications in a preterm twin","Peters B, Walka MM, Friedmann W, Stoltenburg-Didinger G, Obladen M.","Brain Dev. 2000 Jun;22(4):265-71. doi: 10.1016/s0387-7604(00)00114-5.",2000,,"",,"",,,,"",,"","","","","","","","","","","","","","","","","","","","","","",,,"","","","","","","","",,,"","","","","","","","","",,,"",,"","","","","","","",""
10749799,"10.1152/ajpregu.2000.278.4.R1090",0,"Not Related to HER","Sleep states alter ventral medullary surface responses to blood pressure challenges","Rector DM, Richard CA, Staba RJ, Harper RM.","Am J Physiol Regul Integr Comp Physiol. 2000 Apr;278(4):R1090-8. doi: 10.1152/ajpregu.2000.278.4.R1090.",2000,,"",,"",,,,"",,"","","","","","","","","","","","","","","","","","","","","","",,,"","","","","","","","",,,"","","","","","","","","",,,"",,"","","","","","","",""
10599849,"10.1097/00001756-199911080-00023",0,"Not Related to HER","Expression in paradoxical sleep of a conditioned heart rate response","Maho C, Hennevin E.","Neuroreport. 1999 Nov 8;10(16):3381-5. doi: 10.1097/00001756-199911080-00023.",1999,,"",,"",,,,"",,"","","","","","","","","","","","","","","","","","","","","","",,,"","","","","","","","",,,"","","","","","","","","",,,"",,"","","","","","","",""
10574450,"",0,"Not Related to HER","The chronoinotropic effects of new regulatory input to the heart of land pulmonates","Zhuravlev V, Bugaj V, Safonova T, Senkov O, Kodirov S.","Acta Biol Hung. 1999;50(1-3):309-18.",1999,,"",,"",,,,"",,"","","","","","","","","","","","","","","","","","","","","","",,,"","","","","","","","",,,"","","","","","","","","",,,"",,"","","","","","","",""
10562791,"10.1093/bja/82.6.925",0,"Not Related to HER","Effect of bolus doses of alfentanil on the arousal response to intubation, as assessed by the auditory evoked response","Shinner G, Sharpe RM, Thornton C, Doré CJ, Brunner MD.","Br J Anaesth. 1999 Jun;82(6):925-8. doi: 10.1093/bja/82.6.925.",1999,,"",,"",,,,"",,"","","","","","","","","","","","","","","","","","","","","","",,,"","","","","","","","",,,"","","","","","","","","",,,"",,"","","","","","","",""
10494584,"10.1007/s002130051067",0,"Not Related to HER","Electroencephalographic effects of intravenous nicotine--a dose-response study","Lindgren M, Molander L, Verbaan C, Lunell E, Rosén I.","Psychopharmacology (Berl). 1999 Aug;145(3):342-50. doi: 10.1007/s002130051067.",1999,,"",,"",,,,"",,"","","","","","","","","","","","","","","","","","","","","","",,,"","","","","","","","",,,"","","","","","","","","",,,"",,"","","","","","","",""
10450592,"10.1093/sleep/22.5.575",0,"Not Related to HER","The evoked heart rate response to periodic leg movements of sleep","Winkelman JW.","Sleep. 1999 Aug 1;22(5):575-80. doi: 10.1093/sleep/22.5.575.",1999,,"",,"",,,,"",,"","","","","","","","","","","","","","","","","","","","","","",,,"","","","","","","","",,,"","","","","","","","","",,,"",,"","","","","","","",""
10420094,"10.1159/000054460",0,"Not Related to HER","Brain potentials and attention after acute and subchronic intranasal administration ofACTH 4-10 and desacetyl-alpha-MSH in humans","Smolnik R, Mölle M, Fehm HL, Born J.","Neuroendocrinology. 1999 Jul;70(1):63-72. doi: 10.1159/000054460.",1999,,"",,"",,,,"",,"","","","","","","","","","","","","","","","","","","","","","",,,"","","","","","","","",,,"","","","","","","","","",,,"",,"","","","","","","",""
10364854,"10.1046/j.1365-2044.1999.00300.x",0,"Not Related to HER","Cortical responses to auditory stimuli during isoflurane burst suppression anaesthesia","Hartikainen K, Rorarius MG.","Anaesthesia. 1999 Mar;54(3):210-4. doi: 10.1046/j.1365-2044.1999.00300.x.",1999,,"",,"",,,,"",,"","","","","","","","","","","","","","","","","","","","","","",,,"","","","","","","","",,,"","","","","","","","","",,,"",,"","","","","","","",""
10357354,"10.1097/00000539-199906000-00039",0,"Not Related to HER","Middle latency auditory evoked responses and electroencephalographic derived variables do not predict movement to noxious stimulation during 1 minimum alveolar anesthetic concentration isoflurane/nitrous oxide anesthesia","Kochs E, Kalkman CJ, Thornton C, Newton D, Bischoff P, Kuppe H, Abke J, Konecny E, Nahm W, Stockmanns G.","Anesth Analg. 1999 Jun;88(6):1412-7. doi: 10.1097/00000539-199906000-00039.",1999,,"",,"",,,,"",,"","","","","","","","","","","","","","","","","","","","","","",,,"","","","","","","","",,,"","","","","","","","","",,,"",,"","","","","","","",""
9892860,"10.1159/000026560",0,"Not Related to HER","Electroencephalographic characterization of brain dopaminergic stimulation by apomorphine in healthy volunteers","Luthringer R, Rinaudo G, Toussaint M, Bailey P, Muller G, Muzet A, Macher J.","Neuropsychobiology. 1999;39(1):49-56. doi: 10.1159/000026560.",1999,,"",,"",,,,"",,"","","","","","","","","","","","","","","","","","","","","","",,,"","","","","","","","",,,"","","","","","","","","",,,"",,"","","","","","","",""
9890381,"10.1097/00008506-199901000-00004",0,"Not Related to HER","Cerebral glucose metabolism in acute and persistent vegetative state","Rudolf J, Ghaemi M, Ghaemi M, Haupt WF, Szelies B, Heiss WD.","J Neurosurg Anesthesiol. 1999 Jan;11(1):17-24. doi: 10.1097/00008506-199901000-00004.",1999,,"",,"",,,,"",,"","","","","","","","","","","","","","","","","","","","","","",,,"","","","","","","","",,,"","","","","","","","","",,,"",,"","","","","","","",""
9819279,"10.1152/jn.1998.80.5.2765",0,"Not Related to HER","Stereotyped yawning responses induced by electrical and chemical stimulation of paraventricular nucleus of the rat","Sato-Suzuki I, Kita I, Oguri M, Arita H.","J Neurophysiol. 1998 Nov;80(5):2765-75. doi: 10.1152/jn.1998.80.5.2765.",1998,,"",,"",,,,"",,"","","","","","","","","","","","","","","","","","","","","","",,,"","","","","","","","",,,"","","","","","","","","",,,"",,"","","","","","","",""
9780661,"",0,"Not Related to HER","Changes in brain barbiturate concentration in brain-dead rabbits","Saito T, Takeichi S, Osawa M, Yukawa N.","Nihon Hoigaku Zasshi. 1998 Jun;52(3):177-83.",1998,,"",,"",,,,"",,"","","","","","","","","","","","","","","","","","","","","","",,,"","","","","","","","",,,"","","","","","","","","",,,"",,"","","","","","","",""
9755023,"10.1016/S0304-3959(98)00086-4",0,"Not Related to HER","Milacemide, a glycine pro-drug, inhibits strychnine-allodynia without affecting normal nociception in the rat","Khandwala H, Loomis CW.","Pain. 1998 Jul;77(1):87-95. doi: 10.1016/S0304-3959(98)00086-4.",1998,,"",,"",,,,"",,"","","","","","","","","","","","","","","","","","","","","","",,,"","","","","","","","",,,"","","","","","","","","",,,"",,"","","","","","","",""
9683005,"10.1007/s002130050620",0,"Not Related to HER","The effects of low dose ketamine on sensory gating, neuroendocrine secretion and behavior in healthy human subjects","van Berckel BN, Oranje B, van Ree JM, Verbaten MN, Kahn RS.","Psychopharmacology (Berl). 1998 Jun;137(3):271-81. doi: 10.1007/s002130050620.",1998,,"",,"",,,,"",,"","","","","","","","","","","","","","","","","","","","","","",,,"","","","","","","","",,,"","","","","","","","","",,,"",,"","","","","","","",""
9661091,"",0,"Not Related to HER","Propofol and methohexital as anesthetic agents for electroconvulsive therapy (ECT): a comparison of seizure-quality measures and vital signs","Geretsegger C, Rochowanski E, Kartnig C, Unterrainer AF.","J ECT. 1998 Mar;14(1):28-35.",1998,,"",,"",,,,"",,"","","","","","","","","","","","","","","","","","","","","","",,,"","","","","","","","",,,"","","","","","","","","",,,"",,"","","","","","","",""
9545665,"10.1016/s0167-8760(97)00083-4",0,"Not Related to HER","Effects of memory load on event-related patterns of 40-Hz EEG during cognitive and motor tasks","De Pascalis V, Ray WJ.","Int J Psychophysiol. 1998 May;28(3):301-15. doi: 10.1016/s0167-8760(97)00083-4.",1998,,"",,"",,,,"",,"","","","","","","","","","","","","","","","","","","","","","",,,"","","","","","","","",,,"","","","","","","","","",,,"",,"","","","","","","",""
9522266,"10.3109/00207459708986401",0,"Not Related to HER","P300 event-related-potential amplitudes and evoked cardiac responses during hypnotic alteration of somatosensory perception","De Pascalis V, Carboni G.","Int J Neurosci. 1997 Dec;92(3-4):187-207. doi: 10.3109/00207459708986401.",1997,,"",,"",,,,"",,"","","","","","","","","","","","","","","","","","","","","","",,,"","","","","","","","",,,"","","","","","","","","",,,"",,"","","","","","","",""
9470386,"",0,"Not Related to HER","On-line analysis of AEP and EEG for monitoring depth of anaesthesia","Capitanio L, Jensen EW, Filligoi GC, Makovec B, Gagliardi M, Henneberg SW, Lindholm P, Cerutti S.","Methods Inf Med. 1997 Dec;36(4-5):311-4.",1997,,"",,"",,,,"",,"","","","","","","","","","","","","","","","","","","","","","",,,"","","","","","","","",,,"","","","","","","","","",,,"",,"","","","","","","",""
9469533,"10.1016/S0304-3959(97)00137-1",0,"Not Related to HER","Processing of pain- and body-related verbal material in chronic pain patients: central and peripheral correlates","Flor H, Knost B, Birbaumer N.","Pain. 1997 Dec;73(3):413-421. doi: 10.1016/S0304-3959(97)00137-1.",1997,,"",,"",,,,"",,"","","","","","","","","","","","","","","","","","","","","","",,,"","","","","","","","",,,"","","","","","","","","",,,"",,"","","","","","","",""
9456458,"10.1093/sleep/20.11.942",0,"Not Related to HER","Reversed discriminatory responses of heart rate during human REM sleep","Ikeda K, Morotomi T.","Sleep. 1997 Nov;20(11):942-7. doi: 10.1093/sleep/20.11.942.",1997,,"",,"",,,,"",,"","","","","","","","","","","","","","","","","","","","","","",,,"","","","","","","","",,,"","","","","","","","","",,,"",,"","","","","","","",""
9422178,"10.1097/00063110-199503000-00008",0,"Not Related to HER","What is the best test to predict outcome after prolonged cardiac arrest?","Sandroni C, Barelli A, Piazza O, Proietti R, Mastria D, Boninsegna R.","Eur J Emerg Med. 1995 Mar;2(1):33-7. doi: 10.1097/00063110-199503000-00008.",1995,,"",,"",,,,"",,"","","","","","","","","","","","","","","","","","","","","","",,,"","","","","","","","",,,"","","","","","","","","",,,"",,"","","","","","","",""
9421059,"",0,"Not Related to HER","Awareness during general anaesthesia--incidence, clinical relevance and monitoring","Schwender D, Daunderer M, Kunze-Kronawitter H, Klasing S, Pöppel E, Peter K.","Acta Anaesthesiol Scand Suppl. 1997;111:313-4.",1997,,"",,"",,,,"",,"","","","","","","","","","","","","","","","","","","","","","",,,"","","","","","","","",,,"","","","","","","","","",,,"",,"","","","","","","",""
9404165,"10.1111/j.1365-2044.1997.229-az0364.x",0,"Not Related to HER","Effects of cardiopulmonary bypass and hypothermia on electroencephalographic variables","Doi M, Gajraj RJ, Mantzaridis H, Kenny GN.","Anaesthesia. 1997 Nov;52(11):1048-55. doi: 10.1111/j.1365-2044.1997.229-az0364.x.",1997,,"",,"",,,,"",,"","","","","","","","","","","","","","","","","","","","","","",,,"","","","","","","","",,,"","","","","","","","","",,,"",,"","","","","","","",""
9401424,"10.1111/j.1469-8986.1997.tb02145.x",0,"Not Related to HER","Effects of attentional and stressor manipulations on the P50 gating response","White PM, Yee CM.","Psychophysiology. 1997 Nov;34(6):703-11. doi: 10.1111/j.1469-8986.1997.tb02145.x.",1997,,"",,"",,,,"",,"","","","","","","","","","","","","","","","","","","","","","",,,"","","","","","","","",,,"","","","","","","","","",,,"",,"","","","","","","",""
9361336,"10.1007/s002130050404",0,"Not Related to HER","Chronic alcohol abuse and the acute sedative and neurophysiologic effects of midazolam","Bauer LO, Gross JB, Meyer RE, Greenblatt DJ.","Psychopharmacology (Berl). 1997 Oct;133(3):293-9. doi: 10.1007/s002130050404.",1997,,"",,"",,,,"",,"","","","","","","","","","","","","","","","","","","","","","",,,"","","","","","","","",,,"","","","","","","","","",,,"",,"","","","","","","",""
9342133,"",0,"Not Related to HER","Effect of esmolol pretreatment on EEG seizure morphology in RUL ECT","McCall WV, Zvara D, Brooker R, Arias L.","Convuls Ther. 1997 Sep;13(3):175-80.",1997,,"",,"",,,,"",,"","","","","","","","","","","","","","","","","","","","","","",,,"","","","","","","","",,,"","","","","","","","","",,,"",,"","","","","","","",""
9313270,"10.1016/s0304-3959(97)00021-3",0,"Not Related to HER","Comparable dose-dependent inhibition of AP-7 sensitive strychnine-induced allodynia and paw pinch-induced nociception by mexiletine in the rat","Khandwala H, Hodge E, Loomis CW.","Pain. 1997 Sep;72(3):299-308. doi: 10.1016/s0304-3959(97)00021-3.",1997,,"",,"",,,,"",,"","","","","","","","","","","","","","","","","","","","","","",,,"","","","","","","","",,,"","","","","","","","","",,,"",,"","","","","","","",""
9105912,"10.1007/BF02688611",0,"Not Related to HER","An event-related brain potential investigation of PTSD and PTSD symptoms in abused children","McPherson WB, Newton JE, Ackerman P, Oglesby DM, Dykman RA.","Integr Physiol Behav Sci. 1997 Jan-Mar;32(1):31-42. doi: 10.1007/BF02688611.",1997,,"",,"",,,,"",,"","","","","","","","","","","","","","","","","","","","","","",,,"","","","","","","","",,,"","","","","","","","","",,,"",,"","","","","","","",""
8951921,"10.1016/0304-3959(96)03107-7",0,"Not Related to HER","Evidence for a change in neural processing in phantom limb pain patients","Larbig W, Montoya P, Flor H, Bilow H, Weller S, Birbaumer N.","Pain. 1996 Oct;67(2-3):275-83. doi: 10.1016/0304-3959(96)03107-7.",1996,,"",,"",,,,"",,"","","","","","","","","","","","","","","","","","","","","","",,,"","","","","","","","",,,"","","","","","","","","",,,"",,"","","","","","","",""
8936398,"10.1111/j.1469-8986.1996.tb00426.x",0,"Not Related to HER","Enhanced psychophysiological signs of attention after angiotensin-converting enzyme inhibition by captopril","Derad I, Pietrowsky R, Dodt C, Fehm HL, Born J.","Psychophysiology. 1996 May;33(3):295-301. doi: 10.1111/j.1469-8986.1996.tb00426.x.",1996,,"",,"",,,,"",,"","","","","","","","","","","","","","","","","","","","","","",,,"","","","","","","","",,,"","","","","","","","","",,,"",,"","","","","","","",""
8862114,"10.1016/0013-4694(96)95539-x",0,"Not Related to HER","Sensory processing during early and late nocturnal sleep","Plihal W, Weaver S, Mölle M, Fehm HL, Born J.","Electroencephalogr Clin Neurophysiol. 1996 Sep;99(3):247-56. doi: 10.1016/0013-4694(96)95539-x.",1996,,"",,"",,,,"",,"","","","","","","","","","","","","","","","","","","","","","",,,"","","","","","","","",,,"","","","","","","","","",,,"",,"","","","","","","",""
8834483,"10.1139/y95-733",0,"Not Related to HER","Strychnine-dependent allodynia in the urethane-anesthetized rat is segmentally distributed and prevented by intrathecal glycine and betaine","Sherman SE, Loomis CW.","Can J Physiol Pharmacol. 1995 Dec;73(12):1698-705. doi: 10.1139/y95-733.",1995,,"",,"",,,,"",,"","","","","","","","","","","","","","","","","","","","","","",,,"","","","","","","","",,,"","","","","","","","","",,,"",,"","","","","","","",""
8770371,"10.1016/0301-0511(95)05147-3",1,"Consider","Event-related brain potentials and the processing of cardiac activity","Schandry R, Montoya P.","Biol Psychol. 1996 Jan 5;42(1-2):75-85. doi: 10.1016/0301-0511(95)05147-3.",1996,0,"Manipulation/Focus of attention",0,"26.8+-5.4",0,28,0,"EEG",19,"na","na","200","unknown","standard19","Fp1, Fp2, F7, F3, Fz, F4, F8, T3, C3, Cz, C4, T4, T5, P3, Pz, P4, T6, O1, O2",,"2","Unclassified","unknown","unknown","200","unknown","0.016","15","unknown","unknown","none","Linked mastoids","Linked mastoids","0.01","100",0,,"","","","","subtract/regress ECG from EEG","","Fz, F3, F4, F7, F8, Cz, C3, C4, Pz, P3, P4","na",1,1,"1000","Primary","R-peak","450","550","unknown","unknown","Correlation","Amplitude",0,1,"Correlation",0,"","1","","","","","",""
8770371,"10.1016/0301-0511(95)05147-3",,"","Event-related brain potentials and the processing of cardiac activity","Schandry R, Montoya P.","Biol Psychol. 1996 Jan 5;42(1-2):75-85. doi: 10.1016/0301-0511(95)05147-3.",1996,0,"Manipulation/Focus of attention",0,"26.8+-5.4",0,28,0,"EEG",19,"na","na","200","unknown","standard19","Fp1, Fp2, F7, F3, Fz, F4, F8, T3, C3, Cz, C4, T4, T5, P3, Pz, P4, T6, O1, O2",,"2","Unclassified","unknown","unknown","200","unknown","0.016","15","unknown","unknown","none","Linked mastoids","Linked mastoids","0.01","100",0,,"","","","","subtract/regress ECG from EEG","","Fz, Cz, F7, F8","na",1,2,"400","Primary","R-peak","250","400","unknown","unknown","Group/Condition Differences","Amplitude",0,1,"ANOVA",0,"","1","","","","","",""
8750044,"10.1016/0006-3223(95)00080-1",0,"Not Related to HER","Generalization, duration, and low-frequency electroencephalographic persistence of bilateral electroconvulsive therapy seizure","Swartz CM.","Biol Psychiatry. 1995 Dec 15;38(12):837-42. doi: 10.1016/0006-3223(95)00080-1.",1995,,"",,"",,,,"",,"","","","","","","","","","","","","","","","","","","","","","",,,"","","","","","","","",,,"","","","","","","","","",,,"",,"","","","","","","",""
8737684,"10.1016/s1010-7940(96)80086-8",0,"Not Related to HER","Upper and lower extremity somatosensory evoked potential recording during surgery for aneurysms of the descending thoracic aorta","Shahin GM, Hamerlijnck RP, Schepens MA, Ter Beek HT, Vermeulen FE, Boezeman EH.","Eur J Cardiothorac Surg. 1996;10(5):299-304. doi: 10.1016/s1010-7940(96)80086-8.",1996,,"",,"",,,,"",,"","","","","","","","","","","","","","","","","","","","","","",,,"","","","","","","","",,,"","","","","","","","","",,,"",,"","","","","","","",""
8727549,"10.1152/jappl.1996.80.5.1627",0,"Not Related to HER","Neurocirculatory consequences of abrupt change in sleep state in humans","Morgan BJ, Crabtree DC, Puleo DS, Badr MS, Toiber F, Skatrud JB.","J Appl Physiol (1985). 1996 May;80(5):1627-36. doi: 10.1152/jappl.1996.80.5.1627.",1996,,"",,"",,,,"",,"","","","","","","","","","","","","","","","","","","","","","",,,"","","","","","","","",,,"","","","","","","","","",,,"",,"","","","","","","",""
8712446,"10.1097/00000542-199608000-00012",0,"Not Related to HER","Analgesic efficacy of low-dose ketamine. Somatosensory-evoked responses in relation to subjective pain ratings","Kochs E, Scharein E, Möllenberg O, Bromm B, Schulte am Esch J.","Anesthesiology. 1996 Aug;85(2):304-14. doi: 10.1097/00000542-199608000-00012.",1996,,"",,"",,,,"",,"","","","","","","","","","","","","","","","","","","","","","",,,"","","","","","","","",,,"","","","","","","","","",,,"",,"","","","","","","",""
8688270,"10.1093/bja/76.5.685",0,"Not Related to HER","Haemodynamic responses to incision and sternotomy in relation to the auditory evoked potential and spontaneous EEG","de Beer NA, van Hooff JC, Cluitmans PJ, Korsten HH, Grouls RJ.","Br J Anaesth. 1996 May;76(5):685-93. doi: 10.1093/bja/76.5.685.",1996,,"",,"",,,,"",,"","","","","","","","","","","","","","","","","","","","","","",,,"","","","","","","","",,,"","","","","","","","","",,,"",,"","","","","","","",""
8642806,"",0,"Not Related to HER","Effects of rilmenidine and clonidine on the electroencephalogram, saccadic eye movements, and psychomotor function","Harron DW, Hasson B, Regan M, McClelland RJ, King DJ.","J Cardiovasc Pharmacol. 1995;26 Suppl 2:S48-54.",1995,,"",,"",,,,"",,"","","","","","","","","","","","","","","","","","","","","","",,,"","","","","","","","",,,"","","","","","","","","",,,"",,"","","","","","","",""
8619015,"10.1007/BF02246500",0,"Not Related to HER","Pharmacokinetic and pharmacodynamic responses to caffeine in poor and normal sleepers","Tiffin P, Ashton H, Marsh R, Kamali F.","Psychopharmacology (Berl). 1995 Oct;121(4):494-502. doi: 10.1007/BF02246500.",1995,,"",,"",,,,"",,"","","","","","","","","","","","","","","","","","","","","","",,,"","","","","","","","",,,"","","","","","","","","",,,"",,"","","","","","","",""
8493036,"10.1038/sc.1993.40",0,"Not Related to HER","Preclinical trial of 4-aminopyridine in patients with chronic spinal cord injury","Hayes KC, Blight AR, Potter PJ, Allatt RD, Hsieh JT, Wolfe DL, Lam S, Hamilton JT.","Paraplegia. 1993 Apr;31(4):216-24. doi: 10.1038/sc.1993.40.",1993,,"",,"",,,,"",,"","","","","","","","","","","","","","","","","","","","","","",,,"","","","","","","","",,,"","","","","","","","","",,,"",,"","","","","","","",""
8449176,"10.1016/0920-1211(93)90071-e",0,"Not Related to HER","The effect of progesterone and its metabolite 5 alpha-pregnan-3 alpha-ol-20-one on focal epileptic seizures in the cat's visual cortex in vivo","Taubøll E, Lindström S.","Epilepsy Res. 1993 Jan;14(1):17-30. doi: 10.1016/0920-1211(93)90071-e.",1993,,"",,"",,,,"",,"","","","","","","","","","","","","","","","","","","","","","",,,"","","","","","","","",,,"","","","","","","","","",,,"",,"","","","","","","",""
8448594,"10.1111/j.1476-5381.1993.tb12821.x",0,"Not Related to HER","Effects of capsaicin and 5-HT3 antagonists on 5-hydroxytryptamine-evoked release of calcitonin gene-related peptide in the guinea-pig heart","Tramontana M, Giuliani S, Del Bianco E, Lecci A, Maggi CA, Evangelista S, Geppetti P.","Br J Pharmacol. 1993 Feb;108(2):431-5. doi: 10.1111/j.1476-5381.1993.tb12821.x.",1993,,"",,"",,,,"",,"","","","","","","","","","","","","","","","","","","","","","",,,"","","","","","","","",,,"","","","","","","","","",,,"",,"","","","","","","",""
8442962,"10.1016/0952-8180(93)90082-p",0,"Not Related to HER","Modification of tonic-clonic convulsions by atracurium in multiple-monitored electroconvulsive therapy","Lui PW, Ma JY, Chan KK.","J Clin Anesth. 1993 Jan-Feb;5(1):16-21. doi: 10.1016/0952-8180(93)90082-p.",1993,,"",,"",,,,"",,"","","","","","","","","","","","","","","","","","","","","","",,,"","","","","","","","",,,"","","","","","","","","",,,"",,"","","","","","","",""
8257658,"10.1017/s0952523800010117",0,"Not Related to HER","Temporal frequency responsivity shows multiple maturational phases: state-dependent visual evoked potential luminance flicker fusion from birth to 9 months","Apkarian P.","Vis Neurosci. 1993 Nov-Dec;10(6):1007-18. doi: 10.1017/s0952523800010117.",1993,,"",,"",,,,"",,"","","","","","","","","","","","","","","","","","","","","","",,,"","","","","","","","",,,"","","","","","","","","",,,"",,"","","","","","","",""
8192853,"10.1037//0735-7044.108.1.81",0,"Not Related to HER","Effects of electrical stimulation of the amygdaloid central nucleus on neocortical arousal in the rabbit","Kapp BS, Supple WF Jr, Whalen PJ.","Behav Neurosci. 1994 Feb;108(1):81-93. doi: 10.1037//0735-7044.108.1.81.",1994,,"",,"",,,,"",,"","","","","","","","","","","","","","","","","","","","","","",,,"","","","","","","","",,,"","","","","","","","","",,,"",,"","","","","","","",""
8159438,"10.1016/0304-3959(94)90146-5",0,"Not Related to HER","Morphine insensitive allodynia is produced by intrathecal strychnine in the lightly anesthetized rat","Sherman SE, Loomis CW.","Pain. 1994 Jan;56(1):17-29. doi: 10.1016/0304-3959(94)90146-5.",1994,,"",,"",,,,"",,"","","","","","","","","","","","","","","","","","","","","","",,,"","","","","","","","",,,"","","","","","","","","",,,"",,"","","","","","","",""
8119481,"10.1002/dev.420260602",0,"Not Related to HER","Vocal perception: brain event-related potentials in a chimpanzee","Berntson GG, Boysen ST, Torello MW.","Dev Psychobiol. 1993 Sep;26(6):305-19. doi: 10.1002/dev.420260602.",1993,,"",,"",,,,"",,"","","","","","","","","","","","","","","","","","","","","","",,,"","","","","","","","",,,"","","","","","","","","",,,"",,"","","","","","","",""
7948468,"10.1016/0301-0511(94)90005-1",0,"Not Related to HER","P300 is unaffected by glucose increase","Geisler MW, Polich J.","Biol Psychol. 1994 Jul;37(3):235-45. doi: 10.1016/0301-0511(94)90005-1.",1994,,"",,"",,,,"",,"","","","","","","","","","","","","","","","","","","","","","",,,"","","","","","","","",,,"","","","","","","","","",,,"",,"","","","","","","",""
7917731,"10.1093/bja/73.2.174",0,"Not Related to HER","Auditory steady-state response, upper facial EMG, EEG and heart rate as predictors of movement during isoflurane-nitrous oxide anaesthesia","Yli-Hankala A, Edmonds HL Jr, Heine MF, Strickland T Jr, Tsueda K.","Br J Anaesth. 1994 Aug;73(2):174-9. doi: 10.1093/bja/73.2.174.",1994,,"",,"",,,,"",,"","","","","","","","","","","","","","","","","","","","","","",,,"","","","","","","","",,,"","","","","","","","","",,,"",,"","","","","","","",""
7873702,"10.1016/0301-0511(94)90038-8",0,"Not Related to HER","Patterns of cortical electrophysiology and autonomic activity in adults' shyness and sociability","Schmidt LA, Fox NA.","Biol Psychol. 1994 Oct;38(2-3):183-98. doi: 10.1016/0301-0511(94)90038-8.",1994,,"",,"",,,,"",,"","","","","","","","","","","","","","","","","","","","","","",,,"","","","","","","","",,,"","","","","","","","","",,,"",,"","","","","","","",""
7870961,"10.1007/BF02245534",0,"Not Related to HER","Chlormethiazole attenuates the derangement of sensory evoked potential (SEP) induced by ICV administration of NMDA","Thoren P, Sjölander M.","Psychopharmacology (Berl). 1993;111(2):256-8. doi: 10.1007/BF02245534.",1993,,"",,"",,,,"",,"","","","","","","","","","","","","","","","","","","","","","",,,"","","","","","","","",,,"","","","","","","","","",,,"",,"","","","","","","",""
7793190,"10.1111/j.1399-6576.1995.tb04046.x",0,"Not Related to HER","Eye symptoms, visual evoked potentials and EEG during intravenous infusion of glycine","Hahn RG, Andersson T, Sikk M.","Acta Anaesthesiol Scand. 1995 Feb;39(2):214-9. doi: 10.1111/j.1399-6576.1995.tb04046.x.",1995,,"",,"",,,,"",,"","","","","","","","","","","","","","","","","","","","","","",,,"","","","","","","","",,,"","","","","","","","","",,,"",,"","","","","","","",""
7790290,"10.1016/0167-8760(94)00084-r",0,"Not Related to HER","Baroreceptor cortical effects, emotions and pain","Mini A, Rau H, Montoya P, Palomba D, Birbaumer N.","Int J Psychophysiol. 1995 Feb;19(1):67-77. doi: 10.1016/0167-8760(94)00084-r.",1995,,"",,"",,,,"",,"","","","","","","","","","","","","","","","","","","","","","",,,"","","","","","","","",,,"","","","","","","","","",,,"",,"","","","","","","",""
7744546,"10.3109/00207459408986072",0,"Not Related to HER","Stimulus preceding slow potential shifts (SPS), EEG and visual evoked potentials (VEP) in rabbits","Wicher C, Richter F, Haschke W.","Int J Neurosci. 1994 Nov;79(1-2):111-20. doi: 10.3109/00207459408986072.",1994,,"",,"",,,,"",,"","","","","","","","","","","","","","","","","","","","","","",,,"","","","","","","","",,,"","","","","","","","","",,,"",,"","","","","","","",""
7696140,"10.1007/BF02691363",0,"Not Related to HER","E-wave and heart rate responses during anticipation of nonmotor events","Aro M, Liimatainen M, Lyytinen H.","Integr Physiol Behav Sci. 1994 Oct-Dec;29(4):431-46. doi: 10.1007/BF02691363.",1994,,"",,"",,,,"",,"","","","","","","","","","","","","","","","","","","","","","",,,"","","","","","","","",,,"","","","","","","","","",,,"",,"","","","","","","",""
7684965,"10.1016/0168-5597(93)90001-6",1,"Consider","Heartbeat evoked potentials (HEP): topography and influence of cardiac awareness and focus of attention","Montoya P, Schandry R, Müller A.","Electroencephalogr Clin Neurophysiol. 1993 May-Jun;88(3):163-72. doi: 10.1016/0168-5597(93)90001-6.",1993,0,"Perception/Interoception/Cardiac, Perception/Exteroception/Auditory, Manipulation/Focus of attention",0,"26.8+-5.4",1,27,0,"EEG",19,"na","na","200","unknown","standard19","Fp1, Fp2, F7, F3, Fz, F4, F8, T3, C3, Cz, C4, T4, T5, P3, Pz, P4, T6, O1, O2",,"2","Lead II","Left abdomen, Right clavicle","Forehead","200","unknown","0.016","15","unknown","unknown","none","Linked mastoids","Linked mastoids","0.016","15",0,,"","","","","subtract/regress ECG from EEG","Noisy epochs","Fz, F3, F4, F7, F8, Fp1, Fp2","na",2,2,"1000","Primary","R-peak","350","450","-75","0","Group/Condition Differences","Amplitude",1,1,"ANOVA",0,"","0","","","","","ECG",""
7684965,"10.1016/0168-5597(93)90001-6",,"","Heartbeat evoked potentials (HEP): topography and influence of cardiac awareness and focus of attention","Montoya P, Schandry R, Müller A.","Electroencephalogr Clin Neurophysiol. 1993 May-Jun;88(3):163-72. doi: 10.1016/0168-5597(93)90001-6.",1993,0,"Perception/Interoception/Cardiac, Perception/Exteroception/Auditory, Manipulation/Focus of attention",0,"26.8+-5.4",1,27,0,"EEG",19,"na","na","200","unknown","standard19","Fp1, Fp2, F7, F3, Fz, F4, F8, T3, C3, Cz, C4, T4, T5, P3, Pz, P4, T6, O1, O2",,"2","Lead II","Left abdomen, Right clavicle","Forehead","200","unknown","0.016","15","unknown","unknown","none","Linked mastoids","Linked mastoids","0.016","15",0,,"","","","","subtract/regress ECG from EEG","Noisy epochs","Cz, C3, C4, T3, T4, Pz","na",2,2,"1000","Primary","R-peak","350","450","-75","0","Group/Condition Differences","Amplitude",1,1,"ANOVA",0,"","0","","","","","ECG",""
7684965,"10.1016/0168-5597(93)90001-6",,"","Heartbeat evoked potentials (HEP): topography and influence of cardiac awareness and focus of attention","Montoya P, Schandry R, Müller A.","Electroencephalogr Clin Neurophysiol. 1993 May-Jun;88(3):163-72. doi: 10.1016/0168-5597(93)90001-6.",1993,0,"Perception/Interoception/Cardiac, Perception/Exteroception/Auditory, Manipulation/Focus of attention",0,"26.8+-5.4",1,27,0,"EEG",19,"na","na","200","unknown","standard19","Fp1, Fp2, F7, F3, Fz, F4, F8, T3, C3, Cz, C4, T4, T5, P3, Pz, P4, T6, O1, O2",,"2","Lead II","Left abdomen, Right clavicle","Forehead","200","unknown","0.016","15","unknown","unknown","none","Linked mastoids","Linked mastoids","0.016","15",0,,"","","","","subtract/regress ECG from EEG","Noisy epochs","Pz, P3, P4, T5, T6, O1, O2","na",2,2,"1000","Primary","R-peak","350","450","-75","0","Group/Condition Differences","Amplitude",1,1,"ANOVA",0,"","0","","","","","ECG",""
7684965,"10.1016/0168-5597(93)90001-6",,"","Heartbeat evoked potentials (HEP): topography and influence of cardiac awareness and focus of attention","Montoya P, Schandry R, Müller A.","Electroencephalogr Clin Neurophysiol. 1993 May-Jun;88(3):163-72. doi: 10.1016/0168-5597(93)90001-6.",1993,0,"Perception/Interoception/Cardiac, Perception/Exteroception/Auditory, Manipulation/Focus of attention",0,"26.8+-5.4",1,27,0,"EEG",19,"na","na","200","unknown","standard19","Fp1, Fp2, F7, F3, Fz, F4, F8, T3, C3, Cz, C4, T4, T5, P3, Pz, P4, T6, O1, O2",,"2","Lead II","Left abdomen, Right clavicle","Forehead","200","unknown","0.016","15","unknown","unknown","none","Linked mastoids","Linked mastoids","0.016","15",0,,"","","","","subtract/regress ECG from EEG","Noisy epochs","Fz, F3, F4, F7, F8, Fp1, Fp2, Cz, C3, C4, T3, T4, Pz, P3, P4, T5, T6, O1, O2","na",2,2,"1000","Primary","R-peak","350","450","-75","0","Group/Condition Differences","Amplitude",1,1,"ANOVA",0,"","0","","","","","ECG",""
7684965,"10.1016/0168-5597(93)90001-6",,"","Heartbeat evoked potentials (HEP): topography and influence of cardiac awareness and focus of attention","Montoya P, Schandry R, Müller A.","Electroencephalogr Clin Neurophysiol. 1993 May-Jun;88(3):163-72. doi: 10.1016/0168-5597(93)90001-6.",1993,0,"Perception/Interoception/Cardiac, Perception/Exteroception/Auditory, Manipulation/Focus of attention",0,"26.8+-5.4",1,27,0,"EEG",19,"na","na","200","unknown","standard19","Fp1, Fp2, F7, F3, Fz, F4, F8, T3, C3, Cz, C4, T4, T5, P3, Pz, P4, T6, O1, O2",,"2","Lead II","Left abdomen, Right clavicle","Forehead","200","unknown","0.016","15","unknown","unknown","none","Linked mastoids","Linked mastoids","0.016","15",0,,"","","","","subtract/regress ECG from EEG","Noisy epochs","Fz, F3, F4, F7, F8, Fp1, Fp2","na",2,2,"1000","Primary","R-peak","450","550","-75","0","Group/Condition Differences","Amplitude",1,1,"ANOVA",0,"","0","","","","","ECG",""
7684965,"10.1016/0168-5597(93)90001-6",,"","Heartbeat evoked potentials (HEP): topography and influence of cardiac awareness and focus of attention","Montoya P, Schandry R, Müller A.","Electroencephalogr Clin Neurophysiol. 1993 May-Jun;88(3):163-72. doi: 10.1016/0168-5597(93)90001-6.",1993,0,"Perception/Interoception/Cardiac, Perception/Exteroception/Auditory, Manipulation/Focus of attention",0,"26.8+-5.4",1,27,0,"EEG",19,"na","na","200","unknown","standard19","Fp1, Fp2, F7, F3, Fz, F4, F8, T3, C3, Cz, C4, T4, T5, P3, Pz, P4, T6, O1, O2",,"2","Lead II","Left abdomen, Right clavicle","Forehead","200","unknown","0.016","15","unknown","unknown","none","Linked mastoids","Linked mastoids","0.016","15",0,,"","","","","subtract/regress ECG from EEG","Noisy epochs","Cz, C3, C4, T3, T4, Pz","na",2,2,"1000","Primary","R-peak","450","550","-75","0","Group/Condition Differences","Amplitude",1,1,"ANOVA",0,"","0","","","","","ECG",""
7684965,"10.1016/0168-5597(93)90001-6",,"","Heartbeat evoked potentials (HEP): topography and influence of cardiac awareness and focus of attention","Montoya P, Schandry R, Müller A.","Electroencephalogr Clin Neurophysiol. 1993 May-Jun;88(3):163-72. doi: 10.1016/0168-5597(93)90001-6.",1993,0,"Perception/Interoception/Cardiac, Perception/Exteroception/Auditory, Manipulation/Focus of attention",0,"26.8+-5.4",1,27,0,"EEG",19,"na","na","200","unknown","standard19","Fp1, Fp2, F7, F3, Fz, F4, F8, T3, C3, Cz, C4, T4, T5, P3, Pz, P4, T6, O1, O2",,"2","Lead II","Left abdomen, Right clavicle","Forehead","200","unknown","0.016","15","unknown","unknown","none","Linked mastoids","Linked mastoids","0.016","15",0,,"","","","","subtract/regress ECG from EEG","Noisy epochs","Pz, P3, P4, T5, T6, O1, O2","na",2,2,"1000","Primary","R-peak","450","550","-75","0","Group/Condition Differences","Amplitude",1,1,"ANOVA",0,"","0","","","","","ECG",""
7684965,"10.1016/0168-5597(93)90001-6",,"","Heartbeat evoked potentials (HEP): topography and influence of cardiac awareness and focus of attention","Montoya P, Schandry R, Müller A.","Electroencephalogr Clin Neurophysiol. 1993 May-Jun;88(3):163-72. doi: 10.1016/0168-5597(93)90001-6.",1993,0,"Perception/Interoception/Cardiac, Perception/Exteroception/Auditory, Manipulation/Focus of attention",0,"26.8+-5.4",1,27,0,"EEG",19,"na","na","200","unknown","standard19","Fp1, Fp2, F7, F3, Fz, F4, F8, T3, C3, Cz, C4, T4, T5, P3, Pz, P4, T6, O1, O2",,"2","Lead II","Left abdomen, Right clavicle","Forehead","200","unknown","0.016","15","unknown","unknown","none","Linked mastoids","Linked mastoids","0.016","15",0,,"","","","","subtract/regress ECG from EEG","Noisy epochs","Fz, F3, F4, F7, F8, Fp1, Fp2, Cz, C3, C4, T3, T4, Pz, P3, P4, T5, T6, O1, O2","na",2,2,"1000","Primary","R-peak","450","550","-75","0","Group/Condition Differences","Amplitude",1,1,"ANOVA",0,"","0","","","","","ECG",""
7654986,"",0,"Not Related to HER","Hippocampal and cerebral cortical sequencing of cardiac activity--theta rhythm (4-10Hz)","Turbes CC.","Biomed Sci Instrum. 1995;31:7-11.",1995,,"",,"",,,,"",,"","","","","","","","","","","","","","","","","","","","","","",,,"","","","","","","","",,,"","","","","","","","","",,,"",,"","","","","","","",""
7649933,"10.1152/jappl.1995.78.5.1942",0,"Not Related to HER","Mechanisms of airway protection after pharyngeal fluid infusion in healthy sleeping piglets","Page M, Jeffery HE, Marks V, Post EJ, Wood AK.","J Appl Physiol (1985). 1995 May;78(5):1942-9. doi: 10.1152/jappl.1995.78.5.1942.",1995,,"",,"",,,,"",,"","","","","","","","","","","","","","","","","","","","","","",,,"","","","","","","","",,,"","","","","","","","","",,,"",,"","","","","","","",""
7640124,"10.1093/bja/74.6.681",0,"Not Related to HER","Visually evoked bursts during isoflurane anaesthesia","Hartikainen K, Rorarius M, Mäkelä K, Peräkylä J, Varila E, Jäntti V.","Br J Anaesth. 1995 Jun;74(6):681-5. doi: 10.1093/bja/74.6.681.",1995,,"",,"",,,,"",,"","","","","","","","","","","","","","","","","","","","","","",,,"","","","","","","","",,,"","","","","","","","","",,,"",,"","","","","","","",""
7533720,"10.1016/0924-980x(94)00247-5",0,"Not Related to HER","Effect of hemisphere-selective repetitive magnetic brain stimulation on middle cerebral artery blood flow velocity","Sander D, Meyer BU, Röricht S, Klingelhöfer J.","Electroencephalogr Clin Neurophysiol. 1995 Feb;97(1):43-8. doi: 10.1016/0924-980x(94)00247-5.",1995,,"",,"",,,,"",,"","","","","","","","","","","","","","","","","","","","","","",,,"","","","","","","","",,,"","","","","","","","","",,,"",,"","","","","","","",""
7488482,"10.1093/bja/75.4.428",0,"Not Related to HER","The auditory evoked potential and paediatric anaesthesia","O'Kelly SW, Smith DC, Pilkington SN.","Br J Anaesth. 1995 Oct;75(4):428-30. doi: 10.1093/bja/75.4.428.",1995,,"",,"",,,,"",,"","","","","","","","","","","","","","","","","","","","","","",,,"","","","","","","","",,,"","","","","","","","","",,,"",,"","","","","","","",""
7409042,"10.1016/0014-4886(80)90207-1",0,"Not Related to HER","Resistance to tonic-clonic seizures after amygdaloid kindling in cats","Stock G, Klimpel L, Sturm V, Schlör KH.","Exp Neurol. 1980 Aug;69(2):239-46. doi: 10.1016/0014-4886(80)90207-1.",1980,,"",,"",,,,"",,"","","","","","","","","","","","","","","","","","","","","","",,,"","","","","","","","",,,"","","","","","","","","",,,"",,"","","","","","","",""
7398184,"10.1038/clpt.1980.146",0,"Not Related to HER","Sedative and cardiovascular effects of clonidine and nitrazepam","Hossmann V, Maling TJ, Hamilton CA, Reid JL, Dollery CT.","Clin Pharmacol Ther. 1980 Aug;28(2):167-76. doi: 10.1038/clpt.1980.146.",1980,,"",,"",,,,"",,"","","","","","","","","","","","","","","","","","","","","","",,,"","","","","","","","",,,"","","","","","","","","",,,"",,"","","","","","","",""
7342986,"10.1016/0301-0511(81)90032-6",0,"Not Related to HER","EEG and cardiac correlates of neuroticism: a psychophysiological comparison of neurotics and normal controls in relation to personality","Plooij-van Gorsel E.","Biol Psychol. 1981 Dec;13:141-56. doi: 10.1016/0301-0511(81)90032-6.",1981,,"",,"",,,,"",,"","","","","","","","","","","","","","","","","","","","","","",,,"","","","","","","","",,,"","","","","","","","","",,,"",,"","","","","","","",""
7329419,"10.1159/000402411",0,"Not Related to HER","Electroconvulsive shock results in a functional activation of endorphin systems","Holaday JW, Tortella FC, Belenky GL.","Mod Probl Pharmacopsychiatry. 1981;17:142-57. doi: 10.1159/000402411.",1981,,"",,"",,,,"",,"","","","","","","","","","","","","","","","","","","","","","",,,"","","","","","","","",,,"","","","","","","","","",,,"",,"","","","","","","",""
7273668,"10.3109/15563658108990282",0,"Not Related to HER","Ethanol-induced spontaneous and evoked EEG, heart rate, and respiration rate changes in man","Zilm DH.","Clin Toxicol. 1981 May;18(5):549-63. doi: 10.3109/15563658108990282.",1981,,"",,"",,,,"",,"","","","","","","","","","","","","","","","","","","","","","",,,"","","","","","","","",,,"","","","","","","","","",,,"",,"","","","","","","",""
7233213,"10.1126/science.7233213",0,"Not Related to HER","Electroencephalographic tolerance and abstinence phenomena during repeated alcohol ingestion by nonalcoholics","Zilm DH, Kaplan HL, Capell H.","Science. 1981 Jun 5;212(4499):1175-7. doi: 10.1126/science.7233213.",1981,,"",,"",,,,"",,"","","","","","","","","","","","","","","","","","","","","","",,,"","","","","","","","",,,"","","","","","","","","",,,"",,"","","","","","","",""
7228045,"10.1177/001872088102300111",0,"Not Related to HER","Evoked potential amplitude as a measure of attention in working environments: a comparative study of telephone switchboard design","Wastell DG, Brown ID, Copeman AK.","Hum Factors. 1981 Feb;23(1):117-21. doi: 10.1177/001872088102300111.",1981,,"",,"",,,,"",,"","","","","","","","","","","","","","","","","","","","","","",,,"","","","","","","","",,,"","","","","","","","","",,,"",,"","","","","","","",""
7207807,"10.1007/BF01187008",0,"Not Related to HER","Changes in the cortical slow potential and unit activity during conditioning in rabbits","Mnukhina RS.","Neurosci Behav Physiol. 1980 Sep-Oct;10(5):445-51. doi: 10.1007/BF01187008.",1980,,"",,"",,,,"",,"","","","","","","","","","","","","","","","","","","","","","",,,"","","","","","","","",,,"","","","","","","","","",,,"",,"","","","","","","",""
7188376,"",0,"Not Related to HER","Evaluation of zopiclone physical dependence liability in normal volunteers","Dorian P, Sellers EM, Kaplan H, Hamilton C.","Int Pharmacopsychiatry. 1982;17 Suppl 2:228-34.",1982,,"",,"",,,,"",,"","","","","","","","","","","","","","","","","","","","","","",,,"","","","","","","","",,,"","","","","","","","","",,,"",,"","","","","","","",""
7178183,"10.1016/0091-3057(82)90355-0",0,"Not Related to HER","Interaction between nicotine and endogenous opioid mechanisms in the unanesthetized dog","Kamerling SG, Wettstein JG, Sloan JW, Su TP, Martin WR.","Pharmacol Biochem Behav. 1982 Oct;17(4):733-40. doi: 10.1016/0091-3057(82)90355-0.",1982,,"",,"",,,,"",,"","","","","","","","","","","","","","","","","","","","","","",,,"","","","","","","","",,,"","","","","","","","","",,,"",,"","","","","","","",""
7170675,"",0,"Not Related to HER","Effects of naloxone on ethanol and acetaldehyde-induced electroencephalographic changes in rabbits","Manzo L, Tartara A, Bo P, Maurelli M, Mazzella G, Savoldi F.","Subst Alcohol Actions Misuse. 1982;3(3):153-61.",1982,,"",,"",,,,"",,"","","","","","","","","","","","","","","","","","","","","","",,,"","","","","","","","",,,"","","","","","","","","",,,"",,"","","","","","","",""
7168344,"",0,"Not Related to HER","New theory of the development of myocardial infarction","Szentiványi M, Vértesi C, Paál A, Pénzes M, Leszkovszky GP, Balázs B, Kiss C.","Acta Physiol Acad Sci Hung. 1982;59(3):235-54.",1982,,"",,"",,,,"",,"","","","","","","","","","","","","","","","","","","","","","",,,"","","","","","","","",,,"","","","","","","","","",,,"",,"","","","","","","",""
7159206,"10.1007/BF02141781",0,"Not Related to HER","Slow brain potentials after withdrawal of control","Elbert T, Rockstroh B, Lutzenberger W, Birbaumer N.","Arch Psychiatr Nervenkr (1970). 1982;232(3):201-14. doi: 10.1007/BF02141781.",1982,,"",,"",,,,"",,"","","","","","","","","","","","","","","","","","","","","","",,,"","","","","","","","",,,"","","","","","","","","",,,"",,"","","","","","","",""
7142486,"10.1037/h0077929",0,"Not Related to HER","Lateral septal lesions enhance conditioned bradycardia in the rabbit","Powell DA, Milligan WL, Mull P.","J Comp Physiol Psychol. 1982 Oct;96(5):742-54. doi: 10.1037/h0077929.",1982,,"",,"",,,,"",,"","","","","","","","","","","","","","","","","","","","","","",,,"","","","","","","","",,,"","","","","","","","","",,,"",,"","","","","","","",""
7126726,"10.1016/0301-0511(82)90010-2",0,"Not Related to HER","Anticipatory pleasure deficit in subjects reporting physical anhedonia: slow cortical evidence","Simons RF, MacMillan FW 3rd, Ireland FB.","Biol Psychol. 1982 May-Jun;14(3-4):298-310. doi: 10.1016/0301-0511(82)90010-2.",1982,,"",,"",,,,"",,"","","","","","","","","","","","","","","","","","","","","","",,,"","","","","","","","",,,"","","","","","","","","",,,"",,"","","","","","","",""
7079380,"10.1016/0031-9384(82)90047-6",0,"Not Related to HER","Changes in hippocampal rhythmic slow activity during instrumental cardiovascular conditioning in the monkey (Macaca mulatta)","Joseph JA, Quilter RE, Engel BT.","Physiol Behav. 1982 Apr;28(4):653-9. doi: 10.1016/0031-9384(82)90047-6.",1982,,"",,"",,,,"",,"","","","","","","","","","","","","","","","","","","","","","",,,"","","","","","","","",,,"","","","","","","","","",,,"",,"","","","","","","",""
7078664,"10.1007/BF00501169",0,"Not Related to HER","Nicotine receptors do not modulate the 3H-noradrenaline release from the isolated rat heart evoked by sympathetic nerve stimulation","Fuder H, Siebenborn R, Muscholl E.","Naunyn Schmiedebergs Arch Pharmacol. 1982 Mar;318(4):301-7. doi: 10.1007/BF00501169.",1982,,"",,"",,,,"",,"","","","","","","","","","","","","","","","","","","","","","",,,"","","","","","","","",,,"","","","","","","","","",,,"",,"","","","","","","",""
6867228,"10.1111/j.1469-8986.1983.tb02167.x",0,"Not Related to HER","Influence of total sleep deprivation on event-related potentials in man","Gauthier P, Gottesmann C.","Psychophysiology. 1983 May;20(3):351-5. doi: 10.1111/j.1469-8986.1983.tb02167.x.",1983,,"",,"",,,,"",,"","","","","","","","","","","","","","","","","","","","","","",,,"","","","","","","","",,,"","","","","","","","","",,,"",,"","","","","","","",""
6839789,"10.1097/00003246-198305000-00010",0,"Not Related to HER","Protective effects of beta blockade on pulmonary function when intracranial pressure is elevated","Colgan FJ, Sawa T, Teneyck LG, Izzo JL Jr.","Crit Care Med. 1983 May;11(5):368-72. doi: 10.1097/00003246-198305000-00010.",1983,,"",,"",,,,"",,"","","","","","","","","","","","","","","","","","","","","","",,,"","","","","","","","",,,"","","","","","","","","",,,"",,"","","","","","","",""
6815696,"10.1007/BF00470586",0,"Not Related to HER","Pharmaco-EEG study of 6-azamianserin (ORG 3770): dissociation of EEG and pharmacologic predictors of antidepressant activity","Fink M, Irwin P.","Psychopharmacology (Berl). 1982;78(1):44-8. doi: 10.1007/BF00470586.",1982,,"",,"",,,,"",,"","","","","","","","","","","","","","","","","","","","","","",,,"","","","","","","","",,,"","","","","","","","","",,,"",,"","","","","","","",""
6770408,"10.1007/BF00431270",0,"Not Related to HER","Combined effects of alcohol and sleep deprivation in normal young adults","Peeke SC, Callaway E, Jones RT, Stone GC, Doyle J.","Psychopharmacology (Berl). 1980;67(3):279-87. doi: 10.1007/BF00431270.",1980,,"",,"",,,,"",,"","","","","","","","","","","","","","","","","","","","","","",,,"","","","","","","","",,,"","","","","","","","","",,,"",,"","","","","","","",""
6748322,"",0,"Not Related to HER","Detection of electrophysiological responses in rabbits affected by short-term exposure to static magnetic field","Nakagawa M.","Nihon Eiseigaku Zasshi. 1984 Feb;38(6):899-908.",1984,,"",,"",,,,"",,"","","","","","","","","","","","","","","","","","","","","","",,,"","","","","","","","",,,"","","","","","","","","",,,"",,"","","","","","","",""
6738784,"10.1016/0197-4580(84)90083-6",0,"Not Related to HER","Aerobic exercise training and improved neuropsychological function of older individuals","Dustman RE, Ruhling RO, Russell EM, Shearer DE, Bonekat HW, Shigeoka JW, Wood JS, Bradford DC.","Neurobiol Aging. 1984 Spring;5(1):35-42. doi: 10.1016/0197-4580(84)90083-6.",1984,,"",,"",,,,"",,"","","","","","","","","","","","","","","","","","","","","","",,,"","","","","","","","",,,"","","","","","","","","",,,"",,"","","","","","","",""
6669632,"10.1159/000137931",0,"Not Related to HER","Evaluation of zopiclone physical dependence liability in normal volunteers","Dorian P, Sellers EM, Kaplan H, Hamilton C.","Pharmacology. 1983;27 Suppl 2:228-34. doi: 10.1159/000137931.",1983,,"",,"",,,,"",,"","","","","","","","","","","","","","","","","","","","","","",,,"","","","","","","","",,,"","","","","","","","","",,,"",,"","","","","","","",""
6667103,"10.1007/BF00342787",0,"Not Related to HER","Evaluation of contingencies and conditional probabilities. A psychophysiological approach to anhedonia","Lutzenberger W, Birbaumer N, Rockstroh B, Elbert T.","Arch Psychiatr Nervenkr (1970). 1983;233(6):471-88. doi: 10.1007/BF00342787.",1983,,"",,"",,,,"",,"","","","","","","","","","","","","","","","","","","","","","",,,"","","","","","","","",,,"","","","","","","","","",,,"",,"","","","","","","",""
6640016,"10.1016/0301-0511(83)90019-4",0,"Not Related to HER","The component structure of event-related slow potentials: task, ISI, and warning stimulus effects on the 'E' wave","Simons RF, Hoffman JE, MacMillan FW 3rd.","Biol Psychol. 1983 Sep-Nov;17(2-3):193-219. doi: 10.1016/0301-0511(83)90019-4.",1983,,"",,"",,,,"",,"","","","","","","","","","","","","","","","","","","","","","",,,"","","","","","","","",,,"","","","","","","","","",,,"",,"","","","","","","",""
6542082,"10.1016/0167-8760(84)90024-2",0,"Not Related to HER","Effects of reward and methylphenidate on heart rate response morphology of augmenting and reducing children","Ackerman PT, Holcomb PJ, Dykman RA.","Int J Psychophysiol. 1984 Jun;1(4):301-16. doi: 10.1016/0167-8760(84)90024-2.",1984,,"",,"",,,,"",,"","","","","","","","","","","","","","","","","","","","","","",,,"","","","","","","","",,,"","","","","","","","","",,,"",,"","","","","","","",""
6542078,"10.1016/0167-8760(84)90037-0",0,"Not Related to HER","Cardiovascular and electrodermal responses to simple stimuli in autistic, retarded and normal children","James AL, Barry RJ.","Int J Psychophysiol. 1984 Feb;1(2):179-93. doi: 10.1016/0167-8760(84)90037-0.",1984,,"",,"",,,,"",,"","","","","","","","","","","","","","","","","","","","","","",,,"","","","","","","","",,,"","","","","","","","","",,,"",,"","","","","","","",""
6393696,"",0,"Not Related to HER","Electrophysiological responses in high and low aggressive young adolescent boys","Dwivedi KN, Beaumont G, Brandon S.","Acta Paedopsychiatr. 1984 Oct;50(4):179-90.",1984,,"",,"",,,,"",,"","","","","","","","","","","","","","","","","","","","","","",,,"","","","","","","","",,,"","","","","","","","","",,,"",,"","","","","","","",""
6377350,"10.1097/00006842-198405000-00008",0,"Not Related to HER","Electrophysiologic characteristics of respiratory suspension periods occurring during the practice of the Transcendental Meditation Program","Badawi K, Wallace RK, Orme-Johnson D, Rouzere AM.","Psychosom Med. 1984 May-Jun;46(3):267-76. doi: 10.1097/00006842-198405000-00008.",1984,,"",,"",,,,"",,"","","","","","","","","","","","","","","","","","","","","","",,,"","","","","","","","",,,"","","","","","","","","",,,"",,"","","","","","","",""
6301311,"",0,"Not Related to HER","Bremazocine: an opiate that induces sedation and analgesia without respiratory depression","Freye E, Hartung E, Schenk GK.","Anesth Analg. 1983 May;62(5):483-8.",1983,,"",,"",,,,"",,"","","","","","","","","","","","","","","","","","","","","","",,,"","","","","","","","",,,"","","","","","","","","",,,"",,"","","","","","","",""
6275437,"10.1016/0306-4530(81)90015-9",0,"Not Related to HER","Effect of an ACTH 4-9 analog on human cortical evoked potentials in a constant foreperiod reaction time paradigm","Rockstroh B, Elbert T, Lutzenberger W, Birbaumer N, Fehm HL, Voigt KH.","Psychoneuroendocrinology. 1981 Dec;6(4):301-10. doi: 10.1016/0306-4530(81)90015-9.",1981,,"",,"",,,,"",,"","","","","","","","","","","","","","","","","","","","","","",,,"","","","","","","","",,,"","","","","","","","","",,,"",,"","","","","","","",""
6266849,"10.1016/0014-2999(81)90293-4",0,"Not Related to HER","Lack of modulation by presynaptic alpha 2-adrenoceptors of adrenergic transmitters release evoked by activation of 5-hydroxytryptamine and nicotine receptors","Carr SR, Fozard JR.","Eur J Pharmacol. 1981 Jun 10;72(1):27-34. doi: 10.1016/0014-2999(81)90293-4.",1981,,"",,"",,,,"",,"","","","","","","","","","","","","","","","","","","","","","",,,"","","","","","","","",,,"","","","","","","","","",,,"",,"","","","","","","",""
6145286,"10.3109/00016348409157128",0,"Not Related to HER","Maternal beta-adrenoceptor blockade reduces fetal tolerance to asphyxia. A study in pregnant sheep","Kjellmer I, Dagbjartsson A, Hrbek A, Karlsson K, Rosén KG.","Acta Obstet Gynecol Scand Suppl. 1984;118:75-80. doi: 10.3109/00016348409157128.",1984,,"",,"",,,,"",,"","","","","","","","","","","","","","","","","","","","","","",,,"","","","","","","","",,,"","","","","","","","","",,,"",,"","","","","","","",""
6144515,"",0,"Not Related to HER","The psychophysiology of anxiety","Lader M.","Encephale. 1983;9(4 Suppl 2):205B-210B.",1983,,"",,"",,,,"",,"","","","","","","","","","","","","","","","","","","","","","",,,"","","","","","","","",,,"","","","","","","","","",,,"",,"","","","","","","",""
6136936,"10.1159/000117938",0,"Not Related to HER","Pharmaco-EEG and Psychometric study of the effect of single doses of temazepam and nitrazepam","Matejcek M, Neff G, Abt K, Wehrli W.","Neuropsychobiology. 1983;9(1):52-65. doi: 10.1159/000117938.",1983,,"",,"",,,,"",,"","","","","","","","","","","","","","","","","","","","","","",,,"","","","","","","","",,,"","","","","","","","","",,,"",,"","","","","","","",""
6119722,"10.1016/0306-4530(81)90016-0",0,"Not Related to HER","Effect of an ACTH 4-9 analog on human cortical evoked potentials in a two-stimulus reaction time paradigm","Fehm-Wolfsdorf G, Elbert T, Lutzenberger W, Rockstroh B, Birbaumer N, Fehm HL.","Psychoneuroendocrinology. 1981 Dec;6(4):311-20. doi: 10.1016/0306-4530(81)90016-0.",1981,,"",,"",,,,"",,"","","","","","","","","","","","","","","","","","","","","","",,,"","","","","","","","",,,"","","","","","","","","",,,"",,"","","","","","","",""
6095322,"10.1016/s0091-3057(84)80032-5",0,"Not Related to HER","Dishabituating effects of an ACTH 4-9 analog in a vigilance task","Born J, Fehm-Wolfsdorf G, Schiebe M, Rockstroh B, Fehm HL, Voigt KH.","Pharmacol Biochem Behav. 1984 Oct;21(4):513-9. doi: 10.1016/s0091-3057(84)80032-5.",1984,,"",,"",,,,"",,"","","","","","","","","","","","","","","","","","","","","","",,,"","","","","","","","",,,"","","","","","","","","",,,"",,"","","","","","","",""
6031995,"",0,"Not Related to HER","Evoked brain response as a measure of human sleep and wakefulness","Tepas DI.","Aerosp Med. 1967 Feb;38(2):148-53.",1967,,"",,"",,,,"",,"","","","","","","","","","","","","","","","","","","","","","",,,"","","","","","","","",,,"","","","","","","","","",,,"",,"","","","","","","",""
6023527,"",0,"Not Related to HER","Central and peripheral effects of muscarinic cholinergic blocking agents in man","Domino EF, Corssen G.","Anesthesiology. 1967 May-Jun;28(3):568-74.",1967,,"",,"",,,,"",,"","","","","","","","","","","","","","","","","","","","","","",,,"","","","","","","","",,,"","","","","","","","","",,,"",,"","","","","","","",""
5938991,"10.1139/y66-005",0,"Not Related to HER","Effects of spreading cortical depression on cardiac and somatomotor conditioned responses","Mogenson GJ, Peterson RJ.","Can J Physiol Pharmacol. 1966 Jan;44(1):39-45. doi: 10.1139/y66-005.",1966,,"",,"",,,,"",,"","","","","","","","","","","","","","","","","","","","","","",,,"","","","","","","","",,,"","","","","","","","","",,,"",,"","","","","","","",""
5868499,"10.1007/BF02151554",0,"Not Related to HER","Effects of sleep dialysate, substance P and psychotropic drugs upon the thalamo-cortical evoked response","Schneiderman N, Monnier M, Lembeck F.","Experientia. 1965 Oct 15;21(10):596-8. doi: 10.1007/BF02151554.",1965,,"",,"",,,,"",,"","","","","","","","","","","","","","","","","","","","","","",,,"","","","","","","","",,,"","","","","","","","","",,,"",,"","","","","","","",""
5749338,"",0,"Not Related to HER","Changing concepts in pain control during surgery: dissociative anesthesia with CI-581. A progress report","Corssen G, Miyasaka M, Domino EF.","Anesth Analg. 1968 Nov-Dec;47(6):746-59.",1968,,"",,"",,,,"",,"","","","","","","","","","","","","","","","","","","","","","",,,"","","","","","","","",,,"","","","","","","","","",,,"",,"","","","","","","",""
5602288,"10.1159/000103724",0,"Not Related to HER","Neurogenic mechanisms in the evolution of cerebral circulatory insufficiency. Investigations on the role of the brain stem reticular formation","Ciurea E, Crighel E.","Confin Neurol. 1967;29(6):351-9. doi: 10.1159/000103724.",1967,,"",,"",,,,"",,"","","","","","","","","","","","","","","","","","","","","","",,,"","","","","","","","",,,"","","","","","","","","",,,"",,"","","","","","","",""
5588900,"10.1159/000103717",0,"Not Related to HER","Autonomic, somatomotor and electroencephalographic responses upon stimulation of the hypothalamus and the rostral brain stem in man","Sano K, Yoshioka M, Ogashiwa M, Ishijima B, Ohye C, Sekino H, Mayanagi Y.","Confin Neurol. 1967;29(2):257-61. doi: 10.1159/000103717.",1967,,"",,"",,,,"",,"","","","","","","","","","","","","","","","","","","","","","",,,"","","","","","","","",,,"","","","","","","","","",,,"",,"","","","","","","",""
5522502,"10.1016/0031-9384(70)90169-1",0,"Not Related to HER","Stimulus generalization and transfer of training in rabbits conditioned to electrical stimulation of lateral geniculate nucleus","Swadlow HA, Schneiderman N.","Physiol Behav. 1970 Aug;5(8):841-7. doi: 10.1016/0031-9384(70)90169-1.",1970,,"",,"",,,,"",,"","","","","","","","","","","","","","","","","","","","","","",,,"","","","","","","","",,,"","","","","","","","","",,,"",,"","","","","","","",""
5317227,"10.2170/jjphysiol.21.375",0,"Not Related to HER","On the periodic fluctuations of alpha waves","Mimura K.","Jpn J Physiol. 1971 Aug;21(4):375-86. doi: 10.2170/jjphysiol.21.375.",1971,,"",,"",,,,"",,"","","","","","","","","","","","","","","","","","","","","","",,,"","","","","","","","",,,"","","","","","","","","",,,"",,"","","","","","","",""
5293388,"",0,"Not Related to HER","The function of the central nervous system after haemorrhage","Kovách AG.","J Clin Pathol Suppl (R Coll Pathol). 1970;4:202-12.",1970,,"",,"",,,,"",,"","","","","","","","","","","","","","","","","","","","","","",,,"","","","","","","","",,,"","","","","","","","","",,,"",,"","","","","","","",""
5065864,"",0,"Not Related to HER","Variations of physiological parameters during defined mental load and rest","Klinger KP, Strasser H.","Pflugers Arch. 1972;332:Suppl 332:R82.",1972,,"",,"",,,,"",,"","","","","","","","","","","","","","","","","","","","","","",,,"","","","","","","","",,,"","","","","","","","","",,,"",,"","","","","","","",""
5054118,"10.1111/j.1469-8986.1972.tb01790.x",0,"Not Related to HER","Intensity judgments and physiological response amplitude","Bull K, Lang PJ.","Psychophysiology. 1972 Jul;9(4):428-36. doi: 10.1111/j.1469-8986.1972.tb01790.x.",1972,,"",,"",,,,"",,"","","","","","","","","","","","","","","","","","","","","","",,,"","","","","","","","",,,"","","","","","","","","",,,"",,"","","","","","","",""
5035158,"10.1016/0014-4886(72)90120-3",0,"Not Related to HER","Cardiorespiratory reactions to neocortical manipulation in the anesthetized rat","Segura ET, De Juan AO.","Exp Neurol. 1972 Jun;35(3):503-12. doi: 10.1016/0014-4886(72)90120-3.",1972,,"",,"",,,,"",,"","","","","","","","","","","","","","","","","","","","","","",,,"","","","","","","","",,,"","","","","","","","","",,,"",,"","","","","","","",""
5002528,"10.1113/jphysiol.1971.sp009636",0,"Not Related to HER","Thermoregulation around a new set-point' established in the monkey by altering the ratio of sodium to calcium ions within the hypothalamus","Myers RD, Yaksh TL.","J Physiol. 1971 Nov;218(3):609-33. doi: 10.1113/jphysiol.1971.sp009636.",1971,,"",,"",,,,"",,"","","","","","","","","","","","","","","","","","","","","","",,,"","","","","","","","",,,"","","","","","","","","",,,"",,"","","","","","","",""
4995136,"10.3181/00379727-136-35428",0,"Not Related to HER","Changes in the somatosensory cortical evoked potential produced by hypovolemic shock","McCutcheon EP, Frazier DT, Boyarsky LL.","Proc Soc Exp Biol Med. 1971 Apr;136(4):1063-7. doi: 10.3181/00379727-136-35428.",1971,,"",,"",,,,"",,"","","","","","","","","","","","","","","","","","","","","","",,,"","","","","","","","",,,"","","","","","","","","",,,"",,"","","","","","","",""
4989248,"10.1016/0041-0101(70)90170-4",0,"Not Related to HER","Effect of cobra and rattlesnake venoms on the central nervous system of the primate","Vick JA, Lipp J.","Toxicon. 1970 May;8(1):33-9. doi: 10.1016/0041-0101(70)90170-4.",1970,,"",,"",,,,"",,"","","","","","","","","","","","","","","","","","","","","","",,,"","","","","","","","",,,"","","","","","","","","",,,"",,"","","","","","","",""
4804295,"10.1016/0301-0511(73)90010-0",0,"Not Related to HER","The effects of eye fixation and stimulus and response location on the contingent negative variation (CNV)","Weerts TC, Lang PJ.","Biol Psychol. 1973;1(1):1-19. doi: 10.1016/0301-0511(73)90010-0.",1973,,"",,"",,,,"",,"","","","","","","","","","","","","","","","","","","","","","",,,"","","","","","","","",,,"","","","","","","","","",,,"",,"","","","","","","",""
4801626,"10.1111/j.1440-1819.1973.tb02665.x",0,"Not Related to HER","An experimental study of carbon monoxide poisoning: an apallic-like syndrome","Yukitake A.","Folia Psychiatr Neurol Jpn. 1973;27(4):341-9. doi: 10.1111/j.1440-1819.1973.tb02665.x.",1973,,"",,"",,,,"",,"","","","","","","","","","","","","","","","","","","","","","",,,"","","","","","","","",,,"","","","","","","","","",,,"",,"","","","","","","",""
4772714,"10.1136/jnnp.36.6.1003",0,"Not Related to HER","The contingent negative variation and the excitability of the spinal monosynaptic reflex","Papakostopoulos D, Cooper R.","J Neurol Neurosurg Psychiatry. 1973 Dec;36(6):1003-10. doi: 10.1136/jnnp.36.6.1003.",1973,,"",,"",,,,"",,"","","","","","","","","","","","","","","","","","","","","","",,,"","","","","","","","",,,"","","","","","","","","",,,"",,"","","","","","","",""
4744249,"",0,"Not Related to HER","Physiological and operational state of a group of aeroplane pilots under the conditions of stressing tracking tests","Strasser H, Brilling G, Klinger KP, Müller-Limmroth W.","Aerosp Med. 1973 Sep;44(9):1040-7.",1973,,"",,"",,,,"",,"","","","","","","","","","","","","","","","","","","","","","",,,"","","","","","","","",,,"","","","","","","","","",,,"",,"","","","","","","",""
4719552,"",0,"Not Related to HER","Effects exerted by trigeminal and fastigial stimulation on Staderini's nucleus intercalatus","Bava A, Innocenti GM, Raffaele R.","Arch Sci Biol (Bologna). 1973 Jan-Mar;56(1):13-34.",1973,,"",,"",,,,"",,"","","","","","","","","","","","","","","","","","","","","","",,,"","","","","","","","",,,"","","","","","","","","",,,"",,"","","","","","","",""
4717648,"10.1016/0031-9384(73)90176-5",0,"Not Related to HER","Operant conditioning of heart-rate changes in the functionally decorticate curarised rat","Thornton EW, Van-Toller C.","Physiol Behav. 1973 Jun;10(6):983-8. doi: 10.1016/0031-9384(73)90176-5.",1973,,"",,"",,,,"",,"","","","","","","","","","","","","","","","","","","","","","",,,"","","","","","","","",,,"","","","","","","","","",,,"",,"","","","","","","",""
4684623,"",0,"Not Related to HER","The neurophysiological basis of the marijuana experience","Low MD, Klonoff H, Marcus A.","Can Med Assoc J. 1973 Jan 20;108(2):157-65.",1973,,"",,"",,,,"",,"","","","","","","","","","","","","","","","","","","","","","",,,"","","","","","","","",,,"","","","","","","","","",,,"",,"","","","","","","",""
4682844,"10.1080/00039896.1973.10666210",0,"Not Related to HER","Experimental human exposure to high concentrations of carbon monoxide","Stewart RD, Peterson JE, Fisher TN, Hosko MJ, Baretta ED, Dodd HC, Herrmann AA.","Arch Environ Health. 1973 Jan;26(1):1-7. doi: 10.1080/00039896.1973.10666210.",1973,,"",,"",,,,"",,"","","","","","","","","","","","","","","","","","","","","","",,,"","","","","","","","",,,"","","","","","","","","",,,"",,"","","","","","","",""
4574936,"10.1007/BF00429284",0,"Not Related to HER","The effects of a single administration of etifoxine on several psychological tests","Sartory G, Rust J.","Psychopharmacologia. 1973;29(4):365-84. doi: 10.1007/BF00429284.",1973,,"",,"",,,,"",,"","","","","","","","","","","","","","","","","","","","","","",,,"","","","","","","","",,,"","","","","","","","","",,,"",,"","","","","","","",""
4541487,"10.1254/jjp.22.817",0,"Not Related to HER","Effects of diphenidol on the central vestibular and visual systems of cats","Matsuoka I, Takaori S, Morimoto M.","Jpn J Pharmacol. 1972 Dec;22(6):817-25. doi: 10.1254/jjp.22.817.",1972,,"",,"",,,,"",,"","","","","","","","","","","","","","","","","","","","","","",,,"","","","","","","","",,,"","","","","","","","","",,,"",,"","","","","","","",""
4437739,"10.1016/0028-3908(74)90058-6",0,"Not Related to HER","Electrographic studies of isoflurane (Forane)","Julien RM, Kavan EM.","Neuropharmacology. 1974 Jul;13(7):677-81. doi: 10.1016/0028-3908(74)90058-6.",1974,,"",,"",,,,"",,"","","","","","","","","","","","","","","","","","","","","","",,,"","","","","","","","",,,"","","","","","","","","",,,"",,"","","","","","","",""
4418485,"10.2466/pms.1974.39.1.663",0,"Not Related to HER","Effect of emotions on visual evoked potentials","Torda C.","Percept Mot Skills. 1974 Aug;39(1 Pt 2):663-8. doi: 10.2466/pms.1974.39.1.663.",1974,,"",,"",,,,"",,"","","","","","","","","","","","","","","","","","","","","","",,,"","","","","","","","",,,"","","","","","","","","",,,"",,"","","","","","","",""
4347318,"10.1016/0002-9378(72)90216-5",0,"Not Related to HER","Intrauterine electroencephalogram of the sheep fetus","Jost RG, Quilligan EJ, Yeh SY, Anderson GG.","Am J Obstet Gynecol. 1972 Oct 15;114(4):535-9. doi: 10.1016/0002-9378(72)90216-5.",1972,,"",,"",,,,"",,"","","","","","","","","","","","","","","","","","","","","","",,,"","","","","","","","",,,"","","","","","","","","",,,"",,"","","","","","","",""
4336677,"10.1007/BF03000379",0,"Not Related to HER","Recovery cycle of the evoked heart rate response in sleeping humans","Hord D, Ackerland V.","Cond Reflex. 1971 Jul-Sep;6(3):137-44. doi: 10.1007/BF03000379.",1971,,"",,"",,,,"",,"","","","","","","","","","","","","","","","","","","","","","",,,"","","","","","","","",,,"","","","","","","","","",,,"",,"","","","","","","",""
4330026,"10.1055/s-0028-1091860",0,"Not Related to HER","Vestibulo-ocular response and its state dependency in newborn infants","von Bernuth H, Prechtl HF.","Neuropadiatrie. 1969 Jun-Jul;1(1):11-24. doi: 10.1055/s-0028-1091860.",1969,,"",,"",,,,"",,"","","","","","","","","","","","","","","","","","","","","","",,,"","","","","","","","",,,"","","","","","","","","",,,"",,"","","","","","","",""
4194595,"10.1016/0013-4694(70)90116-1",0,"Not Related to HER","Changes in the form of the cerebral evoked response related to the speed of simple reaction time","Bostock H, Jarvis MJ.","Electroencephalogr Clin Neurophysiol. 1970 Aug;29(2):137-45. doi: 10.1016/0013-4694(70)90116-1.",1970,,"",,"",,,,"",,"","","","","","","","","","","","","","","","","","","","","","",,,"","","","","","","","",,,"","","","","","","","","",,,"",,"","","","","","","",""
4181984,"10.1016/0013-4694(69)90006-6",0,"Not Related to HER","Somato-sensory, auditory and visual evoked responses in newborn infants during sleep and wakefulness","Hrbek A, Hrbková M, Lenard HG.","Electroencephalogr Clin Neurophysiol. 1969 Jun;26(6):597-603. doi: 10.1016/0013-4694(69)90006-6.",1969,,"",,"",,,,"",,"","","","","","","","","","","","","","","","","","","","","","",,,"","","","","","","","",,,"","","","","","","","","",,,"",,"","","","","","","",""
4114909,"10.1016/0013-4694(72)90152-6",0,"Not Related to HER","Occurrence of ""beta bursts"" in human frontal cortex related to psychological parameters","Kamp A, Schrijer CF, van Leeuwen WS.","Electroencephalogr Clin Neurophysiol. 1972 Sep;33(3):257-67. doi: 10.1016/0013-4694(72)90152-6.",1972,,"",,"",,,,"",,"","","","","","","","","","","","","","","","","","","","","","",,,"","","","","","","","",,,"","","","","","","","","",,,"",,"","","","","","","",""
4086041,"",0,"Not Related to HER","Effect of disturbances of the cerebral blood supply on evoked potentials and adaptive responses to mental work","Klimova-Cherkasova VI, Kuzemkin VA.","Hum Physiol. 1985 Mar-Apr;11(2):94-102.",1985,,"",,"",,,,"",,"","","","","","","","","","","","","","","","","","","","","","",,,"","","","","","","","",,,"","","","","","","","","",,,"",,"","","","","","","",""
4078255,"",0,"Not Related to HER","Maternal treatment with a cardioselective beta-blocking agent--consequences for the ovine fetus during intermittent asphyxia","Dagbjartsson A, Karlsson K, Kjellmer I, Rosén KG.","J Dev Physiol. 1985 Dec;7(6):387-96.",1985,,"",,"",,,,"",,"","","","","","","","","","","","","","","","","","","","","","",,,"","","","","","","","",,,"","","","","","","","","",,,"",,"","","","","","","",""
4035816,"",0,"Not Related to HER","EEG and evoked potential changes during gas- and liquid-breathing dives to 1000 msw","Harris DJ, Coggin RR, Roby J, Turner G, Bennett PB.","Undersea Biomed Res. 1985 Mar;12(1):1-24.",1985,,"",,"",,,,"",,"","","","","","","","","","","","","","","","","","","","","","",,,"","","","","","","","",,,"","","","","","","","","",,,"",,"","","","","","","",""
3843725,"10.1037//0735-7044.99.3.555",0,"Not Related to HER","Habituation of heart rate in functionally decorticate rats","Klosterhalfen W, Klosterhalfen S.","Behav Neurosci. 1985 Jun;99(3):555-63. doi: 10.1037//0735-7044.99.3.555.",1985,,"",,"",,,,"",,"","","","","","","","","","","","","","","","","","","","","","",,,"","","","","","","","",,,"","","","","","","","","",,,"",,"","","","","","","",""
3832838,"10.1007/978-1-4684-3291-6_15",0,"Not Related to HER","Discriminant parameters representing cerebral cortical function during anoxic anoxia investigations","Van Waeyenberge M, Vermariën H, De Backer H, Manil J, Bourgain RH.","Adv Exp Med Biol. 1985;191:149-61. doi: 10.1007/978-1-4684-3291-6_15.",1985,,"",,"",,,,"",,"","","","","","","","","","","","","","","","","","","","","","",,,"","","","","","","","",,,"","","","","","","","","",,,"",,"","","","","","","",""
3737444,"10.1016/0196-9781(86)90211-1",0,"Not Related to HER","Vasopressin and electrophysiological signs of attention in man","Born J, Fehm-Wolfsdorf G, Lutzenberger W, Voigt KH, Fehm HL.","Peptides. 1986 Mar-Apr;7(2):189-93. doi: 10.1016/0196-9781(86)90211-1.",1986,,"",,"",,,,"",,"","","","","","","","","","","","","","","","","","","","","","",,,"","","","","","","","",,,"","","","","","","","","",,,"",,"","","","","","","",""
3736685,"10.1007/BF00569652",0,"Not Related to HER","Ouabain enhances release of acetylcholine in the heart evoked by unilateral vagal stimulation","Feinauer M, Lindmar R, Löffelholz K, Ullrich B.","Naunyn Schmiedebergs Arch Pharmacol. 1986 May;333(1):7-12. doi: 10.1007/BF00569652.",1986,,"",,"",,,,"",,"","","","","","","","","","","","","","","","","","","","","","",,,"","","","","","","","",,,"","","","","","","","","",,,"",,"","","","","","","",""
3705984,"10.1111/j.1748-1716.1986.tb07807.x",0,"Not Related to HER","Fetal cerebral, cardiovascular and metabolic reactions to intermittent occlusion of ovine maternal placental blood flow","Rosén KG, Hrbek A, Karlsson K, Kjellmer I.","Acta Physiol Scand. 1986 Feb;126(2):209-16. doi: 10.1111/j.1748-1716.1986.tb07807.x.",1986,,"",,"",,,,"",,"","","","","","","","","","","","","","","","","","","","","","",,,"","","","","","","","",,,"","","","","","","","","",,,"",,"","","","","","","",""
3692699,"10.3109/00207458708987145",0,"Not Related to HER","The pattern and habituation of the orienting response in man and rats","Rockstroh B, Johnen M, Elbert T, Lutzenberger W, Birbaumer N, Rudolph K, Ostwald J, Schnitzler HU.","Int J Neurosci. 1987 Dec;37(3-4):169-82. doi: 10.3109/00207458708987145.",1987,,"",,"",,,,"",,"","","","","","","","","","","","","","","","","","","","","","",,,"","","","","","","","",,,"","","","","","","","","",,,"",,"","","","","","","",""
3683824,"10.1007/BF01183062",0,"Not Related to HER","Formation and development of temporary connections involving unperceived and perceived acoustic stimuli","Voronin LG, Novikov PP, Volkov EV, Dubynin VA.","Neurosci Behav Physiol. 1987 Jul-Aug;17(4):321-5. doi: 10.1007/BF01183062.",1987,,"",,"",,,,"",,"","","","","","","","","","","","","","","","","","","","","","",,,"","","","","","","","",,,"","","","","","","","","",,,"",,"","","","","","","",""
3673691,"10.1007/BF01476063",0,"Not Related to HER","Stable-xenon-CT: effects of xenon inhalation on EEG and cardio-respiratory parameters in the human","Holl K, Nemati N, Kohmura E, Gaab MR, Samii M.","Acta Neurochir (Wien). 1987;87(3-4):129-33. doi: 10.1007/BF01476063.",1987,,"",,"",,,,"",,"","","","","","","","","","","","","","","","","","","","","","",,,"","","","","","","","",,,"","","","","","","","","",,,"",,"","","","","","","",""
3671485,"10.1055/s-2007-1017098",0,"Not Related to HER","Psychophysiological aspects of depressive syndromes","Giedke H, Heimann H.","Pharmacopsychiatry. 1987 Sep;20(5):177-80. doi: 10.1055/s-2007-1017098.",1987,,"",,"",,,,"",,"","","","","","","","","","","","","","","","","","","","","","",,,"","","","","","","","",,,"","","","","","","","","",,,"",,"","","","","","","",""
3610727,"10.1016/0167-8760(87)90015-8",0,"Not Related to HER","Electrophysiological changes elicited by auditory stimuli given a positive or negative value: a study comparing anhedonic with hedonic subjects","Pierson A, Ragot R, Ripoche A, Lesevre N.","Int J Psychophysiol. 1987 Jul;5(2):107-23. doi: 10.1016/0167-8760(87)90015-8.",1987,,"",,"",,,,"",,"","","","","","","","","","","","","","","","","","","","","","",,,"","","","","","","","",,,"","","","","","","","","",,,"",,"","","","","","","",""
3588662,"10.1055/s-2007-1017075",0,"Not Related to HER","Quantitative pharmaco-electroencephalographic differentiation between the CNS effects of bromocriptine and imipramine, drugs with qualitatively different antidepressant properties","Yamadera H, Ferber G, Matejcek M, Pokorny R.","Pharmacopsychiatry. 1987 Mar;20(2):54-9. doi: 10.1055/s-2007-1017075.",1987,,"",,"",,,,"",,"","","","","","","","","","","","","","","","","","","","","","",,,"","","","","","","","",,,"","","","","","","","","",,,"",,"","","","","","","",""
3480176,"",0,"Not Related to HER","Dextroamphetamine effects on CNV magnitude in type A and B individuals","Tecce JJ, Cattanach L, Hill CD, Cole JO.","Electroencephalogr Clin Neurophysiol Suppl. 1987;40:549-55.",1987,,"",,"",,,,"",,"","","","","","","","","","","","","","","","","","","","","","",,,"","","","","","","","",,,"","","","","","","","","",,,"",,"","","","","","","",""
3480148,"",0,"Not Related to HER","Central and peripheral correlates of orienting and habituation","Rösler F, Hasselmann D, Sojka B.","Electroencephalogr Clin Neurophysiol Suppl. 1987;40:366-72.",1987,,"",,"",,,,"",,"","","","","","","","","","","","","","","","","","","","","","",,,"","","","","","","","",,,"","","","","","","","","",,,"",,"","","","","","","",""
3438435,"10.1111/j.1469-8986.1987.tb00353.x",0,"Not Related to HER","Changes in heart rate and slow brain potentials related to motor preparation and stimulus anticipation in a time estimation task","Damen EJ, Brunia CH.","Psychophysiology. 1987 Nov;24(6):700-13. doi: 10.1111/j.1469-8986.1987.tb00353.x.",1987,,"",,"",,,,"",,"","","","","","","","","","","","","","","","","","","","","","",,,"","","","","","","","",,,"","","","","","","","","",,,"",,"","","","","","","",""
3436846,"10.1016/0167-8760(87)90060-2",0,"Not Related to HER","Cardiac-related cortical activity during variations in mean heart rate","Koriath JJ, Lindholm E, Landers DM.","Int J Psychophysiol. 1987 Dec;5(4):289-99. doi: 10.1016/0167-8760(87)90060-2.",1987,,"",,"",,,,"",,"","","","","","","","","","","","","","","","","","","","","","",,,"","","","","","","","",,,"","","","","","","","","",,,"",,"","","","","","","",""
3353429,"10.1016/0091-3057(88)90268-7",0,"Not Related to HER","Effects of cigarette smoking on resting EEG, visual evoked potentials and photic driving","Golding JF.","Pharmacol Biochem Behav. 1988 Jan;29(1):23-32. doi: 10.1016/0091-3057(88)90268-7.",1988,,"",,"",,,,"",,"","","","","","","","","","","","","","","","","","","","","","",,,"","","","","","","","",,,"","","","","","","","","",,,"",,"","","","","","","",""
3222357,"10.1016/0031-9384(88)90034-0",0,"Not Related to HER","Sleep patterns in a chelonian reptile (Gopherus flavomarginatus)","Ayala-Guerrero F, Calderón A, Pérez MC.","Physiol Behav. 1988;44(3):333-7. doi: 10.1016/0031-9384(88)90034-0.",1988,,"",,"",,,,"",,"","","","","","","","","","","","","","","","","","","","","","",,,"","","","","","","","",,,"","","","","","","","","",,,"",,"","","","","","","",""
3184782,"",0,"Not Related to HER","Cardiovascular, electrocortical, and behavioral effects of nicotine chewing gum","Michel C, Hasenfratz M, Nil R, Bättig K.","Klin Wochenschr. 1988;66 Suppl 11:72-9.",1988,,"",,"",,,,"",,"","","","","","","","","","","","","","","","","","","","","","",,,"","","","","","","","",,,"","","","","","","","","",,,"",,"","","","","","","",""
3131794,"10.1007/BF00212844",0,"Not Related to HER","Vasopressin but not oxytocin enhances cortical arousal: an integrative hypothesis on behavioral effects of neurohypophyseal hormones","Fehm-Wolfsdorf G, Bachholz G, Born J, Voigt K, Fehm HL.","Psychopharmacology (Berl). 1988;94(4):496-500. doi: 10.1007/BF00212844.",1988,,"",,"",,,,"",,"","","","","","","","","","","","","","","","","","","","","","",,,"","","","","","","","",,,"","","","","","","","","",,,"",,"","","","","","","",""
3092576,"10.1111/j.1748-1716.1986.tb07907.x",0,"Not Related to HER","Carbon dioxide narcosis: influence of short-term high concentration carbon dioxide inhalation on EEG and cortical evoked responses in the rat","Forslid A, Ingvar M, Rosén I, Ingvar DH.","Acta Physiol Scand. 1986 Jul;127(3):281-7. doi: 10.1111/j.1748-1716.1986.tb07907.x.",1986,,"",,"",,,,"",,"","","","","","","","","","","","","","","","","","","","","","",,,"","","","","","","","",,,"","","","","","","","","",,,"",,"","","","","","","",""
3073322,"10.1159/000118461",0,"Not Related to HER","Effect of morphine on the electroencephalogram and other physiological and other physiological and behavioral parameters","Matejcek M, Pokorny R, Ferber G, Klee H.","Neuropsychobiology. 1988;19(4):202-11. doi: 10.1159/000118461.",1988,,"",,"",,,,"",,"","","","","","","","","","","","","","","","","","","","","","",,,"","","","","","","","",,,"","","","","","","","","",,,"",,"","","","","","","",""
3040455,"10.1007/BF00269456",0,"Not Related to HER","Dose-dependent influences on electrophysiological signs of attention in humans after neuropeptide ACTH 4-10","Born J, Bräuninger W, Fehm-Wolfsdorf G, Voigt KH, Pauschinger P, Fehm HL.","Exp Brain Res. 1987;67(1):85-92. doi: 10.1007/BF00269456.",1987,,"",,"",,,,"",,"","","","","","","","","","","","","","","","","","","","","","",,,"","","","","","","","",,,"","","","","","","","","",,,"",,"","","","","","","",""
3031714,"10.1016/0031-9384(87)90348-9",0,"Not Related to HER","Influences of ACTH 4-10 on event-related potentials reflecting attention in man","Born J, Fehm-Wolfsdorf G, Voigt KH, Fehm HL.","Physiol Behav. 1987;39(1):83-7. doi: 10.1016/0031-9384(87)90348-9.",1987,,"",,"",,,,"",,"","","","","","","","","","","","","","","","","","","","","","",,,"","","","","","","","",,,"","","","","","","","","",,,"",,"","","","","","","",""
2994148,"10.1007/BF00432232",0,"Not Related to HER","Psychotropic effects of enalapril maleate in normal volunteers","Olajide D, Lader M.","Psychopharmacology (Berl). 1985;86(3):374-6. doi: 10.1007/BF00432232.",1985,,"",,"",,,,"",,"","","","","","","","","","","","","","","","","","","","","","",,,"","","","","","","","",,,"","","","","","","","","",,,"",,"","","","","","","",""
2987636,"10.1016/0024-3205(85)90308-x",0,"Not Related to HER","An ACTH 4-9 analog impairs selective attention in man","Born J, Fehm-Wolfsdorf G, Schiebe M, Birbaumer N, Fehm HL, Voigt KH.","Life Sci. 1985 Jun 3;36(22):2117-25. doi: 10.1016/0024-3205(85)90308-x.",1985,,"",,"",,,,"",,"","","","","","","","","","","","","","","","","","","","","","",,,"","","","","","","","",,,"","","","","","","","","",,,"",,"","","","","","","",""
2889508,"10.1016/0006-8993(87)90978-4",0,"Not Related to HER","Cardiovascular responses elicited by stimulation of neurons in the central amygdaloid nucleus in awake but not anesthetized rats resemble conditioned emotional responses","Iwata J, Chida K, LeDoux JE.","Brain Res. 1987 Aug 18;418(1):183-8. doi: 10.1016/0006-8993(87)90978-4.",1987,,"",,"",,,,"",,"","","","","","","","","","","","","","","","","","","","","","",,,"","","","","","","","",,,"","","","","","","","","",,,"",,"","","","","","","",""
2716438,"",0,"Not Related to HER","Psychophysiological research in psychiatry and neuropsychopharmacology. I. Methodological aspects of the Viennese Psychophysiological Test-System (VPTS)","Semlitsch HV, Anderer P, Saletu B, Resch F, Presslich O, Schuster P.","Methods Find Exp Clin Pharmacol. 1989 Jan;11(1):25-41.",1989,,"",,"",,,,"",,"","","","","","","","","","","","","","","","","","","","","","",,,"","","","","","","","",,,"","","","","","","","","",,,"",,"","","","","","","",""
2640160,"10.1016/0301-0511(89)90022-7",0,"Not Related to HER","Event-related perturbations in an electrophysiological measure of auditory function: a measure of sensitivity during orienting?","Rohrbaugh JW, Varner JL, Paige SR, Eckardt MJ, Ellingson RJ.","Biol Psychol. 1989 Dec;29(3):247-71. doi: 10.1016/0301-0511(89)90022-7.",1989,,"",,"",,,,"",,"","","","","","","","","","","","","","","","","","","","","","",,,"","","","","","","","",,,"","","","","","","","","",,,"",,"","","","","","","",""
2623077,"10.1016/0031-9384(89)90029-2",0,"Not Related to HER","Effects of cholecystokinin and calcitonin on evoked brain potentials and satiety in man","Pietrowsky R, Preuss S, Born J, Pauschinger P, Fehm HL.","Physiol Behav. 1989 Sep;46(3):513-9. doi: 10.1016/0031-9384(89)90029-2.",1989,,"",,"",,,,"",,"","","","","","","","","","","","","","","","","","","","","","",,,"","","","","","","","",,,"","","","","","","","","",,,"",,"","","","","","","",""
2509123,"",0,"Not Related to HER","Neurophysiological effects of recombinant interferon-gamma and -alpha in man","Born J, Späth-Schwalbe E, Pietrowsky R, Porzsolt F, Fehm HL.","Clin Physiol Biochem. 1989;7(3-4):119-27.",1989,,"",,"",,,,"",,"","","","","","","","","","","","","","","","","","","","","","",,,"","","","","","","","",,,"","","","","","","","","",,,"",,"","","","","","","",""
2455201,"",0,"Not Related to HER","The guinea-pig isolated atrium as a model system for the central actions of selected CNS stimulant and depressant drugs. Part 2. Mechanisms involved in the actions and interactions of the convulsant bemegride and its hypnotic homologue 3-methyl-3-n-butylglutarimide","Arblaster CI, Cameron DW, Lavi Y, Laycock GM, Shulman A.","Methods Find Exp Clin Pharmacol. 1988 Mar;10(3):177-211.",1988,,"",,"",,,,"",,"","","","","","","","","","","","","","","","","","","","","","",,,"","","","","","","","",,,"","","","","","","","","",,,"",,"","","","","","","",""
2431873,"10.1016/0013-4694(87)90144-1",0,"Not Related to HER","Application of computer averaging techniques to the study of learned volitive heartbeat control","Yellin AM.","Electroencephalogr Clin Neurophysiol. 1987 Jan;66(1):93-6. doi: 10.1016/0013-4694(87)90144-1.",1987,,"",,"",,,,"",,"","","","","","","","","","","","","","","","","","","","","","",,,"","","","","","","","",,,"","","","","","","","","",,,"",,"","","","","","","",""
2393105,"10.1213/00000539-199009000-00002",0,"Not Related to HER","Modulation of pain-related somatosensory evoked potentials by general anesthesia","Kochs E, Treede RD, Schulte am Esch J, Bromm B.","Anesth Analg. 1990 Sep;71(3):225-30. doi: 10.1213/00000539-199009000-00002.",1990,,"",,"",,,,"",,"","","","","","","","","","","","","","","","","","","","","","",,,"","","","","","","","",,,"","","","","","","","","",,,"",,"","","","","","","",""
2380732,"10.1136/jnnp.53.6.507",0,"Not Related to HER","Acute effects of electromagnetic stimulation of the brain on cortical activity, cortical blood flow, blood pressure and heart rate in the cat: an evaluation of safety","Eyre JA, Flecknell PA, Kenyon BR, Koh TH, Miller S.","J Neurol Neurosurg Psychiatry. 1990 Jun;53(6):507-13. doi: 10.1136/jnnp.53.6.507.",1990,,"",,"",,,,"",,"","","","","","","","","","","","","","","","","","","","","","",,,"","","","","","","","",,,"","","","","","","","","",,,"",,"","","","","","","",""
2346625,"10.1037//0735-7044.104.2.298",0,"Not Related to HER","Learning of physiological responses: I. Habituation, sensitization, and classical conditioning","Dworkin BR, Dworkin S.","Behav Neurosci. 1990 Apr;104(2):298-319. doi: 10.1037//0735-7044.104.2.298.",1990,,"",,"",,,,"",,"","","","","","","","","","","","","","","","","","","","","","",,,"","","","","","","","",,,"","","","","","","","","",,,"",,"","","","","","","",""
2340159,"10.1113/expphysiol.1990.sp003392",0,"Not Related to HER","Autonomic and somatic responses evoked by stimulation of the cerebellar uvula in the conscious rabbit","Bradley DJ, Ghelarducci B, La Noce A, Spyer KM.","Exp Physiol. 1990 Mar;75(2):179-86. doi: 10.1113/expphysiol.1990.sp003392.",1990,,"",,"",,,,"",,"","","","","","","","","","","","","","","","","","","","","","",,,"","","","","","","","",,,"","","","","","","","","",,,"",,"","","","","","","",""
2329124,"10.1038/jcbfm.1990.67",0,"Not Related to HER","Dissociation by chloralose of the cardiovascular and cerebrovascular responses evoked from the cerebellar fastigial nucleus","Iadecola C, Springston ME, Reis DJ.","J Cereb Blood Flow Metab. 1990 May;10(3):375-82. doi: 10.1038/jcbfm.1990.67.",1990,,"",,"",,,,"",,"","","","","","","","","","","","","","","","","","","","","","",,,"","","","","","","","",,,"","","","","","","","","",,,"",,"","","","","","","",""
2310797,"10.1016/0006-3223(90)90552-d",0,"Not Related to HER","Psychophysiological correlates of posttraumatic stress disorder in Vietnam veterans","Paige SR, Reid GM, Allen MG, Newton JE.","Biol Psychiatry. 1990 Feb 15;27(4):419-30. doi: 10.1016/0006-3223(90)90552-d.",1990,,"",,"",,,,"",,"","","","","","","","","","","","","","","","","","","","","","",,,"","","","","","","","",,,"","","","","","","","","",,,"",,"","","","","","","",""
2295893,"10.1007/BF02832177",0,"Not Related to HER","Electroencephalographic and evoked potential monitoring in the hyperbaric environment","Litscher G, Friehs G, Maresch H, Pfurtscheller G.","J Clin Monit. 1990 Jan;6(1):10-7. doi: 10.1007/BF02832177.",1990,,"",,"",,,,"",,"","","","","","","","","","","","","","","","","","","","","","",,,"","","","","","","","",,,"","","","","","","","","",,,"",,"","","","","","","",""
2272866,"10.1016/0167-8760(90)90033-a",0,"Not Related to HER","Cardiac deceleration and E-wave brain potential components in young, middle-aged and elderly adults","Friedman D, Putnam L, Hamberger MJ.","Int J Psychophysiol. 1990 Dec;10(2):185-90. doi: 10.1016/0167-8760(90)90033-a.",1990,,"",,"",,,,"",,"","","","","","","","","","","","","","","","","","","","","","",,,"","","","","","","","",,,"","","","","","","","","",,,"",,"","","","","","","",""
2269644,"10.1016/0167-8760(90)90041-b",0,"Not Related to HER","Event-related perturbations in an electrophysiological measure of auditory sensitivity: effects of probability, intensity and repeated sessions","Rohrbaugh JW, Varner JL, Paige SR, Eckardt MJ, Ellingson RJ.","Int J Psychophysiol. 1990 Nov;10(1):17-32. doi: 10.1016/0167-8760(90)90041-b.",1990,,"",,"",,,,"",,"","","","","","","","","","","","","","","","","","","","","","",,,"","","","","","","","",,,"","","","","","","","","",,,"",,"","","","","","","",""
2265945,"10.3109/00207459008986611",1,"Consider","Enhancement of heartbeat-related brain potentials through cardiac awareness training","Schandry R, Weitkunat R.","Int J Neurosci. 1990 Aug;53(2-4):243-53. doi: 10.3109/00207459008986611.",1990,0,"Perception/Interoception/Cardiac, Manipulation/Focus of attention, Manipulation/Biofeedback",0,"18-40",1,42,0,"EEG",4,"na","na","200","unknown","standard19","Fz, Cz, F7, F8",,"2","Lead II","Right clavicle, Left abdomen","Left leg","200","unknown","0.03","30","Automatic","unknown","none","Linked mastoids","Linked mastoids","0.03","30",0,,"","","","","subtract/regress ECG from EEG","","F7, Fz, F8, Cz","na",2,2,"200","Primary","R-peak","200","350","-75","0","Group/Condition Differences","Amplitude",0,1,"ANOVA",0,"","1","","","","","ECG",""
2160665,"10.1007/BF02253714",0,"Not Related to HER","Influences of peripheral adrenocorticotropin 1-39 (ACTH) and human corticotropin releasing hormone (h-CRH) on human auditory evoked potentials (AEP)","Born J, Bathelt B, Pietrowsky R, Pauschinger P, Fehm HL.","Psychopharmacology (Berl). 1990;101(1):34-8. doi: 10.1007/BF02253714.",1990,,"",,"",,,,"",,"","","","","","","","","","","","","","","","","","","","","","",,,"","","","","","","","",,,"","","","","","","","","",,,"",,"","","","","","","",""
2103747,"10.1016/0301-0511(90)90012-l",0,"Not Related to HER","P300 and time of day: circadian rhythms, food intake, and body temperature","Geisler MW, Polich J.","Biol Psychol. 1990 Oct;31(2):117-36. doi: 10.1016/0301-0511(90)90012-l.",1990,,"",,"",,,,"",,"","","","","","","","","","","","","","","","","","","","","","",,,"","","","","","","","",,,"","","","","","","","","",,,"",,"","","","","","","",""
1955282,"10.3109/00207459108985975",0,"Not Related to HER","Activation-induced changes in evoked and slow brain potentials: effect of cocaine in rabbits previously subchronically treated by cocaine","Kiyatkin EA, Belij VP, Richter F, Haschke W.","Int J Neurosci. 1991 Aug;59(4):213-8. doi: 10.3109/00207459108985975.",1991,,"",,"",,,,"",,"","","","","","","","","","","","","","","","","","","","","","",,,"","","","","","","","",,,"","","","","","","","","",,,"",,"","","","","","","",""
1938130,"10.3109/00207459108985411",0,"Not Related to HER","Activation-induced changes in evoked and slow brain potentials: effects of cocaine in awake rabbit","Richter F, Leichsenring A, Haschke W, Kiyatkin EA, Belij VP.","Int J Neurosci. 1991 Jan-Feb;56(1-4):151-9. doi: 10.3109/00207459108985411.",1991,,"",,"",,,,"",,"","","","","","","","","","","","","","","","","","","","","","",,,"","","","","","","","",,,"","","","","","","","","",,,"",,"","","","","","","",""
1914064,"10.1007/BF03008459",0,"Not Related to HER","The anaesthetic management of a patient with a phaeochromocytoma and acute stroke","Fox JM, Manninen PH.","Can J Anaesth. 1991 Sep;38(6):775-9. doi: 10.1007/BF03008459.",1991,,"",,"",,,,"",,"","","","","","","","","","","","","","","","","","","","","","",,,"","","","","","","","",,,"","","","","","","","","",,,"",,"","","","","","","",""
1865042,"10.1007/BF01691429",0,"Not Related to HER","Continuous multivariable monitoring in neurological intensive care patients--preliminary reports on four cases","Hilz MJ, Litscher G, Weis M, Claus D, Druschky KF, Pfurtscheller G, Neundörfer B.","Intensive Care Med. 1991;17(2):87-93. doi: 10.1007/BF01691429.",1991,,"",,"",,,,"",,"","","","","","","","","","","","","","","","","","","","","","",,,"","","","","","","","",,,"","","","","","","","","",,,"",,"","","","","","","",""
1859518,"",0,"Not Related to HER","Analgesic potency of a new anticonvulsant drug versus acetylsalicylic acid via laser somatosensory evoked potentials. Randomized placebo-controlled double-blind (5-way) crossover study","Schaffler K, Wauschkuhn CH, Gierend M.","Arzneimittelforschung. 1991 Apr;41(4):427-35.",1991,,"",,"",,,,"",,"","","","","","","","","","","","","","","","","","","","","","",,,"","","","","","","","",,,"","","","","","","","","",,,"",,"","","","","","","",""
1857499,"10.1055/s-2008-1071422",0,"Not Related to HER","Effects of behavioural state on visual processing in neonates","Apkarian P, Mirmiran M, Tijssen R.","Neuropediatrics. 1991 May;22(2):85-91. doi: 10.1055/s-2008-1071422.",1991,,"",,"",,,,"",,"","","","","","","","","","","","","","","","","","","","","","",,,"","","","","","","","",,,"","","","","","","","","",,,"",,"","","","","","","",""
1824389,"10.3109/00207459108990745",1,"Consider","Individual differences in cortical evoked potentials as a function of heartbeat detection ability","Katkin ES, Cestaro VL, Weitkunat R.","Int J Neurosci. 1991 Dec;61(3-4):269-76. doi: 10.3109/00207459108990745.",1991,0,"Perception/Interoception/Cardiac, Perception/Exteroception/Auditory, Methodology/Heartbeat-stimulus synchronicity",0,"17-21",1,12,0,"EEG",4,"na","na","200","unknown","standard19","Fz, Cz, F7, F8",,"2","Lead II","Right clavicle, Left abdomen; Right clavicle, Left leg","unknown","200","unknown","0.03","35","Automatic","Schmitt","none","Linked Mastoids","Linked Mastoids","0.8","35",0,,"","","","","subtract/regress ECG from EEG","","All","na",1,1,"400","Primary","R-peak","unknown","unknown","-75","0","Correlation","Amplitude",0,0,"Correlation",0,"","1","","","","","ECG",""
1784595,"10.1016/0091-3057(91)90144-q",0,"Not Related to HER","Are the differential effects of chloral hydrate on hooded rats vs. albino rats due to pigmentation or strain differences?","Sisson DF, Siegel J, Westenberg IS.","Pharmacol Biochem Behav. 1991 Jul;39(3):665-70. doi: 10.1016/0091-3057(91)90144-q.",1991,,"",,"",,,,"",,"","","","","","","","","","","","","","","","","","","","","","",,,"","","","","","","","",,,"","","","","","","","","",,,"",,"","","","","","","",""
1716564,"10.1016/0168-5597(91)90087-e",0,"Not Related to HER","Brain-stem auditory evoked potentials and brain death","Machado C, Valdés P, García-Tigera J, Virues T, Biscay R, Miranda J, Coutin P, Román J, García O.","Electroencephalogr Clin Neurophysiol. 1991 Sep-Oct;80(5):392-8. doi: 10.1016/0168-5597(91)90087-e.",1991,,"",,"",,,,"",,"","","","","","","","","","","","","","","","","","","","","","",,,"","","","","","","","",,,"","","","","","","","","",,,"",,"","","","","","","",""
1705324,"10.1111/j.1540-8159.1991.tb04054.x",0,"Not Related to HER","Vagal stimulation for control of complex partial seizures in medically refractory epileptic patients","Wilder BJ, Uthman BM, Hammond EJ.","Pacing Clin Electrophysiol. 1991 Jan;14(1):108-15. doi: 10.1111/j.1540-8159.1991.tb04054.x.",1991,,"",,"",,,,"",,"","","","","","","","","","","","","","","","","","","","","","",,,"","","","","","","","",,,"","","","","","","","","",,,"",,"","","","","","","",""
1688979,"10.1097/00005344-199001000-00005",0,"Not Related to HER","Effects of lidocaine on Vmax and conduction velocity in uniform anisotropic canine ventricular muscle: possible role of its binding-rate constants","Quinteiro RA, Biagetti MO, de Forteza E.","J Cardiovasc Pharmacol. 1990 Jan;15(1):29-36. doi: 10.1097/00005344-199001000-00005.",1990,,"",,"",,,,"",,"","","","","","","","","","","","","","","","","","","","","","",,,"","","","","","","","",,,"","","","","","","","","",,,"",,"","","","","","","",""
1682104,"10.1016/0300-9629(91)90187-h",0,"Not Related to HER","Changes in EEG power, acoustic evoked potentials and heart rate after mildly arousing non-acoustic priming stimuli in carp (Cyprinus carpio)","Laming PR, Bullock TH, McClune MC.","Comp Biochem Physiol A Comp Physiol. 1991;100(1):81-93. doi: 10.1016/0300-9629(91)90187-h.",1991,,"",,"",,,,"",,"","","","","","","","","","","","","","","","","","","","","","",,,"","","","","","","","",,,"","","","","","","","","",,,"",,"","","","","","","",""
1676949,"10.1016/0742-8413(91)90213-d",0,"Not Related to HER","Effects of Tityus serrulatus scorpion venom and one of its purified toxins (toxin gamma) on the isolated guinea-pig heart","Silveira NP, Moraes-Santos T, Azevedo AD, Freire-Maia L.","Comp Biochem Physiol C Comp Pharmacol Toxicol. 1991;98(2-3):329-36. doi: 10.1016/0742-8413(91)90213-d.",1991,,"",,"",,,,"",,"","","","","","","","","","","","","","","","","","","","","","",,,"","","","","","","","",,,"","","","","","","","","",,,"",,"","","","","","","",""
1643686,"10.1007/BF03008327",0,"Not Related to HER","Brainstem auditory evoked potentials during procaine toxicity in dogs","Ding ZN, Yoshita Y, Hirota K, Yamamoto K, Kobayashi T, Murakami S.","Can J Anaesth. 1992 Jul;39(6):600-3. doi: 10.1007/BF03008327.",1992,,"",,"",,,,"",,"","","","","","","","","","","","","","","","","","","","","","",,,"","","","","","","","",,,"","","","","","","","","",,,"",,"","","","","","","",""
1410181,"10.1111/j.1469-8986.1992.tb02025.x",0,"Not Related to HER","Event-related potentials and autonomic responses to a change in unattended auditory stimuli","Lyytinen H, Blomberg AP, Näätänen R.","Psychophysiology. 1992 Sep;29(5):523-34. doi: 10.1111/j.1469-8986.1992.tb02025.x.",1992,,"",,"",,,,"",,"","","","","","","","","","","","","","","","","","","","","","",,,"","","","","","","","",,,"","","","","","","","","",,,"",,"","","","","","","",""
1397164,"10.1016/0014-4886(92)90137-f",0,"Not Related to HER","Spreading depression induces prolonged reduction of cortical blood flow reactivity in the rat","Lacombe P, Sercombe R, Correze JL, Springhetti V, Seylaz J.","Exp Neurol. 1992 Sep;117(3):278-86. doi: 10.1016/0014-4886(92)90137-f.",1992,,"",,"",,,,"",,"","","","","","","","","","","","","","","","","","","","","","",,,"","","","","","","","",,,"","","","","","","","","",,,"",,"","","","","","","",""
1397145,"10.1007/BF00227243",0,"Not Related to HER","Longitudinal neuronal organization of defensive reactions in the midbrain periaqueductal gray region of the rat","Depaulis A, Keay KA, Bandler R.","Exp Brain Res. 1992;90(2):307-18. doi: 10.1007/BF00227243.",1992,,"",,"",,,,"",,"","","","","","","","","","","","","","","","","","","","","","",,,"","","","","","","","",,,"","","","","","","","","",,,"",,"","","","","","","",""
1361972,"10.1159/000118900",0,"Not Related to HER","Quantitative EEG and autonomic patterns of synthetic peptides related to dermorphin","Marchioni E, Maurelli M, Tartara A.","Neuropsychobiology. 1992;26(1-2):81-8. doi: 10.1159/000118900.",1992,,"",,"",,,,"",,"","","","","","","","","","","","","","","","","","","","","","",,,"","","","","","","","",,,"","","","","","","","","",,,"",,"","","","","","","",""
1249570,"10.1097/00005053-197602000-00003",0,"Not Related to HER","Centrol and peripheral correlates of anxiety: a comparative study","Tyrer PJ, Lader MH.","J Nerv Ment Dis. 1976 Feb;162(2):99-104. doi: 10.1097/00005053-197602000-00003.",1976,,"",,"",,,,"",,"","","","","","","","","","","","","","","","","","","","","","",,,"","","","","","","","",,,"","","","","","","","","",,,"",,"","","","","","","",""
1226231,"10.1159/000117497",0,"Not Related to HER","Hypno-analgesia and acupuncture analgesia: a neurophysiological reality?","Saletu B, Saletu M, Brown M, Stern J, Sletten I, Ulett G.","Neuropsychobiology. 1975;1(4):218-42. doi: 10.1159/000117497.",1975,,"",,"",,,,"",,"","","","","","","","","","","","","","","","","","","","","","",,,"","","","","","","","",,,"","","","","","","","","",,,"",,"","","","","","","",""
1172265,"",0,"Not Related to HER","Marijuana: heart rate and EEG response","Linton PH, Kuechenmeister CA, White HB, Travis RP.","Res Commun Chem Pathol Pharmacol. 1975 Feb;10(2):201-14.",1975,,"",,"",,,,"",,"","","","","","","","","","","","","","","","","","","","","","",,,"","","","","","","","",,,"","","","","","","","","",,,"",,"","","","","","","",""
1123127,"10.1111/j.1469-8749.1975.tb04965.x",0,"Not Related to HER","Electrophysiological tests of hearing","Henderson A.","Dev Med Child Neurol. 1975 Feb;17(1):96-9. doi: 10.1111/j.1469-8749.1975.tb04965.x.",1975,,"",,"",,,,"",,"","","","","","","","","","","","","","","","","","","","","","",,,"","","","","","","","",,,"","","","","","","","","",,,"",,"","","","","","","",""
1017457,"10.1080/03610737608257999",0,"Not Related to HER","Relationship between central and autonomic nervous system activity: correlates of psychomotor performance in elderly men","Harkins SW, Thompson LW, Moss SF, Nowlin JB.","Exp Aging Res. 1976 Sep;2(5):409-23. doi: 10.1080/03610737608257999.",1976,,"",,"",,,,"",,"","","","","","","","","","","","","","","","","","","","","","",,,"","","","","","","","",,,"","","","","","","","","",,,"",,"","","","","","","",""
938707,"10.1016/0301-0511(76)90030-2",0,"Not Related to HER","Psychophysical judgment: electro-cortical and heart rate correlates of accuracy and uncertainty","Simons RF, Lang PJ.","Biol Psychol. 1976 Mar;4(1):51-64. doi: 10.1016/0301-0511(76)90030-2.",1976,,"",,"",,,,"",,"","","","","","","","","","","","","","","","","","","","","","",,,"","","","","","","","",,,"","","","","","","","","",,,"",,"","","","","","","",""
888655,"",0,"Not Related to HER","Changes in the contingent negative variation at different intervals between stimuli [proceedings]","Dincheva E, Tsaneva N.","Act Nerv Super (Praha). 1977 May;19(2):138-40.",1977,,"",,"",,,,"",,"","","","","","","","","","","","","","","","","","","","","","",,,"","","","","","","","",,,"","","","","","","","","",,,"",,"","","","","","","",""
840599,"10.2466/pms.1977.44.1.275",0,"Not Related to HER","Cardiac deceleration as an indicator of correct performance","Carriero NJ, Fite J Jr.","Percept Mot Skills. 1977 Feb;44(1):275-82. doi: 10.2466/pms.1977.44.1.275.",1977,,"",,"",,,,"",,"","","","","","","","","","","","","","","","","","","","","","",,,"","","","","","","","",,,"","","","","","","","","",,,"",,"","","","","","","",""
753626,"10.1159/000115014",0,"Not Related to HER","Cerebral metabolic, hemodynamic and antihypoxic properties of l-eburnamonine","Linée P, Lacroix P, Le Polles JB, Aurousseau M, Boulu R, Van den Driessche J, Albert O.","Eur Neurol. 1978;17 Suppl 1:113-20. doi: 10.1159/000115014.",1978,,"",,"",,,,"",,"","","","","","","","","","","","","","","","","","","","","","",,,"","","","","","","","",,,"","","","","","","","","",,,"",,"","","","","","","",""
732887,"10.1007/BF00508279",0,"Not Related to HER","The effect of dopamine on the overflow of endogenous noradrenaline from the perfused rabbit heart evoked by sympathetic nerve stimulation","Fuder H, Muscholl E.","Naunyn Schmiedebergs Arch Pharmacol. 1978 Nov;305(2):109-15. doi: 10.1007/BF00508279.",1978,,"",,"",,,,"",,"","","","","","","","","","","","","","","","","","","","","","",,,"","","","","","","","",,,"","","","","","","","","",,,"",,"","","","","","","",""
619947,"10.1111/j.1365-2125.1978.tb01614.x",0,"Not Related to HER","Central nervous system depressant actions of clonidine and UK-14,304: partial dissociation of EEG and behavioural effects","Ashton H, Rawlins MD.","Br J Clin Pharmacol. 1978 Feb;5(2):135-40. doi: 10.1111/j.1365-2125.1978.tb01614.x.",1978,,"",,"",,,,"",,"","","","","","","","","","","","","","","","","","","","","","",,,"","","","","","","","",,,"","","","","","","","","",,,"",,"","","","","","","",""
551738,"10.1016/s0387-7604(79)80035-2",0,"Not Related to HER","Heart rate variability in full-term normal and abnormal newborn infants during sleep","Miyazaki S, Watanabe K, Hara K.","Brain Dev. 1979;1(1):57-60. doi: 10.1016/s0387-7604(79)80035-2.",1979,,"",,"",,,,"",,"","","","","","","","","","","","","","","","","","","","","","",,,"","","","","","","","",,,"","","","","","","","","",,,"",,"","","","","","","",""
543441,"10.1016/0001-6918(79)90025-8",0,"Not Related to HER","Slow cortical and heart rate correlates of discrimination performance","Gaillard AW, Perdok J.","Acta Psychol (Amst). 1979 May;43(3):185-98. doi: 10.1016/0001-6918(79)90025-8.",1979,,"",,"",,,,"",,"","","","","","","","","","","","","","","","","","","","","","",,,"","","","","","","","",,,"","","","","","","","","",,,"",,"","","","","","","",""
523172,"10.1016/0304-3959(79)90007-1",0,"Not Related to HER","Effects of the synthetic enkephalin analogue FK 33-824 on pain threshold and pain tolerance in man","Stacher G, Bauer P, Steinringer H, Schreiber E, Schmierer G.","Pain. 1979 Oct;7(2):159-172. doi: 10.1016/0304-3959(79)90007-1.",1979,,"",,"",,,,"",,"","","","","","","","","","","","","","","","","","","","","","",,,"","","","","","","","",,,"","","","","","","","","",,,"",,"","","","","","","",""
504423,"10.1016/0031-9384(79)90374-3",0,"Not Related to HER","Cholecystokinin decreases appetite and activation evoked by stimuli arising from the preparation of a meal in man","Stacher G, Bauer H, Steinringer H.","Physiol Behav. 1979 Aug;23(2):325-31. doi: 10.1016/0031-9384(79)90374-3.",1979,,"",,"",,,,"",,"","","","","","","","","","","","","","","","","","","","","","",,,"","","","","","","","",,,"","","","","","","","","",,,"",,"","","","","","","",""
491873,"",0,"Not Related to HER","Visual evoked potentials and signal detection following a marathon race","Gliner JA, Matsen-Twisdale JA, Horvath SM, Maron MB.","Med Sci Sports. 1979 Summer;11(2):155-9.",1979,,"",,"",,,,"",,"","","","","","","","","","","","","","","","","","","","","","",,,"","","","","","","","",,,"","","","","","","","","",,,"",,"","","","","","","",""
470396,"10.15288/jsa.1979.40.472",0,"Not Related to HER","Physiological responses of men alcoholics and controls to varying sensory stimulation","Ludwig AM, Wikler A, Buchsbaum M, Cain RB, Vannier MW.","J Stud Alcohol. 1979 May;40(5):472-5. doi: 10.15288/jsa.1979.40.472.",1979,,"",,"",,,,"",,"","","","","","","","","","","","","","","","","","","","","","",,,"","","","","","","","",,,"","","","","","","","","",,,"",,"","","","","","","",""
464884,"10.1001/archotol.1979.00790200029006",0,"Not Related to HER","Effects of pentobaribtal and ketamine on brain stem auditory potentials. Latency and amplitude intensity functions after intraperitoneal administration","Bobbin RP, May JG, Lemoine RL.","Arch Otolaryngol. 1979 Aug;105(8):467-70. doi: 10.1001/archotol.1979.00790200029006.",1979,,"",,"",,,,"",,"","","","","","","","","","","","","","","","","","","","","","",,,"","","","","","","","",,,"","","","","","","","","",,,"",,"","","","","","","",""
365124,"10.1001/archpsyc.1978.01770290053005",0,"Not Related to HER","Psychophysiological correlates of the practice of Tantric Yoga meditation","Corby JC, Roth WT, Zarcone VP Jr, Kopell BS.","Arch Gen Psychiatry. 1978 May;35(5):571-7. doi: 10.1001/archpsyc.1978.01770290053005.",1978,,"",,"",,,,"",,"","","","","","","","","","","","","","","","","","","","","","",,,"","","","","","","","",,,"","","","","","","","","",,,"",,"","","","","","","",""
237601,"10.1016/0006-8993(75)90658-7",0,"Not Related to HER","Effect of pentazocine on the evoked potentials recorded in the primary somesthetic cortical areas of guinea pigs","Moyano RS, Kayser D, Grall Y, Hernandez A, Ruiz S, Paeile C.","Brain Res. 1975 May 9;88(3):475-81. doi: 10.1016/0006-8993(75)90658-7.",1975,,"",,"",,,,"",,"","","","","","","","","","","","","","","","","","","","","","",,,"","","","","","","","",,,"","","","","","","","","",,,"",,"","","","","","","",""
234698,"10.1213/00000539-197501000-00036",0,"Not Related to HER","Comparative evaluation of a new inhalation anesthetic, BAX-3224, and halothane in Macaca speciosa","Sawyer DC, Hartsfield SM, Howard DR, Cunningham JG.","Anesth Analg. 1975 Jan-Feb;54(1):144-51. doi: 10.1213/00000539-197501000-00036.",1975,,"",,"",,,,"",,"","","","","","","","","","","","","","","","","","","","","","",,,"","","","","","","","",,,"","","","","","","","","",,,"",,"","","","","","","",""
225298,"10.1007/BF01531534",0,"Not Related to HER","Overview of selected basic research in autism","Piggott LR.","J Autism Dev Disord. 1979 Jun;9(2):199-218. doi: 10.1007/BF01531534.",1979,,"",,"",,,,"",,"","","","","","","","","","","","","","","","","","","","","","",,,"","","","","","","","",,,"","","","","","","","","",,,"",,"","","","","","","",""
215613,"10.1007/BF00926054",0,"Not Related to HER","A review of psychophysiological research with hyperkinetic children","Hastings JE, Barkley RA.","J Abnorm Child Psychol. 1978 Dec;6(4):413-47. doi: 10.1007/BF00926054.",1978,,"",,"",,,,"",,"","","","","","","","","","","","","","","","","","","","","","",,,"","","","","","","","",,,"","","","","","","","","",,,"",,"","","","","","","",""
81747,"10.1016/0013-4694(78)90289-4",0,"Not Related to HER","Evoked K-complexes and cardiovascular responses to spindle-synchronous and spindle-asynchronous stimulus clicks during NREM sleep","Church MW, Johnson LC, Seales DM.","Electroencephalogr Clin Neurophysiol. 1978 Oct;45(4):443-53. doi: 10.1016/0013-4694(78)90289-4.",1978,,"",,"",,,,"",,"","","","","","","","","","","","","","","","","","","","","","",,,"","","","","","","","",,,"","","","","","","","","",,,"",,"","","","","","","",""
60215,"10.1016/0013-4694(76)90120-6",0,"Not Related to HER","Contingent negative variation and the distraction--arousal hypothesis","Tecce JJ, Savignano-Bowman J, Meinbresse D.","Electroencephalogr Clin Neurophysiol. 1976 Sep;41(3):277-86. doi: 10.1016/0013-4694(76)90120-6.",1976,,"",,"",,,,"",,"","","","","","","","","","","","","","","","","","","","","","",,,"","","","","","","","",,,"","","","","","","","","",,,"",,"","","","","","","",""
42141,"10.1093/schbul/5.4.581",0,"Not Related to HER","Recent studies of psychophysiology in schizophrenia","Spohn HE, Patterson T.","Schizophr Bull. 1979;5(4):581-611. doi: 10.1093/schbul/5.4.581.",1979,,"",,"",,,,"",,"","","","","","","","","","","","","","","","","","","","","","",,,"","","","","","","","",,,"","","","","","","","","",,,"",,"","","","","","","",""
