"PMID","title","authors","year","preregistration","sample_size","setting","modality","meeg_num_electrodes","meeg_layout","eeg_locations","length_min","ecg_num_electrodes","ecg_lead","ecg_locations","ecg_ground","reference_online","reference_offline","high_pass","low_pass","ICA","ica_on_epochs","rejected_components","rejected_cardiac_ics","cfa_rej_approach","cfa_rej_criteria","other_cfa_removal_strategy","other_cleaning_strategy","hep_channels_selected","groups","conditions","trials","hep_window_type","hep_relative_to","hep_start","hep_end","baseline_start_ms","baseline_end_ms","hypothesis","value","averaging_channels","averaging_time","statistics","clustering","permutations","significant_test","significant_channels","significant_relative_to","significant_start_ms","significant_end_ms","controls","trial_estimation","source","baseline_defined","method_category","method_numeric","has_resting","has_task","study_category","clean_noisy_epochs","clean_bad_channels","reject_cfa_ics","cfa_minimal_rr","cfa_use_minimal_rr","cfa_use_minimal_artifact_window","cfa_csd","cfa_regress","cfa_pca","cfa_subtract_rest","reference_category","baseline_category","determination_category","hep_approach","window_type_category","paper","trials_Mean","trials_SD","trials_original"
39048314,"When the heart meets the mind: Exploring the brain-heart interaction during time perception","Khoshnoud S, Leitritz D, Çinar Bozdağ M, Alvarez Igarzábal F, Noreika V, Wittmann M.",2024,0,30,"0","EEG",32,"standard32","Fp1, Fp2, F7, F3, Fz, F4, F8, FT9, FC5, FC1, FCz, FC2, FC6, FT10, T7, C3, Cz, C4, T8, TP9, CP5, CP1, CP2, CP6, TP10, P7, P3, Pz, P4, P8, O1, O2",NA,"2","Lead II","Right clavicle, Left abdomen","Left clavicle","Fz","Common average",1,70,"1","0","Blinks, Muscle, CFA, Eye Movements, Channel noise, Line noise, Other",NA,"Automatic","ICLabel","","Manual removal of artifacts, Sleppian filters or multi-tappers","FC1, Cz, FC2, Fz",1,6,"[est136]","Primary","R-peak",-200,600,-100,-50,"Group/Condition Differences","Amplitude","1","0","t-test","1",NA,"1","FC1, Cz, FC2, Fz","R-peak",130,520,"","est number of trials = number of actual trials (42) * 3 seconds within a trial to average HEP","pubmed","Yes","Clustering",0,FALSE,TRUE,"Task",FALSE,FALSE,TRUE,NA,FALSE,FALSE,FALSE,FALSE,FALSE,FALSE,"R-peak","Yes","Both","Clustering","Both","Khoshnoud et al. (2024)",136,NA,NA
39048314,"When the heart meets the mind: Exploring the brain-heart interaction during time perception","Khoshnoud S, Leitritz D, Çinar Bozdağ M, Alvarez Igarzábal F, Noreika V, Wittmann M.",2024,0,30,"0","EEG",32,"standard32","Fp1, Fp2, F7, F3, Fz, F4, F8, FT9, FC5, FC1, FCz, FC2, FC6, FT10, T7, C3, Cz, C4, T8, TP9, CP5, CP1, CP2, CP6, TP10, P7, P3, Pz, P4, P8, O1, O2",NA,"2","Lead II","Right clavicle, Left abdomen","Left clavicle","Fz","Common average",1,70,"1","0","Blinks, Muscle, CFA, Eye Movements, Channel noise, Line noise, Other",NA,"Automatic","ICLabel","","Manual removal of artifacts, Sleppian filters or multi-tappers","FC1, Cz, FC2, Fz",1,6,"[est136]","Secondary","R-peak",470,520,-100,-50,"Correlation","Amplitude","1","1","Correlation","0",NA,"1","FC1, Cz, FC2, Fz","",NA,NA,"","est number of trials = number of actual trials (42) * 3 seconds within a trial to average HEP","pubmed","Yes","Averaging",1,FALSE,TRUE,"Task",FALSE,FALSE,TRUE,NA,FALSE,FALSE,FALSE,FALSE,FALSE,FALSE,"R-peak","Yes","Both","Averaging","Both","Khoshnoud et al. (2024)",136,NA,NA
39048314,"When the heart meets the mind: Exploring the brain-heart interaction during time perception","Khoshnoud S, Leitritz D, Çinar Bozdağ M, Alvarez Igarzábal F, Noreika V, Wittmann M.",2024,0,30,"0","EEG",32,"standard32","Fp1, Fp2, F7, F3, Fz, F4, F8, FT9, FC5, FC1, FCz, FC2, FC6, FT10, T7, C3, Cz, C4, T8, TP9, CP5, CP1, CP2, CP6, TP10, P7, P3, Pz, P4, P8, O1, O2",NA,"2","Lead II","Right clavicle, Left abdomen","Left clavicle","Fz","Common average",1,70,"1","0","Blinks, Muscle, CFA, Eye Movements, Channel noise, Line noise, Other",NA,"Automatic","ICLabel","","Manual removal of artifacts, Sleppian filters or multi-tappers","FC1, Cz, FC2, Fz",1,6,"[est136]","Secondary","R-peak",130,270,-100,-50,"Correlation","Amplitude","1","1","Regression","0",NA,"1","FC1, Cz, FC2, Fz","",NA,NA,"","est number of trials = number of actual trials (42) * 3 seconds within a trial to average HEP","pubmed","Yes","Averaging",1,FALSE,TRUE,"Task",FALSE,FALSE,TRUE,NA,FALSE,FALSE,FALSE,FALSE,FALSE,FALSE,"R-peak","Yes","Both","Averaging","Both","Khoshnoud et al. (2024)",136,NA,NA
39048314,"When the heart meets the mind: Exploring the brain-heart interaction during time perception","Khoshnoud S, Leitritz D, Çinar Bozdağ M, Alvarez Igarzábal F, Noreika V, Wittmann M.",2024,0,30,"0","EEG",32,"standard32","Fp1, Fp2, F7, F3, Fz, F4, F8, FT9, FC5, FC1, FCz, FC2, FC6, FT10, T7, C3, Cz, C4, T8, TP9, CP5, CP1, CP2, CP6, TP10, P7, P3, Pz, P4, P8, O1, O2",NA,"2","Lead II","Right clavicle, Left abdomen","Left clavicle","Fz","Common average",1,70,"1","0","Blinks, Muscle, CFA, Eye Movements, Channel noise, Line noise, Other",NA,"Automatic","ICLabel","","Manual removal of artifacts, Sleppian filters or multi-tappers","FC1, Cz, FC2, Fz",1,6,"[est136]","Secondary","R-peak",470,520,-100,-50,"Correlation","Amplitude","1","1","Regression","0",NA,"1","FC1, Cz, FC2, Fz","",NA,NA,"","est number of trials = number of actual trials (42) * 3 seconds within a trial to average HEP","pubmed","Yes","Averaging",1,FALSE,TRUE,"Task",FALSE,FALSE,TRUE,NA,FALSE,FALSE,FALSE,FALSE,FALSE,FALSE,"R-peak","Yes","Both","Averaging","Both","Khoshnoud et al. (2024)",136,NA,NA
39035777,"Heartbeat-evoked potentials following voluntary hyperventilation in epilepsy patients: respiratory influences on cardiac interoception","Stoupi NA, Weijs ML, Imbach L, Lenggenhager B.",2024,1,40,"0","EEG",23,"standard19","Fp1, Fp2, F7, F3, Fz, F4, F8, T3, C3, Cz, C4, T4, T5, P3, Pz, P4, T6, O1, O2, A1, A2, T9, T10",3,"3","Multiple
leads","Right wrist, Left wrist, Left leg","3-lead","[C3 and C4]","Common average",0.16,30,"1","0","Eye movements, Blinks, Muscle",NA,"","","RR at least 700 ms","Artifact Subspace Reconstruction (ASR), noisy epochs","Fp1, Fp2, F7, F3, Fz, F4, F8, T3, C3, Cz, C4, T4, T5, P3, Pz, P4, T6, O1, O2, A1, A2, T9, T10",1,2,"189","Primary","R-peak",200,650,NA,NA,"Group/Condition Differences","Amplitude","0","0","t-test","1",1000,"1","Fp1, F3, C3, F7, Fz","R-peak",530,560,"HR, rrHRV, RMSSD, ECG","","pubmed","No","Clustering",0,TRUE,TRUE,"Both",TRUE,FALSE,FALSE,700,TRUE,FALSE,FALSE,FALSE,FALSE,FALSE,"R-peak","No","Both","Clustering","Both","Stoupi et al. (2024)",189,NA,189
39035777,"Heartbeat-evoked potentials following voluntary hyperventilation in epilepsy patients: respiratory influences on cardiac interoception","Stoupi NA, Weijs ML, Imbach L, Lenggenhager B.",2024,1,40,"0","EEG",23,"standard19","Fp1, Fp2, F7, F3, Fz, F4, F8, T3, C3, Cz, C4, T4, T5, P3, Pz, P4, T6, O1, O2, A1, A2, T9, T10",3,"3","Multiple
leads","Right wrist, Left wrist, Left leg","3-lead","[C3 and C4]","Common average",0.16,30,"1","0","Eye movements, Blinks, Muscle",NA,"","","RR at least 700 ms","Artifact Subspace Reconstruction (ASR), noisy epochs","Fp1, F3, C3, F7, Fz",1,2,"189","Secondary","R-peak",530,560,NA,NA,"Group/Condition Differences","Amplitude","1","1","t-test","0",NA,"1","Fp1, F3, C3, F7, Fz","",NA,NA,"","","pubmed","No","Averaging",1,TRUE,TRUE,"Both",TRUE,FALSE,FALSE,700,TRUE,FALSE,FALSE,FALSE,FALSE,FALSE,"R-peak","No","Both","Averaging","Both","Stoupi et al. (2024)",189,NA,189
39035777,"Heartbeat-evoked potentials following voluntary hyperventilation in epilepsy patients: respiratory influences on cardiac interoception","Stoupi NA, Weijs ML, Imbach L, Lenggenhager B.",2024,1,76,"1","EEG",23,"standard19","Fp1, Fp2, F7, F3, Fz, F4, F8, T3, C3, Cz, C4, T4, T5, P3, Pz, P4, T6, O1, O2, A1, A2, T9, T10",3,"3","Multiple
leads","Right wrist, Left wrist, Left leg","3-lead","[C3 and C4]","Common average",0.16,30,"1","0","Eye movements, Blinks, Muscle",NA,"","","RR at least 700 ms","Artifact Subspace Reconstruction (ASR), noisy epochs","Fp1, Fp2, F7, F3, Fz, F4, F8, T3, C3, Cz, C4, T4, T5, P3, Pz, P4, T6, O1, O2, A1, A2, T9, T10",2,1,"180","Primary","R-peak",200,650,NA,NA,"Group/Condition Differences","Amplitude","0","0","t-test","1",1000,"1","P3, O1, O2, T3, T5, Pz, T9","R-peak",310,365,"HR, rrHRV, RMSSD, ECG","","pubmed","No","Clustering",0,TRUE,TRUE,"Both",TRUE,FALSE,FALSE,700,TRUE,FALSE,FALSE,FALSE,FALSE,FALSE,"R-peak","No","Both","Clustering","Both","Stoupi et al. (2024)",180,NA,180
39035777,"Heartbeat-evoked potentials following voluntary hyperventilation in epilepsy patients: respiratory influences on cardiac interoception","Stoupi NA, Weijs ML, Imbach L, Lenggenhager B.",2024,1,76,"1","EEG",23,"standard19","Fp1, Fp2, F7, F3, Fz, F4, F8, T3, C3, Cz, C4, T4, T5, P3, Pz, P4, T6, O1, O2, A1, A2, T9, T10",3,"3","Multiple
leads","Right wrist, Left wrist, Left leg","3-lead","[C3 and C4]","Common average",0.16,30,"1","0","Eye movements, Blinks, Muscle",NA,"","","RR at least 700 ms","Artifact Subspace Reconstruction (ASR), noisy epochs","P3, O1, O2, T3, T5, Pz, T9",2,1,"180","Secondary","R-peak",310,365,NA,NA,"Group/Condition Differences","Amplitude","1","1","t-test","0",NA,"1","P3, O1, O2, T3, T5, Pz, T9","",NA,NA,"","","pubmed","No","Averaging",1,TRUE,TRUE,"Both",TRUE,FALSE,FALSE,700,TRUE,FALSE,FALSE,FALSE,FALSE,FALSE,"R-peak","No","Both","Averaging","Both","Stoupi et al. (2024)",180,NA,180
39035777,"Heartbeat-evoked potentials following voluntary hyperventilation in epilepsy patients: respiratory influences on cardiac interoception","Stoupi NA, Weijs ML, Imbach L, Lenggenhager B.",2024,1,76,"1","EEG",23,"standard19","Fp1, Fp2, F7, F3, Fz, F4, F8, T3, C3, Cz, C4, T4, T5, P3, Pz, P4, T6, O1, O2, A1, A2, T9, T10",3,"3","Multiple
leads","Right wrist, Left wrist, Left leg","3-lead","[C3 and C4]","Common average",0.16,30,"1","0","Eye movements, Blinks, Muscle",NA,"","","RR at least 700 ms","Artifact Subspace Reconstruction (ASR), noisy epochs","Fp1, Fp2, F7, F3, Fz, F4, F8, T3, C3, Cz, C4, T4, T5, P3, Pz, P4, T6, O1, O2, A1, A2, T9, T10",2,1,"192","Primary","R-peak",200,650,NA,NA,"Group/Condition Differences","Amplitude","0","0","t-test","1",1000,"1","F8, T4, T6, T10, C3, P3, O1, T3, T5, Pz, T9","R-peak",280,360,"HR, rrHRV, RMSSD, ECG","","pubmed","No","Clustering",0,TRUE,TRUE,"Both",TRUE,FALSE,FALSE,700,TRUE,FALSE,FALSE,FALSE,FALSE,FALSE,"R-peak","No","Both","Clustering","Both","Stoupi et al. (2024)",192,NA,192
39035777,"Heartbeat-evoked potentials following voluntary hyperventilation in epilepsy patients: respiratory influences on cardiac interoception","Stoupi NA, Weijs ML, Imbach L, Lenggenhager B.",2024,1,76,"1","EEG",23,"standard19","Fp1, Fp2, F7, F3, Fz, F4, F8, T3, C3, Cz, C4, T4, T5, P3, Pz, P4, T6, O1, O2, A1, A2, T9, T10",3,"3","Multiple
leads","Right wrist, Left wrist, Left leg","3-lead","[C3 and C4]","Common average",0.16,30,"1","0","Eye movements, Blinks, Muscle",NA,"","","RR at least 700 ms","Artifact Subspace Reconstruction (ASR), noisy epochs","F8, T4, T6, T10",2,1,"192","Secondary","R-peak",280,305,NA,NA,"Group/Condition Differences","Amplitude","1","1","t-test","0",NA,"1","F8, T4, T6, T10","",NA,NA,"","","pubmed","No","Averaging",1,TRUE,TRUE,"Both",TRUE,FALSE,FALSE,700,TRUE,FALSE,FALSE,FALSE,FALSE,FALSE,"R-peak","No","Both","Averaging","Both","Stoupi et al. (2024)",192,NA,192
39035777,"Heartbeat-evoked potentials following voluntary hyperventilation in epilepsy patients: respiratory influences on cardiac interoception","Stoupi NA, Weijs ML, Imbach L, Lenggenhager B.",2024,1,76,"1","EEG",23,"standard19","Fp1, Fp2, F7, F3, Fz, F4, F8, T3, C3, Cz, C4, T4, T5, P3, Pz, P4, T6, O1, O2, A1, A2, T9, T10",3,"3","Multiple
leads","Right wrist, Left wrist, Left leg","3-lead","[C3 and C4]","Common average",0.16,30,"1","0","Eye movements, Blinks, Muscle",NA,"","","RR at least 700 ms","Artifact Subspace Reconstruction (ASR), noisy epochs","C3, P3, O1, T3, T5, Pz, T9",2,1,"192","Secondary","R-peak",290,360,NA,NA,"Group/Condition Differences","Amplitude","1","1","t-test","0",NA,"1","C3, P3, O1, T3, T5, Pz, T9","",NA,NA,"","","pubmed","No","Averaging",1,TRUE,TRUE,"Both",TRUE,FALSE,FALSE,700,TRUE,FALSE,FALSE,FALSE,FALSE,FALSE,"R-peak","No","Both","Averaging","Both","Stoupi et al. (2024)",192,NA,192
39035777,"Heartbeat-evoked potentials following voluntary hyperventilation in epilepsy patients: respiratory influences on cardiac interoception","Stoupi NA, Weijs ML, Imbach L, Lenggenhager B.",2024,1,76,"1","EEG",23,"standard19","Fp1, Fp2, F7, F3, Fz, F4, F8, T3, C3, Cz, C4, T4, T5, P3, Pz, P4, T6, O1, O2, A1, A2, T9, T10",3,"3","Multiple
leads","Right wrist, Left wrist, Left leg","3-lead","[C3 and C4]","Common average",0.16,30,"1","0","Eye movements, Blinks, Muscle",NA,"","","RR at least 700 ms","Artifact Subspace Reconstruction (ASR), noisy epochs","Fp1, Fp2, F7, F3, Fz, F4, F8, T3, C3, Cz, C4, T4, T5, P3, Pz, P4, T6, O1, O2, A1, A2, T9, T10",2,1,"194","Primary","R-peak",200,650,NA,NA,"Group/Condition Differences","Amplitude","0","0","t-test","1",1000,"1","F4, C4, Cz, Pz","R-peak",560,585,"HR, rrHRV, RMSSD, ECG","","pubmed","No","Clustering",0,TRUE,TRUE,"Both",TRUE,FALSE,FALSE,700,TRUE,FALSE,FALSE,FALSE,FALSE,FALSE,"R-peak","No","Both","Clustering","Both","Stoupi et al. (2024)",194,NA,194
39035777,"Heartbeat-evoked potentials following voluntary hyperventilation in epilepsy patients: respiratory influences on cardiac interoception","Stoupi NA, Weijs ML, Imbach L, Lenggenhager B.",2024,1,76,"1","EEG",23,"standard19","Fp1, Fp2, F7, F3, Fz, F4, F8, T3, C3, Cz, C4, T4, T5, P3, Pz, P4, T6, O1, O2, A1, A2, T9, T10",3,"3","Multiple
leads","Right wrist, Left wrist, Left leg","3-lead","[C3 and C4]","Common average",0.16,30,"1","0","Eye movements, Blinks, Muscle",NA,"","","RR at least 700 ms","Artifact Subspace Reconstruction (ASR), noisy epochs","F4, C4, Cz, Pz",2,1,"194","Secondary","R-peak",560,585,NA,NA,"Group/Condition Differences","Amplitude","1","1","t-test","0",NA,"1","F4, C4, Cz, Pz","",NA,NA,"","","pubmed","No","Averaging",1,TRUE,TRUE,"Both",TRUE,FALSE,FALSE,700,TRUE,FALSE,FALSE,FALSE,FALSE,FALSE,"R-peak","No","Both","Averaging","Both","Stoupi et al. (2024)",194,NA,194
38860229,"Heartbeat evoked potentials and autonomic arousal during dissociative seizures: insights from electrophysiology and neuroimaging","Flasbeck V, Jungilligens J, Lemke I, Beckers J, Öztürk H, Wellmer J, Seliger C, Juckel G, Popkirov S.",2024,0,24,"0","EEG",19,"standard19","Fp1, Fpz, Fp2, F7, F3, Fz, F4, F8, T3, C3, Cz, C4, T4, T5, P3, Pz, P4, T6, O1, Oz, O2",2,"2","N/M","unknown","unknown","unknown","Linked earlobes",0.1,35,"1","0","Eye movements",NA,"","","","Noisy epochs","F7, F8, Fz, F3, F4, Fp1, Fp2, Fpz, C3, C4, Cz",1,2,"176+-47","Primary","R-peak",250,455,-125,-25,"Group/Condition Differences","Amplitude","0","1","ANOVA","0",NA,"1","F7, F8, Fz, F3, F4, Fp1, Fp2, Fpz, C3, C4, Cz","",NA,NA,"ECG","","pubmed","Yes","Averaging",1,TRUE,TRUE,"Both",TRUE,FALSE,FALSE,NA,FALSE,FALSE,FALSE,FALSE,FALSE,FALSE,"R-peak","Yes","Averaging","Averaging","Primary","Flasbeck et al. (2024)",176,47,176
38860229,"Heartbeat evoked potentials and autonomic arousal during dissociative seizures: insights from electrophysiology and neuroimaging","Flasbeck V, Jungilligens J, Lemke I, Beckers J, Öztürk H, Wellmer J, Seliger C, Juckel G, Popkirov S.",2024,0,24,"0","EEG",19,"standard19","Fp1, Fpz, Fp2, F7, F3, Fz, F4, F8, T3, C3, Cz, C4, T4, T5, P3, Pz, P4, T6, O1, Oz, O2",2,"2","N/M","unknown","unknown","unknown","Linked earlobes",0.1,35,"1","0","Eye movements",NA,"","","","Noisy epochs","F7, F8, Fz, F3, F4, Fp1, Fp2, Fpz, C3, C4, Cz",1,2,"176+-47","Primary","R-peak",455,595,-125,-25,"Group/Condition Differences","Amplitude","0","1","ANOVA","0",NA,"0","","",NA,NA,"ECG","","pubmed","Yes","Averaging",1,TRUE,TRUE,"Both",TRUE,FALSE,FALSE,NA,FALSE,FALSE,FALSE,FALSE,FALSE,FALSE,"R-peak","Yes","Averaging","Averaging","Primary","Flasbeck et al. (2024)",176,47,176
38860229,"Heartbeat evoked potentials and autonomic arousal during dissociative seizures: insights from electrophysiology and neuroimaging","Flasbeck V, Jungilligens J, Lemke I, Beckers J, Öztürk H, Wellmer J, Seliger C, Juckel G, Popkirov S.",2024,0,23,"1","EEG",19,"standard19","Fp1, Fpz, Fp2, F7, F3, Fz, F4, F8, T3, C3, Cz, C4, T4, T5, P3, Pz, P4, T6, O1, Oz, O2",2,"2","N/M","unknown","unknown","unknown","Linked earlobes",0.1,35,"1","0","Eye movements",NA,"","","","Noisy epochs","F7, F8, Fz",1,1,"176+-47","Primary","R-peak",250,455,-125,-25,"Correlation","Amplitude","0","1","Correlation","0",NA,"1","F7, F8, Fz","",NA,NA,"ECG","","pubmed","Yes","Averaging",1,TRUE,TRUE,"Both",TRUE,FALSE,FALSE,NA,FALSE,FALSE,FALSE,FALSE,FALSE,FALSE,"R-peak","Yes","Averaging","Averaging","Primary","Flasbeck et al. (2024)",176,47,176
38860229,"Heartbeat evoked potentials and autonomic arousal during dissociative seizures: insights from electrophysiology and neuroimaging","Flasbeck V, Jungilligens J, Lemke I, Beckers J, Öztürk H, Wellmer J, Seliger C, Juckel G, Popkirov S.",2024,0,16,"1","EEG",19,"standard19","Fp1, Fpz, Fp2, F7, F3, Fz, F4, F8, T3, C3, Cz, C4, T4, T5, P3, Pz, P4, T6, O1, Oz, O2",2,"2","N/M","unknown","unknown","unknown","Linked earlobes",0.1,35,"1","0","Eye movements",NA,"","","","Noisy epochs","F7, F8, Fz",1,1,"176+-47","Primary","R-peak",250,455,-125,-25,"Correlation","Amplitude","0","1","Correlation","0",NA,"1","F7, F8, Fz","",NA,NA,"Age, sex, total intracranial volume, scanner type","","pubmed","Yes","Averaging",1,TRUE,TRUE,"Both",TRUE,FALSE,FALSE,NA,FALSE,FALSE,FALSE,FALSE,FALSE,FALSE,"R-peak","Yes","Averaging","Averaging","Primary","Flasbeck et al. (2024)",176,47,176
38839034,"Intranasal Oxytocin Improves Interoceptive Accuracy and Heartbeat-Evoked Potentials During a Cardiac Interoceptive Task","Zhou M, Cheng L, Zhou Y, Zhu S, Zhang Y, Kendrick KM, Yao S.",2024,0,72,"0","EEG",64,"standard61","Fp1, Fpz, Fp2, AF7, AF3, AFz, AF4, AF8, F7, F5, F3, F1, Fz, F2, F4, F6, F8, FT7, FC5, FC3, FC1, FCz, FC2, FC4, FC6, FT8, T7, C5, C3, C1, Cz, C2, C4, C6, T8, TP7, CP5, CP3, CP1, CPz, CP2, CP4, CP6, TP8, P7, P5, P3, P1, Pz, P2, P4, P6, P8, PO7, PO3, POz, PO4, PO8, O1, Oz, O2",3,"2","Lead II","Left leg, Right wrist","unknown","Cz","Common average",0.1,40,"1","0","Eye movements, Muscle, CFA",NA,"unknown","unknown","","Noisy epochs","FC1, FCz, FC2, FC4, C1, Cz, C2, C4",2,1,"[est160]","Primary","R-peak",480,600,NA,NA,"Group/Condition Differences","Amplitude","1","1","t-test","0",NA,"1","FC1, FCz, FC2, FC4, C1, Cz, C2, C4","",NA,NA,"HR, HRV","est number of trials = min of recording * (1-average proportion of trials removed during cleaning)*60 bpm","pubmed","Unknown","Averaging",1,FALSE,TRUE,"Task",TRUE,FALSE,TRUE,NA,FALSE,FALSE,FALSE,FALSE,FALSE,FALSE,"R-peak","Unknown","Averaging","Averaging","Primary","Zhou et al. (2024)",160,NA,NA
38839034,"Intranasal Oxytocin Improves Interoceptive Accuracy and Heartbeat-Evoked Potentials During a Cardiac Interoceptive Task","Zhou M, Cheng L, Zhou Y, Zhu S, Zhang Y, Kendrick KM, Yao S.",2024,0,35,"0","EEG",64,"standard61","Fp1, Fpz, Fp2, AF7, AF3, AFz, AF4, AF8, F7, F5, F3, F1, Fz, F2, F4, F6, F8, FT7, FC5, FC3, FC1, FCz, FC2, FC4, FC6, FT8, T7, C5, C3, C1, Cz, C2, C4, C6, T8, TP7, CP5, CP3, CP1, CPz, CP2, CP4, CP6, TP8, P7, P5, P3, P1, Pz, P2, P4, P6, P8, PO7, PO3, POz, PO4, PO8, O1, Oz, O2",3,"2","Lead II","Left leg, Right wrist","unknown","Cz","Common average",0.1,40,"1","0","Eye movements, Muscle, CFA",NA,"unknown","unknown","","Noisy epochs","FC1, FCz, FC2, FC4, C1, Cz, C2, C4",1,1,"[est160]","Primary","R-peak",480,600,NA,NA,"Correlation","Amplitude","1","1","Correlation","0",NA,"0","","",NA,NA,"HR, HRV","est number of trials = min of recording * (1-average proportion of trials removed during cleaning)*60 bpm","pubmed","Unknown","Averaging",1,FALSE,TRUE,"Task",TRUE,FALSE,TRUE,NA,FALSE,FALSE,FALSE,FALSE,FALSE,FALSE,"R-peak","Unknown","Averaging","Averaging","Primary","Zhou et al. (2024)",160,NA,NA
38839034,"Intranasal Oxytocin Improves Interoceptive Accuracy and Heartbeat-Evoked Potentials During a Cardiac Interoceptive Task","Zhou M, Cheng L, Zhou Y, Zhu S, Zhang Y, Kendrick KM, Yao S.",2024,0,72,"0","EEG",64,"standard61","Fp1, Fpz, Fp2, AF7, AF3, AFz, AF4, AF8, F7, F5, F3, F1, Fz, F2, F4, F6, F8, FT7, FC5, FC3, FC1, FCz, FC2, FC4, FC6, FT8, T7, C5, C3, C1, Cz, C2, C4, C6, T8, TP7, CP5, CP3, CP1, CPz, CP2, CP4, CP6, TP8, P7, P5, P3, P1, Pz, P2, P4, P6, P8, PO7, PO3, POz, PO4, PO8, O1, Oz, O2",4,"2","Lead II","Left leg, Right wrist","unknown","Cz","Common average",0.1,40,"1","0","Eye movements, Muscle, CFA",NA,"unknown","unknown","","Noisy epochs","FC1, FCz, FC2, FC4, C1, Cz, C2, C4",2,1,"[est213]","Primary","R-peak",480,600,NA,NA,"Group/Condition Differences","Amplitude","1","1","t-test","0",NA,"0","","",NA,NA,"HR, HRV","est number of trials = min of recording * (1-average proportion of trials removed during cleaning)*60 bpm","pubmed","Unknown","Averaging",1,FALSE,TRUE,"Task",TRUE,FALSE,TRUE,NA,FALSE,FALSE,FALSE,FALSE,FALSE,FALSE,"R-peak","Unknown","Averaging","Averaging","Primary","Zhou et al. (2024)",213,NA,NA
38811512,"Resting-State EEG Signature of Early Consciousness Recovery in Comatose Patients with Traumatic Brain Injury","Alkhachroum A, Fló E, Manolovitz B, Cohan H, Shammassian B, Bass D, Aklepi G, Monexe E, Ghamasaee P, Sobczak E, Samano D, Saavedra AB, Massad N, Kottapally M, Merenda A, Cordeiro JG, Jagid J, Kanner AM, Rundek T, O'Phelan K, Claassen J, Sitt JD.",2024,0,100,"1","EEG",19,"standard19","Fp1, Fp2, F7, F3, Fz, F4, F8, T3, C3, Cz, C4, T4, T5, P3, Pz, P4, T6, O1, O2",10,"unknown","N/C","unknown","unknown","Cz","Common average",0.5,40,"0",NA,"",NA,"","","","Manual removal of artifacts","Cz",2,1,"695+-160","Primary","R-peak",0,600,NA,NA,"Group/Condition Differences","Amplitude","0","0","t-test","1",NA,"0","","",NA,NA,"","","pubmed","Unknown","Clustering",0,TRUE,FALSE,"Rest",FALSE,FALSE,FALSE,NA,FALSE,FALSE,FALSE,FALSE,FALSE,FALSE,"R-peak","Unknown","Clustering","Clustering","Both","Alkhachroum et al. (2024)",695,160,695
38811512,"Resting-State EEG Signature of Early Consciousness Recovery in Comatose Patients with Traumatic Brain Injury","Alkhachroum A, Fló E, Manolovitz B, Cohan H, Shammassian B, Bass D, Aklepi G, Monexe E, Ghamasaee P, Sobczak E, Samano D, Saavedra AB, Massad N, Kottapally M, Merenda A, Cordeiro JG, Jagid J, Kanner AM, Rundek T, O'Phelan K, Claassen J, Sitt JD.",2024,0,100,"1","EEG",19,"standard19","Fp1, Fp2, F7, F3, Fz, F4, F8, T3, C3, Cz, C4, T4, T5, P3, Pz, P4, T6, O1, O2",10,"unknown","N/C","unknown","unknown","Cz","Common average",0.5,40,"0",NA,"",NA,"","","","Manual removal of artifacts","Cz",2,1,"695+-160","Secondary","R-peak",600,800,NA,NA,"Group/Condition Differences","Amplitude","0","0","t-test","1",NA,"0","","",NA,NA,"","","pubmed","Unknown","Clustering",0,TRUE,FALSE,"Rest",FALSE,FALSE,FALSE,NA,FALSE,FALSE,FALSE,FALSE,FALSE,FALSE,"R-peak","Unknown","Clustering","Clustering","Both","Alkhachroum et al. (2024)",695,160,695
38797841,"A neurophysiological profiling of the heartbeat-evoked potential in severe acquired brain injuries: A focus on unconsciousness","Liuzzi P, Cassioli T, Secci S, Hakiki B, Scarpino M, Burali R, di Palma A, Toci T, Grippo A, Cecchi F, Frosini A, Mannini A.",2024,0,216,"1","EEG",19,"standard19","Fp1, Fp2, F7, F8, F3, F4, C3, C4, T3, T4, P3, P4, T5, T6, O1, O2, Fz, Cz, Pz",5,"2","N/C","Right chest, Left chest","unknown","unknown","Common average",1,NA,"1","0","Blinks, CFA, Eye movements, Muscle, Channel noise, Line noise, Other",NA,"Automatic","IClabel","","Bad channels","Fp1, Fp2, F7, F8, F3, F4, C3, C4, T3, T4, P3, P4, T5, T6, O1, O2, Fz, Cz, Pz",2,1,"355","Primary","R-peak",-250,250,NA,NA,"Group/Condition Differences","Global Field Power","0","0","Non-parametric comparison","0",NA,"1","","",NA,NA,"","","pubmed","Unknown","Other",0,TRUE,FALSE,"Rest",FALSE,TRUE,TRUE,NA,FALSE,FALSE,FALSE,FALSE,FALSE,FALSE,"R-peak","Unknown","None",NA,"Primary","Liuzzi et al. (2024)",355,NA,355
38797841,"A neurophysiological profiling of the heartbeat-evoked potential in severe acquired brain injuries: A focus on unconsciousness","Liuzzi P, Cassioli T, Secci S, Hakiki B, Scarpino M, Burali R, di Palma A, Toci T, Grippo A, Cecchi F, Frosini A, Mannini A.",2024,0,216,"1","EEG",19,"standard19","Fp1, Fp2, F7, F8, F3, F4, C3, C4, T3, T4, P3, P4, T5, T6, O1, O2, Fz, Cz, Pz",5,"2","N/C","Right chest, Left chest","unknown","unknown","Common average",1,NA,"1","0","Blinks, CFA, Eye movements, Muscle, Channel noise, Line noise, Other",NA,"Automatic","IClabel","","Bad channels","Fp1, Fp2, F7, F8, F3, F4, C3, C4, T3, T4, P3, P4, T5, T6, O1, O2, Fz, Cz, Pz",2,1,"355","Primary","R-peak",-250,250,NA,NA,"Group/Condition Differences","Latency","0","0","Non-parametric comparison","0",NA,"0","","",NA,NA,"","","pubmed","Unknown","Other",0,TRUE,FALSE,"Rest",FALSE,TRUE,TRUE,NA,FALSE,FALSE,FALSE,FALSE,FALSE,FALSE,"R-peak","Unknown","None",NA,"Primary","Liuzzi et al. (2024)",355,NA,355
38623333,"Attention to cardiac sensations enhances the heartbeat-evoked potential during exhalation","Zaccaro A, Della Penna F, Mussini E, Parrotta E, Perrucci MG, Costantini M, Ferri F.",2024,0,32,"0","EEG",64,"standard61","Fp1, Fp2, F7, F3, Fz, F4, F8, T7, C3, Cz, C4, T8, P7, P3, Pz, P4, P8, O1, O2, Fpz, FT9, FC5, FC1, FC2, FC6, FT10, TP9, CP5, CP1, CP2, CP6, TP10, Oz, AF7, AF3, AFz, AF4, AF8, F5, F1, F2, F6, FT7, FC3, FCz, FC4, FT8, C5, C1, C2, C6, TP7, CP3, CPz, CP4, TP8, P5, P1, P2, P6, PO7, PO3, POz, PO4, PO8",NA,"2","Lead II","Left chest, Right clavicle","Right chest","unknown","Common average",0.5,45,"1","0","Eye movements, muscle, CFA",1.5,"Manual","Time course, Topography, Power spectrum, Correlation","RR at least 600 ms","Manual removal of artifacts, Noisy epochs","Fp1, AF7, AF3, F5, F3, F1, FC5, FC3, FC1, C3, C1, C5, CP1, CP3, CP5, P1, P3, P5, PO3, Fpz, AFz, Fz, FCz, Cz, CPz, Pz, POz, Fp2, AF8, AF4, F6, F4, F2, FC6, FC4, FC2, C4, C2, C6, CP2, CP4, CP6, P2, P4, P6, PO4",1,4,"722+-87","Primary","R-peak",100,350,NA,NA,"Group/Condition Differences","Amplitude","0","0","t-test","1",10000,"1","Fp1, AF7, AF3, F3, F1, Fpz, AFz, Fz, FCz, Fp2, AF8, AF4, F2","R-peak",242,313,"ECG, HR, HFlog, HRV","","pubmed","Unknown","Clustering",0,FALSE,TRUE,"Task",TRUE,FALSE,TRUE,600,TRUE,FALSE,FALSE,FALSE,FALSE,FALSE,"R-peak","Unknown","Both","Clustering","Both","Zaccaro et al. (2024)",722,87,722
38623333,"Attention to cardiac sensations enhances the heartbeat-evoked potential during exhalation","Zaccaro A, Della Penna F, Mussini E, Parrotta E, Perrucci MG, Costantini M, Ferri F.",2024,0,32,"0","EEG",64,"standard61","Fp1, Fp2, F7, F3, Fz, F4, F8, T7, C3, Cz, C4, T8, P7, P3, Pz, P4, P8, O1, O2, Fpz, FT9, FC5, FC1, FC2, FC6, FT10, TP9, CP5, CP1, CP2, CP6, TP10, Oz, AF7, AF3, AFz, AF4, AF8, F5, F1, F2, F6, FT7, FC3, FCz, FC4, FT8, C5, C1, C2, C6, TP7, CP3, CPz, CP4, TP8, P5, P1, P2, P6, PO7, PO3, POz, PO4, PO8",NA,"2","Lead II","Left chest, Right clavicle","Right chest","unknown","Common average",0.5,45,"1","0","Eye movements, muscle, CFA",1.5,"Manual","Time course, Topography, Power spectrum, Correlation","RR at least 600 ms","Manual removal of artifacts, Noisy epochs","Fp1, AF7, AF3, F3, F1, Fpz, AFz, Fz, FCz, Fp2, AF8, AF4, F2",1,4,"722+-87","Secondary","R-peak",242,313,NA,NA,"Group/Condition Differences","Amplitude","1","1","t-test","0",NA,"0","","",NA,NA,"","","pubmed","Unknown","Averaging",1,FALSE,TRUE,"Task",TRUE,FALSE,TRUE,600,TRUE,FALSE,FALSE,FALSE,FALSE,FALSE,"R-peak","Unknown","Both","Averaging","Both","Zaccaro et al. (2024)",722,87,722
38623333,"Attention to cardiac sensations enhances the heartbeat-evoked potential during exhalation","Zaccaro A, Della Penna F, Mussini E, Parrotta E, Perrucci MG, Costantini M, Ferri F.",2024,0,32,"0","EEG",64,"standard61","Fp1, Fp2, F7, F3, Fz, F4, F8, T7, C3, Cz, C4, T8, P7, P3, Pz, P4, P8, O1, O2, Fpz, FT9, FC5, FC1, FC2, FC6, FT10, TP9, CP5, CP1, CP2, CP6, TP10, Oz, AF7, AF3, AFz, AF4, AF8, F5, F1, F2, F6, FT7, FC3, FCz, FC4, FT8, C5, C1, C2, C6, TP7, CP3, CPz, CP4, TP8, P5, P1, P2, P6, PO7, PO3, POz, PO4, PO8",NA,"2","Lead II","Left chest, Right clavicle","Right chest","unknown","Common average",0.5,45,"1","0","Eye movements, muscle, CFA",1.5,"Manual","Time course, Topography, Power spectrum, Correlation","RR at least 600 ms","Manual removal of artifacts, Noisy epochs","Fp1, AF7, AF3, F5, F3, F1, FC5, FC3, FC1, C3, C1, C5, CP1, CP3, CP5, P1, P3, P5, PO3, Fpz, AFz, Fz, FCz, Cz, CPz, Pz, POz, Fp2, AF8, AF4, F6, F4, F2, FC6, FC4, FC2, C4, C2, C6, CP2, CP4, CP6, P2, P4, P6, PO4",1,4,"722+-87","Primary","R-peak",350,600,NA,NA,"Group/Condition Differences","Amplitude","0","0","t-test","1",10000,"1","F3, F1, FC1, C3, C1, CP1, CP3, Fpz, AFz, Fz, FCz, Cz, AF4, F6, F2, FC4, FC2","R-peak",352,508,"ECG, HR","","pubmed","Unknown","Clustering",0,FALSE,TRUE,"Task",TRUE,FALSE,TRUE,600,TRUE,FALSE,FALSE,FALSE,FALSE,FALSE,"R-peak","Unknown","Both","Clustering","Both","Zaccaro et al. (2024)",722,87,722
38623333,"Attention to cardiac sensations enhances the heartbeat-evoked potential during exhalation","Zaccaro A, Della Penna F, Mussini E, Parrotta E, Perrucci MG, Costantini M, Ferri F.",2024,0,32,"0","EEG",64,"standard61","Fp1, Fp2, F7, F3, Fz, F4, F8, T7, C3, Cz, C4, T8, P7, P3, Pz, P4, P8, O1, O2, Fpz, FT9, FC5, FC1, FC2, FC6, FT10, TP9, CP5, CP1, CP2, CP6, TP10, Oz, AF7, AF3, AFz, AF4, AF8, F5, F1, F2, F6, FT7, FC3, FCz, FC4, FT8, C5, C1, C2, C6, TP7, CP3, CPz, CP4, TP8, P5, P1, P2, P6, PO7, PO3, POz, PO4, PO8",NA,"2","Lead II","Left chest, Right clavicle","Right chest","unknown","Common average",0.5,45,"1","0","Eye movements, muscle, CFA",1.5,"Manual","Time course, Topography, Power spectrum, Correlation","RR at least 600 ms","Manual removal of artifacts, Noisy epochs","F3, F1, FC1, C3, C1, CP1, CP3, Fpz, AFz, Fz, FCz, Cz, AF4, F6, F2, FC4, FC2",1,4,"722+-87","Secondary","R-peak",352,508,NA,NA,"Group/Condition Differences","Amplitude","1","1","t-test","0",NA,"1","F3, F1, FC1, C3, C1, CP1, CP3, Fpz, AFz, Fz, FCz, Cz, AF4, F6, F2, FC4, FC2","",NA,NA,"","","pubmed","Unknown","Averaging",1,FALSE,TRUE,"Task",TRUE,FALSE,TRUE,600,TRUE,FALSE,FALSE,FALSE,FALSE,FALSE,"R-peak","Unknown","Both","Averaging","Both","Zaccaro et al. (2024)",722,87,722
38623333,"Attention to cardiac sensations enhances the heartbeat-evoked potential during exhalation","Zaccaro A, Della Penna F, Mussini E, Parrotta E, Perrucci MG, Costantini M, Ferri F.",2024,0,28,"0","EEG",64,"standard61","Fp1, Fp2, F7, F3, Fz, F4, F8, T7, C3, Cz, C4, T8, P7, P3, Pz, P4, P8, O1, O2, Fpz, FT9, FC5, FC1, FC2, FC6, FT10, TP9, CP5, CP1, CP2, CP6, TP10, Oz, AF7, AF3, AFz, AF4, AF8, F5, F1, F2, F6, FT7, FC3, FCz, FC4, FT8, C5, C1, C2, C6, TP7, CP3, CPz, CP4, TP8, P5, P1, P2, P6, PO7, PO3, POz, PO4, PO8",NA,"2","Lead II","Left chest, Right clavicle","Right chest","unknown","Common average",0.5,45,"1","0","Eye movements, muscle, CFA",1.5,"Manual","Time course, Topography, Power spectrum, Correlation","RR at least 600 ms","Manual removal of artifacts, Noisy epochs","Fp1, AF7, AF3, F5, F3, F1, FC5, FC3, FC1, C3, C1, C5, CP1, CP3, CP5, P1, P3, P5, PO3, Fpz, AFz, Fz, FCz, Cz, CPz, Pz, POz, Fp2, AF8, AF4, F6, F4, F2, FC6, FC4, FC2, C4, C2, C6, CP2, CP4, CP6, P2, P4, P6, PO4",1,8,"273+-76","Primary","R-peak",100,350,NA,NA,"Group/Condition Differences","Amplitude","0","0","t-test","1",10000,"1","CP1, CP3, CP5, P1, P3, P5, PO3, CPz, Pz, POz, C4, CP2, CP4, CP6, P2, P4, P6, PO4, Fp1, AF7, AF3, F5, F3, F1, FC5, FC3, C3, C5, Fpz, AFz, Fz, FCz, Fp2, AF8, AF4, F6, F4, F2, FC6, FC4, FC2, C6","R-peak",195,336,"","","pubmed","Unknown","Clustering",0,FALSE,TRUE,"Task",TRUE,FALSE,TRUE,600,TRUE,FALSE,FALSE,FALSE,FALSE,FALSE,"R-peak","Unknown","Both","Clustering","Both","Zaccaro et al. (2024)",273,76,273
38623333,"Attention to cardiac sensations enhances the heartbeat-evoked potential during exhalation","Zaccaro A, Della Penna F, Mussini E, Parrotta E, Perrucci MG, Costantini M, Ferri F.",2024,0,28,"0","EEG",64,"standard61","Fp1, Fp2, F7, F3, Fz, F4, F8, T7, C3, Cz, C4, T8, P7, P3, Pz, P4, P8, O1, O2, Fpz, FT9, FC5, FC1, FC2, FC6, FT10, TP9, CP5, CP1, CP2, CP6, TP10, Oz, AF7, AF3, AFz, AF4, AF8, F5, F1, F2, F6, FT7, FC3, FCz, FC4, FT8, C5, C1, C2, C6, TP7, CP3, CPz, CP4, TP8, P5, P1, P2, P6, PO7, PO3, POz, PO4, PO8",NA,"2","Lead II","Left chest, Right clavicle","Right chest","unknown","Common average",0.5,45,"1","0","Eye movements, muscle, CFA",1.5,"Manual","Time course, Topography, Power spectrum, Correlation","RR at least 600 ms","Manual removal of artifacts, Noisy epochs","Fp1, AF7, AF3, F5, F3, F1, FC5, FC3, FC1, C3, C1, C5, CP1, CP3, CP5, P1, P3, P5, PO3, Fpz, AFz, Fz, FCz, Cz, CPz, Pz, POz, Fp2, AF8, AF4, F6, F4, F2, FC6, FC4, FC2, C4, C2, C6, CP2, CP4, CP6, P2, P4, P6, PO4",1,8,"273+-76","Primary","R-peak",350,600,NA,NA,"Group/Condition Differences","Amplitude","0","0","t-test","1",10000,"0","","",NA,NA,"","","pubmed","Unknown","Clustering",0,FALSE,TRUE,"Task",TRUE,FALSE,TRUE,600,TRUE,FALSE,FALSE,FALSE,FALSE,FALSE,"R-peak","Unknown","Both","Clustering","Both","Zaccaro et al. (2024)",273,76,273
38623333,"Attention to cardiac sensations enhances the heartbeat-evoked potential during exhalation","Zaccaro A, Della Penna F, Mussini E, Parrotta E, Perrucci MG, Costantini M, Ferri F.",2024,0,28,"0","EEG",64,"standard61","Fp1, Fp2, F7, F3, Fz, F4, F8, T7, C3, Cz, C4, T8, P7, P3, Pz, P4, P8, O1, O2, Fpz, FT9, FC5, FC1, FC2, FC6, FT10, TP9, CP5, CP1, CP2, CP6, TP10, Oz, AF7, AF3, AFz, AF4, AF8, F5, F1, F2, F6, FT7, FC3, FCz, FC4, FT8, C5, C1, C2, C6, TP7, CP3, CPz, CP4, TP8, P5, P1, P2, P6, PO7, PO3, POz, PO4, PO8",NA,"2","Lead II","Left chest, Right clavicle","Right chest","unknown","Common average",0.5,45,"1","0","Eye movements, muscle, CFA",1.5,"Manual","Time course, Topography, Power spectrum, Correlation","RR at least 600 ms","Manual removal of artifacts, Noisy epochs","Fp1, AF7, AF3, F5, F3, F1, FC3, FC1, Fpz, AFz, Fz, FCz, Fp2, AF8, AF4, F6, F4, F2, FC4, FC2",1,8,"273+-76","Secondary","R-peak",100,350,NA,NA,"Group/Condition Differences","Amplitude","0","0","t-test","1",10000,"1","Fp1, AF7, AF3, F5, F3, F1, FC3, FC1, AFz, Fz, FCz, AF8, AF4, F6, F4, F2, FC4","R-peak",117,266,"","","pubmed","Unknown","Clustering",0,FALSE,TRUE,"Task",TRUE,FALSE,TRUE,600,TRUE,FALSE,FALSE,FALSE,FALSE,FALSE,"R-peak","Unknown","Both","Clustering","Both","Zaccaro et al. (2024)",273,76,273
38623333,"Attention to cardiac sensations enhances the heartbeat-evoked potential during exhalation","Zaccaro A, Della Penna F, Mussini E, Parrotta E, Perrucci MG, Costantini M, Ferri F.",2024,0,28,"0","EEG",64,"standard61","Fp1, Fp2, F7, F3, Fz, F4, F8, T7, C3, Cz, C4, T8, P7, P3, Pz, P4, P8, O1, O2, Fpz, FT9, FC5, FC1, FC2, FC6, FT10, TP9, CP5, CP1, CP2, CP6, TP10, Oz, AF7, AF3, AFz, AF4, AF8, F5, F1, F2, F6, FT7, FC3, FCz, FC4, FT8, C5, C1, C2, C6, TP7, CP3, CPz, CP4, TP8, P5, P1, P2, P6, PO7, PO3, POz, PO4, PO8",NA,"2","Lead II","Left chest, Right clavicle","Right chest","unknown","Common average",0.5,45,"1","0","Eye movements, muscle, CFA",1.5,"Manual","Time course, Topography, Power spectrum, Correlation","RR at least 600 ms","Manual removal of artifacts, Noisy epochs","Fp1, AF7, AF3, F5, F3, F1, FC5, FC3, FC1, C3, C1, C5, CP1, CP3, CP5, P1, P3, P5, PO3, Fpz, AFz, Fz, FCz, Cz, CPz, Pz, POz, Fp2, AF8, AF4, F6, F4, F2, FC6, FC4, FC2, C4, C2, C6, CP2, CP4, CP6, P2, P4, P6, PO4",1,8,"273+-76","Primary","R-peak",350,600,NA,NA,"Group/Condition Differences","Amplitude","0","0","t-test","1",10000,"1","Fp1, AF3, F5, F3, F1, FC1, Fpz, AFz, Fz, Fp2, AF8, AF4, F4, F2, FC4, FC2","R-peak",430,523,"","","pubmed","Unknown","Clustering",0,FALSE,TRUE,"Task",TRUE,FALSE,TRUE,600,TRUE,FALSE,FALSE,FALSE,FALSE,FALSE,"R-peak","Unknown","Both","Clustering","Both","Zaccaro et al. (2024)",273,76,273
38518888,"Delving into the relationship between regular physical exercise and cardiac interoception in two cross-sectional studies","Yoris AE, Cira LF, Luque-Casado A, Salvotti C, Tajadura-Jiménez A, Avancini C, Zarza-Rebollo JA, Sanabria D, Perakakis P.",2024,0,45,"1","EEG",64,"standard61","Fp1, Fpz, Fp2, AF7, AF3, AFz, AF4, AF8, F7, F5, F3, F1, Fz, F2, F4, F6, F8, FT7, FC5, FC3, FC1, FCz, FC2, FC4, FC6, FT8, T7, C5, C3, C1, Cz, C2, C4, C6, T8, TP7, CP5, CP3, CP1, CPz, CP2, CP4, CP6, TP8, P9, P7, P5, P3, P1, Pz, P2, P4, P6, P8, P10, PO7, PO3, POz, PO4, PO8, O1, Oz, O2, Iz",5,"2","Lead I","Left wrist, Right wrist","unknown","unknown","unknown",0.3,30,"1","0","Blinks, Muscle, CFA",NA,"Semi-automatic","IClabel","","Noisy epochs","Fp1, Fpz, Fp2, AF7, AF3, AFz, AF4, AF8, F7, F5, F3, F1, Fz, F2, F4, F6, F8, FT7, FC5, FC3, FC1, FCz, FC2, FC4, FC6, FT8, T7, C5, C3, C1, Cz, C2, C4, C6, T8, TP7, CP5, CP3, CP1, CPz, CP2, CP4, CP6, TP8, P9, P7, P5, P3, P1, Pz, P2, P4, P6, P8, P10, PO7, PO3, POz, PO4, PO8, O1, Oz, O2, Iz",2,1,"[est300]","Primary","R-peak",-200,800,-200,0,"Group/Condition Differences","Amplitude","0","0","t-test","1",NA,"0","","",NA,NA,"ECG, Age, BMI, VO2 at VAT","est number of trials = rest recording length (5 min) * 60 bpm","pubmed","Yes","Clustering",0,TRUE,FALSE,"Rest",TRUE,FALSE,TRUE,NA,FALSE,FALSE,FALSE,FALSE,FALSE,FALSE,"R-peak","Yes","Both","Clustering","Both","Yoris et al. (2024)",300,NA,NA
38518888,"Delving into the relationship between regular physical exercise and cardiac interoception in two cross-sectional studies","Yoris AE, Cira LF, Luque-Casado A, Salvotti C, Tajadura-Jiménez A, Avancini C, Zarza-Rebollo JA, Sanabria D, Perakakis P.",2024,0,45,"1","EEG",64,"standard61","Fp1, Fpz, Fp2, AF7, AF3, AFz, AF4, AF8, F7, F5, F3, F1, Fz, F2, F4, F6, F8, FT7, FC5, FC3, FC1, FCz, FC2, FC4, FC6, FT8, T7, C5, C3, C1, Cz, C2, C4, C6, T8, TP7, CP5, CP3, CP1, CPz, CP2, CP4, CP6, TP8, P9, P7, P5, P3, P1, Pz, P2, P4, P6, P8, P10, PO7, PO3, POz, PO4, PO8, O1, Oz, O2, Iz",5,"2","Lead I","Left wrist, Right wrist","unknown","unknown","unknown",0.3,30,"1","0","Blinks, Muscle, CFA",NA,"Semi-automatic","IClabel","","Noisy epochs","F1, FC3, FC1, C1, C3, CP3, CP1, CPz, F2, FC4, FC2, FCz, C2, CP2",2,1,"[est300]","Secondary","R-peak",750,800,-200,0,"Group/Condition Differences","Amplitude","1","1","t-test","0",NA,"1","F1, FC3, FC1, C1, C3, CP3, CP1, CPz, F2, FC4, FC2, FCz, C2, CP2","",NA,NA,"ECG, Age, BMI, VO2 at VAT","est number of trials = rest recording length (5 min) * 60 bpm","pubmed","Yes","Averaging",1,TRUE,FALSE,"Rest",TRUE,FALSE,TRUE,NA,FALSE,FALSE,FALSE,FALSE,FALSE,FALSE,"R-peak","Yes","Both","Averaging","Both","Yoris et al. (2024)",300,NA,NA
38518888,"Delving into the relationship between regular physical exercise and cardiac interoception in two cross-sectional studies","Yoris AE, Cira LF, Luque-Casado A, Salvotti C, Tajadura-Jiménez A, Avancini C, Zarza-Rebollo JA, Sanabria D, Perakakis P.",2024,0,60,"1","EEG",32,"standard32","Fp1, Fp2, F7, F3, Fz, F4, F8, FT9, FC5, FC1, FC2, FC6, FT10, T7, C3, Cz, C4, T8, CP5, CP1, CP2, CP6, P7, P3, Pz, P4, P8, O1, Oz, O2",5,"2","Lead I","Left wrist, Right wrist","unknown","unknown","unknown",0.3,30,"1","0","Blinks, Muscle, CFA",NA,"Semi-automatic","IClabel","","Noisy epochs","Fp1, Fp2, F7, F3, Fz, F4, F8, FT9, FC5, FC1, FC2, FC6, FT10, T7, C3, Cz, C4, T8, CP5, CP1, CP2, CP6, P7, P3, Pz, P4, P8, O1, Oz, O2",2,1,"[est300]","Primary","R-peak",-200,800,-200,0,"Group/Condition Differences","Amplitude","0","0","t-test","1",NA,"0","","",NA,NA,"ECG, Age, BMI, VO2 at VAT","est number of trials = rest recording length (5 min) * 60 bpm","pubmed","Yes","Clustering",0,TRUE,FALSE,"Rest",TRUE,FALSE,TRUE,NA,FALSE,FALSE,FALSE,FALSE,FALSE,FALSE,"R-peak","Yes","Both","Clustering","Both","Yoris et al. (2024)",300,NA,NA
38518888,"Delving into the relationship between regular physical exercise and cardiac interoception in two cross-sectional studies","Yoris AE, Cira LF, Luque-Casado A, Salvotti C, Tajadura-Jiménez A, Avancini C, Zarza-Rebollo JA, Sanabria D, Perakakis P.",2024,0,60,"1","EEG",32,"standard32","Fp1, Fp2, F7, F3, Fz, F4, F8, FT9, FC5, FC1, FC2, FC6, FT10, T7, C3, Cz, C4, T8, TP9, CP5, CP1, CP2, CP6, TP10, P7, P3, Pz, P4, P8, O1, Oz, O2",5,"2","Lead I","Left wrist, Right wrist","unknown","unknown","unknown",0.3,30,"1","0","Blinks, Muscle, CFA",NA,"Semi-automatic","IClabel","","Noisy epochs","F3, FC1, C3, C4, CP1, CP2",2,1,"[est300]","Secondary","R-peak",750,800,-200,0,"Group/Condition Differences","Amplitude","1","1","t-test","0",NA,"0","","",NA,NA,"ECG, Age, BMI, VO2 at VAT","est number of trials = rest recording length (5 min) * 60 bpm","pubmed","Yes","Averaging",1,TRUE,FALSE,"Rest",TRUE,FALSE,TRUE,NA,FALSE,FALSE,FALSE,FALSE,FALSE,FALSE,"R-peak","Yes","Both","Averaging","Both","Yoris et al. (2024)",300,NA,NA
38403782,"Exploring the neural underpinnings of chord prediction uncertainty: an electroencephalography (EEG) study","Ono K, Mizuochi R, Yamamoto K, Sasaoka T, Ymawaki S.",2024,0,27,"0","EEG",64,"standard61","Fp1, Fp2, AF7, AF3, AFz, AF4, AF8, F7, F5, F3, F1, Fz, F2, F4, F6, F8, FT9, FT7, FC5, FC3, FC1, FCz, FC2, FC4, FC6, FT8, FT10, T7, C5, C3, C1, Cz, C2, C4, C6, T8, TP9, TP7, CP5, CP3, CP1, CPz, CP2, CP4, CP6, TP8, TP10, P7, P5, P3, P1, Pz, P2, P4, P6, P8, PO7, PO3, POz, PO4, PO8, O1, Oz, O2",NA,"2","Lead II","Right clavicle, Left abdomen","unknown","Nose","Laplacian reference",0.1,40,"1","1","unknown",NA,"","","CSD","Noisy epochs","F3, F5, AF3, AF7, F1, Fz, F2, AFz, F4, F6, AF4, AF8",1,2,"143+-25","Primary","R-peak",300,500,-200,0,"Group/Condition Differences","Amplitude","1","1","ANOVA","0",NA,"1","F3, F5, AF3, AF7, F1, Fz, F2, AFz, F4, F6, AF4, AF8","",NA,NA,"ECG","","pubmed","Yes","Averaging",1,FALSE,TRUE,"Task",TRUE,FALSE,FALSE,NA,FALSE,FALSE,TRUE,FALSE,FALSE,FALSE,"R-peak","Yes","Averaging","Averaging","Primary","Ono et al. (2024)",143,25,143
38403782,"Exploring the neural underpinnings of chord prediction uncertainty: an electroencephalography (EEG) study","Ono K, Mizuochi R, Yamamoto K, Sasaoka T, Ymawaki S.",2024,0,27,"0","EEG",64,"standard61","Fp1, Fp2, AF7, AF3, AFz, AF4, AF8, F7, F5, F3, F1, Fz, F2, F4, F6, F8, FT9, FT7, FC5, FC3, FC1, FCz, FC2, FC4, FC6, FT8, FT10, T7, C5, C3, C1, Cz, C2, C4, C6, T8, TP9, TP7, CP5, CP3, CP1, CPz, CP2, CP4, CP6, TP8, TP10, P7, P5, P3, P1, Pz, P2, P4, P6, P8, PO7, PO3, POz, PO4, PO8, O1, Oz, O2",NA,"2","Lead II","Right clavicle, Left abdomen","unknown","Nose","Laplacian reference",0.1,40,"1","1","unknown",NA,"","","CSD","Noisy epochs","F3, F5, AF3, AF7, F1, Fz, F2, AFz, F4, F6, AF4, AF8",1,1,"288+-46","Primary","R-peak",300,500,-200,0,"Correlation","Amplitude","1","1","Correlation","0",NA,"1","F3, F5, AF3, AF7, F1, Fz, F2, AFz, F4, F6, AF4, AF8","",NA,NA,"ECG","","pubmed","Yes","Averaging",1,FALSE,TRUE,"Task",TRUE,FALSE,FALSE,NA,FALSE,FALSE,TRUE,FALSE,FALSE,FALSE,"R-peak","Yes","Averaging","Averaging","Primary","Ono et al. (2024)",288,46,288
38396068,"Cardio-audio synchronization elicits neural and cardiac surprise responses in human wakefulness and sleep","Pelentritou A, Pfeiffer C, Schwartz S, De Lucia M.",2024,0,26,"0","EEG",62,"standard61","Fp1, Fpz, Fp2, AF7, AF3, AF4, AF8, F7, F5, F3, F1, Fz, F2, F4, F6, F8, FT7, FC5, FC3, FC1, FCz, FC2, FC4, FC6, FT8, T7, C5, C3, C1, Cz, C2, C4, C6, T8, TP7, CP5, CP3, CP1, CPz, CP2, CP4, CP6, TP8, P7, P5, P3, P1, Pz, P2, P4, P6, P8, PO7, PO3, POz, PO4, PO8, O1, Oz, O2, F9, F10",NA,"2","N/C","Right clavicle, Below the heart","unknown","Linked earlobes","Common average",0.5,30,"1","0","CFA, Blinks, Eye movements",NA,"unknown","unknown","","Noisy epochs, Bad channels","Fp1, Fpz, Fp2, AF7, AF3, AF4, AF8, F7, F5, F3, F1, Fz, F2, F4, F6, F8, FT7, FC5, FC3, FC1, FCz, FC2, FC4, FC6, FT8, T7, C5, C3, C1, Cz, C2, C4, C6, T8, TP7, CP5, CP3, CP1, CPz, CP2, CP4, CP6, TP8, P7, P5, P3, P1, Pz, P2, P4, P6, P8, PO7, PO3, POz, PO4, PO8, O1, Oz, O2, F9, F10",1,2,"231+-29","Primary","R-peak",-100,500,NA,NA,"Group/Condition Differences","Amplitude","0","0","t-test","1",5000,"1","AF4, F3, F1, Fz, F2, F4, F6, FC1, FCz, FC2, FC4, FC6, FT8, C3, C1, Cz, C2, C4, C6","R-peak",158,216,"ECG","","pubmed","No","Clustering",0,FALSE,TRUE,"Task",TRUE,TRUE,TRUE,NA,FALSE,FALSE,FALSE,FALSE,FALSE,FALSE,"R-peak","No","Clustering","Clustering","Primary","Pelentritou et al. (2024)",231,29,231
38396068,"Cardio-audio synchronization elicits neural and cardiac surprise responses in human wakefulness and sleep","Pelentritou A, Pfeiffer C, Schwartz S, De Lucia M.",2024,0,23,"0","EEG",62,"standard61","Fp1, Fpz, Fp2, AF7, AF3, AF4, AF8, F7, F5, F3, F1, Fz, F2, F4, F6, F8, FT7, FC5, FC3, FC1, FCz, FC2, FC4, FC6, FT8, T7, C5, C3, C1, Cz, C2, C4, C6, T8, TP7, CP5, CP3, CP1, CPz, CP2, CP4, CP6, TP8, P7, P5, P3, P1, Pz, P2, P4, P6, P8, PO7, PO3, POz, PO4, PO8, O1, Oz, O2, F9, F10",NA,"2","N/C","Right clavicle, Below the heart","unknown","Linked earlobes","Common average",0.5,30,"1","0","CFA, Blinks, Eye movements",NA,"unknown","unknown","","Noisy epochs, Bad channels","Fp1, Fpz, Fp2, AF7, AF3, AF4, AF8, F7, F5, F3, F1, Fz, F2, F4, F6, F8, FT7, FC5, FC3, FC1, FCz, FC2, FC4, FC6, FT8, T7, C5, C3, C1, Cz, C2, C4, C6, T8, TP7, CP5, CP3, CP1, CPz, CP2, CP4, CP6, TP8, P7, P5, P3, P1, Pz, P2, P4, P6, P8, PO7, PO3, POz, PO4, PO8, O1, Oz, O2, F9, F10",1,2,"368+-167","Primary","R-peak",-100,500,NA,NA,"Group/Condition Differences","Amplitude","0","0","t-test","1",5000,"1","F3, FC5, FC3, FC1, FCz, FC2, C5, C3, Cz, C2, CP1, CP2","R-peak",332,500,"ECG","","pubmed","No","Clustering",0,FALSE,TRUE,"Task",TRUE,TRUE,TRUE,NA,FALSE,FALSE,FALSE,FALSE,FALSE,FALSE,"R-peak","No","Clustering","Clustering","Primary","Pelentritou et al. (2024)",368,167,368
38379451,"Transcutaneous auricular vagus nerve stimulation modulates the processing of interoceptive prediction error signals and their role in allostatic regulation","Ventura-Bort C, Weymar M.",2024,0,53,"0","EEG",5,"standard19","Fpz, Fz, Cz, Pz, Oz",6,"2","Lead II","Right wrist, Left leg","unknown","Linked mastoids","unknown",NA,20,"0",NA,"",NA,"","","","Noisy epochs, revised aligned artifact average procedure","Fpz, Fz, Cz, Pz, Oz",1,8,"[est207]","Primary","R-peak",0,600,-200,-100,"Group/Condition Differences","Amplitude","0","0","ANOVA","1",1000,"1","Fz","R-peak",272,308,"RMSSD","est number of trials = average number of seconds per task per block * (1-percentage of removed trials)","pubmed","Yes","Clustering",0,FALSE,TRUE,"Task",TRUE,FALSE,FALSE,NA,FALSE,FALSE,FALSE,FALSE,FALSE,FALSE,"R-peak","Yes","Clustering","Clustering","Primary","Ventura-Bort et al. (2024)",207,NA,NA
38369098,"Aberrant heartbeat-evoked potential in schizophrenia","Koreki A, Ogyu K, Miyazaki T, Takenouchi K, Matsushita K, Honda S, Koizumi T, Onaya M, Uchida H, Mimura M, Nakajima S, Noda Y.",2024,0,92,"1","EEG",19,"standard19","Fp1, Fp2, F3, F4, F7, F8, Fz, C3, C4, Cz, P3, P4, Pz, O1, O2, T3, T4, T5, T6",10,"2","Lead I","Right wrist, Left wrist","unknown","Linked mastoids","Common Average",0.53,30,"0",NA,"",NA,"","","limit analysis to time of minimal artifact","Noisy epochs, Gratton-Coles blink detection","Fp1, Fp2, F3, F4, F7, F8, Fz, C3, C4, Cz",2,1,"[est650]","Primary","R-peak",400,500,-200,-100,"Group/Condition Differences","Amplitude","0","1","ANOVA","1",NA,"1","Fp2, F4, F8","R-peak",400,500,"Age, Sex, BMI, Education, HR, QT interval, ECG","est number of trials is based on average HR reported","pubmed","Yes","Other",0,TRUE,FALSE,"Rest",TRUE,FALSE,FALSE,NA,FALSE,TRUE,FALSE,FALSE,FALSE,FALSE,"R-peak","Yes","Averaging",NA,"Both","Koreki et al. (2024)",650,NA,NA
38369098,"Aberrant heartbeat-evoked potential in schizophrenia","Koreki A, Ogyu K, Miyazaki T, Takenouchi K, Matsushita K, Honda S, Koizumi T, Onaya M, Uchida H, Mimura M, Nakajima S, Noda Y.",2024,0,61,"1","EEG",19,"standard19","Fp1, Fp2, F3, F4, F7, F8, Fz, C3, C4, Cz, P3, P4, Pz, O1, O2, T3, T4, T5, T6",10,"2","Lead I","Right wrist, Left wrist","unknown","Linked mastoids","Common Average",0.53,30,"0",NA,"",NA,"","","limit analysis to time of minimal artifact","Noisy epochs, Gratton-Coles blink detection","Fp2, F4, F8",1,1,"[est700]","Secondary","R-peak",400,500,-200,-100,"Correlation","Amplitude","1","1","Correlation","0",NA,"1","Fp2, F4, F8","",NA,NA,"HR, QT interval, ECG, RMSSD, Medication, Illness duration, Hospitalization ","est number of trials is based on average HR reported","pubmed","Yes","Averaging",1,TRUE,FALSE,"Rest",TRUE,FALSE,FALSE,NA,FALSE,TRUE,FALSE,FALSE,FALSE,FALSE,"R-peak","Yes","Averaging","Averaging","Both","Koreki et al. (2024)",700,NA,NA
38369098,"Aberrant heartbeat-evoked potential in schizophrenia","Koreki A, Ogyu K, Miyazaki T, Takenouchi K, Matsushita K, Honda S, Koizumi T, Onaya M, Uchida H, Mimura M, Nakajima S, Noda Y.",2024,0,92,"1","EEG",19,"standard19","Fp1, Fp2, F3, F4, F7, F8, Fz, C3, C4, Cz, P3, P4, Pz, O1, O2, T3, T4, T5, T6",10,"2","Lead I","Right wrist, Left wrist","unknown","Linked mastoids","Common Average",0.53,30,"0",NA,"",NA,"","","limit analysis to time of minimal artifact","Noisy epochs, Gratton-Coles blink detection","Fp1, Fp2, F3, F4, F7, F8, Fz, C3, C4, Cz",2,1,"[est650]","Primary","R-peak",400,500,-200,-100,"Group/Condition Differences","Amplitude","0","1","unknown","1",NA,"1","Fp2, F4","R-peak",400,500,"HR, QT interval, ECG, RMSSD, Medication, Illness duration, Hospitalization ","est number of trials is based on average HR reported","pubmed","Yes","Other",0,TRUE,FALSE,"Rest",TRUE,FALSE,FALSE,NA,FALSE,TRUE,FALSE,FALSE,FALSE,FALSE,"R-peak","Yes","Averaging",NA,"Both","Koreki et al. (2024)",650,NA,NA
38318683,"Interoception as a function of hypnotizability during rest and a heartbeat counting task","Giusti G, Zelič Ž, Callara AL, Sebastiani L, Santarcangelo EL.",2024,0,46,"1","EEG",28,"standard32","Fp1, Fp2, AF3, AF4, F7, F3, Fz, F4, F8, C3, FC1, FC2, C4, T7, Cz, T8, CP5, CP1, CP2, CP6, P7, P3, Pz, P4, P8, PO3, PO4, Oz",10,"2","Lead I","Left clavicle, Right clavicle","unknown","Cz","unknown",0.5,45,"1","0","Eye movements, Muscle, CFA, Other",NA,"unknown","Topography, Time course, Power spectrum","","Bad channels, manual removal of artifacts","Fp1, Fp2, AF3, AF4, F7, F3, Fz, F4, F8, C3, FC1, FC2, C4, T7, Cz, T8, CP5, CP1, CP2, CP6, P7, P3, Pz, P4, P8, PO3, PO4, Oz",3,1,"[est600]","Primary","R-peak",200,600,-200,0,"Group/Condition Differences","Amplitude","0","0","ANOVA","1",2000,"1","C4","R-peak",224,354,"Age, anxiety","est number of trials = rest recording length (10 min) * 60 bpm","pubmed","Yes","Clustering",0,TRUE,TRUE,"Both",FALSE,TRUE,TRUE,NA,FALSE,FALSE,FALSE,FALSE,FALSE,FALSE,"R-peak","Yes","Both","Clustering","Both","Giusti et al. (2024)",600,NA,NA
38318683,"Interoception as a function of hypnotizability during rest and a heartbeat counting task","Giusti G, Zelič Ž, Callara AL, Sebastiani L, Santarcangelo EL.",2024,0,46,"1","EEG",28,"standard32","Fp1, Fp2, AF3, AF4, F7, F3, Fz, F4, F8, C3, FC1, FC2, C4, T7, Cz, T8, CP5, CP1, CP2, CP6, P7, P3, Pz, P4, P8, PO3, PO4, Oz",10,"2","Lead I","Left clavicle, Right clavicle","unknown","Cz","unknown",0.5,45,"1","0","Eye movements, Muscle, CFA, Other",NA,"unknown","Topography, Time course, Power spectrum","","Bad channels, manual removal of artifacts","Fp1, Fp2, AF3, AF4, F7, F3, Fz, F4, F8, C3, FC1, FC2, C4, T7, Cz, T8, CP5, CP1, CP2, CP6, P7, P3, Pz, P4, P8, PO3, PO4, Oz",3,1,"[est600]","Primary","R-peak",200,600,-200,0,"Group/Condition Differences","Amplitude","0","0","ANOVA","1",2000,"1","C4","R-peak",490,548,"","est number of trials = rest recording length (10 min) * 60 bpm","pubmed","Yes","Clustering",0,TRUE,TRUE,"Both",FALSE,TRUE,TRUE,NA,FALSE,FALSE,FALSE,FALSE,FALSE,FALSE,"R-peak","Yes","Both","Clustering","Both","Giusti et al. (2024)",600,NA,NA
38318683,"Interoception as a function of hypnotizability during rest and a heartbeat counting task","Giusti G, Zelič Ž, Callara AL, Sebastiani L, Santarcangelo EL.",2024,0,28,"1","EEG",28,"standard32","Fp1, Fp2, AF3, AF4, F7, F3, Fz, F4, F8, C3, FC1, FC2, C4, T7, Cz, T8, CP5, CP1, CP2, CP6, P7, P3, Pz, P4, P8, PO3, PO4, Oz",10,"2","Lead I","Left clavicle, Right clavicle","unknown","Cz","unknown",0.5,45,"1","0","Eye movements, Muscle, CFA, Other",NA,"unknown","Topography, Time course, Power spectrum","","Bad channels, manual removal of artifacts","Fp1, Fp2, AF3, AF4, F7, F3, Fz, F4, F8, C3, FC1, FC2, C4, T7, Cz, T8, CP5, CP1, CP2, CP6, P7, P3, Pz, P4, P8, PO3, PO4, Oz",2,1,"[est600]","Primary","R-peak",200,600,-200,0,"Group/Condition Differences","Amplitude","0","0","t-test","0",NA,"1","","",NA,NA,"","est number of trials = rest recording length (10 min) * 60 bpm","pubmed","Yes","Other",0,TRUE,TRUE,"Both",FALSE,TRUE,TRUE,NA,FALSE,FALSE,FALSE,FALSE,FALSE,FALSE,"R-peak","Yes","Both",NA,"Both","Giusti et al. (2024)",600,NA,NA
38318683,"Interoception as a function of hypnotizability during rest and a heartbeat counting task","Giusti G, Zelič Ž, Callara AL, Sebastiani L, Santarcangelo EL.",2024,0,46,"1","EEG",28,"standard32","Fp1, Fp2, AF3, AF4, F7, F3, Fz, F4, F8, C3, FC1, FC2, C4, T7, Cz, T8, CP5, CP1, CP2, CP6, P7, P3, Pz, P4, P8, PO3, PO4, Oz",10,"2","Lead I","Left clavicle, Right clavicle","unknown","Cz","unknown",0.5,45,"1","0","Eye movements, Muscle, CFA, Other",NA,"unknown","Topography, Time course, Power spectrum","","Bad channels, manual removal of artifacts","C4",1,1,"[est600]","Secondary","R-peak",224,354,-200,0,"Correlation","Amplitude","1","1","Correlation","0",NA,"1","C4","",NA,NA,"Anxiety, number of heartbeats","est number of trials = rest recording length (10 min) * 60 bpm","pubmed","Yes","Averaging",1,TRUE,TRUE,"Both",FALSE,TRUE,TRUE,NA,FALSE,FALSE,FALSE,FALSE,FALSE,FALSE,"R-peak","Yes","Both","Averaging","Both","Giusti et al. (2024)",600,NA,NA
38318683,"Interoception as a function of hypnotizability during rest and a heartbeat counting task","Giusti G, Zelič Ž, Callara AL, Sebastiani L, Santarcangelo EL.",2024,0,46,"1","EEG",28,"standard32","Fp1, Fp2, AF3, AF4, F7, F3, Fz, F4, F8, C3, FC1, FC2, C4, T7, Cz, T8, CP5, CP1, CP2, CP6, P7, P3, Pz, P4, P8, PO3, PO4, Oz",10,"2","Lead I","Left clavicle, Right clavicle","unknown","Cz","unknown",0.5,45,"1","0","Eye movements, Muscle, CFA, Other",NA,"unknown","Topography, Time course, Power spectrum","","Bad channels, manual removal of artifacts","C4",1,1,"[est600]","Secondary","R-peak",490,548,-200,0,"Correlation","Amplitude","1","1","Correlation","0",NA,"1","C4","",NA,NA,"Anxiety, number of heartbeats","est number of trials = rest recording length (10 min) * 60 bpm","pubmed","Yes","Averaging",1,TRUE,TRUE,"Both",FALSE,TRUE,TRUE,NA,FALSE,FALSE,FALSE,FALSE,FALSE,FALSE,"R-peak","Yes","Both","Averaging","Both","Giusti et al. (2024)",600,NA,NA
38318683,"Interoception as a function of hypnotizability during rest and a heartbeat counting task","Giusti G, Zelič Ž, Callara AL, Sebastiani L, Santarcangelo EL.",2024,0,46,"0","EEG",28,"standard32","Fp1, Fp2, AF3, AF4, F7, F3, Fz, F4, F8, C3, FC1, FC2, C4, T7, Cz, T8, CP5, CP1, CP2, CP6, P7, P3, Pz, P4, P8, PO3, PO4, Oz",NA,"2","Lead I","Left clavicle, Right clavicle","unknown","Cz","unknown",0.5,45,"1","0","Eye movements, Muscle, CFA, Other",NA,"unknown","Topography, Time course, Power spectrum","","Bad channels, manual removal of artifacts","Fp1, Fp2, AF3, AF4, F7, F3, Fz, F4, F8, C3, FC1, FC2, C4, T7, Cz, T8, CP5, CP1, CP2, CP6, P7, P3, Pz, P4, P8, PO3, PO4, Oz",3,4,"135+-21","Primary","R-peak",200,600,-200,0,"Group/Condition Differences","Amplitude","0","0","ANOVA","1",2000,"1","C4","R-peak",230,310,"Age, Anxiety","","pubmed","Yes","Clustering",0,TRUE,TRUE,"Both",FALSE,TRUE,TRUE,NA,FALSE,FALSE,FALSE,FALSE,FALSE,FALSE,"R-peak","Yes","Both","Clustering","Both","Giusti et al. (2024)",135,21,135
38318683,"Interoception as a function of hypnotizability during rest and a heartbeat counting task","Giusti G, Zelič Ž, Callara AL, Sebastiani L, Santarcangelo EL.",2024,0,28,"0","EEG",28,"standard32","Fp1, Fp2, AF3, AF4, F7, F3, Fz, F4, F8, C3, FC1, FC2, C4, T7, Cz, T8, CP5, CP1, CP2, CP6, P7, P3, Pz, P4, P8, PO3, PO4, Oz",NA,"2","Lead I","Left clavicle, Right clavicle","unknown","Cz","unknown",0.5,45,"1","0","Eye movements, Muscle, CFA, Other",NA,"unknown","Topography, Time course, Power spectrum","","Bad channels, manual removal of artifacts","Fp1, Fp2, AF3, AF4, F7, F3, Fz, F4, F8, C3, FC1, FC2, C4, T7, Cz, T8, CP5, CP1, CP2, CP6, P7, P3, Pz, P4, P8, PO3, PO4, Oz",2,1,"135+-21","Primary","R-peak",200,600,-200,0,"Group/Condition Differences","Amplitude","0","0","t-test","0",NA,"1","","",NA,NA,"","","pubmed","Yes","Other",0,TRUE,TRUE,"Both",FALSE,TRUE,TRUE,NA,FALSE,FALSE,FALSE,FALSE,FALSE,FALSE,"R-peak","Yes","Both",NA,"Both","Giusti et al. (2024)",135,21,135
38318683,"Interoception as a function of hypnotizability during rest and a heartbeat counting task","Giusti G, Zelič Ž, Callara AL, Sebastiani L, Santarcangelo EL.",2024,0,46,"0","EEG",28,"standard32","Fp1, Fp2, AF3, AF4, F7, F3, Fz, F4, F8, C3, FC1, FC2, C4, T7, Cz, T8, CP5, CP1, CP2, CP6, P7, P3, Pz, P4, P8, PO3, PO4, Oz",NA,"2","Lead I","Left clavicle, Right clavicle","unknown","Cz","unknown",0.5,45,"1","0","Eye movements, Muscle, CFA, Other",NA,"unknown","Topography, Time course, Power spectrum","","Bad channels, manual removal of artifacts","C4",1,1,"141+-21","Secondary","R-peak",230,310,-200,0,"Correlation","Amplitude","1","1","Correlation","0",NA,"1","C4","",NA,NA,"Anxiety, number of heartbeats, attention to the task","","pubmed","Yes","Averaging",1,TRUE,TRUE,"Both",FALSE,TRUE,TRUE,NA,FALSE,FALSE,FALSE,FALSE,FALSE,FALSE,"R-peak","Yes","Both","Averaging","Both","Giusti et al. (2024)",141,21,141
38291167,"Heartbeat-evoked neural response abnormalities in generalized anxiety disorder during peripheral adrenergic stimulation","Verdonk C, Teed AR, White EJ, Ren X, Stewart JL, Paulus MP, Khalsa SS.",2024,0,48,"0","EEG",31,"standard32","Fp1, Fp2, F7, F3, Fz, F4, F8, FC5, FC1, FC2, FC6, T7, C3, Cz, C4, T8, TP9, CP5, CP1, CP2, CP6, TP10, P7, P3, Pz, P4, P8, POz, O1, Oz, O2",NA,"1","N/C","Upper back","unknown","unknown","Common average",0.3,30,"1","1","Eye movements, blinks, CFA, other",NA,"Manual","Time course","limit analysis to time of minimal artifact","fMRI gradient & BCG artefact","Fp1, Fp2, F7, F3, Fz, F4, F8, FC5, FC1, FC2, FC6, T7, C3, Cz, C4, T8, TP9, CP5, CP1, CP2, CP6, TP10, P7, P3, Pz, P4, P8, POz, O1, Oz, O2",2,1,"396+-120","Primary","R-peak",100,600,-100,-50,"Group/Condition Differences","Amplitude","0","0","t-test","1",10000,"1","F4, C4, P4, T8, P8, FC2, CP2, FC6, CP6, TP10","R-peak",228,272,"Age, BMI, gender","","pubmed","Yes","Clustering",0,TRUE,TRUE,"Both",FALSE,FALSE,TRUE,NA,FALSE,TRUE,FALSE,FALSE,FALSE,FALSE,"R-peak","Yes","Both","Clustering","Both","Verdonk et al. (2024)",396,120,396
38291167,"Heartbeat-evoked neural response abnormalities in generalized anxiety disorder during peripheral adrenergic stimulation","Verdonk C, Teed AR, White EJ, Ren X, Stewart JL, Paulus MP, Khalsa SS.",2024,0,48,"0","EEG",31,"standard32","Fp1, Fp2, F7, F3, Fz, F4, F8, FC5, FC1, FC2, FC6, T7, C3, Cz, C4, T8, TP9, CP5, CP1, CP2, CP6, TP10, P7, P3, Pz, P4, P8, POz, O1, Oz, O2",NA,"1","N/C","Upper back","unknown","unknown","Common average",0.3,30,"1","1","Eye movements, blinks, CFA, other",NA,"Manual","Time course","limit analysis to time of minimal artifact","fMRI gradient & BCG artefact","Fp1, Fp2, F7, F3, Fz, F4, F8, FC5, FC1, FC2, FC6, T7, C3, Cz, C4, T8, TP9, CP5, CP1, CP2, CP6, TP10, P7, P3, Pz, P4, P8, POz, O1, Oz, O2",2,1,"396+-120","Primary","R-peak",100,600,-100,-50,"Group/Condition Differences","Amplitude","0","0","t-test","1",10000,"1","Cz, Pz, CP1, CP2","R-peak",532,584,"Age, BMI, gender","","pubmed","Yes","Clustering",0,TRUE,TRUE,"Both",FALSE,FALSE,TRUE,NA,FALSE,TRUE,FALSE,FALSE,FALSE,FALSE,"R-peak","Yes","Both","Clustering","Both","Verdonk et al. (2024)",396,120,396
38291167,"Heartbeat-evoked neural response abnormalities in generalized anxiety disorder during peripheral adrenergic stimulation","Verdonk C, Teed AR, White EJ, Ren X, Stewart JL, Paulus MP, Khalsa SS.",2024,0,48,"1","EEG",31,"standard32","Fp1, Fp2, F7, F3, Fz, F4, F8, FC5, FC1, FC2, FC6, T7, C3, Cz, C4, T8, TP9, CP5, CP1, CP2, CP6, TP10, P7, P3, Pz, P4, P8, POz, O1, Oz, O2",NA,"1","N/C","Upper back","unknown","unknown","Common average",0.3,30,"1","1","Eye movements, blinks, CFA, other",NA,"Manual","Time course","limit analysis to time of minimal artifact","fMRI gradient & BCG artefact","Fp1, Fp2, F7, F3, Fz, F4, F8, FC5, FC1, FC2, FC6, T7, C3, Cz, C4, T8, TP9, CP5, CP1, CP2, CP6, TP10, P7, P3, Pz, P4, P8, POz, O1, Oz, O2",2,1,"396+-120","Primary","R-peak",100,600,-100,-50,"Group/Condition Differences","Amplitude","0","0","t-test","1",10000,"1","Fz, F4, Cz, C4, FC2, FC6, CP2","R-peak",240,312,"Age, BMI, gender","","pubmed","Yes","Clustering",0,TRUE,TRUE,"Both",FALSE,FALSE,TRUE,NA,FALSE,TRUE,FALSE,FALSE,FALSE,FALSE,"R-peak","Yes","Both","Clustering","Both","Verdonk et al. (2024)",396,120,396
38291167,"Heartbeat-evoked neural response abnormalities in generalized anxiety disorder during peripheral adrenergic stimulation","Verdonk C, Teed AR, White EJ, Ren X, Stewart JL, Paulus MP, Khalsa SS.",2024,0,48,"1","EEG",31,"standard32","Fp1, Fp2, F7, F3, Fz, F4, F8, FC5, FC1, FC2, FC6, T7, C3, Cz, C4, T8, TP9, CP5, CP1, CP2, CP6, TP10, P7, P3, Pz, P4, P8, POz, O1, Oz, O2",NA,"1","N/C","Upper back","unknown","unknown","Common average",0.3,30,"1","1","Eye movements, blinks, CFA, other",NA,"Manual","Time course","limit analysis to time of minimal artifact","fMRI gradient & BCG artefact","Fp1, Fp2, F7, F3, Fz, F4, F8, FC5, FC1, FC2, FC6, T7, C3, Cz, C4, T8, TP9, CP5, CP1, CP2, CP6, TP10, P7, P3, Pz, P4, P8, POz, O1, Oz, O2",2,1,"396+-120","Primary","R-peak",100,600,-100,-50,"Group/Condition Differences","Amplitude","0","0","t-test","1",10000,"1","F4, C4, P4, Cz, Fz, FC2, CP2, FC6","R-peak",240,312,"Age, BMI, gender","","pubmed","Yes","Clustering",0,TRUE,TRUE,"Both",FALSE,FALSE,TRUE,NA,FALSE,TRUE,FALSE,FALSE,FALSE,FALSE,"R-peak","Yes","Both","Clustering","Both","Verdonk et al. (2024)",396,120,396
38291167,"Heartbeat-evoked neural response abnormalities in generalized anxiety disorder during peripheral adrenergic stimulation","Verdonk C, Teed AR, White EJ, Ren X, Stewart JL, Paulus MP, Khalsa SS.",2024,0,42,"1","EEG",31,"standard32","Fp1, Fp2, F7, F3, Fz, F4, F8, FC5, FC1, FC2, FC6, T7, C3, Cz, C4, T8, TP9, CP5, CP1, CP2, CP6, TP10, P7, P3, Pz, P4, P8, POz, O1, Oz, O2",NA,"1","N/C","Upper back","unknown","unknown","Common average",0.3,30,"1","1","Eye movements, blinks, CFA, other",NA,"Manual","Time course","limit analysis to time of minimal artifact","fMRI gradient & BCG artefact","F4, C4, P4, T8, P8, FC2, CP2, FC6, CP6, TP10",1,1,"396+-120","Secondary","R-peak",228,272,-100,50,"Correlation","Amplitude","1","1","Correlation","0",NA,"0","","",NA,NA,"","","pubmed","Yes","Averaging",1,TRUE,TRUE,"Both",FALSE,FALSE,TRUE,NA,FALSE,TRUE,FALSE,FALSE,FALSE,FALSE,"R-peak","Yes","Both","Averaging","Both","Verdonk et al. (2024)",396,120,396
38243640,"Aberrant brain-heart coupling is associated with the severity of post cardiac arrest brain injury","Hermann B, Candia-Rivera D, Sharshar T, Gavaret M, Diehl JL, Cariou A, Benghanem S.",2024,0,181,"1","EEG",13,"standard19","Fp1, Fp2, F7, F8, T3, T4, T5, T6, C3, Cz, C4, O1, O2",5,"2","N/C","unknown","unknown","unknown","Common average",0.5,45,"1","0","Eye movements, blinks, CFA",NA,"Manual","Time course","RR at least 500 ms","Noisy epochs","Fp1, Fp2, F7, F8, T3, T4, T5, T6, C3, Cz, C4, O1, O2",2,1,"[est300]","Primary","R-peak",0,500,NA,NA,"Group/Condition Differences","Amplitude","0","0","Non-parametric comparison","1",10000,"0","","",NA,NA,"HRV, Surrogate heartbeats","est number of trials = rest recording length (5 min) * 60 bpm","pubmed","Unknown","Clustering",0,TRUE,FALSE,"Rest",TRUE,FALSE,TRUE,500,TRUE,FALSE,FALSE,FALSE,FALSE,FALSE,"R-peak","Unknown","Clustering","Clustering","Primary","Hermann et al. (2024)",300,NA,NA
38015826,"Cardiac activity impacts cortical motor excitability","Al E, Stephani T, Engelhardt M, Haegens S, Villringer A, Nikulin VV.",2023,0,36,"0","EEG",62,"standard61","Fp1, Fpz, Fp2, AF7, AF3, AFz, AF4, AF8, F9, F7, F5, F3, F1, Fz, F2, F4, F6, F8, F10, FT9, FC7, FC5, FC3, FC1, FC2, FC4, FC6, FC8, FT10, T7, C5, C3, C1, Cz, C2, C4, C6, T8, TP7, CP5, CP3, CP1, CPz, CP2, CP4, CP6, TP8, P7, P5, P3, P1, Pz, P2, P4, P6, P8, PO7, PO3, PO4, PO8, O1, O2",NA,"1","N/C","Left chest","unknown","Left mastoid","Linked mastoids",0.5,45,"1","0","CFA, Eye movements, Blinks, Muscle, Other",NA,"Automatic","unknown","","","FC2, Cz, C4, CP1, CP2, Pz, P4, C1, C2, CPz, CP4, P1, P2",1,2,"[est277]","Primary","R-peak",296,400,-100,0,"Group/Condition Differences","Amplitude","0","0","t-test","1",1000,"1","FC2, Cz, C4, CP1, CP2, Pz, P4, C1, C2, CPz, CP4, P1, P2","R-peak",304,324,"Surrogate heartbeats","","pubmed","Yes","Clustering",0,FALSE,TRUE,"Task",FALSE,FALSE,TRUE,NA,FALSE,FALSE,FALSE,FALSE,FALSE,FALSE,"R-peak","Yes","Clustering","Clustering","Primary","Al et al. (2023)",277,NA,NA
38009624,"Cardiac interoception in Anorexia Nervosa: A resting-state heartbeat-evoked potential study","Cambi S, Solcà M, Micali N, Berchio C.",2024,0,41,"1","EEG",256,"GSN-HydroCel-257","",5,"2","N/C","Left chest, Sternum","unknown","Cz","Common average",1,40,"1","1","Eye movements, CFA",NA,"Manual","Topography, Time course","limit analysis to time of minimal artifact","Manual removal of artifacts","unknown",2,1,"333+-65","Primary","R-peak",150,600,NA,NA,"Group/Condition Differences","Amplitude","0","0","t-test","0",5000,"1","unknown","R-peak",268,568,"ECG, HR, SDRR","","pubmed","Unknown","Other",0,TRUE,FALSE,"Rest",FALSE,FALSE,TRUE,NA,FALSE,TRUE,FALSE,FALSE,FALSE,FALSE,"R-peak","Unknown","None",NA,"Primary","Cambi et al. (2024)",333,65,333
38009624,"Cardiac interoception in Anorexia Nervosa: A resting-state heartbeat-evoked potential study","Cambi S, Solcà M, Micali N, Berchio C.",2024,0,41,"1","EEG",256,"GSN-HydroCel-257","",5,"2","N/C","Left chest, Sternum","unknown","Cz","Common average",1,40,"1","1","Eye movements, CFA",NA,"Manual","Topography, Time course","limit analysis to time of minimal artifact","Manual removal of artifacts","unknown",2,1,"333+-65","Primary","R-peak",150,600,NA,NA,"Group/Condition Differences","Topography","1","0","ANOVA","0",5000,"1","unknown","R-peak",332,348,"ECG, HR, SDRR","","pubmed","Unknown","Other",0,TRUE,FALSE,"Rest",FALSE,FALSE,TRUE,NA,FALSE,TRUE,FALSE,FALSE,FALSE,FALSE,"R-peak","Unknown","None",NA,"Primary","Cambi et al. (2024)",333,65,333
37888955,"Conscious processing of global and local auditory irregularities causes differentiated heartbeat-evoked responses","Candia-Rivera D, Raimondo F, Pérez P, Naccache L, Tallon-Baudry C, Sitt JD.",2023,0,40,"0","EEG",256,"GSN-HydroCel-257","",NA,"0","None","none","none","Cz","Common average",1,25,"1","0","unknown",NA,"","","RR at least 500 ms","Noisy epochs, Bad Channels","CP2, CP4, Pz, P2, P4, P6, POz, PO4, PO8, Oz, O2",1,1,"[est170]","Secondary","R-peak",112,130,NA,NA,"Correlation","Amplitude","1","1","Correlation","0",NA,"0","","",NA,NA,"","est number of trials for a condition = 2blocks*200000/(850+1500)","pubmed","Unknown","Averaging",1,TRUE,TRUE,"Both",TRUE,TRUE,FALSE,500,TRUE,FALSE,FALSE,FALSE,FALSE,FALSE,"R-peak","Unknown","Both","Averaging","Both","Candia-Rivera et al. (2023a)",170,NA,NA
37888955,"Conscious processing of global and local auditory irregularities causes differentiated heartbeat-evoked responses","Candia-Rivera D, Raimondo F, Pérez P, Naccache L, Tallon-Baudry C, Sitt JD.",2023,0,40,"0","EEG",256,"GSN-HydroCel-257","",NA,"0","None","none","none","Cz","Common average",1,25,"1","0","unknown",NA,"","","RR at least 500 ms","Noisy epochs, Bad Channels","AF4, F2, F4, F6, FC2, FC4, FC6, C2, C4, C6, CP2, CP4, CP6, P2, P4, P6, P8, TP7, P7, P5, PO7, PO8, AF3, F3, F1, FC3",1,1,"[est170]","Secondary","R-peak",400,412,NA,NA,"Correlation","Amplitude","1","1","Correlation","0",NA,"1","AF4, F2, F4, F6, FC2, FC4, FC6, C2, C4, C6, CP2, CP4, CP6, P2, P4, P6, P8, TP7, P7, P5, PO7, PO8, AF3, F3, F1, FC3","",NA,NA,"","est number of trials for a condition = 2blocks*200000/(850+1500)","pubmed","Unknown","Averaging",1,TRUE,TRUE,"Both",TRUE,TRUE,FALSE,500,TRUE,FALSE,FALSE,FALSE,FALSE,FALSE,"R-peak","Unknown","Both","Averaging","Both","Candia-Rivera et al. (2023a)",170,NA,NA
37888955,"Conscious processing of global and local auditory irregularities causes differentiated heartbeat-evoked responses","Candia-Rivera D, Raimondo F, Pérez P, Naccache L, Tallon-Baudry C, Sitt JD.",2023,0,86,"0","EEG",256,"GSN-HydroCel-257","",NA,"0","None","none","none","Cz","Common average",1,25,"1","0","unknown",NA,"","","RR at least 500 ms","Noisy epochs, Bad Channels","Fp1, Fpz, Fp2, AF7, AF3, AFz, AF4, AF8, F7, F5, F3, F1, Fz, F2, F4, F6, F8, FT7, FC5, FC3, FC1, FCz, FC2, FC4, FC6, FT8, T7, C5, C3, C1, Cz, C2, C4, C6, T8, TP7, CP5, CP3, CP1, CPz, CP2, CP4, CP6, TP8, P7, P5, P3, P1, Pz, P2, P4, P6, P8, PO7, PO3, POz, PO4, PO8, O1, Oz, O2, Iz",2,1,"[est170]","Primary","R-peak",0,500,NA,NA,"Group/Condition Differences","Amplitude","0","0","Non-parametric comparison","1",10000,"1","CP2, CP4, Pz, P2, P4, P6, POz, PO4, PO8, Oz, O2","R-peak",112,130,"Surrogate heartbeats","est number of trials for a condition = 2blocks*200000/(850+1500)","pubmed","Unknown","Clustering",0,TRUE,TRUE,"Both",TRUE,TRUE,FALSE,500,TRUE,FALSE,FALSE,FALSE,FALSE,FALSE,"R-peak","Unknown","Both","Clustering","Both","Candia-Rivera et al. (2023a)",170,NA,NA
37888955,"Conscious processing of global and local auditory irregularities causes differentiated heartbeat-evoked responses","Candia-Rivera D, Raimondo F, Pérez P, Naccache L, Tallon-Baudry C, Sitt JD.",2023,0,86,"0","EEG",256,"GSN-HydroCel-257","",NA,"0","None","none","none","Cz","Common average",1,25,"1","0","unknown",NA,"","","RR at least 500 ms","Noisy epochs, Bad Channels","Fp1, Fpz, Fp2, AF7, AF3, AFz, AF4, AF8, F7, F5, F3, F1, Fz, F2, F4, F6, F8, FT7, FC5, FC3, FC1, FCz, FC2, FC4, FC6, FT8, T7, C5, C3, C1, Cz, C2, C4, C6, T8, TP7, CP5, CP3, CP1, CPz, CP2, CP4, CP6, TP8, P7, P5, P3, P1, Pz, P2, P4, P6, P8, PO7, PO3, POz, PO4, PO8, O1, Oz, O2, Iz",2,1,"[est170]","Primary","R-peak",0,500,NA,NA,"Group/Condition Differences","Amplitude","0","0","Non-parametric comparison","1",10000,"1","AF4, F2, F4, F6, FC2, FC4, FC6, C2, C4, C6, CP2, CP4, CP6, P2, P4, P6, P8, TP7, P7, P5, PO7, PO8, AF3, F3, F1, FC3","R-peak",400,412,"Surrogate heartbeats","est number of trials for a condition = 2blocks*200000/(850+1500)","pubmed","Unknown","Clustering",0,TRUE,TRUE,"Both",TRUE,TRUE,FALSE,500,TRUE,FALSE,FALSE,FALSE,FALSE,FALSE,"R-peak","Unknown","Both","Clustering","Both","Candia-Rivera et al. (2023a)",170,NA,NA
37888955,"Conscious processing of global and local auditory irregularities causes differentiated heartbeat-evoked responses","Candia-Rivera D, Raimondo F, Pérez P, Naccache L, Tallon-Baudry C, Sitt JD.",2023,0,86,"0","EEG",256,"GSN-HydroCel-257","",NA,"0","None","none","none","Cz","Common average",1,25,"1","0","unknown",NA,"","","RR at least 500 ms","Noisy epochs, Bad Channels","AF4, F2, F4, F6, FC2, FC4, FC6, C2, C4, C6, CP2, CP4, CP6, Pz, P2, P4, P6, P8, TP7, P7, P5, POz, PO4, PO7, PO8, AF3, F3, F1, FC3, Oz, O2",2,1,"[est170]","Secondary","R-peak",112,412,NA,NA,"Group/Condition Differences","Amplitude","1","1","Classification","0",NA,"none","","",NA,NA,"","est number of trials for a condition = 2blocks*200000/(850+1500)","pubmed","Unknown","Averaging",1,TRUE,TRUE,"Both",TRUE,TRUE,FALSE,500,TRUE,FALSE,FALSE,FALSE,FALSE,FALSE,"R-peak","Unknown","Both","Averaging","Both","Candia-Rivera et al. (2023a)",170,NA,NA
37888955,"Conscious processing of global and local auditory irregularities causes differentiated heartbeat-evoked responses","Candia-Rivera D, Raimondo F, Pérez P, Naccache L, Tallon-Baudry C, Sitt JD.",2023,0,86,"1","EEG",256,"GSN-HydroCel-257","",NA,"0","None","none","none","Cz","Common average",1,25,"1","0","unknown",NA,"","","RR at least 500 ms","Noisy epochs, Bad Channels","Fp1, Fpz, Fp2, AF7, AF3, AFz, AF4, AF8, F7, F5, F3, F1, Fz, F2, F4, F6, F8, FT7, FC5, FC3, FC1, FCz, FC2, FC4, FC6, FT8, T7, C5, C3, C1, Cz, C2, C4, C6, T8, TP7, CP5, CP3, CP1, CPz, CP2, CP4, CP6, TP8, P7, P5, P3, P1, Pz, P2, P4, P6, P8, PO7, PO3, POz, PO4, PO8, O1, Oz, O2, Iz",2,1,"[est170]","Primary","R-peak",0,500,NA,NA,"Group/Condition Differences","Amplitude","0","0","Non-parametric comparison","1",10000,"1","P5, P3, PO7, PO3","R-peak",210,260,"","est number of trials for a condition = 2blocks*200000/(850+1500)","pubmed","Unknown","Clustering",0,TRUE,TRUE,"Both",TRUE,TRUE,FALSE,500,TRUE,FALSE,FALSE,FALSE,FALSE,FALSE,"R-peak","Unknown","Both","Clustering","Both","Candia-Rivera et al. (2023a)",170,NA,NA
37775030,"Elevated EEG heartbeat-evoked potentials in adolescents with more ADHD symptoms","Rapp L, Mai-Lippold SA, Georgiou E, Pollatos O.",2023,0,47,"0","EEG",62,"easycap-M10","",NA,"2","N/C","Right clavicle, Left chest","unknown","Cz","unknown",0.05,20,"1","1","CFA, Eye movements, Blinks",3,"Manual","Topography, Power spectrum, Time course","limit analysis to time of minimal artifact","Noisy epochs","",1,1,"452+-100","Primary","R-peak",360,500,-200,0,"Correlation","Amplitude","1","1","ANOVA","0",NA,"1","","",NA,NA,"Correlation HEP-ECG","","pubmed","Yes","Averaging",1,FALSE,TRUE,"Task",TRUE,FALSE,TRUE,NA,FALSE,TRUE,FALSE,FALSE,FALSE,FALSE,"R-peak","Yes","Averaging","Averaging","Primary","Rapp et al. (2023)",452,100,452
37775030,"Elevated EEG heartbeat-evoked potentials in adolescents with more ADHD symptoms","Rapp L, Mai-Lippold SA, Georgiou E, Pollatos O.",2023,0,47,"0","EEG",62,"easycap-M10","",NA,"2","N/C","Right clavicle, Left chest","unknown","Cz","unknown",0.05,20,"1","1","CFA, Eye movements, Blinks",3,"Manual","Topography, Power spectrum, Time course","limit analysis to time of minimal artifact","Noisy epochs","",1,1,"452+-100","Primary","R-peak",360,500,-200,0,"Correlation","Amplitude","1","1","Regression","0",NA,"1","","",NA,NA,"Correlation HEP-ECG","","pubmed","Yes","Averaging",1,FALSE,TRUE,"Task",TRUE,FALSE,TRUE,NA,FALSE,TRUE,FALSE,FALSE,FALSE,FALSE,"R-peak","Yes","Averaging","Averaging","Primary","Rapp et al. (2023)",452,100,452
37652352,"Reduced concentration performance and heartbeat-evoked potential in individuals with a history of a SARS-CoV-2 infection","Kamp SM, Buntić N, Amtmann J, Scharpf A, Schönen A, Wagner L, Schulz A.",2023,0,46,"1","EEG",32,"standard32","Fp1, Fp2, F7, F3, Fz, F4, F8, FC5, FC1, FCz, FC2, FC6, T7, C3, Cz, C4, T8, CP5, CP1, CP2, CP6, P7, P3, Pz, P4, P8, O1, O2",5,"2","Lead II","Right wrist, Left Leg","Az","FCz","Linked mastoids",20,125,"1","1","Blinks, Eye movements",NA,"","","limit analysis to time of minimal artifact","Noisy Epochs","Cz, CP1, CP2, Pz",2,1,"[est300]","Primary","R-peak",450,700,NA,NA,"Group/Condition Differences","Amplitude","0","0","ANOVA","1",10000,"1","Cz, CP1, CP2, Pz","R-peak",560,620,"Control time window","est number of trials = rest recording length (5 min) * 60 bpm","pubmed","Unknown","Clustering",0,TRUE,FALSE,"Rest",TRUE,FALSE,FALSE,NA,FALSE,TRUE,FALSE,FALSE,FALSE,FALSE,"R-peak","Unknown","Clustering","Clustering","Primary","Kamp et al. (2023)",300,NA,NA
37490801,"Modulation of heartbeat-evoked potential and cardiac cycle effect by auditory stimuli","Tanaka Y, Ito Y, Terasawa Y, Umeda S.",2023,0,28,"0","EEG",64,"GSN-HydroCel-65","",NA,"2","N/C","Right wrist, Right leg","unknown","Cz","Common average",0.1,30,"1","0","Eye movements, Muscle, CFA, Line noise, Channel noise",NA,"Automatic","ICLabel","","","Fz",1,3,"450","Primary","R-peak",0,600,NA,NA,"Group/Condition Differences","Amplitude","0","0","F-test","0",5000,"1","Fz","R-peak",40,600,"HR, ECG","","pubmed","Unknown","Other",0,FALSE,TRUE,"Task",FALSE,FALSE,TRUE,NA,FALSE,FALSE,FALSE,FALSE,FALSE,FALSE,"R-peak","Unknown","None",NA,"Primary","Tanaka et al. (2023)",450,NA,450
37455508,"Reduced Heartbeat-Evoked Responses in a Near-Death Case Report","Candia-Rivera D, Machado C.",2023,0,1,"1","EEG",19,"standard19","Fp1, Fp2, F7, F3, Fz, F4, F8, T3, C3, Cz, C4, T4, T5, P3, Pz, P4, T6, O1, O2",19,"1","N/C","unknown","unknown","unknown","Common average",1,45,"1","0","Eye movements, muscle, CFA",NA,"unknown","unknown","RR at least 500 ms","Noisy epochs","Fp1, Fp2, F7, F3, Fz, F4, F8, T3, C3, Cz, C4, T4, T5, P3, Pz, P4, T6, O1, O2",1,19,"[est60]","Primary","R-peak",-100,500,NA,NA,"Group/Condition Differences","Amplitude","0","0","none","0",NA,"none","","",NA,NA,"","est number of trials = 60 bpm because 1 minute intervals were used for analysis","pubmed","Unknown","Other",0,TRUE,FALSE,"Rest",TRUE,FALSE,TRUE,500,TRUE,FALSE,FALSE,FALSE,FALSE,FALSE,"R-peak","Unknown","None",NA,"Primary","Candia-Rivera et al. (2023b)",60,NA,NA
37421217,"Cardiac interoception in infants: Behavioral and neurophysiological measures in various emotional and self-related contexts","Weijs ML, Daum MM, Lenggenhager B.",2023,0,22,"0","EEG",128,"GSN-HydroCel-129","",NA,"2","Lead II","Left chest, Right clavicle","unknown","Cz","Common average",0.3,30,"0",NA,"",NA,"","","RR at least 350 ms","Bad Channels, Noisy epochs","",1,2,"55+-26","Primary","R-peak",-100,350,NA,NA,"Group/Condition Differences","Amplitude","0","0","t-test","1",1000,"0","","",NA,NA,"","","pubmed","No","Clustering",0,FALSE,TRUE,"Task",TRUE,TRUE,FALSE,350,TRUE,FALSE,FALSE,FALSE,FALSE,FALSE,"R-peak","No","Clustering","Clustering","Primary","Weijs et al. (2023)",55,26,55
37421217,"Cardiac interoception in infants: Behavioral and neurophysiological measures in various emotional and self-related contexts","Weijs ML, Daum MM, Lenggenhager B.",2023,0,22,"0","EEG",128,"GSN-HydroCel-129","",NA,"2","Lead II","Left chest, Right clavicle","unknown","Cz","Common average",0.3,30,"0",NA,"",NA,"","","RR at least 350 ms","Bad Channels, Noisy epochs","",1,1,"258","Primary","R-peak",-100,350,NA,NA,"Correlation","Amplitude","1","0","Correlation","0",NA,"0","","",NA,NA,"","","pubmed","No","Other",0,FALSE,TRUE,"Task",TRUE,TRUE,FALSE,350,TRUE,FALSE,FALSE,FALSE,FALSE,FALSE,"R-peak","No","Clustering",NA,"Primary","Weijs et al. (2023)",258,NA,258
37405324,"Increased neurocardiological interplay after mindfulness meditation: a brain oscillation-based approach","Gao J, Sun R, Leung HK, Roberts A, Wu BWY, Tsang EW, Tang ACW, Sik HH.",2023,0,11,"0","EEG",128,"QuikCap_NSL_128","",10,"2","Lead I","Right clavicle, Left clavicle","unknown","left mastoid","linked mastoids",NA,NA,"1","0","CFA, Eye movements, Blinks",NA,"unknown","unknown","","","",1,2,"[est600]","Primary","R-peak",-200,600,NA,NA,"Group/Condition Differences","Amplitude","0","0","t-test","0",NA,"0","","",NA,NA,"","est number of trials = rest recording length (10 min) * 60 bpm","pubmed","Unknown","Other",0,FALSE,TRUE,"Task",FALSE,FALSE,TRUE,NA,FALSE,FALSE,FALSE,FALSE,FALSE,FALSE,"R-peak","Unknown","None",NA,"Primary","Gao et al. (2023)",600,NA,NA
37382151,"Multidimensional assessment of heartbeat-evoked responses in disorders of consciousness","Candia-Rivera D, Machado C.",2023,0,29,"1","EEG",19,"standard19","Fp1, Fp2, F3, F4, C3, C4, P3, P4, O1, O2, F7, F8, T3, T4, T5, T6, Fz, Cz, Pz",5,"2","N/C","Sternum, V2, V5","unknown","Linked earlobes","Common average",1,45,"1","0","Eye movements, CFA",NA,"Manual","unknown","RR at least 400 ms","Noisy Epochs","Fp1, Fp2, F3, F4, C3, C4, P3, P4, O1, O2, F7, F8, T3, T4, T5, T6, Fz, Cz, Pz",6,1,"[est300]","Primary","R-peak",200,400,NA,NA,"Group/Condition Differences","Amplitude","0","1","Non-parametric comparison","0",10000,"1","Fp1, Fp2, F3, F4, C3, C4, P3, P4, O1, O2, F7, F8, T3, T4, T5, T6, Fz, Cz, Pz","",NA,NA,"Surrogate heartbeats","est number of trials = rest recording length (5 min) * 60 bpm","pubmed","Unknown","Averaging",1,TRUE,FALSE,"Rest",TRUE,FALSE,TRUE,400,TRUE,FALSE,FALSE,FALSE,FALSE,FALSE,"R-peak","Unknown","Averaging","Averaging","Primary","Candia-Rivera et al. (2023c)",300,NA,NA
37382151,"Multidimensional assessment of heartbeat-evoked responses in disorders of consciousness","Candia-Rivera D, Machado C.",2023,0,29,"1","EEG",19,"standard19","Fp1, Fp2, F3, F4, C3, C4, P3, P4, O1, O2, F7, F8, T3, T4, T5, T6, Fz, Cz, Pz",5,"2","N/C","Sternum, V2, V5","unknown","Linked earlobes","Common average",1,45,"1","0","Eye movements, CFA",NA,"Manual","unknown","RR at least 400 ms","Noisy Epochs","Fp1, Fp2, F3, F4, C3, C4, P3, P4, O1, O2, F7, F8, T3, T4, T5, T6, Fz, Cz, Pz",6,1,"[est300]","Primary","R-peak",200,400,NA,NA,"Group/Condition Differences","Lempel-Ziv complexity","0","0","Non-parametric comparison","0",10000,"1","","",NA,NA,"Surrogate heartbeats","est number of trials = rest recording length (5 min) * 60 bpm","pubmed","Unknown","Other",0,TRUE,FALSE,"Rest",TRUE,FALSE,TRUE,400,TRUE,FALSE,FALSE,FALSE,FALSE,FALSE,"R-peak","Unknown","Averaging",NA,"Primary","Candia-Rivera et al. (2023c)",300,NA,NA
37382151,"Multidimensional assessment of heartbeat-evoked responses in disorders of consciousness","Candia-Rivera D, Machado C.",2023,0,29,"1","EEG",19,"standard19","Fp1, Fp2, F3, F4, C3, C4, P3, P4, O1, O2, F7, F8, T3, T4, T5, T6, Fz, Cz, Pz",5,"2","N/C","Sternum, V2, V5","unknown","Linked earlobes","Common average",1,45,"1","0","Eye movements, CFA",NA,"Manual","unknown","RR at least 400 ms","Noisy Epochs","Fp1, Fp2, F3, F4, C3, C4, P3, P4, O1, O2, F7, F8, T3, T4, T5, T6, Fz, Cz, Pz",6,1,"[est300]","Primary","R-peak",200,400,NA,NA,"Group/Condition Differences","Segregation-Integration index","0","0","Non-parametric comparison","0",10000,"1","","",NA,NA,"Surrogate heartbeats","est number of trials = rest recording length (5 min) * 60 bpm","pubmed","Unknown","Other",0,TRUE,FALSE,"Rest",TRUE,FALSE,TRUE,400,TRUE,FALSE,FALSE,FALSE,FALSE,FALSE,"R-peak","Unknown","Averaging",NA,"Primary","Candia-Rivera et al. (2023c)",300,NA,NA
37382151,"Multidimensional assessment of heartbeat-evoked responses in disorders of consciousness","Candia-Rivera D, Machado C.",2023,0,29,"1","EEG",19,"standard19","Fp1, Fp2, F3, F4, C3, C4, P3, P4, O1, O2, F7, F8, T3, T4, T5, T6, Fz, Cz, Pz",5,"2","N/C","Sternum, V2, V5","unknown","Linked earlobes","Common average",1,45,"1","0","Eye movements, CFA",NA,"Manual","unknown","RR at least 400 ms","Noisy Epochs","Fp1, Fp2, F3, F4, C3, C4, P3, P4, O1, O2, F7, F8, T3, T4, T5, T6, Fz, Cz, Pz",6,1,"[est300]","Primary","R-peak",100,400,NA,NA,"Group/Condition Differences","Wavelet entropy","0","1","Non-parametric comparison","0",10000,"1","Fp1, Fp2, F3, F4, C3, C4, P3, P4, O1, O2, F7, F8, T3, T4, T5, T6, Fz, Cz, Pz","",NA,NA,"Surrogate heartbeats","est number of trials = rest recording length (5 min) * 60 bpm","pubmed","Unknown","Averaging",1,TRUE,FALSE,"Rest",TRUE,FALSE,TRUE,400,TRUE,FALSE,FALSE,FALSE,FALSE,FALSE,"R-peak","Unknown","Averaging","Averaging","Primary","Candia-Rivera et al. (2023c)",300,NA,NA
37245560,"Allostatic-interoceptive anticipation of social rejection","Migeot J, Hesse E, Fittipaldi S, Mejía J, Fraile M, García AM, García MDC, Ortega R, Lawlor B, Lopez V, Ibáñez A.",2023,0,57,"0","EEG",64,"standard61","Fp1, Fp2, F7, F3, Fz, F4, F8, T7, C3, Cz, C4, T8, P7, P3, Pz, P4, P8, O1, O2, Fpz, FC5, FC1, FC2, FC6, CP5, CP1, CP2, CP6, Oz, AF7, AF3, AFz, AF4, AF8, F5, F1, F2, F6, FT7, FC3, FCz, FC4, FT8, C5, C1, C2, C6, TP7, CP3, CPz, CP4, TP8, P5, P1, P2, P6, PO7, PO3, POz, PO4, PO8",NA,"unknown","N/M","unknown","unknown","Linked mastoids","Common average",0.1,40,"1","0","Eye movements, CFA, Blinks",NA,"unknown","unknown","limit analysis to time of minimal artifact","Bad channels","Fp1, AF7, AF3, F7, F5, F3, FT7, FC5, FC3, Fpz, AFz, F1, Fz, F2, FC1, FCz, FC2, Fp2, AF4, AF8, F4, F6, F8, FC4, FC6, FT8",1,2,"[est88]","Primary","R-peak",200,600,-200,0,"Group/Condition Differences","Amplitude","1","0","unknown","0",5000,"1","Fp1, AF7, AF3, F7, F5, F3, FT7, FC5, FC3","R-peak",350,500,"","est number of trials = minimal percent of trials per condition x 2 sec per trial","pubmed","Yes","Other",0,FALSE,TRUE,"Task",FALSE,TRUE,TRUE,NA,FALSE,TRUE,FALSE,FALSE,FALSE,FALSE,"R-peak","Yes","None",NA,"Primary","Migeot et al. (2023)",88,NA,NA
37230745,"Changes in the heartbeat-evoked potential are associated with functional seizures","Elkommos S, Martin-Lopez D, Koreki A, Jolliffe C, Kandasamy R, Mula M, Critchley HD, Edwards MJ, Garfinkel S, Richardson MP, Yogarajah M.",2023,0,19,"0","EEG",32,"standard32","Fp1, Fp2, F7, F3, Fz, F4, F8, FC5, FC1, FC2, FC6, T7, C3, Cz, C4, T8, CP5, CP1, CP2, CP6, P7, P3, Pz, P4, P8, O1, Oz, O2",5,"2","Lead I","Right clavicle, Left clavicle","unknown","[Cz-Pz]","Linked earlobes",0.3,30,"1","0","unknown",NA,"","","RR at least 700 ms","Noisy epochs","F7, F3, Fz, F4, F8, T7, C3, Cz, C4, T8",1,2,"200","Primary","R-peak",455,595,NA,NA,"Group/Condition Differences","Amplitude","0","1","Non-parametric comparison","0",NA,"0","","",NA,NA,"ECG, HR, sex","","pubmed","Unknown","Averaging",1,FALSE,TRUE,"Task",TRUE,FALSE,FALSE,700,TRUE,FALSE,FALSE,FALSE,FALSE,FALSE,"R-peak","Unknown","Averaging","Averaging","Primary","Elkommos et al. (2023)",200,NA,200
37230745,"Changes in the heartbeat-evoked potential are associated with functional seizures","Elkommos S, Martin-Lopez D, Koreki A, Jolliffe C, Kandasamy R, Mula M, Critchley HD, Edwards MJ, Garfinkel S, Richardson MP, Yogarajah M.",2023,0,25,"0","EEG",32,"standard32","Fp1, Fp2, F7, F3, Fz, F4, F8, FC5, FC1, FC2, FC6, T7, C3, Cz, C4, T8, CP5, CP1, CP2, CP6, P7, P3, Pz, P4, P8, O1, Oz, O2",5,"2","Lead I","Right clavicle, Left clavicle","unknown","[Cz-Pz]","Linked earlobes",0.3,30,"1","0","unknown",NA,"","","RR at least 700 ms","Noisy epochs","F7, F3, Fz, F4, F8, T7, C3, Cz, C4, T8",1,2,"200","Primary","R-peak",455,595,NA,NA,"Group/Condition Differences","Amplitude","0","1","Non-parametric comparison","0",NA,"1","F7, F3, Fz, F4, F8, T7, C3, Cz, C4, T8","",NA,NA,"ECG, HR, sex","","pubmed","Unknown","Averaging",1,FALSE,TRUE,"Task",TRUE,FALSE,FALSE,700,TRUE,FALSE,FALSE,FALSE,FALSE,FALSE,"R-peak","Unknown","Averaging","Averaging","Primary","Elkommos et al. (2023)",200,NA,200
37230745,"Changes in the heartbeat-evoked potential are associated with functional seizures","Elkommos S, Martin-Lopez D, Koreki A, Jolliffe C, Kandasamy R, Mula M, Critchley HD, Edwards MJ, Garfinkel S, Richardson MP, Yogarajah M.",2023,0,44,"0","EEG",32,"standard32","Fp1, Fp2, F7, F3, Fz, F4, F8, FC5, FC1, FC2, FC6, T7, C3, Cz, C4, T8, CP5, CP1, CP2, CP6, P7, P3, Pz, P4, P8, O1, Oz, O2",5,"2","Lead I","Right clavicle, Left clavicle","unknown","[Cz-Pz]","Linked earlobes",0.3,30,"1","0","unknown",NA,"","","RR at least 700 ms","Noisy epochs","F7, F3, Fz, F4, F8, T7, C3, Cz, C4, T8",2,1,"200","Primary","R-peak",455,595,NA,NA,"Group/Condition Differences","Amplitude","0","1","Non-parametric comparison","0",NA,"1","F7, F3, Fz, F4, F8, T7, C3, Cz, C4, T8","",NA,NA,"ECG, HR, sex","","pubmed","Unknown","Averaging",1,FALSE,TRUE,"Task",TRUE,FALSE,FALSE,700,TRUE,FALSE,FALSE,FALSE,FALSE,FALSE,"R-peak","Unknown","Averaging","Averaging","Primary","Elkommos et al. (2023)",200,NA,200
37230745,"Changes in the heartbeat-evoked potential are associated with functional seizures","Elkommos S, Martin-Lopez D, Koreki A, Jolliffe C, Kandasamy R, Mula M, Critchley HD, Edwards MJ, Garfinkel S, Richardson MP, Yogarajah M.",2023,0,44,"0","EEG",32,"standard32","Fp1, Fp2, F7, F3, Fz, F4, F8, FC5, FC1, FC2, FC6, T7, C3, Cz, C4, T8, CP5, CP1, CP2, CP6, P7, P3, Pz, P4, P8, O1, Oz, O2",5,"2","Lead I","Right clavicle, Left clavicle","unknown","[Cz-Pz]","Linked earlobes",0.3,30,"1","0","unknown",NA,"","","RR at least 700 ms","Noisy epochs","F7, F3, Fz, F4, F8, T7, C3, Cz, C4, T8",1,1,"400","Primary","R-peak",455,595,NA,NA,"Correlation","Amplitude","0","1","Correlation","0",NA,"0","","",NA,NA,"ECG, HR, sex","","pubmed","Unknown","Averaging",1,FALSE,TRUE,"Task",TRUE,FALSE,FALSE,700,TRUE,FALSE,FALSE,FALSE,FALSE,FALSE,"R-peak","Unknown","Averaging","Averaging","Primary","Elkommos et al. (2023)",400,NA,400
37078023,"Enhanced external counterpulsation modulates the heartbeat evoked potential","Liu H, Liang H, Yu X, Wang G, Han Y, Yan M, Li S, Wang W.",2023,1,40,"0","EEG",1,"standard19","Fpz",80,"2","Lead II","Right clavicle, Left abdomen","Right abdomen","Linked mastoids","Linked mastoids",0.05,100,"1","0","CFA, Eye movements, Muscle",NA,"Automatic","Power Spectrum","","Noisy Epochs","Fpz",1,1,"80","Secondary","T-peak",354,387,-100,0,"Correlation","Amplitude","0","1","Correlation","0",NA,"0","","",NA,NA,"ECG","","pubmed","Yes","Averaging",1,FALSE,TRUE,"Task",TRUE,FALSE,TRUE,NA,FALSE,FALSE,FALSE,FALSE,FALSE,FALSE,"T-peak","Yes","Both","Averaging","Both","Liu et al. (2023)",80,NA,80
37078023,"Enhanced external counterpulsation modulates the heartbeat evoked potential","Liu H, Liang H, Yu X, Wang G, Han Y, Yan M, Li S, Wang W.",2023,1,19,"0","EEG",1,"standard19","Fpz",80,"2","Lead II","Right clavicle, Left abdomen","Right abdomen","Linked mastoids","Linked mastoids",0.05,100,"1","0","CFA, Eye movements, Muscle",NA,"Automatic","Power Spectrum","","Noisy Epochs","Fpz",1,2,"[est300]","Primary","T-peak",80,400,-100,0,"Group/Condition Differences","Amplitude","0","0","unknown","1",1000,"1","Fpz","T-peak",155,389,"ECG","","pubmed","Yes","Clustering",0,FALSE,TRUE,"Task",TRUE,FALSE,TRUE,NA,FALSE,FALSE,FALSE,FALSE,FALSE,FALSE,"T-peak","Yes","Both","Clustering","Both","Liu et al. (2023)",300,NA,NA
37078023,"Enhanced external counterpulsation modulates the heartbeat evoked potential","Liu H, Liang H, Yu X, Wang G, Han Y, Yan M, Li S, Wang W.",2023,1,40,"0","EEG",1,"standard19","Fpz",80,"2","Lead II","Right clavicle, Left abdomen","Right abdomen","Linked mastoids","Linked mastoids",0.05,100,"1","0","CFA, Eye movements, Muscle",NA,"Automatic","Power Spectrum","","Noisy Epochs","Fpz",2,4,"[est300]","Secondary","T-peak",354,387,-100,0,"Group/Condition Differences","Amplitude","0","1","ANOVA","0",NA,"1","Fpz","",NA,NA,"ECG","","pubmed","Yes","Averaging",1,FALSE,TRUE,"Task",TRUE,FALSE,TRUE,NA,FALSE,FALSE,FALSE,FALSE,FALSE,FALSE,"T-peak","Yes","Both","Averaging","Both","Liu et al. (2023)",300,NA,NA
37070749,"Modulation of the heartbeat evoked cortical potential by hypnotizability and hypnosis","Callara AL, Fontanelli L, Belcari I, Rho G, Greco A, Zelič Ž, Sebastiani L, Santarcangelo EL.",2023,0,31,"0","EEG",16,"standard19","F3, F7, C3, T3, P3, PO3, F4, F8, C4, T4, P4, PO4, Fz, Cz, Pz, Oz",18,"1","N/C","Left shoulder","unknown","Cz","Common average",0.1,62.5,"1","0","Eye movements, muscle, CFA, channel noise, other",NA,"Manual","Topography, power spectrum, time course","","Manual removal of artifacts, Artifact Subspace Reconstruction (ASR), bad channels","F3, F7, C3, T3, P3, PO3, F4, F8, C4, T4, P4, PO4, Fz, Cz, Pz, Oz",2,6,"[est171]","Primary","R-peak",200,600,-200,0,"Group/Condition Differences","Amplitude","0","0","ANOVA","1",2000,"1","P4","R-peak",256,312,"RR, SDRR, RMSSD, LF/HF","est number of trials = 60*3 min in one condition*95%retention of epochs after cleaning","pubmed","Yes","Clustering",0,FALSE,TRUE,"Task",FALSE,TRUE,TRUE,NA,FALSE,FALSE,FALSE,FALSE,FALSE,FALSE,"R-peak","Yes","Clustering","Clustering","Primary","Callara et al. (2023)",171,NA,NA
37070749,"Modulation of the heartbeat evoked cortical potential by hypnotizability and hypnosis","Callara AL, Fontanelli L, Belcari I, Rho G, Greco A, Zelič Ž, Sebastiani L, Santarcangelo EL.",2023,0,31,"0","EEG",16,"standard19","F3, F7, C3, T3, P3, PO3, F4, F8, C4, T4, P4, PO4, Fz, Cz, Pz, Oz",18,"1","N/C","Left shoulder","unknown","Cz","Common average",0.1,62.5,"1","0","Eye movements, muscle, CFA, channel noise, other",NA,"Manual","Topography, power spectrum, time course","","Manual removal of artifacts, Artifact Subspace Reconstruction (ASR), bad channels","F3, F7, C3, T3, P3, PO3, F4, F8, C4, T4, P4, PO4, Fz, Cz, Pz, Oz",2,6,"[est171]","Primary","R-peak",200,600,-200,0,"Group/Condition Differences","Amplitude","0","0","ANOVA","1",2000,"1","Cz","R-peak",288,360,"RR, SDRR, RMSSD, LF/HF","est number of trials = 60*3 min in one condition*95%retention of epochs after cleaning","pubmed","Yes","Clustering",0,FALSE,TRUE,"Task",FALSE,TRUE,TRUE,NA,FALSE,FALSE,FALSE,FALSE,FALSE,FALSE,"R-peak","Yes","Clustering","Clustering","Primary","Callara et al. (2023)",171,NA,NA
37070749,"Modulation of the heartbeat evoked cortical potential by hypnotizability and hypnosis","Callara AL, Fontanelli L, Belcari I, Rho G, Greco A, Zelič Ž, Sebastiani L, Santarcangelo EL.",2023,0,31,"0","EEG",16,"standard19","F3, F7, C3, T3, P3, PO3, F4, F8, C4, T4, P4, PO4, Fz, Cz, Pz, Oz",18,"1","N/C","Left shoulder","unknown","Cz","Common average",0.1,62.5,"1","0","Eye movements, muscle, CFA, channel noise, other",NA,"Manual","Topography, power spectrum, time course","","Manual removal of artifacts, Artifact Subspace Reconstruction (ASR), bad channels","F3, F7, C3, T3, P3, PO3, F4, F8, C4, T4, P4, PO4, Fz, Cz, Pz, Oz",2,1,"[est171]","Primary","R-peak",200,600,-200,0,"Group/Condition Differences","Amplitude","0","0","t-test","0",NA,"1","","",NA,NA,"","est number of trials = 60*3 min in one condition*95%retention of epochs after cleaning","pubmed","Yes","Other",0,FALSE,TRUE,"Task",FALSE,TRUE,TRUE,NA,FALSE,FALSE,FALSE,FALSE,FALSE,FALSE,"R-peak","Yes","Clustering",NA,"Primary","Callara et al. (2023)",171,NA,NA
36927872,"Heartbeat-Evoked Potential in Major Depressive Disorder: A Biomarker for Differential Treatment Prediction between Venlafaxine and rTMS?","Zwienenberg L, van Dijk H, Enriquez-Geppert S, van der Vinne N, Gevirtz R, Gordon E, Sack AT, Arns M.",2023,0,552,"1","EEG",26,"standard19","Fp1, Fp2, F7, F3, Fz, F4, F8, FC3, FCz, FC4, T3, C3, Cz, C4, T4, CP3, CPz, CP4, T5, P3, Pz, P4, T6, O1, Oz, O2",2,"1","N/C","Left wrist","unknown","Linked mastoids","Linked mastoids",0.05,40,"1","1","CFA",1,"Semi-automatic","Topography, Time course","","Noisy epochs","Fp1, Cz, Oz",2,3,"45","Primary","R-peak",-10,10,NA,NA,"Group/Condition Differences","Amplitude","0","1","ANOVA","0",NA,"1","Fp1, Cz, Oz","",NA,NA,"ECG, age, sex, Depression","","pubmed","Unknown","Averaging",1,TRUE,FALSE,"Rest",TRUE,FALSE,TRUE,NA,FALSE,FALSE,FALSE,FALSE,FALSE,FALSE,"Both","Unknown","Averaging","Averaging","Primary","Zwienenberg et al. (2023)",45,NA,45
36927872,"Heartbeat-Evoked Potential in Major Depressive Disorder: A Biomarker for Differential Treatment Prediction between Venlafaxine and rTMS?","Zwienenberg L, van Dijk H, Enriquez-Geppert S, van der Vinne N, Gevirtz R, Gordon E, Sack AT, Arns M.",2023,0,552,"1","EEG",26,"standard19","Fp1, Fp2, F7, F3, Fz, F4, F8, FC3, FCz, FC4, T3, C3, Cz, C4, T4, CP3, CPz, CP4, T5, P3, Pz, P4, T6, O1, Oz, O2",2,"1","N/C","Left wrist","unknown","Linked mastoids","Linked mastoids",0.05,40,"1","1","CFA",1,"Semi-automatic","Topography, Time course","","Noisy epochs","Fp1, Cz, Oz",2,3,"45","Primary","T-peak",-10,10,NA,NA,"Group/Condition Differences","Amplitude","0","1","ANOVA","0",NA,"0","","",NA,NA,"ECG, age, sex, Depression","","pubmed","Unknown","Averaging",1,TRUE,FALSE,"Rest",TRUE,FALSE,TRUE,NA,FALSE,FALSE,FALSE,FALSE,FALSE,FALSE,"Both","Unknown","Averaging","Averaging","Primary","Zwienenberg et al. (2023)",45,NA,45
36927872,"Heartbeat-Evoked Potential in Major Depressive Disorder: A Biomarker for Differential Treatment Prediction between Venlafaxine and rTMS?","Zwienenberg L, van Dijk H, Enriquez-Geppert S, van der Vinne N, Gevirtz R, Gordon E, Sack AT, Arns M.",2023,0,163,"1","EEG",26,"standard19","Fp1, Fp2, F7, F3, Fz, F4, F8, FC3, FCz, FC4, T3, C3, Cz, C4, T4, CP3, CPz, CP4, T5, P3, Pz, P4, T6, O1, Oz, O2",2,"1","N/C","Left wrist","unknown","Linked mastoids","Linked mastoids",0.05,40,"1","1","CFA",1,"Semi-automatic","Topography, Time course","","Noisy epochs","Fp1, Cz, Oz",2,1,"45","Primary","R-peak",-10,10,NA,NA,"Group/Condition Differences","Amplitude","0","1","ANOVA","0",NA,"0","","",NA,NA,"ECG, age, sex, Depression","","pubmed","Unknown","Averaging",1,TRUE,FALSE,"Rest",TRUE,FALSE,TRUE,NA,FALSE,FALSE,FALSE,FALSE,FALSE,FALSE,"Both","Unknown","Averaging","Averaging","Primary","Zwienenberg et al. (2023)",45,NA,45
36841904,"Autonomous sensory meridian response is associated with a larger heartbeat-evoked potential amplitude without differences in interoceptive awareness","Villena-Gonzalez M, Rojas-Thomas F, Morales-Torres R, López V.",2023,0,49,"0","EEG",64,"standard61","Fp1, Fp2, F7, F3, Fz, F4, F8, T7, C3, Cz, C4, T8, P7, P3, Pz, P4, P8, O1, O2, Fpz, FC5, FC1, FC2, FC6, CP5, CP1, CP2, CP6, Oz, AF7, AF3, AFz, AF4, AF8, F5, F1, F2, F6, FT7, FC3, FCz, FC4, FT8, C5, C1, C2, C6, TP7, CP3, CPz, CP4, TP8, P9, P5, P1, P2, P6, P10, PO7, PO3, POz, PO4, PO8, Iz",NA,"2","N/C","Left clavicle, Left chest","unknown","CMS","Linked mastoids",NA,30,"1","1","CFA",NA,"unknown","unknown","","Peak-to-peak voltage","F3, Fz, F4, C3, Cz, C4, P3, Pz, P4, FC5, FC1, FC2, FC6, CP5, CP1, CP2, CP6, AF3, AFz, AF4, F5, F1, F2, F6, FC3, FCz, FC4, C5, C1, C2, C6, CP3, CPz, CP4, P5, P1, P2, P6, PO3, POz, PO4",2,1,"100+-21","Primary","R-peak",210,450,-200,0,"Group/Condition Differences","Amplitude","0","0","t-test","1",10000,"1","AF3, F1, F3, FC5, FC3, FC1, C1, C3, C5, CP3, CP1, P1, PO3, Fz, FCz, Cz, Pz, POz, AF4, F2, F4, F6, FC6, FC4, FC2, C2, C4, CP6, CP4, CP2, P2, P4, P6, PO4","R-peak",244,369,"","","pubmed","Yes","Clustering",0,FALSE,TRUE,"Task",FALSE,FALSE,TRUE,NA,FALSE,FALSE,FALSE,FALSE,FALSE,FALSE,"R-peak","Yes","Clustering","Clustering","Primary","Villena-Gonzalez et al. (2023)",100,21,100
36841904,"Autonomous sensory meridian response is associated with a larger heartbeat-evoked potential amplitude without differences in interoceptive awareness","Villena-Gonzalez M, Rojas-Thomas F, Morales-Torres R, López V.",2023,0,49,"0","EEG",64,"standard61","Fp1, Fp2, F7, F3, Fz, F4, F8, T7, C3, Cz, C4, T8, P7, P3, Pz, P4, P8, O1, O2, Fpz, FC5, FC1, FC2, FC6, CP5, CP1, CP2, CP6, Oz, AF7, AF3, AFz, AF4, AF8, F5, F1, F2, F6, FT7, FC3, FCz, FC4, FT8, C5, C1, C2, C6, TP7, CP3, CPz, CP4, TP8, P9, P5, P1, P2, P6, P10, PO7, PO3, POz, PO4, PO8, Iz",NA,"2","N/C","Left clavicle, Left chest","unknown","CMS","Linked mastoids",NA,30,"1","1","CFA",NA,"unknown","unknown","","Peak-to-peak voltage","F3, Fz, F4, C3, Cz, C4, P3, Pz, P4, FC5, FC1, FC2, FC6, CP5, CP1, CP2, CP6, AF3, AFz, AF4, F5, F1, F2, F6, FC3, FCz, FC4, C5, C1, C2, C6, CP3, CPz, CP4, P5, P1, P2, P6, PO3, POz, PO4",2,4,"524+-6","Primary","R-peak",210,450,-200,0,"Group/Condition Differences","Amplitude","0","0","ANOVA","1",10000,"1","FC3, FC1, C1, C3, C5, CP3, CP1, P1, P3, P5, PO3, Fz, FCz, Cz, CPz, Pz, POz, AF4, F2, F4, F6, FC4, FC2, C2, C4, CP2","R-peak",283,450,"","","pubmed","Yes","Clustering",0,FALSE,TRUE,"Task",FALSE,FALSE,TRUE,NA,FALSE,FALSE,FALSE,FALSE,FALSE,FALSE,"R-peak","Yes","Clustering","Clustering","Primary","Villena-Gonzalez et al. (2023)",524,6,524
36610678,"Whose emotion is it? Perspective matters to understand brain-body interactions in emotions","Engelen T, Buot A, Grèzes J, Tallon-Baudry C.",2023,0,32,"0","EEG",64,"standard61","Fp1, Fp2, F7, F3, Fz, F4, F8, T7, C3, Cz, C4, T8, P7, P3, Pz, P4, P8, O1, O2, Fpz, FC5, FC1, FC2, FC6, CP5, CP1, CP2, CP6, Oz, AF7, AF3, AFz, AF4, AF8, F5, F1, F2, F6, FT7, FC3, FCz, FC4, FT8, C5, C1, C2, C6, TP7, CP3, CPz, CP4, TP8, P9, P5, P1, P2, P6, P10, PO7, PO3, POz, PO4, PO8, Iz",NA,"5","Lead II","Right clavicle, Left abdomen, Left clavicle, Left shoulder, Right shoulder","unknown","CMS","Common average",0.3,20,"1","1","Blinks, CFA",2,"Automatic","Phase consistency","RR at least 570 ms","","Fp1, Fp2, F7, F3, Fz, F4, F8, T7, C3, Cz, C4, T8, P7, P3, Pz, P4, P8, O1, O2, Fpz, FC5, FC1, FC2, FC6, CP5, CP1, CP2, CP6, Oz, AF7, AF3, AFz, AF4, AF8, F5, F1, F2, F6, FT7, FC3, FCz, FC4, FT8, C5, C1, C2, C6, TP7, CP3, CPz, CP4, TP8, P9, P5, P1, P2, P6, P10, PO7, PO3, POz, PO4, PO8, Iz",1,2,"63+-10","Primary","R-peak",270,570,NA,NA,"Group/Condition Differences","Amplitude","0","0","t-test","1",1000,"1","AF8, AF4, F2, F4, F6, F8, FC6, FC4","R-peak",426,436,"RR, ECG, Permuted heartbeats","","pubmed","Unknown","Clustering",0,FALSE,TRUE,"Task",FALSE,FALSE,TRUE,570,TRUE,FALSE,FALSE,FALSE,FALSE,FALSE,"R-peak","Unknown","Both","Clustering","Both","Engelen et al. (2023)",63,10,63
36610678,"Whose emotion is it? Perspective matters to understand brain-body interactions in emotions","Engelen T, Buot A, Grèzes J, Tallon-Baudry C.",2023,0,32,"0","EEG",64,"standard61","Fp1, Fp2, F7, F3, Fz, F4, F8, T7, C3, Cz, C4, T8, P7, P3, Pz, P4, P8, O1, O2, Fpz, FC5, FC1, FC2, FC6, CP5, CP1, CP2, CP6, Oz, AF7, AF3, AFz, AF4, AF8, F5, F1, F2, F6, FT7, FC3, FCz, FC4, FT8, C5, C1, C2, C6, TP7, CP3, CPz, CP4, TP8, P9, P5, P1, P2, P6, P10, PO7, PO3, POz, PO4, PO8, Iz",NA,"5","Lead II","Right clavicle, Left abdomen, Left clavicle, Left shoulder, Right shoulder","unknown","CMS","Common average",0.3,20,"1","1","Blinks, CFA",2,"Automatic","Phase consistency","RR at least 570 ms","","AF8, AF4, F2, F4, F6, F8, FC6, FC4",1,1,"63+-10","Secondary","R-peak",426,436,NA,NA,"Correlation","Amplitude","1","1","Correlation","0",NA,"0","","",NA,NA,"","","pubmed","Unknown","Averaging",1,FALSE,TRUE,"Task",FALSE,FALSE,TRUE,570,TRUE,FALSE,FALSE,FALSE,FALSE,FALSE,"R-peak","Unknown","Both","Averaging","Both","Engelen et al. (2023)",63,10,63
36535320,"Dual interaction between heartbeat-evoked responses and stimuli","Zhang Y, Zhang J, Xie M, Ding N, Zhang Y, Qin P.",2023,0,19,"0","MEG",306,"Elekta","na",NA,"7","Multiple
leads","Left clavicle, Right clavicle, Sternum, Right shoulder, Left shoulder","Upper back","na","na",1,40,"1","1","CFA, Eye movements, Blinks",1,"Manual","Topography, Time course","limit analysis to time of minimal artifact","Manual removal of artifacts","na",1,2,"100","Primary","T-peak",50,350,NA,NA,"Group/Condition Differences","Amplitude","0","0","t-test","1",10000,"0","","",NA,NA,"ECG, RR","","pubmed","Unknown","Clustering",0,FALSE,TRUE,"Task",FALSE,FALSE,TRUE,NA,FALSE,TRUE,FALSE,FALSE,FALSE,FALSE,"T-peak","Unknown","Clustering","Clustering","Primary","Zhang et al. (2023)",100,NA,100
36535320,"Dual interaction between heartbeat-evoked responses and stimuli","Zhang Y, Zhang J, Xie M, Ding N, Zhang Y, Qin P.",2023,0,19,"0","MEG",306,"Elekta","na",NA,"7","Multiple
leads","Left clavicle, Right clavicle, Sternum, Right shoulder, Left shoulder","Upper back","na","na",1,40,"1","1","Eye movements, Blinks",NA,"","","limit analysis to time of minimal artifact","Manual removal of artifacts","na",1,2,"100","Primary","T-peak",50,350,NA,NA,"Group/Condition Differences","Amplitude","0","0","t-test","1",10000,"1","na","T-peak",276,320,"ECG, RR","","pubmed","Unknown","Clustering",0,FALSE,TRUE,"Task",FALSE,FALSE,FALSE,NA,FALSE,TRUE,FALSE,FALSE,FALSE,FALSE,"T-peak","Unknown","Clustering","Clustering","Primary","Zhang et al. (2023)",100,NA,100
36535320,"Dual interaction between heartbeat-evoked responses and stimuli","Zhang Y, Zhang J, Xie M, Ding N, Zhang Y, Qin P.",2023,0,19,"0","MEG",306,"Elekta","na",NA,"7","Multiple
leads","Left clavicle, Right clavicle, Sternum, Right shoulder, Left shoulder","Upper back","na","na",1,40,"1","1","Eye movements, Blinks",NA,"","","limit analysis to time of minimal artifact","Manual removal of artifacts","na",1,2,"50","Primary","T-peak",50,350,NA,NA,"Group/Condition Differences","Amplitude","0","0","t-test","1",10000,"1","na","T-peak",152,184,"ECG, RR","","pubmed","Unknown","Clustering",0,FALSE,TRUE,"Task",FALSE,FALSE,FALSE,NA,FALSE,TRUE,FALSE,FALSE,FALSE,FALSE,"T-peak","Unknown","Clustering","Clustering","Primary","Zhang et al. (2023)",50,NA,50
36265997,"Attenuation of the Heartbeat-Evoked Potential in Patients With Atrial Fibrillation","Kumral D, Al E, Cesnaite E, Kornej J, Sander C, Hensch T, Zeynalova S, Tautenhahn S, Hagendorf A, Laufs U, Wachter R, Nikulin V, Villringer A.",2022,0,112,"1","EEG",31,"standard32","Fp1, Fp2, F7, F3, Fz, F4, F8, FT9, FC5, FC1, FC2, FC6, FT10, T7, C3, Cz, C4, T8, CP5, CP6, TP9, TP10, P7, P3, Pz, P4, P8, PO9, PO10, O1, O2",20,"2","Lead I","Left wrist, Right wrist","unknown","Common average","Common average",1,45,"1","0","CFA, Other",NA,"unknown","unknown","","","Fp1, Fp2, F7, F3, Fz, F4, F8, FT9, FC5, FC1, FC2, FC6, FT10, T7, C3, Cz, C4, T8, CP5, CP6, TP9, TP10, P7, P3, Pz, P4, P8, PO9, PO10, O1, O2",2,1,"[est600]","Primary","T-peak",50,250,NA,NA,"Group/Condition Differences","Amplitude","0","0","t-test","1",5000,"1","Fp1, Fp2, F8, F4, Fz, FC1, C4, CP6, TP10, T8, FC6, FT10, T7, CP5, Pz, P3, P4, TP9, P7, O1, O2, PO9, PO10","T-peak",50,152,"ECG, RR, systolic volume, systolic blood pressure, depression","est number of trials = assume 10 min of clean recording x 60 beats per minute","pubmed","Unknown","Clustering",0,TRUE,FALSE,"Rest",FALSE,FALSE,TRUE,NA,FALSE,FALSE,FALSE,FALSE,FALSE,FALSE,"Both","Yes","Both","Clustering","Both","Kumral et al. (2022)",600,NA,NA
36265997,"Attenuation of the Heartbeat-Evoked Potential in Patients With Atrial Fibrillation","Kumral D, Al E, Cesnaite E, Kornej J, Sander C, Hensch T, Zeynalova S, Tautenhahn S, Hagendorf A, Laufs U, Wachter R, Nikulin V, Villringer A.",2022,0,112,"1","EEG",31,"standard32","Fp1, Fp2, F7, F3, Fz, F4, F8, FT9, FC5, FC1, FC2, FC6, FT10, T7, C3, Cz, C4, T8, CP5, CP6, TP9, TP10, P7, P3, Pz, P4, P8, PO9, PO10, O1, O2",20,"2","Lead I","Left wrist, Right wrist","unknown","Common average","Common average",1,45,"1","0","CFA, Other",NA,"unknown","unknown","","","Fp1, Fp2, F8, F4, Fz, FC1, C4, CP6, TP10, T8, FC6, FT10",1,1,"[est600]","Secondary","T-peak",50,152,NA,NA,"Correlation","Amplitude","1","1","Correlation","0",NA,"1","Fp1, Fp2, F8, F4, Fz, FC1, C4, CP6, TP10, T8, FC6, FT10","",NA,NA,"","est number of trials = assume 10 min of clean recording x 60 beats per minute","pubmed","Unknown","Averaging",1,TRUE,FALSE,"Rest",FALSE,FALSE,TRUE,NA,FALSE,FALSE,FALSE,FALSE,FALSE,FALSE,"Both","Yes","Both","Averaging","Both","Kumral et al. (2022)",600,NA,NA
36265997,"Attenuation of the Heartbeat-Evoked Potential in Patients With Atrial Fibrillation","Kumral D, Al E, Cesnaite E, Kornej J, Sander C, Hensch T, Zeynalova S, Tautenhahn S, Hagendorf A, Laufs U, Wachter R, Nikulin V, Villringer A.",2022,0,112,"1","EEG",31,"standard32","Fp1, Fp2, F7, F3, Fz, F4, F8, FT9, FC5, FC1, FC2, FC6, FT10, T7, C3, Cz, C4, T8, CP5, CP6, TP9, TP10, P7, P3, Pz, P4, P8, PO9, PO10, O1, O2",20,"2","Lead I","Left wrist, Right wrist","unknown","Common average","Common average",1,45,"1","0","CFA, Other",NA,"unknown","unknown","","","Fp1, Fp2, F7, F3, Fz, F4, F8, FT9, FC5, FC1, FC2, FC6, FT10, T7, C3, Cz, C4, T8, CP5, CP6, TP9, TP10, P7, P3, Pz, P4, P8, PO9, PO10, O1, O2",2,1,"[est600]","Primary","R-peak",300,550,-100,0,"Group/Condition Differences","Amplitude","0","0","t-test","1",5000,"1","Fp1, Fp2, F8, F4, Fz, FC1, C4, CP6, TP10, T8, FC6, FT10, T7, CP5, Pz, P3, P4, TP9, P7, O1, O2, PO9, PO10","R-peak",300,550,"","est number of trials = assume 10 min of clean recording x 60 beats per minute","pubmed","Yes","Clustering",0,TRUE,FALSE,"Rest",FALSE,FALSE,TRUE,NA,FALSE,FALSE,FALSE,FALSE,FALSE,FALSE,"Both","Yes","Both","Clustering","Both","Kumral et al. (2022)",600,NA,NA
36161147,"Effects of 24-h acute total sleep deprivation on physiological coupling in healthy young adults","Liu H, Yu X, Wang G, Han Y, Wang W.",2022,1,38,"0","EEG",1,"standard19","Fpz",10,"2","Lead II","unknown","unknown","unknown","unknown",0.05,100,"1","0","CFA, Eye movements, Blinks, Muscle",NA,"Manual","unknown","","Noisy epochs","Fpz",1,2,"[est600]","Primary","R-peak",455,595,-75,0,"Group/Condition Differences","Amplitude","0","1","Non-parametric comparison","0",NA,"0","","",NA,NA,"","est number of trials = rest recording length (10 min) * 60 bpm","pubmed","Yes","Averaging",1,FALSE,TRUE,"Task",TRUE,FALSE,TRUE,NA,FALSE,FALSE,FALSE,FALSE,FALSE,FALSE,"R-peak","Yes","Averaging","Averaging","Primary","Liu et al. (2022)",600,NA,NA
36161147,"Effects of 24-h acute total sleep deprivation on physiological coupling in healthy young adults","Liu H, Yu X, Wang G, Han Y, Wang W.",2022,1,38,"0","EEG",1,"standard19","Fpz",10,"2","Lead II","unknown","unknown","unknown","unknown",0.05,100,"1","0","CFA, Eye movements, Blinks, Muscle",NA,"Manual","unknown","","Noisy epochs","Fpz",1,2,"[est600]","Primary","R-peak",250,400,-75,0,"Group/Condition Differences","Amplitude","0","0","Non-parametric comparison","0",NA,"0","","",NA,NA,"","est number of trials = rest recording length (10 min) * 60 bpm","pubmed","Yes","Other",0,FALSE,TRUE,"Task",TRUE,FALSE,TRUE,NA,FALSE,FALSE,FALSE,FALSE,FALSE,FALSE,"R-peak","Yes","Averaging",NA,"Primary","Liu et al. (2022)",600,NA,NA
36034270,"Dynamic coupling between the central and autonomic cardiac nervous systems in patients with refractory epilepsy: A pilot study","Melo E, Fiel J, Milhomens R, Ribeiro T, Navegantes R, Gomes F, Duarte Gomes B, Pereira A.",2022,0,18,"1","EEG",22,"standard19","Fp1, Fp2, F7, F3, Fz, F4, F8, T3, C3, Cz, C4, T4, T5, P3, Pz, P4, T6, O1, O2",10,"2","Lead I","Right wrist, Left wrist","Fpz","Linked earlobes","Linked mastoids",0.5,15,"1","0","Eye movements, muscle",NA,"","","","","Fp1, F3, F7, Fp2, F4, F8, C3, C4, T3, T5, T4, T6, P3, P4, O1, O2",2,1,"179","Primary","R-peak",350,600,NA,NA,"Group/Condition Differences","Amplitude","0","0","ANOVA","0",NA,"1","","",NA,NA,"","","pubmed","Unknown","Other",0,TRUE,FALSE,"Rest",FALSE,FALSE,FALSE,NA,FALSE,FALSE,FALSE,FALSE,FALSE,FALSE,"R-peak","Unknown","None",NA,"Primary","Melo et al. (2022)",179,NA,179
35964864,"Brain-heart interactions are modulated across the respiratory cycle via interoceptive attention","Zaccaro A, Perrucci MG, Parrotta E, Costantini M, Ferri F.",2022,0,39,"1","EEG",64,"standard61","Fp1, Fp2, F7, F3, Fz, F4, F8, T7, C3, Cz, C4, T8, P7, P3, Pz, P4, P8, O1, O2, Fpz, FT9, FC5, FC1, FC2, FC6, FT10, TP9, CP5, CP1, CP2, CP6, TP10, Oz, AF7, AF3, AFz, AF4, AF8, F5, F1, F2, F6, FT7, FC3, FC4, FT8, C5, C1, C2, C6, TP7, CP3, CPz, CP4, TP8, P5, P1, P2, P6, PO7, PO3, POz, PO4, PO8",10,"2","Lead I","Left Clavicle, Right Clavicle","Right abdomen","FCz","Common average",0.5,40,"1","0","CFA, Eye movements, Muscle",NA,"Manual","Time course","limit analysis to time of minimal artifact","Noisy epochs","Fp1, Fp2, F7, F3, Fz, F4, F8, T7, C3, Cz, C4, T8, P7, P3, Pz, P4, P8, O1, O2, Fpz, FT9, FC5, FC1, FC2, FC6, FT10, TP9, CP5, CP1, CP2, CP6, TP10, Oz, AF7, AF3, AFz, AF4, AF8, F5, F1, F2, F6, FT7, FC3, FC4, FT8, C5, C1, C2, C6, TP7, CP3, CPz, CP4, TP8, P5, P1, P2, P6, PO7, PO3, POz, PO4, PO8",1,2,"[est300]","Primary","T-peak",80,350,-100,0,"Group/Condition Differences","Amplitude","0","0","t-test","1",10000,"1","FC1, FC2, Cz, C1, C2, C3, C4, CPz, CP1, CP2, CP3, CP4, Pz, P1, P3, POz","T-peak",191,350,"HR, ECG, HFlog","est number of trials = recording length within condition (5 min) * 60 bpm","pubmed","Yes","Clustering",0,TRUE,TRUE,"Both",TRUE,FALSE,TRUE,NA,FALSE,TRUE,FALSE,FALSE,FALSE,FALSE,"Both","Yes","Both","Clustering","Both","Zaccaro et al. (2022)",300,NA,NA
35964864,"Brain-heart interactions are modulated across the respiratory cycle via interoceptive attention","Zaccaro A, Perrucci MG, Parrotta E, Costantini M, Ferri F.",2022,0,39,"1","EEG",64,"standard61","Fp1, Fp2, F7, F3, Fz, F4, F8, T7, C3, Cz, C4, T8, P7, P3, Pz, P4, P8, O1, O2, Fpz, FT9, FC5, FC1, FC2, FC6, FT10, TP9, CP5, CP1, CP2, CP6, TP10, Oz, AF7, AF3, AFz, AF4, AF8, F5, F1, F2, F6, FT7, FC3, FC4, FT8, C5, C1, C2, C6, TP7, CP3, CPz, CP4, TP8, P5, P1, P2, P6, PO7, PO3, POz, PO4, PO8",10,"2","Lead I","Left Clavicle, Right Clavicle","Right abdomen","FCz","Common average",0.5,40,"1","0","CFA, Eye movements, Muscle",NA,"Manual","Time course","limit analysis to time of minimal artifact","Noisy epochs","Fp1, Fp2, F7, F3, Fz, F4, F8, T7, C3, Cz, C4, T8, P7, P3, Pz, P4, P8, O1, O2, Fpz, FT9, FC5, FC1, FC2, FC6, FT10, TP9, CP5, CP1, CP2, CP6, TP10, Oz, AF7, AF3, AFz, AF4, AF8, F5, F1, F2, F6, FT7, FC3, FC4, FT8, C5, C1, C2, C6, TP7, CP3, CPz, CP4, TP8, P5, P1, P2, P6, PO7, PO3, POz, PO4, PO8",1,2,"[est300]","Primary","R-peak",140,400,-100,0,"Group/Condition Differences","Amplitude","0","0","t-test","1",10000,"1","Fp1, Fpz, Fp2, AF7, AF3, AFz, AF4, AF8, Fz","R-peak",332,379,"HR, ECG, HFlog","est number of trials = recording length within condition (5 min) * 60 bpm","pubmed","Yes","Clustering",0,TRUE,TRUE,"Both",TRUE,FALSE,TRUE,NA,FALSE,TRUE,FALSE,FALSE,FALSE,FALSE,"Both","Yes","Both","Clustering","Both","Zaccaro et al. (2022)",300,NA,NA
35964864,"Brain-heart interactions are modulated across the respiratory cycle via interoceptive attention","Zaccaro A, Perrucci MG, Parrotta E, Costantini M, Ferri F.",2022,0,39,"1","EEG",64,"standard61","Fp1, Fp2, F7, F3, Fz, F4, F8, T7, C3, Cz, C4, T8, P7, P3, Pz, P4, P8, O1, O2, Fpz, FT9, FC5, FC1, FC2, FC6, FT10, TP9, CP5, CP1, CP2, CP6, TP10, Oz, AF7, AF3, AFz, AF4, AF8, F5, F1, F2, F6, FT7, FC3, FC4, FT8, C5, C1, C2, C6, TP7, CP3, CPz, CP4, TP8, P5, P1, P2, P6, PO7, PO3, POz, PO4, PO8",10,"2","Lead I","Left Clavicle, Right Clavicle","Right abdomen","FCz","Common average",0.5,40,"1","0","CFA, Eye movements, Muscle",NA,"Manual","Time course","limit analysis to time of minimal artifact","Noisy epochs","FC1, FC2, Cz, C1, C2, C3, C4, CPz, CP1, CP2, CP3, CP4, Pz, P1, P3, POz",1,1,"[est600]","Secondary","T-peak",191,350,-100,0,"Correlation","Amplitude","1","1","Correlation","0",NA,"1","FC1, FC2, Cz, C1, C2, C3, C4, CPz, CP1, CP2, CP3, CP4, Pz, P1, P3, POz","",NA,NA,"","est number of trials = recording length within condition (10 min) * 60 bpm","pubmed","Yes","Averaging",1,TRUE,TRUE,"Both",TRUE,FALSE,TRUE,NA,FALSE,TRUE,FALSE,FALSE,FALSE,FALSE,"Both","Yes","Both","Averaging","Both","Zaccaro et al. (2022)",600,NA,NA
35964864,"Brain-heart interactions are modulated across the respiratory cycle via interoceptive attention","Zaccaro A, Perrucci MG, Parrotta E, Costantini M, Ferri F.",2022,0,39,"1","EEG",64,"standard61","Fp1, Fp2, F7, F3, Fz, F4, F8, T7, C3, Cz, C4, T8, P7, P3, Pz, P4, P8, O1, O2, Fpz, FT9, FC5, FC1, FC2, FC6, FT10, TP9, CP5, CP1, CP2, CP6, TP10, Oz, AF7, AF3, AFz, AF4, AF8, F5, F1, F2, F6, FT7, FC3, FC4, FT8, C5, C1, C2, C6, TP7, CP3, CPz, CP4, TP8, P5, P1, P2, P6, PO7, PO3, POz, PO4, PO8",10,"2","Lead I","Left Clavicle, Right Clavicle","Right abdomen","FCz","Common average",0.5,40,"1","0","CFA, Eye movements, Muscle",NA,"Manual","Time course","limit analysis to time of minimal artifact","Noisy epochs","FC1, FC2, Cz, C1, C2, C3, C4, CPz, CP1, CP2, CP3, CP4, Pz, P1, P3, POz",1,1,"[est600]","Secondary","T-peak",191,350,-100,0,"Group/Condition Differences","Amplitude","1","1","Regression","0",NA,"1","FC1, FC2, Cz, C1, C2, C3, C4, CPz, CP1, CP2, CP3, CP4, Pz, P1, P3, POz","",NA,NA,"ECG, HR, HFlog, HRV, LF/HF, I/E","est number of trials = recording length within condition (10 min) * 60 bpm","pubmed","Yes","Averaging",1,TRUE,TRUE,"Both",TRUE,FALSE,TRUE,NA,FALSE,TRUE,FALSE,FALSE,FALSE,FALSE,"Both","Yes","Both","Averaging","Both","Zaccaro et al. (2022)",600,NA,NA
35964864,"Brain-heart interactions are modulated across the respiratory cycle via interoceptive attention","Zaccaro A, Perrucci MG, Parrotta E, Costantini M, Ferri F.",2022,0,19,"0","EEG",64,"standard61","Fp1, Fp2, F7, F3, Fz, F4, F8, T7, C3, Cz, C4, T8, P7, P3, Pz, P4, P8, O1, O2, Fpz, FT9, FC5, FC1, FC2, FC6, FT10, TP9, CP5, CP1, CP2, CP6, TP10, Oz, AF7, AF3, AFz, AF4, AF8, F5, F1, F2, F6, FT7, FC3, FC4, FT8, C5, C1, C2, C6, TP7, CP3, CPz, CP4, TP8, P5, P1, P2, P6, PO7, PO3, POz, PO4, PO8",20,"2","Lead I","Left Clavicle, Right Clavicle","Right abdomen","FCz","Common average",0.5,40,"1","0","CFA, Eye movements, Muscle",NA,"Manual","Time course","limit analysis to time of minimal artifact","Noisy epochs","Fp1, Fp2, F7, F3, Fz, F4, F8, T7, C3, Cz, C4, T8, P7, P3, Pz, P4, P8, O1, O2, Fpz, FT9, FC5, FC1, FC2, FC6, FT10, TP9, CP5, CP1, CP2, CP6, TP10, Oz, AF7, AF3, AFz, AF4, AF8, F5, F1, F2, F6, FT7, FC3, FC4, FT8, C5, C1, C2, C6, TP7, CP3, CPz, CP4, TP8, P5, P1, P2, P6, PO7, PO3, POz, PO4, PO8",1,2,"[est300]","Primary","T-peak",80,350,-100,0,"Group/Condition Differences","Amplitude","0","0","t-test","1",10000,"1","F2, F4, FC2, FC4, Cz, C1, C2, C4, CPz, CP2","T-peak",234,312,"HR, ECG, HFlog","est number of trials = recording length within condition (5 min) * 60 bpm","pubmed","Yes","Clustering",0,TRUE,TRUE,"Both",TRUE,FALSE,TRUE,NA,FALSE,TRUE,FALSE,FALSE,FALSE,FALSE,"Both","Yes","Both","Clustering","Both","Zaccaro et al. (2022)",300,NA,NA
35964864,"Brain-heart interactions are modulated across the respiratory cycle via interoceptive attention","Zaccaro A, Perrucci MG, Parrotta E, Costantini M, Ferri F.",2022,0,19,"0","EEG",64,"standard61","Fp1, Fp2, F7, F3, Fz, F4, F8, T7, C3, Cz, C4, T8, P7, P3, Pz, P4, P8, O1, O2, Fpz, FT9, FC5, FC1, FC2, FC6, FT10, TP9, CP5, CP1, CP2, CP6, TP10, Oz, AF7, AF3, AFz, AF4, AF8, F5, F1, F2, F6, FT7, FC3, FC4, FT8, C5, C1, C2, C6, TP7, CP3, CPz, CP4, TP8, P5, P1, P2, P6, PO7, PO3, POz, PO4, PO8",20,"2","Lead I","Left Clavicle, Right Clavicle","Right abdomen","FCz","Common average",0.5,40,"1","0","CFA, Eye movements, Muscle",NA,"Manual","Time course","limit analysis to time of minimal artifact","Noisy epochs","F2, F4, FC2, FC4, Cz, C1, C2, C4, CPz, CP2",1,2,"[est300]","Secondary","T-peak",234,312,-100,0,"Group/Condition Differences","Amplitude","0","0","t-test","1",10000,"0","","",NA,NA,"HR, ECG, HFlog","est number of trials = recording length within condition (5 min) * 60 bpm","pubmed","Yes","Clustering",0,TRUE,TRUE,"Both",TRUE,FALSE,TRUE,NA,FALSE,TRUE,FALSE,FALSE,FALSE,FALSE,"Both","Yes","Both","Clustering","Both","Zaccaro et al. (2022)",300,NA,NA
35964864,"Brain-heart interactions are modulated across the respiratory cycle via interoceptive attention","Zaccaro A, Perrucci MG, Parrotta E, Costantini M, Ferri F.",2022,0,19,"0","EEG",64,"standard61","Fp1, Fp2, F7, F3, Fz, F4, F8, T7, C3, Cz, C4, T8, P7, P3, Pz, P4, P8, O1, O2, Fpz, FT9, FC5, FC1, FC2, FC6, FT10, TP9, CP5, CP1, CP2, CP6, TP10, Oz, AF7, AF3, AFz, AF4, AF8, F5, F1, F2, F6, FT7, FC3, FC4, FT8, C5, C1, C2, C6, TP7, CP3, CPz, CP4, TP8, P5, P1, P2, P6, PO7, PO3, POz, PO4, PO8",20,"2","Lead I","Left Clavicle, Right Clavicle","Right abdomen","FCz","Common average",0.5,40,"1","0","CFA, Eye movements, Muscle",NA,"Manual","Time course","limit analysis to time of minimal artifact","Noisy epochs","F2, F4, FC2, FC4, Cz, C1, C2, C4, CPz, CP2",1,4,"[est300]","Secondary","T-peak",234,312,-100,0,"Group/Condition Differences","Amplitude","1","1","ANOVA","0",NA,"1","F2, F4, FC2, FC4, Cz, C1, C2, C4, CPz, CP2","",NA,NA,"","est number of trials = recording length within condition (5 min) * 60 bpm","pubmed","Yes","Averaging",1,TRUE,TRUE,"Both",TRUE,FALSE,TRUE,NA,FALSE,TRUE,FALSE,FALSE,FALSE,FALSE,"Both","Yes","Both","Averaging","Both","Zaccaro et al. (2022)",300,NA,NA
35964864,"Brain-heart interactions are modulated across the respiratory cycle via interoceptive attention","Zaccaro A, Perrucci MG, Parrotta E, Costantini M, Ferri F.",2022,0,19,"0","EEG",64,"standard61","Fp1, Fp2, F7, F3, Fz, F4, F8, T7, C3, Cz, C4, T8, P7, P3, Pz, P4, P8, O1, O2, Fpz, FT9, FC5, FC1, FC2, FC6, FT10, TP9, CP5, CP1, CP2, CP6, TP10, Oz, AF7, AF3, AFz, AF4, AF8, F5, F1, F2, F6, FT7, FC3, FC4, FT8, C5, C1, C2, C6, TP7, CP3, CPz, CP4, TP8, P5, P1, P2, P6, PO7, PO3, POz, PO4, PO8",20,"2","Lead I","Left Clavicle, Right Clavicle","Right abdomen","FCz","Common average",0.5,40,"1","0","CFA, Eye movements, Muscle",NA,"Manual","Time course","limit analysis to time of minimal artifact","Noisy epochs","F2, F4, FC2, FC4, Cz, C1, C2, C4, CPz, CP2",1,1,"[est600]","Secondary","T-peak",234,312,-100,0,"Correlation","Amplitude","1","1","Correlation","0",NA,"1","F2, F4, FC2, FC4, Cz, C1, C2, C4, CPz, CP2","",NA,NA,"","est number of trials = recording length within condition (10 min) * 60 bpm","pubmed","Yes","Averaging",1,TRUE,TRUE,"Both",TRUE,FALSE,TRUE,NA,FALSE,TRUE,FALSE,FALSE,FALSE,FALSE,"Both","Yes","Both","Averaging","Both","Zaccaro et al. (2022)",600,NA,NA
35964864,"Brain-heart interactions are modulated across the respiratory cycle via interoceptive attention","Zaccaro A, Perrucci MG, Parrotta E, Costantini M, Ferri F.",2022,0,19,"0","EEG",64,"standard61","Fp1, Fp2, F7, F3, Fz, F4, F8, T7, C3, Cz, C4, T8, P7, P3, Pz, P4, P8, O1, O2, Fpz, FT9, FC5, FC1, FC2, FC6, FT10, TP9, CP5, CP1, CP2, CP6, TP10, Oz, AF7, AF3, AFz, AF4, AF8, F5, F1, F2, F6, FT7, FC3, FC4, FT8, C5, C1, C2, C6, TP7, CP3, CPz, CP4, TP8, P5, P1, P2, P6, PO7, PO3, POz, PO4, PO8",20,"2","Lead I","Left Clavicle, Right Clavicle","Right abdomen","FCz","Common average",0.5,40,"1","0","CFA, Eye movements, Muscle",NA,"Manual","Time course","limit analysis to time of minimal artifact","Noisy epochs","Fp1, Fp2, F7, F3, Fz, F4, F8, T7, C3, Cz, C4, T8, P7, P3, Pz, P4, P8, O1, O2, Fpz, FT9, FC5, FC1, FC2, FC6, FT10, TP9, CP5, CP1, CP2, CP6, TP10, Oz, AF7, AF3, AFz, AF4, AF8, F5, F1, F2, F6, FT7, FC3, FC4, FT8, C5, C1, C2, C6, TP7, CP3, CPz, CP4, TP8, P5, P1, P2, P6, PO7, PO3, POz, PO4, PO8",1,2,"[est600]","Primary","T-peak",80,350,-100,0,"Group/Condition Differences","Amplitude","0","0","t-test","0",10000,"1","CP1, CP2, P1, P2, CPz","T-peak",190,312,"ECG, HR, HFlog, HRV, LF/HF, I/E","est number of trials = recording length within condition (10 min) * 60 bpm","pubmed","Yes","Other",0,TRUE,TRUE,"Both",TRUE,FALSE,TRUE,NA,FALSE,TRUE,FALSE,FALSE,FALSE,FALSE,"Both","Yes","Both",NA,"Both","Zaccaro et al. (2022)",600,NA,NA
35964864,"Brain-heart interactions are modulated across the respiratory cycle via interoceptive attention","Zaccaro A, Perrucci MG, Parrotta E, Costantini M, Ferri F.",2022,0,19,"0","EEG",64,"standard61","Fp1, Fp2, F7, F3, Fz, F4, F8, T7, C3, Cz, C4, T8, P7, P3, Pz, P4, P8, O1, O2, Fpz, FT9, FC5, FC1, FC2, FC6, FT10, TP9, CP5, CP1, CP2, CP6, TP10, Oz, AF7, AF3, AFz, AF4, AF8, F5, F1, F2, F6, FT7, FC3, FC4, FT8, C5, C1, C2, C6, TP7, CP3, CPz, CP4, TP8, P5, P1, P2, P6, PO7, PO3, POz, PO4, PO8",20,"2","Lead I","Left Clavicle, Right Clavicle","Right abdomen","FCz","Common average",0.5,40,"1","0","CFA, Eye movements, Muscle",NA,"Manual","Time course","limit analysis to time of minimal artifact","Noisy epochs","F2, F4, FC2, FC4, Cz, C1, C2, C4, CPz, CP2",1,1,"[est402]","Secondary","T-peak",234,312,-100,0,"Group/Condition Differences","Amplitude","1","1","Regression","0",NA,"1","F2, F4, FC2, FC4, Cz, C1, C2, C4, CPz, CP2","",NA,NA,"HR, ECG","est number of trials = reported 7638 / 19 subjects","pubmed","Yes","Averaging",1,TRUE,TRUE,"Both",TRUE,FALSE,TRUE,NA,FALSE,TRUE,FALSE,FALSE,FALSE,FALSE,"Both","Yes","Both","Averaging","Both","Zaccaro et al. (2022)",402,NA,NA
35964864,"Brain-heart interactions are modulated across the respiratory cycle via interoceptive attention","Zaccaro A, Perrucci MG, Parrotta E, Costantini M, Ferri F.",2022,0,19,"0","EEG",64,"standard61","Fp1, Fp2, F7, F3, Fz, F4, F8, T7, C3, Cz, C4, T8, P7, P3, Pz, P4, P8, O1, O2, Fpz, FT9, FC5, FC1, FC2, FC6, FT10, TP9, CP5, CP1, CP2, CP6, TP10, Oz, AF7, AF3, AFz, AF4, AF8, F5, F1, F2, F6, FT7, FC3, FC4, FT8, C5, C1, C2, C6, TP7, CP3, CPz, CP4, TP8, P5, P1, P2, P6, PO7, PO3, POz, PO4, PO8",20,"2","Lead I","Left Clavicle, Right Clavicle","Right abdomen","FCz","Common average",0.5,40,"1","0","CFA, Eye movements, Muscle",NA,"Manual","Time course","limit analysis to time of minimal artifact","Noisy epochs","F2, F4, FC2, FC4, Cz, C1, C2, C4, CPz, CP2",1,1,"[est402]","Secondary","T-peak",234,312,-100,0,"Correlation","Amplitude","1","1","Correlation","0",NA,"1","F2, F4, FC2, FC4, Cz, C1, C2, C4, CPz, CP2","",NA,NA,"HR, ECG","est number of trials = reported 7638 / 19 subjects","pubmed","Yes","Averaging",1,TRUE,TRUE,"Both",TRUE,FALSE,TRUE,NA,FALSE,TRUE,FALSE,FALSE,FALSE,FALSE,"Both","Yes","Both","Averaging","Both","Zaccaro et al. (2022)",402,NA,NA
35572002,"Brain-Heart Interaction and the Experience of Flow While Playing a Video Game","Khoshnoud S, Alvarez Igarzábal F, Wittmann M.",2022,0,43,"0","EEG",32,"standard32","Fp1, Fp2, F7, F3, Fz, F4, F8, T7, C3, Cz, C4, T8, P7, P3, Pz, P4, P8, O1, O2, Fpz, FT9, FC5, FC1, FC2, FC6, FT10, TP9, CP5, CP1, CP2, CP6, TP10, Oz",NA,"2","Lead II","Right clavicle, Left abdomen","Left clavicle","Fz","Common average",1.5,70,"1","0","CFA, Blinks, Muscle, Channel noise",NA,"Automatic","ICLabel","","Artifact Subspace Reconstruction (ASR)","Fp1, Fp2, F7, F3, Fz, F4, F8, T7, C3, Cz, C4, T8, P7, P3, Pz, P4, P8, O1, O2, Fpz, FT9, FC5, FC1, FC2, FC6, FT10, TP9, CP5, CP1, CP2, CP6, TP10, Oz",1,2,"[est300]","Primary","R-peak",-200,600,-200,-100,"Group/Condition Differences","Amplitude","0","0","t-test","1",10000,"1","Fz, FC1, FC2, Cz","R-peak",400,500,"Surrogate heartbeats, HR, LF, HF, Respiration","est number of trials = recording length within condition (5 min) * 60 bpm","pubmed","Yes","Clustering",0,FALSE,TRUE,"Task",FALSE,FALSE,TRUE,NA,FALSE,FALSE,FALSE,FALSE,FALSE,FALSE,"R-peak","Yes","Both","Clustering","Both","Khoshnoud et al. (2022)",300,NA,NA
35572002,"Brain-Heart Interaction and the Experience of Flow While Playing a Video Game","Khoshnoud S, Alvarez Igarzábal F, Wittmann M.",2022,0,43,"0","EEG",32,"standard32","Fp1, Fp2, F7, F3, Fz, F4, F8, T7, C3, Cz, C4, T8, P7, P3, Pz, P4, P8, O1, O2, Fpz, FT9, FC5, FC1, FC2, FC6, FT10, TP9, CP5, CP1, CP2, CP6, TP10, Oz",NA,"2","Lead II","Right clavicle, Left abdomen","Left clavicle","Fz","Common average",1.5,70,"1","0","CFA, Blinks, Muscle, Channel noise",NA,"Automatic","ICLabel","","Artifact Subspace Reconstruction (ASR)","Fz, FC1, FC2, Cz",1,1,"[est1500]","Secondary","R-peak",400,500,-200,-100,"Correlation","Amplitude","1","1","Correlation","0",NA,"1","Fz, FC1, FC2, Cz","",NA,NA,"HR, LF, HF, Respiration","est number of trials = recording length within condition (25 min) * 60 bpm","pubmed","Yes","Averaging",1,FALSE,TRUE,"Task",FALSE,FALSE,TRUE,NA,FALSE,FALSE,FALSE,FALSE,FALSE,FALSE,"R-peak","Yes","Both","Averaging","Both","Khoshnoud et al. (2022)",1500,NA,NA
35491275,"Allostatic-Interoceptive Overload in Frontotemporal Dementia","Birba A, Santamaría-García H, Prado P, Cruzat J, Ballesteros AS, Legaz A, Fittipaldi S, Duran-Aniotz C, Slachevsky A, Santibañez R, Sigman M, García AM, Whelan R, Moguilner S, Ibáñez A.",2022,0,52,"1","EEG",128,"biosemi128","A1, A2, A3, A4, A5, A6, A7, A8, A9, A10, A15, A16, A17, A18, A19, A20, A21, A22, A23, A28, A29, A30, A31, A32, B1, B2, B3, B4, B5, B6, B7, B11, B12, B13, B14, B15, B16, B17, B18, B19, B20, B21, B22, B23, B24, B25, B26, B27, B28, B29, B30, B31, B32, C1, C2, C3, C4, C5, C6, C7, C8, C9, C10, C11, C12, C13, C14, C15, C16, C17, C18, C19, C20, C21, C22, C23, C24, C25, C26, C27, C28, C29, C30, C31, C32, D1, D2, D3, D4, D5, D6, D7, D8, D9, D10, D11, D12, D13, D14, D15, D16, D17, D18, D19, D20, D21, D22, D23, D24, D25, D26, D27, D28, D29, D30, D31",10,"unknown","N/M","unknown","unknown","Linked mastoids","Common average",0.5,40,"1","0","CFA, Eye movements",NA,"Manual","unknown","limit analysis to time of minimal artifact","noisy epochs","A1, A2, A3, A4, A5, A6, A7, A8, A9, A10, A15, A16, A17, A18, A19, A20, A21, A22, A23, A28, A29, A30, A31, A32, B1, B2, B3, B4, B5, B6, B7, B11, B12, B13, B14, B15, B16, B17, B18, B19, B20, B21, B22, B23, B24, B25, B26, B27, B28, B29, B30, B31, B32, C1, C2, C3, C4, C5, C6, C7, C8, C9, C10, C11, C12, C13, C14, C15, C16, C17, C18, C19, C20, C21, C22, C23, C24, C25, C26, C27, C28, C29, C30, C31, C32, D1, D2, D3, D4, D5, D6, D7, D8, D9, D10, D11, D12, D13, D14, D15, D16, D17, D18, D19, D20, D21, D22, D23, D24, D25, D26, D27, D28, D29, D30, D31",2,1,"184","Primary","R-peak",200,800,-300,0,"Group/Condition Differences","Amplitude","0","0","unknown","1",5000,"1","D12, D3, C24, C22, D1, C1, C2, B32, B31, B30, B29, B1, B20, B21, B22, B26, A2, D15, D16, D28, B19, B17, B16, B3, B12","R-peak",290,600,"","","pubmed","Yes","Clustering",0,TRUE,FALSE,"Rest",TRUE,FALSE,TRUE,NA,FALSE,TRUE,FALSE,FALSE,FALSE,FALSE,"R-peak","Yes","Both","Clustering","Both","Birba et al. (2022)",184,NA,184
35491275,"Allostatic-Interoceptive Overload in Frontotemporal Dementia","Birba A, Santamaría-García H, Prado P, Cruzat J, Ballesteros AS, Legaz A, Fittipaldi S, Duran-Aniotz C, Slachevsky A, Santibañez R, Sigman M, García AM, Whelan R, Moguilner S, Ibáñez A.",2022,0,52,"1","EEG",128,"biosemi128","A1, A2, A3, A4, A5, A6, A7, A8, A9, A10, A15, A16, A17, A18, A19, A20, A21, A22, A23, A28, A29, A30, A31, A32, B1, B2, B3, B4, B5, B6, B7, B11, B12, B13, B14, B15, B16, B17, B18, B19, B20, B21, B22, B23, B24, B25, B26, B27, B28, B29, B30, B31, B32, C1, C2, C3, C4, C5, C6, C7, C8, C9, C10, C11, C12, C13, C14, C15, C16, C17, C18, C19, C20, C21, C22, C23, C24, C25, C26, C27, C28, C29, C30, C31, C32, D1, D2, D3, D4, D5, D6, D7, D8, D9, D10, D11, D12, D13, D14, D15, D16, D17, D18, D19, D20, D21, D22, D23, D24, D25, D26, D27, D28, D29, D30, D31",10,"unknown","N/M","unknown","unknown","Linked mastoids","Common average",0.5,40,"1","0","CFA, Eye movements",NA,"Manual","unknown","limit analysis to time of minimal artifact","noisy epochs","A1, A2, A3, A4, A5, A6, A7, A8, A9, A10, A15, A16, A17, A18, A19, A20, A21, A22, A23, A28, A29, A30, A31, A32, B1, B2, B3, B4, B5, B6, B7, B11, B12, B13, B14, B15, B16, B17, B18, B19, B20, B21, B22, B23, B24, B25, B26, B27, B28, B29, B30, B31, B32, C1, C2, C3, C4, C5, C6, C7, C8, C9, C10, C11, C12, C13, C14, C15, C16, C17, C18, C19, C20, C21, C22, C23, C24, C25, C26, C27, C28, C29, C30, C31, C32, D1, D2, D3, D4, D5, D6, D7, D8, D9, D10, D11, D12, D13, D14, D15, D16, D17, D18, D19, D20, D21, D22, D23, D24, D25, D26, D27, D28, D29, D30, D31",2,1,"162","Primary","R-peak",200,800,-300,0,"Group/Condition Differences","Amplitude","0","0","unknown","1",5000,"1","D12, C24, C22, D2, D1, C1, C2, B32, B31, B30, B29, B1, B20, B21, B22, B19, B18, B17, B16, B3, A2, D15, D16, D28","R-peak",190,310,"","","pubmed","Yes","Clustering",0,TRUE,FALSE,"Rest",TRUE,FALSE,TRUE,NA,FALSE,TRUE,FALSE,FALSE,FALSE,FALSE,"R-peak","Yes","Both","Clustering","Both","Birba et al. (2022)",162,NA,162
35491275,"Allostatic-Interoceptive Overload in Frontotemporal Dementia","Birba A, Santamaría-García H, Prado P, Cruzat J, Ballesteros AS, Legaz A, Fittipaldi S, Duran-Aniotz C, Slachevsky A, Santibañez R, Sigman M, García AM, Whelan R, Moguilner S, Ibáñez A.",2022,0,94,"1","EEG",128,"biosemi128","A1, A2, A3, A4, A5, A6, A7, A8, A9, A10, A15, A16, A17, A18, A19, A20, A21, A22, A23, A28, A29, A30, A31, A32, B1, B2, B3, B4, B5, B6, B7, B11, B12, B13, B14, B15, B16, B17, B18, B19, B20, B21, B22, B23, B24, B25, B26, B27, B28, B29, B30, B31, B32, C1, C2, C3, C4, C5, C6, C7, C8, C9, C10, C11, C12, C13, C14, C15, C16, C17, C18, C19, C20, C21, C22, C23, C24, C25, C26, C27, C28, C29, C30, C31, C32, D1, D2, D3, D4, D5, D6, D7, D8, D9, D10, D11, D12, D13, D14, D15, D16, D17, D18, D19, D20, D21, D22, D23, D24, D25, D26, D27, D28, D29, D30, D31",10,"unknown","N/M","unknown","unknown","Linked mastoids","Common average",0.5,40,"1","0","CFA, Eye movements",NA,"Manual","unknown","limit analysis to time of minimal artifact","noisy epochs","D12, D3, C24, C22, D1, C1, C2, B32, B31, B30, B29, B1, B20, B21, B22, B26, A2, D15, D16, D28, B19, B17, B16, B3, B12",3,1,"162","Secondary","R-peak",290,600,-300,0,"Group/Condition Differences","AUC","1","1","Regression","0",NA,"1","D12, D3, C24, C22, D1, C1, C2, B32, B31, B30, B29, B1, B20, B21, B22, B26, A2, D15, D16, D28, B19, B17, B16, B3, B12","",NA,NA,"","","pubmed","Yes","Averaging",1,TRUE,FALSE,"Rest",TRUE,FALSE,TRUE,NA,FALSE,TRUE,FALSE,FALSE,FALSE,FALSE,"R-peak","Yes","Both","Averaging","Both","Birba et al. (2022)",162,NA,162
35491275,"Allostatic-Interoceptive Overload in Frontotemporal Dementia","Birba A, Santamaría-García H, Prado P, Cruzat J, Ballesteros AS, Legaz A, Fittipaldi S, Duran-Aniotz C, Slachevsky A, Santibañez R, Sigman M, García AM, Whelan R, Moguilner S, Ibáñez A.",2022,0,94,"1","EEG",128,"biosemi128","A1, A2, A3, A4, A5, A6, A7, A8, A9, A10, A15, A16, A17, A18, A19, A20, A21, A22, A23, A28, A29, A30, A31, A32, B1, B2, B3, B4, B5, B6, B7, B11, B12, B13, B14, B15, B16, B17, B18, B19, B20, B21, B22, B23, B24, B25, B26, B27, B28, B29, B30, B31, B32, C1, C2, C3, C4, C5, C6, C7, C8, C9, C10, C11, C12, C13, C14, C15, C16, C17, C18, C19, C20, C21, C22, C23, C24, C25, C26, C27, C28, C29, C30, C31, C32, D1, D2, D3, D4, D5, D6, D7, D8, D9, D10, D11, D12, D13, D14, D15, D16, D17, D18, D19, D20, D21, D22, D23, D24, D25, D26, D27, D28, D29, D30, D31",10,"unknown","N/M","unknown","unknown","Linked mastoids","Common average",0.5,40,"1","0","CFA, Eye movements",NA,"Manual","unknown","limit analysis to time of minimal artifact","noisy epochs","D12, D3, C24, C22, D1, C1, C2, B32, B31, B30, B29, B1, B20, B21, B22, B26, A2, D15, D16, D28, B19, B17, B16, B3, B12",1,1,"162","Secondary","R-peak",290,600,-300,0,"Correlation","AUC","1","1","Correlation","0",NA,"1","D12, D3, C24, C22, D1, C1, C2, B32, B31, B30, B29, B1, B20, B21, B22, B26, A2, D15, D16, D28, B19, B17, B16, B3, B12","",NA,NA,"","","pubmed","Yes","Averaging",1,TRUE,FALSE,"Rest",TRUE,FALSE,TRUE,NA,FALSE,TRUE,FALSE,FALSE,FALSE,FALSE,"R-peak","Yes","Both","Averaging","Both","Birba et al. (2022)",162,NA,162
35491275,"Allostatic-Interoceptive Overload in Frontotemporal Dementia","Birba A, Santamaría-García H, Prado P, Cruzat J, Ballesteros AS, Legaz A, Fittipaldi S, Duran-Aniotz C, Slachevsky A, Santibañez R, Sigman M, García AM, Whelan R, Moguilner S, Ibáñez A.",2022,0,94,"1","EEG",128,"biosemi128","A1, A2, A3, A4, A5, A6, A7, A8, A9, A10, A15, A16, A17, A18, A19, A20, A21, A22, A23, A28, A29, A30, A31, A32, B1, B2, B3, B4, B5, B6, B7, B11, B12, B13, B14, B15, B16, B17, B18, B19, B20, B21, B22, B23, B24, B25, B26, B27, B28, B29, B30, B31, B32, C1, C2, C3, C4, C5, C6, C7, C8, C9, C10, C11, C12, C13, C14, C15, C16, C17, C18, C19, C20, C21, C22, C23, C24, C25, C26, C27, C28, C29, C30, C31, C32, D1, D2, D3, D4, D5, D6, D7, D8, D9, D10, D11, D12, D13, D14, D15, D16, D17, D18, D19, D20, D21, D22, D23, D24, D25, D26, D27, D28, D29, D30, D31",10,"unknown","N/M","unknown","unknown","Linked mastoids","Common average",0.5,40,"1","0","CFA, Eye movements",NA,"Manual","unknown","limit analysis to time of minimal artifact","noisy epochs","D12, D3, C24, C22, D1, C1, C2, B32, B31, B30, B29, B1, B20, B21, B22, B26, A2, D15, D16, D28, B19, B17, B16, B3, B12",1,1,"162","Secondary","R-peak",290,600,-300,0,"Correlation","AUC","1","1","Correlation","0",NA,"0","","",NA,NA,"","","pubmed","Yes","Averaging",1,TRUE,FALSE,"Rest",TRUE,FALSE,TRUE,NA,FALSE,TRUE,FALSE,FALSE,FALSE,FALSE,"R-peak","Yes","Both","Averaging","Both","Birba et al. (2022)",162,NA,162
35479498,"Interoception Dysfunction Contributes to the Negative Emotional Bias in Major Depressive Disorder","Zhou H, Zou H, Dai Z, Zhao S, Hua L, Xia Y, Han Y, Yan R, Tang H, Huang Y, Du Y, Wang X, Yao Z, Lu Q.",2022,0,54,"0","EEG",64,"standard61","Fp1, Fpz, Fp2, AF7, AF3, AFz, AF4, AF8, F7, F5, F3, F1, Fz, F2, F4, F6, F8, FT7, FC5, FC3, FC1, FCz, FC2, FC4, FC6, FT8, T7, C5, C3, C1, Cz, C2, C4, C6, T8, TP7, CP5, CP3, CP1, CPz, CP2, CP4, CP6, TP8, P7, P5, P3, P1, Pz, P2, P4, P6, P8, PO7, PO3, POz, PO4, PO8, O1, Oz, O2",NA,"2","N/C","unknown","unknown","Common average","unknown",0.3,30,"1","0","CFA, Eye movements",NA,"Manual","unknown","limit analysis to time of minimal artifact","","F7, F5, F3, F1, Fz, F2, F4, F6, F8, FC5, FC3, FC1, FCz, FC2, FC4, FC6, C5, C3, C1, Cz, C2, C4, C6, CP5, CP3, CP1, CPz, CP2, CP4, CP6, P7, P5, P3, P1, Pz, P2, P4, P6, P8, PO7, PO3, POz, PO4, PO8, O1, Oz, O2",2,1,"270","Primary","R-peak",455,595,NA,NA,"Group/Condition Differences","Amplitude","0","1","t-test","1",NA,"1","F2, F4, F6, F8, FC2, FC4, FC6, Cz, C4","R-peak",455,595,"ECG","","pubmed","Unknown","Other",0,FALSE,TRUE,"Task",FALSE,FALSE,TRUE,NA,FALSE,TRUE,FALSE,FALSE,FALSE,FALSE,"R-peak","Unknown","Averaging",NA,"Both","Zhou et al. (2022)",270,NA,270
35479498,"Interoception Dysfunction Contributes to the Negative Emotional Bias in Major Depressive Disorder","Zhou H, Zou H, Dai Z, Zhao S, Hua L, Xia Y, Han Y, Yan R, Tang H, Huang Y, Du Y, Wang X, Yao Z, Lu Q.",2022,0,54,"0","EEG",64,"standard61","Fp1, Fpz, Fp2, AF7, AF3, AFz, AF4, AF8, F7, F5, F3, F1, Fz, F2, F4, F6, F8, FT7, FC5, FC3, FC1, FCz, FC2, FC4, FC6, FT8, T7, C5, C3, C1, Cz, C2, C4, C6, T8, TP7, CP5, CP3, CP1, CPz, CP2, CP4, CP6, TP8, P7, P5, P3, P1, Pz, P2, P4, P6, P8, PO7, PO3, POz, PO4, PO8, O1, Oz, O2",NA,"2","N/C","unknown","unknown","Common average","unknown",0.3,30,"1","0","CFA, Eye movements",NA,"Manual","unknown","limit analysis to time of minimal artifact","","F7, F5, F3, F8, FC5, FC3, FC1, FCz, C5, C3, C1, Cz, C4, CP5, CP3, CP2, CP4, CP6, Pz, P2, P4, P6, P8, PO3, POz, PO4, PO8, O1, Oz, O2",1,1,"90","Secondary","R-peak",455,595,NA,NA,"Correlation","Amplitude","1","1","Correlation","0",NA,"1","F7, F5, F3, F8, FC5, FC3, FC1, FCz, C5, C3, C1, Cz, C4, CP5, CP3, CP2, CP4, CP6, Pz, P2, P4, P6, P8, PO3, POz, PO4, PO8, O1, Oz, O2","",NA,NA,"","","pubmed","Unknown","Averaging",1,FALSE,TRUE,"Task",FALSE,FALSE,TRUE,NA,FALSE,TRUE,FALSE,FALSE,FALSE,FALSE,"R-peak","Unknown","Averaging","Averaging","Both","Zhou et al. (2022)",90,NA,90
35346793,"Response inhibition is disrupted by interoceptive processing at cardiac systole","Ren Q, Marshall AC, Kaiser J, Schütz-Bosbach S.",2022,0,36,"0","EEG",65,"standard61","Fp1, Fp2, F7, F3, Fz, F4, F8, T7, C3, Cz, C4, T8, P7, P3, Pz, P4, P8, O1, O2, FC5, FC1, FC2, FC6, TP9, CP5, CP1, CP2, CP6, TP10, Oz, AF7, AF3, AFz, AF4, AF8, F5, F1, F2, F6, FT7, FC3, FCz, FC4, FT8, C5, C1, C2, C6, TP7, CP3, CPz, CP4, TP8, P5, P1, P2, P6, PO7, PO3, POz, PO4, PO8, Iz",NA,"2","N/C","Left clavicle, Left chest","Right clavicle","FCz","Common average",0.1,40,"1","1","CFA, Eye movements, Blinks",2.03,"Manual","Topography, Time course, Power spectrum, Phase consistency ","","Noisy epochs","Fp1, Fp2, F7, F3, Fz, F4, F8, T7, C3, Cz, C4, T8, P7, P3, Pz, P4, P8, O1, O2, FC5, FC1, FC2, FC6, TP9, CP5, CP1, CP2, CP6, TP10, Oz, AF7, AF3, AFz, AF4, AF8, F5, F1, F2, F6, FT7, FC3, FCz, FC4, FT8, C5, C1, C2, C6, TP7, CP3, CPz, CP4, TP8, P5, P1, P2, P6, PO7, PO3, POz, PO4, PO8, Iz",1,2,"[est430]","Primary","R-peak",0,600,-100,0,"Group/Condition Differences","Amplitude","0","0","t-test","1",5000,"1","FC3, FC1, FCz, FC2, FC4, C3, C1, Cz, C2, C4, CP3, CP1, CPz, CP2, CP4, P1, Pz, P2, P4, P6","R-peak",120,600,"","est number of trials = 2 tasks * 3 blocks * 72 trials * 1 HEP within trial * (1-0.53% rejection)","pubmed","Yes","Clustering",0,FALSE,TRUE,"Task",TRUE,FALSE,TRUE,NA,FALSE,FALSE,FALSE,FALSE,FALSE,FALSE,"R-peak","Yes","Both","Clustering","Both","Ren et al. (2022)",430,NA,NA
35346793,"Response inhibition is disrupted by interoceptive processing at cardiac systole","Ren Q, Marshall AC, Kaiser J, Schütz-Bosbach S.",2022,0,36,"0","EEG",65,"standard61","Fp1, Fp2, F7, F3, Fz, F4, F8, T7, C3, Cz, C4, T8, P7, P3, Pz, P4, P8, O1, O2, FC5, FC1, FC2, FC6, TP9, CP5, CP1, CP2, CP6, TP10, Oz, AF7, AF3, AFz, AF4, AF8, F5, F1, F2, F6, FT7, FC3, FCz, FC4, FT8, C5, C1, C2, C6, TP7, CP3, CPz, CP4, TP8, P5, P1, P2, P6, PO7, PO3, POz, PO4, PO8, Iz",NA,"2","N/C","Left clavicle, Left chest","Right clavicle","FCz","Common average",0.1,40,"1","1","CFA, Eye movements, Blinks",2.03,"Manual","Topography, Time course, Power spectrum, Phase consistency ","","Noisy epochs","FC3, FC1, FCz, FC2, FC4, C3, C1, Cz, C2, C4, CP3, CP1, CPz, CP2, CP4, P1, Pz, P2, P4, P6",1,4,"[est215]","Secondary","R-peak",120,600,-100,0,"Group/Condition Differences","Amplitude","1","1","ANOVA","0",NA,"1","FC3, FC1, FCz, FC2, FC4, C3, C1, Cz, C2, C4, CP3, CP1, CPz, CP2, CP4, P1, Pz, P2, P4, P6","",NA,NA,"","est number of trials = 3 blocks * 72 trials * 1 HEP within trial * (1-0.53% rejection)","pubmed","Yes","Averaging",1,FALSE,TRUE,"Task",TRUE,FALSE,TRUE,NA,FALSE,FALSE,FALSE,FALSE,FALSE,FALSE,"R-peak","Yes","Both","Averaging","Both","Ren et al. (2022)",215,NA,NA
35339684,"Steady-state visual evoked potentials differentiate between internally and externally directed attention","Kritzman L, Eidelman-Rothman M, Keil A, Freche D, Sheppes G, Levit-Binnun N.",2022,0,43,"0","EEG",64,"standard61","Fp1, Fp2, F7, F3, Fz, F4, F8, T7, C3, Cz, C4, T8, P7, P3, Pz, P4, P8, O1, O2, Fpz, FC5, FC1, FC2, FC6, CP5, CP1, CP2, CP6, Oz, AF7, AF3, AFz, AF4, AF8, F5, F1, F2, F6, FT7, FC3, FCz, FC4, FT8, C5, C1, C2, C6, TP7, CP3, CPz, CP4, TP8, P9, P5, P1, P2, P6, P10, PO7, PO3, POz, PO4, PO8, Iz",NA,"1","N/C","Left abdomen","CMS","unknown","Linked mastoids",0.1,30,"1","0","Blinks",NA,"","","RR at least 700 ms","","Fp1, Fp2, F7, F3, Fz, F4, F8, T7, C3, Cz, C4, T8, P7, P3, Pz, P4, P8, O1, O2, Fpz, FC5, FC1, FC2, FC6, CP5, CP1, CP2, CP6, Oz, AF7, AF3, AFz, AF4, AF8, F5, F1, F2, F6, FT7, FC3, FCz, FC4, FT8, C5, C1, C2, C6, TP7, CP3, CPz, CP4, TP8, P9, P5, P1, P2, P6, P10, PO7, PO3, POz, PO4, PO8, Iz",1,1,"460+-120","Primary","R-peak",-200,650,-200,0,"Correlation","Amplitude","0","0","Correlation","0",NA,"0","","",NA,NA,"","","pubmed","Yes","Other",0,FALSE,TRUE,"Task",FALSE,FALSE,FALSE,700,TRUE,FALSE,FALSE,FALSE,FALSE,FALSE,"R-peak","Yes","Clustering",NA,"Primary","Kritzman et al. (2022)",460,120,460
35339684,"Steady-state visual evoked potentials differentiate between internally and externally directed attention","Kritzman L, Eidelman-Rothman M, Keil A, Freche D, Sheppes G, Levit-Binnun N.",2022,0,43,"0","EEG",64,"standard61","Fp1, Fp2, F7, F3, Fz, F4, F8, T7, C3, Cz, C4, T8, P7, P3, Pz, P4, P8, O1, O2, Fpz, FC5, FC1, FC2, FC6, CP5, CP1, CP2, CP6, Oz, AF7, AF3, AFz, AF4, AF8, F5, F1, F2, F6, FT7, FC3, FCz, FC4, FT8, C5, C1, C2, C6, TP7, CP3, CPz, CP4, TP8, P9, P5, P1, P2, P6, P10, PO7, PO3, POz, PO4, PO8, Iz",NA,"1","N/C","Left abdomen","CMS","unknown","Linked mastoids",0.1,30,"1","0","Blinks",NA,"","","RR at least 700 ms, limit analysis to time of minimal artifact","","Fp1, Fp2, F7, F3, Fz, F4, F8, T7, C3, Cz, C4, T8, P7, P3, Pz, P4, P8, O1, O2, Fpz, FC5, FC1, FC2, FC6, CP5, CP1, CP2, CP6, Oz, AF7, AF3, AFz, AF4, AF8, F5, F1, F2, F6, FT7, FC3, FCz, FC4, FT8, C5, C1, C2, C6, TP7, CP3, CPz, CP4, TP8, P9, P5, P1, P2, P6, P10, PO7, PO3, POz, PO4, PO8, Iz",1,2,"219+-70","Primary","R-peak",350,650,-200,0,"Group/Condition Differences","Amplitude","0","0","t-test","1",5000,"1","FC3, FC1, C1, P5, P9, FC4, FC2, FCz, Cz, C2, C4, C6","R-peak",620,650,"ECG","","pubmed","Yes","Clustering",0,FALSE,TRUE,"Task",FALSE,FALSE,FALSE,700,TRUE,TRUE,FALSE,FALSE,FALSE,FALSE,"R-peak","Yes","Clustering","Clustering","Primary","Kritzman et al. (2022)",219,70,219
35182753,"From the inside out: Interoceptive feedback facilitates the integration of visceral signals for efficient sensory processing","Marshall AC, Gentsch-Ebrahimzadeh A, Schütz-Bosbach S.",2022,0,23,"0","EEG",64,"standard61","Fp1, Fp2, F7, F3, Fz, F4, F8, T7, C3, Cz, C4, T8, P7, P3, Pz, P4, P8, O1, O2, Fpz, FT9, FC5, FC1, FC2, FC6, FT10, TP9, CP5, CP1, CP2, CP6, TP10, Oz, AF7, AF3, AFz, AF4, AF8, F5, F1, F2, F6, FT7, FC3, FCz, FC4, FT8, C5, C1, C2, C6, TP7, CP3, CPz, CP4, TP8, P5, P1, P2, P6, PO7, PO3, POz, PO4, PO8",NA,"2","N/C","Left clavicle, Right chest","Right clavicle","FCz","Common average",0.1,40,"1","0","CFA, Blinks",2.3,"Manual","Topography, Time course","","Noisy epochs","Fp1, Fp2, F7, F3, Fz, F4, F8, T7, C3, Cz, C4, T8, P7, P3, Pz, P4, P8, O1, O2, Fpz, FT9, FC5, FC1, FC2, FC6, FT10, TP9, CP5, CP1, CP2, CP6, TP10, Oz, AF7, AF3, AFz, AF4, AF8, F5, F1, F2, F6, FT7, FC3, FCz, FC4, FT8, C5, C1, C2, C6, TP7, CP3, CPz, CP4, TP8, P5, P1, P2, P6, PO7, PO3, POz, PO4, PO8",1,2,"140","Primary","R-peak",0,1000,-100,0,"Group/Condition Differences","Amplitude","0","0","t-test","1",10000,"1","FCz, Cz, FC2, C1, C2","R-peak",318,494,"ECG, Surrogate heartbeats, RMSSD","","pubmed","Yes","Clustering",0,FALSE,TRUE,"Task",TRUE,FALSE,TRUE,NA,FALSE,FALSE,FALSE,FALSE,FALSE,FALSE,"R-peak","Yes","Clustering","Clustering","Primary","Marshall et al. (2022)",140,NA,140
34990964,"The heartbeat evoked potential is a questionable biomarker in nightmare disorder: A replication study","Bogdány T, Perakakis P, Bódizs R, Simor P.",2022,0,80,"1","EEG",19,"standard19","Fp1, Fp2, F7, F3, Fz, F4, F8, T3, C3, Cz, C4, T4, T5, P3, Pz, P4, T6, O1, O2",NA,"2","N/C","Left chest, Right chest","unknown","Linked mastoids","Common average",1,40,"1","0","Eye movements",NA,"","","","","Fp1, Fp2, F7, F3, Fz, F4, F8, T3, C3, Cz, C4, T4, T5, P3, Pz, P4, T6, O1, O2",2,1,"5517+-1663","Primary","R-peak",200,600,NA,NA,"Group/Condition Differences","Amplitude","0","0","t-test","1",1000,"0","","",NA,NA,"HR, HRV, ECG","","pubmed","Unknown","Clustering",0,TRUE,FALSE,"Rest",FALSE,FALSE,FALSE,NA,FALSE,FALSE,FALSE,FALSE,FALSE,FALSE,"R-peak","Unknown","Clustering","Clustering","Primary","Bogdány et al. (2022)",5517,1663,5517
34933143,"Auricular transcutaneous vagus nerve stimulation modulates the heart-evoked potential","Poppa T, Benschop L, Horczak P, Vanderhasselt MA, Carrette E, Bechara A, Baeken C, Vonck K.",2022,0,43,"0","EEG",60,"standard61","Fp1, Fp2, F7, F3, Fz, F4, F8, T7, C3, Cz, C4, T8, P7, P3, Pz, P4, P8, Fpz, FC5, FC1, FC2, FC6, CP5, CP1, CP2, CP6, Oz, AF7, AF3, AF4, AF8, F5, F1, F2, F6, FT7, FC3, FCz, FC4, FT8, C5, C1, C2, C6, TP7, CP3, CPz, CP4, TP8, P5, P1, P2, P6, PO5, PO3, POz, PO4, PO6",15,"2","Lead II","Right Clavicle, Left Chest","unknown","Cz","Laplacian reference",1,80,"1","0","Other",NA,"","","CSD","Cleanline, Artifact Subspace Reconstruction (ASR)","Fp1, Fp2, F7, F3, Fz, F4, F8, T7, C3, Cz, C4, T8, P7, P3, Pz, P4, P8, Fpz, FC5, FC1, FC2, FC6, CP5, CP1, CP2, CP6, Oz, AF7, AF3, AF4, AF8, F5, F1, F2, F6, FT7, FC3, FCz, FC4, FT8, C5, C1, C2, C6, TP7, CP3, CPz, CP4, TP8, P5, P1, P2, P6, PO5, PO3, POz, PO4, PO6",1,2,"unknown","Primary","R-peak",175,500,-200,-50,"Group/Condition Differences","Amplitude","0","0","t-test","1",2000,"1","F7, FT7, FC5, T7, C5, CP5, TP7","R-peak",206,336,"HR, HRV","","pubmed","Yes","Clustering",0,FALSE,TRUE,"Task",FALSE,FALSE,FALSE,NA,FALSE,FALSE,TRUE,FALSE,FALSE,FALSE,"R-peak","Yes","Clustering","Clustering","Primary","Poppa et al. (2022)",NA,NA,NA
34933143,"Auricular transcutaneous vagus nerve stimulation modulates the heart-evoked potential","Poppa T, Benschop L, Horczak P, Vanderhasselt MA, Carrette E, Bechara A, Baeken C, Vonck K.",2022,0,43,"0","EEG",60,"standard61","Fp1, Fp2, F7, F3, Fz, F4, F8, T7, C3, Cz, C4, T8, P7, P3, Pz, P4, P8, Fpz, FC5, FC1, FC2, FC6, CP5, CP1, CP2, CP6, Oz, AF7, AF3, AF4, AF8, F5, F1, F2, F6, FT7, FC3, FCz, FC4, FT8, C5, C1, C2, C6, TP7, CP3, CPz, CP4, TP8, P5, P1, P2, P6, PO5, PO3, POz, PO4, PO6",15,"2","Lead II","Right Clavicle, Left Chest","unknown","Cz","Laplacian reference",1,80,"1","0","Other",NA,"","","CSD","Cleanline, Artifact Subspace Reconstruction (ASR)","Fp1, Fp2, F7, F3, Fz, F4, F8, T7, C3, Cz, C4, T8, P7, P3, Pz, P4, P8, Fpz, FC5, FC1, FC2, FC6, CP5, CP1, CP2, CP6, Oz, AF7, AF3, AF4, AF8, F5, F1, F2, F6, FT7, FC3, FCz, FC4, FT8, C5, C1, C2, C6, TP7, CP3, CPz, CP4, TP8, P5, P1, P2, P6, PO5, PO3, POz, PO4, PO6",1,2,"unknown","Primary","R-peak",175,500,-200,-50,"Group/Condition Differences","Amplitude","0","0","t-test","1",2000,"1","CP4, CP6, TP8, P6, P8","R-peak",402,445,"HR, HRV","","pubmed","Yes","Clustering",0,FALSE,TRUE,"Task",FALSE,FALSE,FALSE,NA,FALSE,FALSE,TRUE,FALSE,FALSE,FALSE,"R-peak","Yes","Clustering","Clustering","Primary","Poppa et al. (2022)",NA,NA,NA
34804381,"Heartbeat evoked potentials in patients with post-traumatic stress disorder: an unaltered neurobiological regulation system?","Schmitz M, Müller LE, Seitz KI, Schulz A, Steinmann S, Herpertz SC, Bertsch K.",2021,0,55,"1","EEG",60,"easycap-M10","",5,"2","Lead II","unknown","unknown","Common average","Common average",0.1,35,"0",NA,"",NA,"","","","Noisy epochs","",1,2,"297+-50","Primary","R-peak",455,595,-200,0,"Group/Condition Differences","Amplitude","1","1","t-test","0",NA,"0","","",NA,NA,"ECG, age, sex, BMI, HR","","pubmed","Yes","Averaging",1,TRUE,FALSE,"Rest",TRUE,FALSE,FALSE,NA,FALSE,FALSE,FALSE,FALSE,FALSE,FALSE,"R-peak","Yes","Averaging","Averaging","Primary","Schmitz et al. (2021)",297,50,297
34804381,"Heartbeat evoked potentials in patients with post-traumatic stress disorder: an unaltered neurobiological regulation system?","Schmitz M, Müller LE, Seitz KI, Schulz A, Steinmann S, Herpertz SC, Bertsch K.",2021,0,55,"1","EEG",60,"easycap-M10","",5,"2","Lead II","unknown","unknown","Common average","Common average",0.1,35,"0",NA,"",NA,"","","","Noisy epochs","",1,2,"297+-50","Primary","R-peak",455,595,-200,0,"Group/Condition Differences","Amplitude","0","1","ANOVA","0",NA,"0","","",NA,NA,"ECG, age, sex, BMI, HR","","pubmed","Yes","Averaging",1,TRUE,FALSE,"Rest",TRUE,FALSE,FALSE,NA,FALSE,FALSE,FALSE,FALSE,FALSE,FALSE,"R-peak","Yes","Averaging","Averaging","Primary","Schmitz et al. (2021)",297,50,297
34804381,"Heartbeat evoked potentials in patients with post-traumatic stress disorder: an unaltered neurobiological regulation system?","Schmitz M, Müller LE, Seitz KI, Schulz A, Steinmann S, Herpertz SC, Bertsch K.",2021,0,24,"1","EEG",60,"easycap-M10","",5,"2","Lead II","unknown","unknown","Common average","Common average",0.1,35,"0",NA,"",NA,"","","","Noisy epochs","",1,1,"297+-50","Primary","R-peak",455,595,-200,0,"Correlation","Amplitude","1","1","Correlation","0",NA,"0","","",NA,NA,"ECG, age, sex, BMI, HR","","pubmed","Yes","Averaging",1,TRUE,FALSE,"Rest",TRUE,FALSE,FALSE,NA,FALSE,FALSE,FALSE,FALSE,FALSE,FALSE,"R-peak","Yes","Averaging","Averaging","Primary","Schmitz et al. (2021)",297,50,297
34624402,"How do we relate to our heart? Neurobehavioral differences across three types of engagement with cardiac interoception","Hodossy L, Ainley V, Tsakiris M.",2021,1,30,"0","EEG",64,"standard61","Fp1, Fp2, F7, F3, Fz, F4, F8, T7, C3, Cz, C4, T8, P7, P3, Pz, P4, P8, O1, O2, Fpz, FC5, FC1, FC2, FC6, CP5, CP1, CP2, CP6, Oz, AF7, AF3, AFz, AF4, AF8, F5, F1, F2, F6, FT7, FC3, FCz, FC4, FT8, C5, C1, C2, C6, TP7, CP3, CPz, CP4, TP8, P9, P5, P1, P2, P6, P10, PO7, PO3, POz, PO4, PO8, Iz",NA,"5","Multiple
leads","V2, Left clavicle, Right clavicle, Left abdomen","unknown","CMS","Common average",0.1,30,"1","0","CFA, Eye movements, Blinks",NA,"Manual","Topography, Time course","","Noisy epochs","Fp1, Fp2, F7, F3, Fz, F4, F8, T7, C3, Cz, C4, T8, P7, P3, Pz, P4, P8, O1, O2, Fpz, FC5, FC1, FC2, FC6, CP5, CP1, CP2, CP6, Oz, AF7, AF3, AFz, AF4, AF8, F5, F1, F2, F6, FT7, FC3, FCz, FC4, FT8, C5, C1, C2, C6, TP7, CP3, CPz, CP4, TP8, P9, P5, P1, P2, P6, P10, PO7, PO3, POz, PO4, PO8, Iz",1,6,"306+-53","Primary","R-peak",200,300,-150,-50,"Group/Condition Differences","Amplitude","0","0","t-test","1",10000,"1","AF4, F4","R-peak",232,280,"ECG","","pubmed","Yes","Clustering",0,FALSE,TRUE,"Task",TRUE,FALSE,TRUE,NA,FALSE,FALSE,FALSE,FALSE,FALSE,FALSE,"R-peak","Yes","Clustering","Clustering","Primary","Hodossy et al. (2021)",306,53,306
34554380,"Modulation of Heart and Brain Function by Surah Al-Rehman Recitation Among Distressed Diabetic Patients in Pakistan","Majeed U, Aftab MF, Baloch DM, Ahmed S, Yusuf IM, Hasan MA, Qureshi MS.",2022,0,10,"0","EEG",4,"standard19","Fp1, Fp2, F3, F4, AF7, AF8, TP9, TP10",NA,"unknown","N/M","unknown","unknown","Fpz","Common average",1,30,"0",NA,"",NA,"","","","Noisy epochs","Fp1, Fp2, F3, F4, AF7, AF8, TP9, TP10",1,2,"unknown","Primary","R-peak",100,600,NA,NA,"Group/Condition Differences","Amplitude","0","1","t-test","0",NA,"1","Fp1, Fp2, F3, F4, AF7, AF8, TP9, TP10","R-peak",100,570,"","","pubmed","Unknown","Averaging",1,FALSE,TRUE,"Task",TRUE,FALSE,FALSE,NA,FALSE,FALSE,FALSE,FALSE,FALSE,FALSE,"R-peak","Unknown","Averaging","Averaging","Primary","Majeed et al. (2022)",NA,NA,NA
34482968,"Weaker implicit interoception is associated with more negative body image: Evidence from gastric-alpha phase amplitude coupling and the heartbeat evoked potential","Todd J, Cardellicchio P, Swami V, Cardini F, Aspell JE.",2021,0,36,"1","EEG",32,"standard32","Fp1, Fp2, F7, F3, Fz, F4, F8, FC5, FC1, FC2, FC6, T7, C3, Cz, C4, T8, TP9, CP5, CP1, CP2, CP6, TP10, P7, P3, Pz, P4, P8, PO9, O1, Oz, O2, PO10",12,"3","Multiple
leads","Left clavicle, Right clavicle, Left abdomen","Left abdomen","CMS","Common average",1,40,"1","0","Blinks, CFA",NA,"Manual","unknown","","Noisy epochs","Fp1, Fp2, F7, F3, Fz, F4, F8, FC5, FC1, FC2, FC6, T7, C3, Cz, C4, T8, TP9, CP5, CP1, CP2, CP6, TP10, P7, P3, Pz, P4, P8, PO9, O1, Oz, O2, PO10",1,1,"[est705]","Primary","R-peak",200,600,NA,NA,"Correlation","Amplitude","0","0","Correlation","1",10000,"1","Pz, P4, CP2, CP6","R-peak",300,340,"","est number of trials = 60 bpm * 12 min rest - 15 mean rejected epochs","pubmed","No","Clustering",0,TRUE,FALSE,"Rest",TRUE,FALSE,TRUE,NA,FALSE,FALSE,FALSE,FALSE,FALSE,FALSE,"R-peak","No","Both","Clustering","Both","Todd et al. (2021)",705,NA,NA
34482968,"Weaker implicit interoception is associated with more negative body image: Evidence from gastric-alpha phase amplitude coupling and the heartbeat evoked potential","Todd J, Cardellicchio P, Swami V, Cardini F, Aspell JE.",2021,0,36,"1","EEG",32,"standard32","Fp1, Fp2, F7, F3, Fz, F4, F8, FC5, FC1, FC2, FC6, T7, C3, Cz, C4, T8, TP9, CP5, CP1, CP2, CP6, TP10, P7, P3, Pz, P4, P8, PO9, O1, Oz, O2, PO10",12,"3","Multiple
leads","Left clavicle, Right clavicle, Left abdomen","Left abdomen","CMS","Common average",1,40,"1","0","Blinks, CFA",NA,"Manual","unknown","","Noisy epochs","Pz, P4, CP2, CP6",1,1,"[est705]","Secondary","R-peak",300,340,NA,NA,"Correlation","Amplitude","1","1","Correlation","0",NA,"1","Pz, P4, CP2, CP6","",NA,NA,"","est number of trials = 60 bpm * 12 min rest - 15 mean rejected epochs","pubmed","No","Averaging",1,TRUE,FALSE,"Rest",TRUE,FALSE,TRUE,NA,FALSE,FALSE,FALSE,FALSE,FALSE,FALSE,"R-peak","No","Both","Averaging","Both","Todd et al. (2021)",705,NA,NA
34482968,"Weaker implicit interoception is associated with more negative body image: Evidence from gastric-alpha phase amplitude coupling and the heartbeat evoked potential","Todd J, Cardellicchio P, Swami V, Cardini F, Aspell JE.",2021,0,36,"1","EEG",32,"standard32","Fp1, Fp2, F7, F3, Fz, F4, F8, FC5, FC1, FC2, FC6, T7, C3, Cz, C4, T8, TP9, CP5, CP1, CP2, CP6, TP10, P7, P3, Pz, P4, P8, PO9, O1, Oz, O2, PO10",12,"3","Multiple
leads","Left clavicle, Right clavicle, Left abdomen","Left abdomen","CMS","Common average",1,40,"1","0","Blinks, CFA",NA,"Manual","unknown","","Noisy epochs","Fp1, Fp2, F7, F3, Fz, F4, F8, FC5, FC1, FC2, FC6, T7, C3, Cz, C4, T8, TP9, CP5, CP1, CP2, CP6, TP10, P7, P3, Pz, P4, P8, PO9, O1, Oz, O2, PO10",1,1,"[est705]","Primary","R-peak",200,600,NA,NA,"Correlation","Amplitude","0","0","Correlation","1",10000,"1","Cz, CP1, CP2, Pz","R-peak",300,344,"","est number of trials = 60 bpm * 12 min rest - 15 mean rejected epochs","pubmed","No","Clustering",0,TRUE,FALSE,"Rest",TRUE,FALSE,TRUE,NA,FALSE,FALSE,FALSE,FALSE,FALSE,FALSE,"R-peak","No","Both","Clustering","Both","Todd et al. (2021)",705,NA,NA
34482968,"Weaker implicit interoception is associated with more negative body image: Evidence from gastric-alpha phase amplitude coupling and the heartbeat evoked potential","Todd J, Cardellicchio P, Swami V, Cardini F, Aspell JE.",2021,0,36,"1","EEG",32,"standard32","Fp1, Fp2, F7, F3, Fz, F4, F8, FC5, FC1, FC2, FC6, T7, C3, Cz, C4, T8, TP9, CP5, CP1, CP2, CP6, TP10, P7, P3, Pz, P4, P8, PO9, O1, Oz, O2, PO10",12,"3","Multiple
leads","Left clavicle, Right clavicle, Left abdomen","Left abdomen","CMS","Common average",1,40,"1","0","Blinks, CFA",NA,"Manual","unknown","","Noisy epochs","Pz, P4, CP2, CP6",1,1,"[est705]","Secondary","R-peak",300,344,NA,NA,"Correlation","Amplitude","1","1","Correlation","0",NA,"1","Pz, P4, CP2, CP6","",NA,NA,"","est number of trials = 60 bpm * 12 min rest - 15 mean rejected epochs","pubmed","No","Averaging",1,TRUE,FALSE,"Rest",TRUE,FALSE,TRUE,NA,FALSE,FALSE,FALSE,FALSE,FALSE,FALSE,"R-peak","No","Both","Averaging","Both","Todd et al. (2021)",705,NA,NA
34439708,"Heartbeat-Evoked Cortical Potential during Sleep and Interoceptive Sensitivity: A Matter of Hypnotizability","Billeci L, Faraguna U, Santarcangelo EL, d'Ascanio P, Varanini M, Sebastiani L.",2021,0,39,"1","EEG",20,"standard19","Fp1, Fp2, F7, F3, Fz, F4, F8, T3, C3, Cz, C4, T4, T5, P3, Pz, P4, T6, O1, Oz, O2",NA,"2","N/C","V1, V2","unknown","Fpz","Common average",0.3,30,"1","0","Eye movements, blinks, CFA",NA,"Manual","Topography","","noisy epochs","F3, F4, C3, C4",1,3,"3633+-1676","Primary","R-peak",200,350,-200,0,"Group/Condition Differences","Amplitude","0","1","ANOVA","0",NA,"1","F3, F4, C3, C4","",NA,NA,"","","pubmed","Yes","Averaging",1,TRUE,FALSE,"Rest",TRUE,FALSE,TRUE,NA,FALSE,FALSE,FALSE,FALSE,FALSE,FALSE,"R-peak","Yes","Averaging","Averaging","Primary","Billeci et al. (2021)",3633,1676,3633
34439708,"Heartbeat-Evoked Cortical Potential during Sleep and Interoceptive Sensitivity: A Matter of Hypnotizability","Billeci L, Faraguna U, Santarcangelo EL, d'Ascanio P, Varanini M, Sebastiani L.",2021,0,39,"1","EEG",20,"standard19","Fp1, Fp2, F7, F3, Fz, F4, F8, T3, C3, Cz, C4, T4, T5, P3, Pz, P4, T6, O1, Oz, O2",NA,"2","N/C","V1, V2","unknown","Fpz","Common average",0.3,30,"1","0","Eye movements, blinks, CFA",NA,"Manual","Topography","","noisy epochs","F3, F4, C3, C4",1,3,"3633+-1676","Primary","R-peak",400,600,-200,0,"Group/Condition Differences","Amplitude","0","1","ANOVA","0",NA,"1","F3, F4, C3, C4","",NA,NA,"","","pubmed","Yes","Averaging",1,TRUE,FALSE,"Rest",TRUE,FALSE,TRUE,NA,FALSE,FALSE,FALSE,FALSE,FALSE,FALSE,"R-peak","Yes","Averaging","Averaging","Primary","Billeci et al. (2021)",3633,1676,3633
34439708,"Heartbeat-Evoked Cortical Potential during Sleep and Interoceptive Sensitivity: A Matter of Hypnotizability","Billeci L, Faraguna U, Santarcangelo EL, d'Ascanio P, Varanini M, Sebastiani L.",2021,0,39,"1","EEG",20,"standard19","Fp1, Fp2, F7, F3, Fz, F4, F8, T3, C3, Cz, C4, T4, T5, P3, Pz, P4, T6, O1, Oz, O2",NA,"2","N/C","V1, V2","unknown","Fpz","Common average",0.3,30,"1","0","Eye movements, blinks, CFA",NA,"Manual","Topography","","noisy epochs","F3, F4, C3, C4",1,1,"3633+-1676","Primary","R-peak",200,350,-200,0,"Correlation","Amplitude","0","1","Correlation","0",NA,"0","","",NA,NA,"Hypnotizability","","pubmed","Yes","Averaging",1,TRUE,FALSE,"Rest",TRUE,FALSE,TRUE,NA,FALSE,FALSE,FALSE,FALSE,FALSE,FALSE,"R-peak","Yes","Averaging","Averaging","Primary","Billeci et al. (2021)",3633,1676,3633
34439708,"Heartbeat-Evoked Cortical Potential during Sleep and Interoceptive Sensitivity: A Matter of Hypnotizability","Billeci L, Faraguna U, Santarcangelo EL, d'Ascanio P, Varanini M, Sebastiani L.",2021,0,39,"1","EEG",20,"standard19","Fp1, Fp2, F7, F3, Fz, F4, F8, T3, C3, Cz, C4, T4, T5, P3, Pz, P4, T6, O1, Oz, O2",NA,"2","N/C","V1, V2","unknown","Fpz","Common average",0.3,30,"1","0","Eye movements, blinks, CFA",NA,"Manual","Topography","","noisy epochs","F3, F4, C3, C4",1,1,"3633+-1676","Primary","R-peak",400,600,-200,0,"Correlation","Amplitude","0","1","Correlation","0",NA,"1","F3, F4, C3, C4","",NA,NA,"Hypnotizability","","pubmed","Yes","Averaging",1,TRUE,FALSE,"Rest",TRUE,FALSE,TRUE,NA,FALSE,FALSE,FALSE,FALSE,FALSE,FALSE,"R-peak","Yes","Averaging","Averaging","Primary","Billeci et al. (2021)",3633,1676,3633
34416348,"Does stroke volume influence heartbeat evoked responses?","Buot A, Azzalini D, Chaumon M, Tallon-Baudry C.",2021,0,21,"1","MEG",306,"Elekta","na",5,"5","Lead II","Right clavicle, Left abdomen, Left shoulder, Right shoulder, Left clavicle","unknown","na","na",0.5,40,"1","1","CFA, Eye movements, Blinks",2.9,"Semi-automatic","Phase consistency, topography, time course","","Noisy Epochs","na",1,1,"205","Primary","R-peak",-100,700,NA,NA,"Correlation","Amplitude","0","0","Correlation","1",10000,"1","na","R-peak",534,617,"Surrogate heartbeats","","pubmed","Unknown","Clustering",0,TRUE,FALSE,"Rest",TRUE,FALSE,TRUE,NA,FALSE,FALSE,FALSE,FALSE,FALSE,FALSE,"R-peak","Unknown","Clustering","Clustering","Primary","Buot et al. (2021)",205,NA,205
34416348,"Does stroke volume influence heartbeat evoked responses?","Buot A, Azzalini D, Chaumon M, Tallon-Baudry C.",2021,0,21,"1","MEG",306,"Elekta","na",5,"5","Lead II","Right clavicle, Left abdomen, Left shoulder, Right shoulder, Left clavicle","unknown","na","na",0.5,40,"1","1","CFA, Eye movements, Blinks",2.9,"Semi-automatic","Phase consistency, topography, time course","","Noisy Epochs","na",1,1,"205","Primary","R-peak",450,550,NA,NA,"Correlation","Amplitude","0","1","Correlation","1",10000,"1","na","R-peak",450,550,"Surrogate heartbeats","","pubmed","Unknown","Other",0,TRUE,FALSE,"Rest",TRUE,FALSE,TRUE,NA,FALSE,FALSE,FALSE,FALSE,FALSE,FALSE,"R-peak","Unknown","Clustering",NA,"Primary","Buot et al. (2021)",205,NA,205
34416348,"Does stroke volume influence heartbeat evoked responses?","Buot A, Azzalini D, Chaumon M, Tallon-Baudry C.",2021,0,21,"1","MEG",306,"Elekta","na",5,"5","Lead II","Right clavicle, Left abdomen, Left shoulder, Right shoulder, Left clavicle","unknown","na","na",0.5,40,"0",NA,"",NA,"","","","Noisy Epochs","na",1,2,"205","Primary","R-peak",-100,700,NA,NA,"Group/Condition Differences","Amplitude","0","0","t-test","1",10000,"1","na","R-peak",569,694,"Surrogate heartbeats","","pubmed","Unknown","Clustering",0,TRUE,FALSE,"Rest",TRUE,FALSE,FALSE,NA,FALSE,FALSE,FALSE,FALSE,FALSE,FALSE,"R-peak","Unknown","Clustering","Clustering","Primary","Buot et al. (2021)",205,NA,205
34416348,"Does stroke volume influence heartbeat evoked responses?","Buot A, Azzalini D, Chaumon M, Tallon-Baudry C.",2021,0,21,"1","MEG",306,"Elekta","na",5,"5","Lead II","Right clavicle, Left abdomen, Left shoulder, Right shoulder, Left clavicle","unknown","na","na",0.5,40,"1","1","CFA, Eye movements, Blinks",2.9,"Semi-automatic","Phase consistency, topography, time course","","Noisy Epochs","na",1,2,"205","Primary","R-peak",-100,700,NA,NA,"Group/Condition Differences","Amplitude","0","0","t-test","1",10000,"0","","",NA,NA,"Surrogate heartbeats","","pubmed","Unknown","Clustering",0,TRUE,FALSE,"Rest",TRUE,FALSE,TRUE,NA,FALSE,FALSE,FALSE,FALSE,FALSE,FALSE,"R-peak","Unknown","Clustering","Clustering","Primary","Buot et al. (2021)",205,NA,205
34416348,"Does stroke volume influence heartbeat evoked responses?","Buot A, Azzalini D, Chaumon M, Tallon-Baudry C.",2021,0,21,"1","MEG",306,"Elekta","na",5,"5","Lead II","Right clavicle, Left abdomen, Left shoulder, Right shoulder, Left clavicle","unknown","na","na",0.5,40,"0",NA,"",NA,"","","","Noisy Epochs","na",1,1,"205","Primary","R-peak",-100,700,NA,NA,"Correlation","Amplitude","0","0","Correlation","1",10000,"1","na","R-peak",534,617,"Surrogate heartbeats","","pubmed","Unknown","Clustering",0,TRUE,FALSE,"Rest",TRUE,FALSE,FALSE,NA,FALSE,FALSE,FALSE,FALSE,FALSE,FALSE,"R-peak","Unknown","Clustering","Clustering","Primary","Buot et al. (2021)",205,NA,205
34296123,"Skipping a Beat: Heartbeat-Evoked Potentials Reflect Predictions during Interoceptive-Exteroceptive Integration","Banellis L, Cruse D.",2020,1,34,"0","EEG",128,"biosemi128","A1, A2, A3, A4, A5, A6, A7, A8, A9, A10, A15, A16, A17, A18, A19, A20, A21, A22, A23, A28, A29, A30, A31, A32, B1, B2, B3, B4, B5, B6, B7, B11, B12, B13, B14, B15, B16, B17, B18, B19, B20, B21, B22, B23, B24, B25, B26, B27, B28, B29, B30, B31, B32, C1, C2, C3, C4, C5, C6, C7, C8, C9, C10, C11, C12, C13, C14, C15, C16, C17, C18, C19, C20, C21, C22, C23, C24, C25, C26, C27, C28, C29, C30, C31, C32, D1, D2, D3, D4, D5, D6, D7, D8, D9, D10, D11, D12, D13, D14, D15, D16, D17, D18, D19, D20, D21, D22, D23, D24, D25, D26, D27, D28, D29, D30, D31",NA,"2","N/C","Left chest, Right chest","unknown","CMS","Linked mastoids",0.5,20,"1","1","Eye Movements",NA,"","","Subtract rsHEP from taskHEP","Bad Channels, Noisy Epochs","A1, A2, A3, A4, A5, A6, A7, A8, A9, A10, A15, A16, A17, A18, A19, A20, A21, A22, A23, A28, A29, A30, A31, A32, B1, B2, B3, B4, B5, B6, B7, B11, B12, B13, B14, B15, B16, B17, B18, B19, B20, B21, B22, B23, B24, B25, B26, B27, B28, B29, B30, B31, B32, C1, C2, C3, C4, C5, C6, C7, C8, C9, C10, C11, C12, C13, C14, C15, C16, C17, C18, C19, C20, C21, C22, C23, C24, C25, C26, C27, C28, C29, C30, C31, C32, D1, D2, D3, D4, D5, D6, D7, D8, D9, D10, D11, D12, D13, D14, D15, D16, D17, D18, D19, D20, D21, D22, D23, D24, D25, D26, D27, D28, D29, D30, D31",1,2,"[est112]","Primary","R-peak",0,229,NA,NA,"Group/Condition Differences","Amplitude","0","0","t-test","1",1000,"1","unknown","R-peak",27,230,"ECG, SDRR","est number of trials = 1 beat within trial x 112 trials within condition (short vs long delay only, not accounting for internal vs external condition which would be 56 trials, and also not accounting for exclusion of bad epochs)","pubmed","No","Clustering",0,FALSE,TRUE,"Task",TRUE,TRUE,FALSE,NA,FALSE,FALSE,FALSE,FALSE,FALSE,TRUE,"R-peak","No","Both","Clustering","Both","Banellis et al. (2020)",112,NA,NA
34296123,"Skipping a Beat: Heartbeat-Evoked Potentials Reflect Predictions during Interoceptive-Exteroceptive Integration","Banellis L, Cruse D.",2020,1,34,"0","EEG",128,"biosemi128","A1, A2, A3, A4, A5, A6, A7, A8, A9, A10, A15, A16, A17, A18, A19, A20, A21, A22, A23, A28, A29, A30, A31, A32, B1, B2, B3, B4, B5, B6, B7, B11, B12, B13, B14, B15, B16, B17, B18, B19, B20, B21, B22, B23, B24, B25, B26, B27, B28, B29, B30, B31, B32, C1, C2, C3, C4, C5, C6, C7, C8, C9, C10, C11, C12, C13, C14, C15, C16, C17, C18, C19, C20, C21, C22, C23, C24, C25, C26, C27, C28, C29, C30, C31, C32, D1, D2, D3, D4, D5, D6, D7, D8, D9, D10, D11, D12, D13, D14, D15, D16, D17, D18, D19, D20, D21, D22, D23, D24, D25, D26, D27, D28, D29, D30, D31",NA,"2","N/C","Left chest, Right chest","unknown","CMS","Linked mastoids",0.5,20,"1","1","Eye Movements",NA,"","","Subtract rsHEP from taskHEP","Bad Channels, Noisy Epochs","A1, A2, A3, A4, A5, A6, A7, A8, A9, A10, A15, A16, A17, A18, A19, A20, A21, A22, A23, A28, A29, A30, A31, A32, B1, B2, B3, B4, B5, B6, B7, B11, B12, B13, B14, B15, B16, B17, B18, B19, B20, B21, B22, B23, B24, B25, B26, B27, B28, B29, B30, B31, B32, C1, C2, C3, C4, C5, C6, C7, C8, C9, C10, C11, C12, C13, C14, C15, C16, C17, C18, C19, C20, C21, C22, C23, C24, C25, C26, C27, C28, C29, C30, C31, C32, D1, D2, D3, D4, D5, D6, D7, D8, D9, D10, D11, D12, D13, D14, D15, D16, D17, D18, D19, D20, D21, D22, D23, D24, D25, D26, D27, D28, D29, D30, D31",1,1,"[est112]","Secondary","R-peak",27,230,NA,NA,"Correlation","Amplitude","1","1","Correlation","0",NA,"0","","",NA,NA,"","est number of trials = 1 beat within trial x 112 trials within condition (short vs long delay only, not accounting for internal vs external condition which would be 56 trials, and also not accounting for exclusion of bad epochs)","pubmed","No","Averaging",1,FALSE,TRUE,"Task",TRUE,TRUE,FALSE,NA,FALSE,FALSE,FALSE,FALSE,FALSE,TRUE,"R-peak","No","Both","Averaging","Both","Banellis et al. (2020)",112,NA,NA
34267619,"Short-Term Fasting and Ingestion of Caloric Drinks Affect Heartbeat-Evoked Potentials and Autonomic Nervous System Activity in Males","Flasbeck V, Bamberg C, Brüne M.",2021,0,37,"0","EEG",32,"standard32","Fp1, Fp2, F7, F3, Fz, F4, F8, T7, C3, Cz, C4, T8, P7, P3, Pz, P4, P8, O1, O2, FC5, FC1, FC2, FC6, TP9, CP5, CP1, CP2, CP6, TP10, Oz",8,"2","Lead I","Left wrist, Right wrist","unknown","FCz","Linked mastoids",0.1,35,"0",NA,"",NA,"","","limit analysis to time of minimal artifact","PCA","F3, Fz, F4",1,8,"205+-36","Primary","R-peak",456,596,-200,0,"Group/Condition Differences","Amplitude","1","1","ANOVA","0",NA,"1","F3, Fz, F4","",NA,NA,"ECG, Surrogate heartbeats","","pubmed","Yes","Averaging",1,FALSE,TRUE,"Task",FALSE,FALSE,FALSE,NA,FALSE,TRUE,FALSE,FALSE,FALSE,FALSE,"R-peak","Yes","Averaging","Averaging","Primary","Flasbeck et al. (2021)",205,36,205
34267619,"Short-Term Fasting and Ingestion of Caloric Drinks Affect Heartbeat-Evoked Potentials and Autonomic Nervous System Activity in Males","Flasbeck V, Bamberg C, Brüne M.",2021,0,37,"0","EEG",32,"standard32","Fp1, Fp2, F7, F3, Fz, F4, F8, T7, C3, Cz, C4, T8, P7, P3, Pz, P4, P8, O1, O2, FC5, FC1, FC2, FC6, TP9, CP5, CP1, CP2, CP6, TP10, Oz",8,"2","Lead I","Left wrist, Right wrist","unknown","FCz","Linked mastoids",0.1,35,"0",NA,"",NA,"","","limit analysis to time of minimal artifact","PCA","C3, Cz, C4",1,8,"205+-36","Primary","R-peak",456,596,-200,0,"Group/Condition Differences","Amplitude","1","1","ANOVA","0",NA,"1","C3, Cz, C4","",NA,NA,"ECG, Surrogate heartbeats","","pubmed","Yes","Averaging",1,FALSE,TRUE,"Task",FALSE,FALSE,FALSE,NA,FALSE,TRUE,FALSE,FALSE,FALSE,FALSE,"R-peak","Yes","Averaging","Averaging","Primary","Flasbeck et al. (2021)",205,36,205
34267619,"Short-Term Fasting and Ingestion of Caloric Drinks Affect Heartbeat-Evoked Potentials and Autonomic Nervous System Activity in Males","Flasbeck V, Bamberg C, Brüne M.",2021,0,37,"0","EEG",32,"standard32","Fp1, Fp2, F7, F3, Fz, F4, F8, T7, C3, Cz, C4, T8, P7, P3, Pz, P4, P8, O1, O2, FC5, FC1, FC2, FC6, TP9, CP5, CP1, CP2, CP6, TP10, Oz",8,"2","Lead I","Left wrist, Right wrist","unknown","FCz","Linked mastoids",0.1,35,"0",NA,"",NA,"","","limit analysis to time of minimal artifact","PCA","P3, Pz, P4",1,8,"205+-36","Primary","R-peak",456,596,-200,0,"Group/Condition Differences","Amplitude","1","1","ANOVA","0",NA,"1","P3, Pz, P4","",NA,NA,"ECG, Surrogate heartbeats","","pubmed","Yes","Averaging",1,FALSE,TRUE,"Task",FALSE,FALSE,FALSE,NA,FALSE,TRUE,FALSE,FALSE,FALSE,FALSE,"R-peak","Yes","Averaging","Averaging","Primary","Flasbeck et al. (2021)",205,36,205
34267619,"Short-Term Fasting and Ingestion of Caloric Drinks Affect Heartbeat-Evoked Potentials and Autonomic Nervous System Activity in Males","Flasbeck V, Bamberg C, Brüne M.",2021,0,37,"0","EEG",32,"standard32","Fp1, Fp2, F7, F3, Fz, F4, F8, T7, C3, Cz, C4, T8, P7, P3, Pz, P4, P8, O1, O2, FC5, FC1, FC2, FC6, TP9, CP5, CP1, CP2, CP6, TP10, Oz",8,"2","Lead I","Left wrist, Right wrist","unknown","FCz","Linked mastoids",0.1,35,"0",NA,"",NA,"","","limit analysis to time of minimal artifact","PCA","C4, P4",1,2,"411+-69","Primary","R-peak",456,596,-200,0,"Group/Condition Differences","Amplitude","1","1","t-test","0",NA,"0","","",NA,NA,"","","pubmed","Yes","Averaging",1,FALSE,TRUE,"Task",FALSE,FALSE,FALSE,NA,FALSE,TRUE,FALSE,FALSE,FALSE,FALSE,"R-peak","Yes","Averaging","Averaging","Primary","Flasbeck et al. (2021)",411,69,411
34267619,"Short-Term Fasting and Ingestion of Caloric Drinks Affect Heartbeat-Evoked Potentials and Autonomic Nervous System Activity in Males","Flasbeck V, Bamberg C, Brüne M.",2021,0,37,"0","EEG",32,"standard32","Fp1, Fp2, F7, F3, Fz, F4, F8, T7, C3, Cz, C4, T8, P7, P3, Pz, P4, P8, O1, O2, FC5, FC1, FC2, FC6, TP9, CP5, CP1, CP2, CP6, TP10, Oz",8,"2","Lead I","Left wrist, Right wrist","unknown","FCz","Linked mastoids",0.1,35,"0",NA,"",NA,"","","limit analysis to time of minimal artifact","PCA","C4, P4",1,1,"833+-144","Primary","R-peak",456,596,-200,0,"Correlation","Amplitude","1","1","Correlation","0",NA,"1","C4, P4","",NA,NA,"","","pubmed","Yes","Averaging",1,FALSE,TRUE,"Task",FALSE,FALSE,FALSE,NA,FALSE,TRUE,FALSE,FALSE,FALSE,FALSE,"R-peak","Yes","Averaging","Averaging","Primary","Flasbeck et al. (2021)",833,144,833
34227116,"The heartbeat evoked potential does not support strong interoceptive sensibility in trait mindfulness","Verdonk C, Trousselard M, Di Bernardi Luft C, Medani T, Billaud JB, Ramdani C, Canini F, Claverie D, Jaumard-Hakoun A, Vialatte F.",2021,0,17,"1","EEG",64,"standard61","Fp1, Fp2, F7, F3, Fz, F4, F8, T7, C3, Cz, C4, T8, P7, P3, Pz, P4, P8, O1, O2, Fpz, FC5, FC1, FC2, FC6, CP5, CP1, CP2, CP6, Oz, AF7, AF3, AFz, AF4, AF8, F5, F1, F2, F6, FT7, FC3, FCz, FC4, FT8, C5, C1, C2, C6, TP7, CP3, CPz, CP4, TP8, P9, P5, P1, P2, P6, P10, PO7, PO3, POz, PO4, PO8, Iz",5,"2","Lead III","Left wrist, Left leg","unknown","CMS","Common average",0.3,30,"1","0","CFA",2.5,"Manual","Time course, topography","RR at least 700 ms","Noisy epochs, manual removal of artifacts","Fp1, Fp2, F7, F3, Fz, F4, F8, T7, C3, Cz, C4, T8, P7, P3, Pz, P4, P8, O1, O2, Fpz, FC5, FC1, FC2, FC6, CP5, CP1, CP2, CP6, Oz, AF7, AF3, AFz, AF4, AF8, F5, F1, F2, F6, FT7, FC3, FCz, FC4, FT8, C5, C1, C2, C6, TP7, CP3, CPz, CP4, TP8, P9, P5, P1, P2, P6, P10, PO7, PO3, POz, PO4, PO8, Iz",1,1,"336+-118","Primary","R-peak",200,650,NA,NA,"Correlation","Amplitude","0","0","Correlation","1",20000,"1","FC1, FCz, FC2, FT8, C5, C3, C1, Cz, C4, C6, T8, TP7, CP3, CPz, CP2, CP4, CP6, TP8, P9, P7, P3, P1, Pz, P2, P4, P6, P8, P10, POz, PO4, PO8, O1, Oz, O2","R-peak",459,650,"ECG","","pubmed","No","Clustering",0,TRUE,FALSE,"Rest",TRUE,FALSE,TRUE,700,TRUE,FALSE,FALSE,FALSE,FALSE,FALSE,"R-peak","No","Both","Clustering","Both","Verdonk et al. (2021)",336,118,336
34227116,"The heartbeat evoked potential does not support strong interoceptive sensibility in trait mindfulness","Verdonk C, Trousselard M, Di Bernardi Luft C, Medani T, Billaud JB, Ramdani C, Canini F, Claverie D, Jaumard-Hakoun A, Vialatte F.",2021,0,17,"1","EEG",64,"standard61","Fp1, Fp2, F7, F3, Fz, F4, F8, T7, C3, Cz, C4, T8, P7, P3, Pz, P4, P8, O1, O2, Fpz, FC5, FC1, FC2, FC6, CP5, CP1, CP2, CP6, Oz, AF7, AF3, AFz, AF4, AF8, F5, F1, F2, F6, FT7, FC3, FCz, FC4, FT8, C5, C1, C2, C6, TP7, CP3, CPz, CP4, TP8, P9, P5, P1, P2, P6, P10, PO7, PO3, POz, PO4, PO8, Iz",5,"2","Lead III","Left wrist, Left leg","unknown","CMS","Common average",0.3,30,"1","0","CFA",2.5,"Manual","Time course, topography","RR at least 700 ms","Noisy epochs, manual removal of artifacts","Fp1, Fp2, F7, F3, Fz, F4, F8, T7, C3, Cz, C4, T8, P7, P3, Pz, P4, P8, O1, O2, Fpz, FC5, FC1, FC2, FC6, CP5, CP1, CP2, CP6, Oz, AF7, AF3, AFz, AF4, AF8, F5, F1, F2, F6, FT7, FC3, FCz, FC4, FT8, C5, C1, C2, C6, TP7, CP3, CPz, CP4, TP8, P9, P5, P1, P2, P6, P10, PO7, PO3, POz, PO4, PO8, Iz",1,1,"336+-118","Primary","R-peak",200,650,NA,NA,"Correlation","Amplitude","0","0","Correlation","1",20000,"0","","",NA,NA,"ECG","","pubmed","No","Clustering",0,TRUE,FALSE,"Rest",TRUE,FALSE,TRUE,700,TRUE,FALSE,FALSE,FALSE,FALSE,FALSE,"R-peak","No","Both","Clustering","Both","Verdonk et al. (2021)",336,118,336
34227116,"The heartbeat evoked potential does not support strong interoceptive sensibility in trait mindfulness","Verdonk C, Trousselard M, Di Bernardi Luft C, Medani T, Billaud JB, Ramdani C, Canini F, Claverie D, Jaumard-Hakoun A, Vialatte F.",2021,0,17,"1","EEG",64,"standard61","Fp1, Fp2, F7, F3, Fz, F4, F8, T7, C3, Cz, C4, T8, P7, P3, Pz, P4, P8, O1, O2, Fpz, FC5, FC1, FC2, FC6, CP5, CP1, CP2, CP6, Oz, AF7, AF3, AFz, AF4, AF8, F5, F1, F2, F6, FT7, FC3, FCz, FC4, FT8, C5, C1, C2, C6, TP7, CP3, CPz, CP4, TP8, P9, P5, P1, P2, P6, P10, PO7, PO3, POz, PO4, PO8, Iz",5,"2","Lead III","Left wrist, Left leg","unknown","CMS","Common average",0.3,30,"1","0","CFA",2.5,"Manual","Time course, topography","RR at least 700 ms","Noisy epochs, manual removal of artifacts","FC1, FCz, FC2, FT8, C5, C3, C1, Cz, C4, C6, T8, TP7, CP3, CPz, CP2, CP4, CP6, TP8, P9, P7, P3, P1, Pz, P2, P4, P6, P8, P10, POz, PO4, PO8, O1, Oz, O2",1,3,"336+-118","Secondary","R-peak",459,650,NA,NA,"Correlation","Amplitude","1","1","Correlation","0",NA,"1","FC1, FCz, FC2, FT8, C5, C3, C1, Cz, C4, C6, T8, TP7, CP3, CPz, CP2, CP4, CP6, TP8, P9, P7, P3, P1, Pz, P2, P4, P6, P8, P10, POz, PO4, PO8, O1, Oz, O2","",NA,NA,"","","pubmed","No","Averaging",1,TRUE,FALSE,"Rest",TRUE,FALSE,TRUE,700,TRUE,FALSE,FALSE,FALSE,FALSE,FALSE,"R-peak","No","Both","Averaging","Both","Verdonk et al. (2021)",336,118,336
34227116,"The heartbeat evoked potential does not support strong interoceptive sensibility in trait mindfulness","Verdonk C, Trousselard M, Di Bernardi Luft C, Medani T, Billaud JB, Ramdani C, Canini F, Claverie D, Jaumard-Hakoun A, Vialatte F.",2021,0,17,"1","EEG",64,"standard61","Fp1, Fp2, F7, F3, Fz, F4, F8, T7, C3, Cz, C4, T8, P7, P3, Pz, P4, P8, O1, O2, Fpz, FC5, FC1, FC2, FC6, CP5, CP1, CP2, CP6, Oz, AF7, AF3, AFz, AF4, AF8, F5, F1, F2, F6, FT7, FC3, FCz, FC4, FT8, C5, C1, C2, C6, TP7, CP3, CPz, CP4, TP8, P9, P5, P1, P2, P6, P10, PO7, PO3, POz, PO4, PO8, Iz",5,"2","Lead III","Left wrist, Left leg","unknown","CMS","Common average",0.3,30,"1","0","CFA",2.5,"Manual","Time course, topography","RR at least 700 ms","Noisy epochs, manual removal of artifacts","Fp1, Fp2, F7, F3, Fz, F4, F8, T7, C3, Cz, C4, T8, P7, P3, Pz, P4, P8, O1, O2, Fpz, FC5, FC1, FC2, FC6, CP5, CP1, CP2, CP6, Oz, AF7, AF3, AFz, AF4, AF8, F5, F1, F2, F6, FT7, FC3, FCz, FC4, FT8, C5, C1, C2, C6, TP7, CP3, CPz, CP4, TP8, P9, P5, P1, P2, P6, P10, PO7, PO3, POz, PO4, PO8, Iz",1,2,"336+-118","Primary","R-peak",200,650,NA,NA,"Group/Condition Differences","Amplitude","0","0","t-test","1",20000,"0","","",NA,NA,"","","pubmed","No","Clustering",0,TRUE,FALSE,"Rest",TRUE,FALSE,TRUE,700,TRUE,FALSE,FALSE,FALSE,FALSE,FALSE,"R-peak","No","Both","Clustering","Both","Verdonk et al. (2021)",336,118,336
34171310,"The role of electroencephalography electrical reference in the assessment of functional brain-heart interplay: From methodology to user guidelines","Candia-Rivera D, Catrambone V, Valenza G.",2021,0,28,"1","EEG",129,"GSN-HydroCel-129","",4,"unknown","N/M","unknown","unknown","Cz","Common average",0.5,45,"1","0","Eye movements, CFA",NA,"Manual","unknown","RR at least 500 ms","Bad channels, Wavelet-ICA","Fp1, Fpz, Fp2, AF7, AF3, AFz, AF4, AF8, F7, F5, F3, F1, Fz, F2, F4, F6, F8, FT7, FC5, FC3, FC1, FCz, FC2, FC4, FC6, FT8, T7, C5, C3, C1, Cz, C2, C4, C6, T8, TP7, CP5, CP3, CP1, CPz, CP2, CP4, CP6, TP8, P7, P5, P3, P1, Pz, P2, P4, P6, P8, PO7, PO3, POz, PO4, PO8, O1, Oz, O2, Iz",1,1,"[est240]","Primary","R-peak",200,500,NA,NA,"Correlation","Amplitude","0","1","Correlation","0",NA,"1","Fp1, Fpz, Fp2, AF7, AF3, AFz, AF4, AF8, F7, F5, F3, F1, Fz, F2, F4, F6, F8, FT7, FC5, FC3, FC1, FCz, FC2, FC4, FC6, FT8, T7, C5, C3, C1, Cz, C2, C4, C6, T8, TP7, CP5, CP3, CP1, CPz, CP2, CP4, CP6, TP8, P7, P5, P3, P1, Pz, P2, P4, P6, P8, PO7, PO3, POz, PO4, PO8, O1, Oz, O2, Iz","",NA,NA,"","est number of trials = 4 min rest * 60 bpm","pubmed","No","Averaging",1,TRUE,TRUE,"Both",FALSE,TRUE,TRUE,500,TRUE,FALSE,FALSE,FALSE,FALSE,FALSE,"R-peak","No","Averaging","Averaging","Primary","Candia-Rivera et al. (2021a)",240,NA,NA
34171310,"The role of electroencephalography electrical reference in the assessment of functional brain-heart interplay: From methodology to user guidelines","Candia-Rivera D, Catrambone V, Valenza G.",2021,0,28,"1","EEG",129,"GSN-HydroCel-129","",4,"unknown","N/M","unknown","unknown","Cz","Common average",0.5,45,"1","0","Eye movements, CFA",NA,"Manual","unknown","RR at least 500 ms","Bad channels, Wavelet-ICA","Fp1, Fpz, Fp2, AF7, AF3, AFz, AF4, AF8, F7, F5, F3, F1, Fz, F2, F4, F6, F8, FT7, FC5, FC3, FC1, FCz, FC2, FC4, FC6, FT8, T7, C5, C3, C1, Cz, C2, C4, C6, T8, TP7, CP5, CP3, CP1, CPz, CP2, CP4, CP6, TP8, P7, P5, P3, P1, Pz, P2, P4, P6, P8, PO7, PO3, POz, PO4, PO8, O1, Oz, O2, Iz",1,1,"[est240]","Primary","R-peak",200,500,NA,NA,"Group/Condition Differences","Amplitude","0","1","Non-parametric comparison","0",NA,"1","Fp1, Fpz, Fp2, AF7, AF3, AFz, AF4, AF8, F7, F5, F3, F1, Fz, F2, F4, F6, F8, FT7, FC5, FC3, FC1, FCz, FC2, FC4, FC6, FT8, T7, C5, C3, C1, Cz, C2, C4, C6, T8, TP7, CP5, CP3, CP1, CPz, CP2, CP4, CP6, TP8, P7, P5, P3, P1, Pz, P2, P4, P6, P8, PO7, PO3, POz, PO4, PO8, O1, Oz, O2, Iz","",NA,NA,"","est number of trials = 4 min rest * 60 bpm","pubmed","No","Averaging",1,TRUE,TRUE,"Both",FALSE,TRUE,TRUE,500,TRUE,FALSE,FALSE,FALSE,FALSE,FALSE,"R-peak","No","Averaging","Averaging","Primary","Candia-Rivera et al. (2021a)",240,NA,NA
34171310,"The role of electroencephalography electrical reference in the assessment of functional brain-heart interplay: From methodology to user guidelines","Candia-Rivera D, Catrambone V, Valenza G.",2021,0,23,"0","EEG",32,"standard32","Fp1, Fp2, AF3, AF4, F7, F3, Fz, F4, F8, FC5, FC1, FC2, FC6, T7, C3, Cz, C4, T8, CP5, CP1, CP2, CP6, P7, P3, Pz, P4, P8, PO3, PO4, O1, Oz, O2",NA,"unknown","N/M","unknown","unknown","Cz","Common average",0.5,45,"1","0","Eye movements, CFA",NA,"Manual","unknown","RR at least 500 ms","Bad channels, Wavelet-ICA","Fp1, Fp2, AF3, AF4, F7, F3, Fz, F4, F8, FC5, FC1, FC2, FC6, T7, C3, Cz, C4, T8, CP5, CP1, CP2, CP6, P7, P3, Pz, P4, P8, PO3, PO4, O1, Oz, O2",1,2,"unknown","Primary","R-peak",200,500,NA,NA,"Correlation","Amplitude","0","1","Correlation","0",NA,"1","Fp1, Fp2, AF3, AF4, F7, F3, Fz, F4, F8, FC5, FC1, FC2, FC6, T7, C3, Cz, C4, T8, CP5, CP1, CP2, CP6, P7, P3, Pz, P4, P8, PO3, PO4, O1, Oz, O2","",NA,NA,"","","pubmed","No","Averaging",1,TRUE,TRUE,"Both",FALSE,TRUE,TRUE,500,TRUE,FALSE,FALSE,FALSE,FALSE,FALSE,"R-peak","No","Averaging","Averaging","Primary","Candia-Rivera et al. (2021a)",NA,NA,NA
34171310,"The role of electroencephalography electrical reference in the assessment of functional brain-heart interplay: From methodology to user guidelines","Candia-Rivera D, Catrambone V, Valenza G.",2021,0,23,"0","EEG",32,"standard32","Fp1, Fp2, AF3, AF4, F7, F3, Fz, F4, F8, FC5, FC1, FC2, FC6, T7, C3, Cz, C4, T8, CP5, CP1, CP2, CP6, P7, P3, Pz, P4, P8, PO3, PO4, O1, Oz, O2",NA,"unknown","N/M","unknown","unknown","Cz","Common average",0.5,45,"1","0","Eye movements, CFA",NA,"Manual","unknown","RR at least 500 ms","Bad channels, Wavelet-ICA","Fp1, Fp2, AF3, AF4, F7, F3, Fz, F4, F8, FC5, FC1, FC2, FC6, T7, C3, Cz, C4, T8, CP5, CP1, CP2, CP6, P7, P3, Pz, P4, P8, PO3, PO4, O1, Oz, O2",1,2,"unknown","Primary","R-peak",200,500,NA,NA,"Group/Condition Differences","Amplitude","0","1","Non-parametric comparison","0",NA,"1","Fp1, Fp2, AF3, AF4, F7, F3, Fz, F4, F8, FC5, FC1, FC2, FC6, T7, C3, Cz, C4, T8, CP5, CP1, CP2, CP6, P7, P3, Pz, P4, P8, PO3, PO4, O1, Oz, O2","",NA,NA,"","","pubmed","No","Averaging",1,TRUE,TRUE,"Both",FALSE,TRUE,TRUE,500,TRUE,FALSE,FALSE,FALSE,FALSE,FALSE,"R-peak","No","Averaging","Averaging","Primary","Candia-Rivera et al. (2021a)",NA,NA,NA
34171310,"The role of electroencephalography electrical reference in the assessment of functional brain-heart interplay: From methodology to user guidelines","Candia-Rivera D, Catrambone V, Valenza G.",2021,0,28,"1","EEG",129,"GSN-HydroCel-129","",4,"unknown","N/M","unknown","unknown","Cz","Laplacian reference",0.5,45,"1","0","Eye movements, CFA",NA,"Manual","unknown","RR at least 500 ms","Bad channels, Wavelet-ICA","Fp1, Fpz, Fp2, AF7, AF3, AFz, AF4, AF8, F7, F5, F3, F1, Fz, F2, F4, F6, F8, FT7, FC5, FC3, FC1, FCz, FC2, FC4, FC6, FT8, T7, C5, C3, C1, Cz, C2, C4, C6, T8, TP7, CP5, CP3, CP1, CPz, CP2, CP4, CP6, TP8, P7, P5, P3, P1, Pz, P2, P4, P6, P8, PO7, PO3, POz, PO4, PO8, O1, Oz, O2, Iz",1,1,"[est240]","Primary","R-peak",200,500,NA,NA,"Correlation","Amplitude","0","1","Correlation","0",NA,"1","Fp1, Fpz, Fp2, AF7, AF3, AFz, AF4, AF8, F7, F5, F3, F1, Fz, F2, F4, F6, F8, FT7, FC5, FC3, FC1, FCz, FC2, FC4, FC6, FT8, T7, C5, C3, C1, Cz, C2, C4, C6, T8, TP7, CP5, CP3, CP1, CPz, CP2, CP4, CP6, TP8, P7, P5, P3, P1, Pz, P2, P4, P6, P8, PO7, PO3, POz, PO4, PO8, O1, Oz, O2, Iz","",NA,NA,"","est number of trials = 4 min rest * 60 bpm","pubmed","No","Averaging",1,TRUE,TRUE,"Both",FALSE,TRUE,TRUE,500,TRUE,FALSE,FALSE,FALSE,FALSE,FALSE,"R-peak","No","Averaging","Averaging","Primary","Candia-Rivera et al. (2021a)",240,NA,NA
34171310,"The role of electroencephalography electrical reference in the assessment of functional brain-heart interplay: From methodology to user guidelines","Candia-Rivera D, Catrambone V, Valenza G.",2021,0,28,"1","EEG",129,"GSN-HydroCel-129","",4,"unknown","N/M","unknown","unknown","Cz","Laplacian reference",0.5,45,"1","0","Eye movements, CFA",NA,"Manual","unknown","RR at least 500 ms","Bad channels, Wavelet-ICA","Fp1, Fpz, Fp2, AF7, AF3, AFz, AF4, AF8, F7, F5, F3, F1, Fz, F2, F4, F6, F8, FT7, FC5, FC3, FC1, FCz, FC2, FC4, FC6, FT8, T7, C5, C3, C1, Cz, C2, C4, C6, T8, TP7, CP5, CP3, CP1, CPz, CP2, CP4, CP6, TP8, P7, P5, P3, P1, Pz, P2, P4, P6, P8, PO7, PO3, POz, PO4, PO8, O1, Oz, O2, Iz",1,1,"[est240]","Primary","R-peak",200,500,NA,NA,"Group/Condition Differences","Amplitude","0","1","Non-parametric comparison","0",NA,"1","Fp1, Fpz, Fp2, AF7, AF3, AFz, AF4, AF8, F7, F5, F3, F1, Fz, F2, F4, F6, F8, FT7, FC5, FC3, FC1, FCz, FC2, FC4, FC6, FT8, T7, C5, C3, C1, Cz, C2, C4, C6, T8, TP7, CP5, CP3, CP1, CPz, CP2, CP4, CP6, TP8, P7, P5, P3, P1, Pz, P2, P4, P6, P8, PO7, PO3, POz, PO4, PO8, O1, Oz, O2, Iz","",NA,NA,"","est number of trials = 4 min rest * 60 bpm","pubmed","No","Averaging",1,TRUE,TRUE,"Both",FALSE,TRUE,TRUE,500,TRUE,FALSE,FALSE,FALSE,FALSE,FALSE,"R-peak","No","Averaging","Averaging","Primary","Candia-Rivera et al. (2021a)",240,NA,NA
34171310,"The role of electroencephalography electrical reference in the assessment of functional brain-heart interplay: From methodology to user guidelines","Candia-Rivera D, Catrambone V, Valenza G.",2021,0,23,"0","EEG",32,"standard32","Fp1, Fp2, AF3, AF4, F7, F3, Fz, F4, F8, FC5, FC1, FC2, FC6, T7, C3, Cz, C4, T8, CP5, CP1, CP2, CP6, P7, P3, Pz, P4, P8, PO3, PO4, O1, Oz, O2",NA,"unknown","N/M","unknown","unknown","Cz","Laplacian reference",0.5,45,"1","0","Eye movements, CFA",NA,"Manual","unknown","RR at least 500 ms","Bad channels, Wavelet-ICA","Fp1, Fp2, AF3, AF4, F7, F3, Fz, F4, F8, FC5, FC1, FC2, FC6, T7, C3, Cz, C4, T8, CP5, CP1, CP2, CP6, P7, P3, Pz, P4, P8, PO3, PO4, O1, Oz, O2",1,2,"unknown","Primary","R-peak",200,500,NA,NA,"Correlation","Amplitude","0","1","Correlation","0",NA,"1","Fp1, Fp2, AF3, AF4, F7, F3, Fz, F4, F8, FC5, FC1, FC2, FC6, T7, C3, Cz, C4, T8, CP5, CP1, CP2, CP6, P7, P3, Pz, P4, P8, PO3, PO4, O1, Oz, O2","",NA,NA,"","","pubmed","No","Averaging",1,TRUE,TRUE,"Both",FALSE,TRUE,TRUE,500,TRUE,FALSE,FALSE,FALSE,FALSE,FALSE,"R-peak","No","Averaging","Averaging","Primary","Candia-Rivera et al. (2021a)",NA,NA,NA
34171310,"The role of electroencephalography electrical reference in the assessment of functional brain-heart interplay: From methodology to user guidelines","Candia-Rivera D, Catrambone V, Valenza G.",2021,0,23,"0","EEG",32,"standard32","Fp1, Fp2, AF3, AF4, F7, F3, Fz, F4, F8, FC5, FC1, FC2, FC6, T7, C3, Cz, C4, T8, CP5, CP1, CP2, CP6, P7, P3, Pz, P4, P8, PO3, PO4, O1, Oz, O2",NA,"unknown","N/M","unknown","unknown","Cz","Laplacian reference",0.5,45,"1","0","Eye movements, CFA",NA,"Manual","unknown","RR at least 500 ms","Bad channels, Wavelet-ICA","Fp1, Fp2, AF3, AF4, F7, F3, Fz, F4, F8, FC5, FC1, FC2, FC6, T7, C3, Cz, C4, T8, CP5, CP1, CP2, CP6, P7, P3, Pz, P4, P8, PO3, PO4, O1, Oz, O2",1,2,"unknown","Primary","R-peak",200,500,NA,NA,"Group/Condition Differences","Amplitude","0","1","Non-parametric comparison","0",NA,"1","Fp1, Fp2, AF3, AF4, F7, F3, Fz, F4, F8, FC5, FC1, FC2, FC6, T7, C3, Cz, C4, T8, CP5, CP1, CP2, CP6, P7, P3, Pz, P4, P8, PO3, PO4, O1, Oz, O2","",NA,NA,"","","pubmed","No","Averaging",1,TRUE,TRUE,"Both",FALSE,TRUE,TRUE,500,TRUE,FALSE,FALSE,FALSE,FALSE,FALSE,"R-peak","No","Averaging","Averaging","Primary","Candia-Rivera et al. (2021a)",NA,NA,NA
34171310,"The role of electroencephalography electrical reference in the assessment of functional brain-heart interplay: From methodology to user guidelines","Candia-Rivera D, Catrambone V, Valenza G.",2021,0,28,"1","EEG",129,"GSN-HydroCel-129","",4,"unknown","N/M","unknown","unknown","Cz","REST",0.5,45,"1","0","Eye movements, CFA",NA,"Manual","unknown","RR at least 500 ms","Bad channels, Wavelet-ICA","Fp1, Fpz, Fp2, AF7, AF3, AFz, AF4, AF8, F7, F5, F3, F1, Fz, F2, F4, F6, F8, FT7, FC5, FC3, FC1, FCz, FC2, FC4, FC6, FT8, T7, C5, C3, C1, Cz, C2, C4, C6, T8, TP7, CP5, CP3, CP1, CPz, CP2, CP4, CP6, TP8, P7, P5, P3, P1, Pz, P2, P4, P6, P8, PO7, PO3, POz, PO4, PO8, O1, Oz, O2, Iz",1,1,"[est240]","Primary","R-peak",200,500,NA,NA,"Correlation","Amplitude","0","1","Correlation","0",NA,"1","Fp1, Fpz, Fp2, AF7, AF3, AFz, AF4, AF8, F7, F5, F3, F1, Fz, F2, F4, F6, F8, FT7, FC5, FC3, FC1, FCz, FC2, FC4, FC6, FT8, T7, C5, C3, C1, Cz, C2, C4, C6, T8, TP7, CP5, CP3, CP1, CPz, CP2, CP4, CP6, TP8, P7, P5, P3, P1, Pz, P2, P4, P6, P8, PO7, PO3, POz, PO4, PO8, O1, Oz, O2, Iz","",NA,NA,"","est number of trials = 4 min rest * 60 bpm","pubmed","No","Averaging",1,TRUE,TRUE,"Both",FALSE,TRUE,TRUE,500,TRUE,FALSE,FALSE,FALSE,FALSE,FALSE,"R-peak","No","Averaging","Averaging","Primary","Candia-Rivera et al. (2021a)",240,NA,NA
34171310,"The role of electroencephalography electrical reference in the assessment of functional brain-heart interplay: From methodology to user guidelines","Candia-Rivera D, Catrambone V, Valenza G.",2021,0,28,"1","EEG",129,"GSN-HydroCel-129","",4,"unknown","N/M","unknown","unknown","Cz","REST",0.5,45,"1","0","Eye movements, CFA",NA,"Manual","unknown","RR at least 500 ms","Bad channels, Wavelet-ICA","Fp1, Fpz, Fp2, AF7, AF3, AFz, AF4, AF8, F7, F5, F3, F1, Fz, F2, F4, F6, F8, FT7, FC5, FC3, FC1, FCz, FC2, FC4, FC6, FT8, T7, C5, C3, C1, Cz, C2, C4, C6, T8, TP7, CP5, CP3, CP1, CPz, CP2, CP4, CP6, TP8, P7, P5, P3, P1, Pz, P2, P4, P6, P8, PO7, PO3, POz, PO4, PO8, O1, Oz, O2, Iz",1,1,"[est240]","Primary","R-peak",200,500,NA,NA,"Group/Condition Differences","Amplitude","0","1","Non-parametric comparison","0",NA,"1","Fp1, Fpz, Fp2, AF7, AF3, AFz, AF4, AF8, F7, F5, F3, F1, Fz, F2, F4, F6, F8, FT7, FC5, FC3, FC1, FCz, FC2, FC4, FC6, FT8, T7, C5, C3, C1, Cz, C2, C4, C6, T8, TP7, CP5, CP3, CP1, CPz, CP2, CP4, CP6, TP8, P7, P5, P3, P1, Pz, P2, P4, P6, P8, PO7, PO3, POz, PO4, PO8, O1, Oz, O2, Iz","",NA,NA,"","est number of trials = 4 min rest * 60 bpm","pubmed","No","Averaging",1,TRUE,TRUE,"Both",FALSE,TRUE,TRUE,500,TRUE,FALSE,FALSE,FALSE,FALSE,FALSE,"R-peak","No","Averaging","Averaging","Primary","Candia-Rivera et al. (2021a)",240,NA,NA
34171310,"The role of electroencephalography electrical reference in the assessment of functional brain-heart interplay: From methodology to user guidelines","Candia-Rivera D, Catrambone V, Valenza G.",2021,0,23,"0","EEG",32,"standard32","Fp1, Fp2, AF3, AF4, F7, F3, Fz, F4, F8, FC5, FC1, FC2, FC6, T7, C3, Cz, C4, T8, CP5, CP1, CP2, CP6, P7, P3, Pz, P4, P8, PO3, PO4, O1, Oz, O2",NA,"unknown","N/M","unknown","unknown","Cz","REST",0.5,45,"1","0","Eye movements, CFA",NA,"Manual","unknown","RR at least 500 ms","Bad channels, Wavelet-ICA","Fp1, Fp2, AF3, AF4, F7, F3, Fz, F4, F8, FC5, FC1, FC2, FC6, T7, C3, Cz, C4, T8, CP5, CP1, CP2, CP6, P7, P3, Pz, P4, P8, PO3, PO4, O1, Oz, O2",1,2,"unknown","Primary","R-peak",200,500,NA,NA,"Correlation","Amplitude","0","1","Correlation","0",NA,"1","Fp1, Fp2, AF3, AF4, F7, F3, Fz, F4, F8, FC5, FC1, FC2, FC6, T7, C3, Cz, C4, T8, CP5, CP1, CP2, CP6, P7, P3, Pz, P4, P8, PO3, PO4, O1, Oz, O2","",NA,NA,"","","pubmed","No","Averaging",1,TRUE,TRUE,"Both",FALSE,TRUE,TRUE,500,TRUE,FALSE,FALSE,FALSE,FALSE,FALSE,"R-peak","No","Averaging","Averaging","Primary","Candia-Rivera et al. (2021a)",NA,NA,NA
34171310,"The role of electroencephalography electrical reference in the assessment of functional brain-heart interplay: From methodology to user guidelines","Candia-Rivera D, Catrambone V, Valenza G.",2021,0,23,"0","EEG",32,"standard32","Fp1, Fp2, AF3, AF4, F7, F3, Fz, F4, F8, FC5, FC1, FC2, FC6, T7, C3, Cz, C4, T8, CP5, CP1, CP2, CP6, P7, P3, Pz, P4, P8, PO3, PO4, O1, Oz, O2",NA,"unknown","N/M","unknown","unknown","Cz","REST",0.5,45,"1","0","Eye movements, CFA",NA,"Manual","unknown","RR at least 500 ms","Bad channels, Wavelet-ICA","Fp1, Fp2, AF3, AF4, F7, F3, Fz, F4, F8, FC5, FC1, FC2, FC6, T7, C3, Cz, C4, T8, CP5, CP1, CP2, CP6, P7, P3, Pz, P4, P8, PO3, PO4, O1, Oz, O2",1,2,"unknown","Primary","R-peak",200,500,NA,NA,"Group/Condition Differences","Amplitude","0","1","Non-parametric comparison","0",NA,"1","Fp1, Fp2, AF3, AF4, F7, F3, Fz, F4, F8, FC5, FC1, FC2, FC6, T7, C3, Cz, C4, T8, CP5, CP1, CP2, CP6, P7, P3, Pz, P4, P8, PO3, PO4, O1, Oz, O2","",NA,NA,"","","pubmed","No","Averaging",1,TRUE,TRUE,"Both",FALSE,TRUE,TRUE,500,TRUE,FALSE,FALSE,FALSE,FALSE,FALSE,"R-peak","No","Averaging","Averaging","Primary","Candia-Rivera et al. (2021a)",NA,NA,NA
34171310,"The role of electroencephalography electrical reference in the assessment of functional brain-heart interplay: From methodology to user guidelines","Candia-Rivera D, Catrambone V, Valenza G.",2021,0,28,"1","EEG",129,"GSN-HydroCel-129","",4,"unknown","N/M","unknown","unknown","Cz","Linked mastoids",0.5,45,"1","0","Eye movements, CFA",NA,"Manual","unknown","RR at least 500 ms","Bad channels, Wavelet-ICA","Fp1, Fpz, Fp2, AF7, AF3, AFz, AF4, AF8, F7, F5, F3, F1, Fz, F2, F4, F6, F8, FT7, FC5, FC3, FC1, FCz, FC2, FC4, FC6, FT8, T7, C5, C3, C1, Cz, C2, C4, C6, T8, TP7, CP5, CP3, CP1, CPz, CP2, CP4, CP6, TP8, P7, P5, P3, P1, Pz, P2, P4, P6, P8, PO7, PO3, POz, PO4, PO8, O1, Oz, O2, Iz",1,1,"[est240]","Primary","R-peak",200,500,NA,NA,"Correlation","Amplitude","0","1","Correlation","0",NA,"1","Fp1, Fpz, Fp2, AF7, AF3, AFz, AF4, AF8, F7, F5, F3, F1, Fz, F2, F4, F6, F8, FT7, FC5, FC3, FC1, FCz, FC2, FC4, FC6, FT8, T7, C5, C3, C1, Cz, C2, C4, C6, T8, TP7, CP5, CP3, CP1, CPz, CP2, CP4, CP6, TP8, P7, P5, P3, P1, Pz, P2, P4, P6, P8, PO7, PO3, POz, PO4, PO8, O1, Oz, O2, Iz","",NA,NA,"","est number of trials = 4 min rest * 60 bpm","pubmed","No","Averaging",1,TRUE,TRUE,"Both",FALSE,TRUE,TRUE,500,TRUE,FALSE,FALSE,FALSE,FALSE,FALSE,"R-peak","No","Averaging","Averaging","Primary","Candia-Rivera et al. (2021a)",240,NA,NA
34171310,"The role of electroencephalography electrical reference in the assessment of functional brain-heart interplay: From methodology to user guidelines","Candia-Rivera D, Catrambone V, Valenza G.",2021,0,28,"1","EEG",129,"GSN-HydroCel-129","",4,"unknown","N/M","unknown","unknown","Cz","Linked mastoids",0.5,45,"1","0","Eye movements, CFA",NA,"Manual","unknown","RR at least 500 ms","Bad channels, Wavelet-ICA","Fp1, Fpz, Fp2, AF7, AF3, AFz, AF4, AF8, F7, F5, F3, F1, Fz, F2, F4, F6, F8, FT7, FC5, FC3, FC1, FCz, FC2, FC4, FC6, FT8, T7, C5, C3, C1, Cz, C2, C4, C6, T8, TP7, CP5, CP3, CP1, CPz, CP2, CP4, CP6, TP8, P7, P5, P3, P1, Pz, P2, P4, P6, P8, PO7, PO3, POz, PO4, PO8, O1, Oz, O2, Iz",1,1,"[est240]","Primary","R-peak",200,500,NA,NA,"Group/Condition Differences","Amplitude","0","1","Non-parametric comparison","0",NA,"1","Fp1, Fpz, Fp2, AF7, AF3, AFz, AF4, AF8, F7, F5, F3, F1, Fz, F2, F4, F6, F8, FT7, FC5, FC3, FC1, FCz, FC2, FC4, FC6, FT8, T7, C5, C3, C1, Cz, C2, C4, C6, T8, TP7, CP5, CP3, CP1, CPz, CP2, CP4, CP6, TP8, P7, P5, P3, P1, Pz, P2, P4, P6, P8, PO7, PO3, POz, PO4, PO8, O1, Oz, O2, Iz","",NA,NA,"","est number of trials = 4 min rest * 60 bpm","pubmed","No","Averaging",1,TRUE,TRUE,"Both",FALSE,TRUE,TRUE,500,TRUE,FALSE,FALSE,FALSE,FALSE,FALSE,"R-peak","No","Averaging","Averaging","Primary","Candia-Rivera et al. (2021a)",240,NA,NA
34171310,"The role of electroencephalography electrical reference in the assessment of functional brain-heart interplay: From methodology to user guidelines","Candia-Rivera D, Catrambone V, Valenza G.",2021,0,23,"0","EEG",32,"standard32","Fp1, Fp2, AF3, AF4, F7, F3, Fz, F4, F8, FC5, FC1, FC2, FC6, T7, C3, Cz, C4, T8, CP5, CP1, CP2, CP6, P7, P3, Pz, P4, P8, PO3, PO4, O1, Oz, O2",NA,"unknown","N/M","unknown","unknown","Cz","Linked mastoids",0.5,45,"1","0","Eye movements, CFA",NA,"Manual","unknown","RR at least 500 ms","Bad channels, Wavelet-ICA","Fp1, Fp2, AF3, AF4, F7, F3, Fz, F4, F8, FC5, FC1, FC2, FC6, T7, C3, Cz, C4, T8, CP5, CP1, CP2, CP6, P7, P3, Pz, P4, P8, PO3, PO4, O1, Oz, O2",1,2,"unknown","Primary","R-peak",200,500,NA,NA,"Correlation","Amplitude","0","1","Correlation","0",NA,"1","Fp1, Fp2, AF3, AF4, F7, F3, Fz, F4, F8, FC5, FC1, FC2, FC6, T7, C3, Cz, C4, T8, CP5, CP1, CP2, CP6, P7, P3, Pz, P4, P8, PO3, PO4, O1, Oz, O2","",NA,NA,"","","pubmed","No","Averaging",1,TRUE,TRUE,"Both",FALSE,TRUE,TRUE,500,TRUE,FALSE,FALSE,FALSE,FALSE,FALSE,"R-peak","No","Averaging","Averaging","Primary","Candia-Rivera et al. (2021a)",NA,NA,NA
34171310,"The role of electroencephalography electrical reference in the assessment of functional brain-heart interplay: From methodology to user guidelines","Candia-Rivera D, Catrambone V, Valenza G.",2021,0,23,"0","EEG",32,"standard32","Fp1, Fp2, AF3, AF4, F7, F3, Fz, F4, F8, FC5, FC1, FC2, FC6, T7, C3, Cz, C4, T8, CP5, CP1, CP2, CP6, P7, P3, Pz, P4, P8, PO3, PO4, O1, Oz, O2",NA,"unknown","N/M","unknown","unknown","Cz","Linked mastoids",0.5,45,"1","0","Eye movements, CFA",NA,"Manual","unknown","RR at least 500 ms","Bad channels, Wavelet-ICA","Fp1, Fp2, AF3, AF4, F7, F3, Fz, F4, F8, FC5, FC1, FC2, FC6, T7, C3, Cz, C4, T8, CP5, CP1, CP2, CP6, P7, P3, Pz, P4, P8, PO3, PO4, O1, Oz, O2",1,2,"unknown","Primary","R-peak",200,500,NA,NA,"Group/Condition Differences","Amplitude","0","1","Non-parametric comparison","0",NA,"1","Fp1, Fp2, AF3, AF4, F7, F3, Fz, F4, F8, FC5, FC1, FC2, FC6, T7, C3, Cz, C4, T8, CP5, CP1, CP2, CP6, P7, P3, Pz, P4, P8, PO3, PO4, O1, Oz, O2","",NA,NA,"","","pubmed","No","Averaging",1,TRUE,TRUE,"Both",FALSE,TRUE,TRUE,500,TRUE,FALSE,FALSE,FALSE,FALSE,FALSE,"R-peak","No","Averaging","Averaging","Primary","Candia-Rivera et al. (2021a)",NA,NA,NA
34171310,"The role of electroencephalography electrical reference in the assessment of functional brain-heart interplay: From methodology to user guidelines","Candia-Rivera D, Catrambone V, Valenza G.",2021,0,28,"1","EEG",129,"GSN-HydroCel-129","",4,"unknown","N/M","unknown","unknown","Cz","Cz",0.5,45,"1","0","Eye movements, CFA",NA,"Manual","unknown","RR at least 500 ms","Bad channels, Wavelet-ICA","Fp1, Fpz, Fp2, AF7, AF3, AFz, AF4, AF8, F7, F5, F3, F1, Fz, F2, F4, F6, F8, FT7, FC5, FC3, FC1, FCz, FC2, FC4, FC6, FT8, T7, C5, C3, C1, Cz, C2, C4, C6, T8, TP7, CP5, CP3, CP1, CPz, CP2, CP4, CP6, TP8, P7, P5, P3, P1, Pz, P2, P4, P6, P8, PO7, PO3, POz, PO4, PO8, O1, Oz, O2, Iz",1,1,"[est240]","Primary","R-peak",200,500,NA,NA,"Correlation","Amplitude","0","1","Correlation","0",NA,"1","Fp1, Fpz, Fp2, AF7, AF3, AFz, AF4, AF8, F7, F5, F3, F1, Fz, F2, F4, F6, F8, FT7, FC5, FC3, FC1, FCz, FC2, FC4, FC6, FT8, T7, C5, C3, C1, Cz, C2, C4, C6, T8, TP7, CP5, CP3, CP1, CPz, CP2, CP4, CP6, TP8, P7, P5, P3, P1, Pz, P2, P4, P6, P8, PO7, PO3, POz, PO4, PO8, O1, Oz, O2, Iz","",NA,NA,"","est number of trials = 4 min rest * 60 bpm","pubmed","No","Averaging",1,TRUE,TRUE,"Both",FALSE,TRUE,TRUE,500,TRUE,FALSE,FALSE,FALSE,FALSE,FALSE,"R-peak","No","Averaging","Averaging","Primary","Candia-Rivera et al. (2021a)",240,NA,NA
34171310,"The role of electroencephalography electrical reference in the assessment of functional brain-heart interplay: From methodology to user guidelines","Candia-Rivera D, Catrambone V, Valenza G.",2021,0,28,"1","EEG",129,"GSN-HydroCel-129","",4,"unknown","N/M","unknown","unknown","Cz","Cz",0.5,45,"1","0","Eye movements, CFA",NA,"Manual","unknown","RR at least 500 ms","Bad channels, Wavelet-ICA","Fp1, Fpz, Fp2, AF7, AF3, AFz, AF4, AF8, F7, F5, F3, F1, Fz, F2, F4, F6, F8, FT7, FC5, FC3, FC1, FCz, FC2, FC4, FC6, FT8, T7, C5, C3, C1, Cz, C2, C4, C6, T8, TP7, CP5, CP3, CP1, CPz, CP2, CP4, CP6, TP8, P7, P5, P3, P1, Pz, P2, P4, P6, P8, PO7, PO3, POz, PO4, PO8, O1, Oz, O2, Iz",1,1,"[est240]","Primary","R-peak",200,500,NA,NA,"Group/Condition Differences","Amplitude","0","1","Non-parametric comparison","0",NA,"1","Fp1, Fpz, Fp2, AF7, AF3, AFz, AF4, AF8, F7, F5, F3, F1, Fz, F2, F4, F6, F8, FT7, FC5, FC3, FC1, FCz, FC2, FC4, FC6, FT8, T7, C5, C3, C1, Cz, C2, C4, C6, T8, TP7, CP5, CP3, CP1, CPz, CP2, CP4, CP6, TP8, P7, P5, P3, P1, Pz, P2, P4, P6, P8, PO7, PO3, POz, PO4, PO8, O1, Oz, O2, Iz","",NA,NA,"","est number of trials = 4 min rest * 60 bpm","pubmed","No","Averaging",1,TRUE,TRUE,"Both",FALSE,TRUE,TRUE,500,TRUE,FALSE,FALSE,FALSE,FALSE,FALSE,"R-peak","No","Averaging","Averaging","Primary","Candia-Rivera et al. (2021a)",240,NA,NA
34171310,"The role of electroencephalography electrical reference in the assessment of functional brain-heart interplay: From methodology to user guidelines","Candia-Rivera D, Catrambone V, Valenza G.",2021,0,23,"0","EEG",32,"standard32","Fp1, Fp2, AF3, AF4, F7, F3, Fz, F4, F8, FC5, FC1, FC2, FC6, T7, C3, Cz, C4, T8, CP5, CP1, CP2, CP6, P7, P3, Pz, P4, P8, PO3, PO4, O1, Oz, O2",NA,"unknown","N/M","unknown","unknown","Cz","Cz",0.5,45,"1","0","Eye movements, CFA",NA,"Manual","unknown","RR at least 500 ms","Bad channels, Wavelet-ICA","Fp1, Fp2, AF3, AF4, F7, F3, Fz, F4, F8, FC5, FC1, FC2, FC6, T7, C3, Cz, C4, T8, CP5, CP1, CP2, CP6, P7, P3, Pz, P4, P8, PO3, PO4, O1, Oz, O2",1,2,"unknown","Primary","R-peak",200,500,NA,NA,"Correlation","Amplitude","0","1","Correlation","0",NA,"1","Fp1, Fp2, AF3, AF4, F7, F3, Fz, F4, F8, FC5, FC1, FC2, FC6, T7, C3, Cz, C4, T8, CP5, CP1, CP2, CP6, P7, P3, Pz, P4, P8, PO3, PO4, O1, Oz, O2","",NA,NA,"","","pubmed","No","Averaging",1,TRUE,TRUE,"Both",FALSE,TRUE,TRUE,500,TRUE,FALSE,FALSE,FALSE,FALSE,FALSE,"R-peak","No","Averaging","Averaging","Primary","Candia-Rivera et al. (2021a)",NA,NA,NA
34171310,"The role of electroencephalography electrical reference in the assessment of functional brain-heart interplay: From methodology to user guidelines","Candia-Rivera D, Catrambone V, Valenza G.",2021,0,23,"0","EEG",32,"standard32","Fp1, Fp2, AF3, AF4, F7, F3, Fz, F4, F8, FC5, FC1, FC2, FC6, T7, C3, Cz, C4, T8, CP5, CP1, CP2, CP6, P7, P3, Pz, P4, P8, PO3, PO4, O1, Oz, O2",NA,"unknown","N/M","unknown","unknown","Cz","Cz",0.5,45,"1","0","Eye movements, CFA",NA,"Manual","unknown","RR at least 500 ms","Bad channels, Wavelet-ICA","Fp1, Fp2, AF3, AF4, F7, F3, Fz, F4, F8, FC5, FC1, FC2, FC6, T7, C3, Cz, C4, T8, CP5, CP1, CP2, CP6, P7, P3, Pz, P4, P8, PO3, PO4, O1, Oz, O2",1,2,"unknown","Primary","R-peak",200,500,NA,NA,"Group/Condition Differences","Amplitude","0","1","Non-parametric comparison","0",NA,"1","Fp1, Fp2, AF3, AF4, F7, F3, Fz, F4, F8, FC5, FC1, FC2, FC6, T7, C3, Cz, C4, T8, CP5, CP1, CP2, CP6, P7, P3, Pz, P4, P8, PO3, PO4, O1, Oz, O2","",NA,NA,"","","pubmed","No","Averaging",1,TRUE,TRUE,"Both",FALSE,TRUE,TRUE,500,TRUE,FALSE,FALSE,FALSE,FALSE,FALSE,"R-peak","No","Averaging","Averaging","Primary","Candia-Rivera et al. (2021a)",NA,NA,NA
34111514,"Heartbeat and somatosensory perception","Al E, Iliopoulos F, Nikulin VV, Villringer A.",2021,0,36,"0","EEG",62,"standard61","Fp1, Fp2, F7, F3, Fz, F4, F8, FC5, FC1, FC2, FC6, T7, C3, Cz, C4, T8, CP5, CP1, CP2, CP6, AFz, P7, P3, Pz, P4, P8, PO9, O1, Oz, O2, PO10, AF7, AF3, AF4, AF8, F5, F1, F2, F6, FT7, FC3, FC4, FT8, C5, C1, C2, C6, TP7, CP3, CPz, CP4, TP8, P5, P1, P2, P6, PO7, PO3, POz, PO4, PO8",NA,"2","N/C","Left chest","unknown","FCz","Common average",0.3,45,"1","0","Eye movements, CFA",NA,"Manual","Time course","","Artifact Subspace Reconstruction (ASR)","FC2, Cz, C4, CP1, CP2, Pz, P4, C1, C2, CPz, CP4, P1, P2",1,2,"472+-44","Primary","R-peak",296,400,NA,NA,"Group/Condition Differences","Amplitude","0","0","t-test","1",1000,"1","FC2, Cz, C4, CP1, CP2, Pz, P4, C1, C2, CPz, CP4, P1, P2","R-peak",296,400,"ECG, HR","","pubmed","Unknown","Clustering",0,FALSE,TRUE,"Task",FALSE,FALSE,TRUE,NA,FALSE,FALSE,FALSE,FALSE,FALSE,FALSE,"R-peak","Unknown","Both","Clustering","Primary","Al et al. (2021)",472,44,472
34111514,"Heartbeat and somatosensory perception","Al E, Iliopoulos F, Nikulin VV, Villringer A.",2021,0,36,"0","EEG",62,"standard61","Fp1, Fp2, F7, F3, Fz, F4, F8, FC5, FC1, FC2, FC6, T7, C3, Cz, C4, T8, CP5, CP1, CP2, CP6, AFz, P7, P3, Pz, P4, P8, PO9, O1, Oz, O2, PO10, AF7, AF3, AF4, AF8, F5, F1, F2, F6, FT7, FC3, FC4, FT8, C5, C1, C2, C6, TP7, CP3, CPz, CP4, TP8, P5, P1, P2, P6, PO7, PO3, POz, PO4, PO8",NA,"2","N/C","Left chest","unknown","FCz","Common average",0.3,45,"1","0","Eye movements, CFA",NA,"Manual","Time course","","Artifact Subspace Reconstruction (ASR)","Fp1, Fp2, F7, F3, Fz, F4, F8, FC5, FC1, FC2, FC6, T7, C3, Cz, C4, T8, CP5, CP1, CP2, CP6, AFz, P7, P3, Pz, P4, P8, PO9, O1, Oz, O2, PO10, AF7, AF3, AF4, AF8, F5, F1, F2, F6, FT7, FC3, FC4, FT8, C5, C1, C2, C6, TP7, CP3, CPz, CP4, TP8, P5, P1, P2, P6, PO7, PO3, POz, PO4, PO8",1,2,"472+-44","Primary","R-peak",296,400,NA,NA,"Group/Condition Differences","Amplitude","0","0","t-test","1",1000,"1","Fp1, Fp2, AF7, AF3, AFz, AF4, AF8, F7, F5, F3, F1, Fz, F2, F4, F6, F8, FC5, FC3, FC4, FT8, C3, C1, Cz, C2, C4, C6, CP5, CP3, CP1, CPz, CP2, CP4, P5, P3, P1, Pz, P2, P4, P6, PO3, POz, PO4, Oz","R-peak",296,400,"ECG, HR","","pubmed","Unknown","Clustering",0,FALSE,TRUE,"Task",FALSE,FALSE,TRUE,NA,FALSE,FALSE,FALSE,FALSE,FALSE,FALSE,"R-peak","Unknown","Both","Clustering","Primary","Al et al. (2021)",472,44,472
34111514,"Heartbeat and somatosensory perception","Al E, Iliopoulos F, Nikulin VV, Villringer A.",2021,0,36,"0","EEG",62,"standard61","Fp1, Fp2, F7, F3, Fz, F4, F8, FC5, FC1, FC2, FC6, T7, C3, Cz, C4, T8, CP5, CP1, CP2, CP6, AFz, P7, P3, Pz, P4, P8, PO9, O1, Oz, O2, PO10, AF7, AF3, AF4, AF8, F5, F1, F2, F6, FT7, FC3, FC4, FT8, C5, C1, C2, C6, TP7, CP3, CPz, CP4, TP8, P5, P1, P2, P6, PO7, PO3, POz, PO4, PO8",NA,"2","N/C","Left chest","unknown","FCz","Common average",0.3,45,"1","0","Eye movements, CFA",NA,"Manual","Time course","","Artifact Subspace Reconstruction (ASR)","FC2, Cz, C4, CP1, CP2, Pz, P4, C1, C2, CPz, CP4, P1, P2",1,1,"472+-44","Primary","R-peak",296,400,NA,NA,"Group/Condition Differences","Amplitude","1","1","t-test","0",NA,"1","FC2, Cz, C4, CP1, CP2, Pz, P4, C1, C2, CPz, CP4, P1, P2","",NA,NA,"","","pubmed","Unknown","Averaging",1,FALSE,TRUE,"Task",FALSE,FALSE,TRUE,NA,FALSE,FALSE,FALSE,FALSE,FALSE,FALSE,"R-peak","Unknown","Both","Averaging","Primary","Al et al. (2021)",472,44,472
33926998,"Responses to Heartbeats in Ventromedial Prefrontal Cortex Contribute to Subjective Preference-Based Decisions","Azzalini D, Buot A, Palminteri S, Tallon-Baudry C.",2021,0,21,"0","MEG",306,"Elekta","na",NA,"5","Lead II","Right clavicle, Left abdomen, Left shoulder, Right shoulder, Left clavicle","unknown","na","na",0.5,25,"1","1","CFA, Blinks, Eye movements",1.5,"Semi-automatic","Phase consistency","RR at least 400 ms","Manual removal of artifacts","na",1,2,"[est210]","Primary","T-peak",50,300,NA,NA,"Group/Condition Differences","Amplitude","0","0","t-test","1",10000,"1","na","T-peak",201,262,"Surrogate heartbeats, RR, IBI variability, stroke volume, T-wave mean latency, T-wave mean latency variability, alpha power, pupil diameter","est number of trials = 421 trials / 2 conditions","pubmed","Unknown","Clustering",0,FALSE,TRUE,"Task",FALSE,FALSE,TRUE,400,TRUE,FALSE,FALSE,FALSE,FALSE,FALSE,"T-peak","Unknown","Both","Clustering","Both","Azzalini et al. (2021)",210,NA,NA
33926998,"Responses to Heartbeats in Ventromedial Prefrontal Cortex Contribute to Subjective Preference-Based Decisions","Azzalini D, Buot A, Palminteri S, Tallon-Baudry C.",2021,0,21,"0","MEG",306,"Elekta","na",NA,"5","Lead II","Right clavicle, Left abdomen, Left shoulder, Right shoulder, Left clavicle","unknown","na","na",0.5,25,"1","1","CFA, Blinks, Eye movements",1.5,"Semi-automatic","Phase consistency","RR at least 400 ms","Manual removal of artifacts","na",1,1,"421+-43","Secondary","T-peak",201,262,NA,NA,"Correlation","Amplitude","1","1","Regression","0",NA,"1","na","",NA,NA,"Surrogate heartbeats, RR, IBI variability, stroke volume, T-wave mean latency, T-wave mean latency variability, alpha power, pupil diameter","","pubmed","Unknown","Averaging",1,FALSE,TRUE,"Task",FALSE,FALSE,TRUE,400,TRUE,FALSE,FALSE,FALSE,FALSE,FALSE,"T-peak","Unknown","Both","Averaging","Both","Azzalini et al. (2021)",421,43,421
33870427,"Cortical monitoring of cardiac activity during rapid eye movement sleep: the heartbeat evoked potential in phasic and tonic rapid-eye-movement microstates","Simor P, Bogdány T, Bódizs R, Perakakis P.",2021,0,20,"0","EEG",19,"standard19","Fp1, Fp2, F7, F3, Fz, F4, F8, T3, C3, Cz, C4, T4, T5, P3, Pz, P4, T6, O1, O2",6.6,"2","N/C","Left chest, Right chest","unknown","Linked mastoids","unknown",0.5,35,"1","0","Eye movements",NA,"","","","","Fp1, Fp2, F7, F3, Fz, F4, F8, T3, C3, Cz, C4, T4, T5, P3, Pz, P4, T6, O1, O2",1,2,"unknown","Primary","R-peak",350,650,-200,-50,"Group/Condition Differences","Amplitude","0","0","t-test","1",5000,"1","Fp1, Fp2, F7, F3, F4, Fz, C3, Cz","R-peak",571.5,634,"ECG, HR, SDNN, Surrogate heartbeats","","pubmed","Yes","Clustering",0,FALSE,TRUE,"Task",FALSE,FALSE,FALSE,NA,FALSE,FALSE,FALSE,FALSE,FALSE,FALSE,"R-peak","Yes","Both","Clustering","Both","Simor et al. (2021)",NA,NA,NA
33870427,"Cortical monitoring of cardiac activity during rapid eye movement sleep: the heartbeat evoked potential in phasic and tonic rapid-eye-movement microstates","Simor P, Bogdány T, Bódizs R, Perakakis P.",2021,0,20,"0","EEG",19,"standard19","Fp1, Fp2, F7, F3, Fz, F4, F8, T3, C3, Cz, C4, T4, T5, P3, Pz, P4, T6, O1, O2",6.6,"2","N/C","Left chest, Right chest","unknown","Linked mastoids","unknown",0.5,35,"1","0","Eye movements",NA,"","","","","Fp1, Fp2, F7, F3, F4, Fz, C3, Cz",1,2,"unknown","Secondary","R-peak",571.5,634,-200,-50,"Group/Condition Differences","Amplitude","1","1","ANOVA","0",NA,"1","Fp1, Fp2, F7, F3, F4, Fz, C3, Cz","",NA,NA,"ECG","","pubmed","Yes","Averaging",1,FALSE,TRUE,"Task",FALSE,FALSE,FALSE,NA,FALSE,FALSE,FALSE,FALSE,FALSE,FALSE,"R-peak","Yes","Both","Averaging","Both","Simor et al. (2021)",NA,NA,NA
33870427,"Cortical monitoring of cardiac activity during rapid eye movement sleep: the heartbeat evoked potential in phasic and tonic rapid-eye-movement microstates","Simor P, Bogdány T, Bódizs R, Perakakis P.",2021,0,20,"0","EEG",17,"standard19","F7, F3, Fz, F4, F8, T3, C3, Cz, C4, T4, T5, P3, Pz, P4, T6, O1, O2",6,"2","N/C","Left chest, Right chest","unknown","Linked mastoids","unknown",0.5,35,"1","0","Eye movements",NA,"","","","","F7, F3, Fz, F4, F8, T3, C3, Cz, C4, T4, T5, P3, Pz, P4, T6, O1, O2",1,2,"unknown","Primary","R-peak",350,650,-200,-50,"Group/Condition Differences","Amplitude","0","0","t-test","1",5000,"1","F7, F3, F4, Fz, C3, Cz, C4, P4, Pz","R-peak",553.9,649.6,"ECG, HR, SDNN, Surrogate heartbeats","","pubmed","Yes","Clustering",0,FALSE,TRUE,"Task",FALSE,FALSE,FALSE,NA,FALSE,FALSE,FALSE,FALSE,FALSE,FALSE,"R-peak","Yes","Both","Clustering","Both","Simor et al. (2021)",NA,NA,NA
33870427,"Cortical monitoring of cardiac activity during rapid eye movement sleep: the heartbeat evoked potential in phasic and tonic rapid-eye-movement microstates","Simor P, Bogdány T, Bódizs R, Perakakis P.",2021,0,40,"0","EEG",17,"standard19","F7, F3, Fz, F4, F8, T3, C3, Cz, C4, T4, T5, P3, Pz, P4, T6, O1, O2",12.6,"2","N/C","Left chest, Right chest","unknown","Linked mastoids","unknown",0.5,35,"1","0","Eye movements",NA,"","","","","F7, F3, Fz, F4, F8, T3, C3, Cz, C4, T4, T5, P3, Pz, P4, T6, O1, O2",1,2,"unknown","Secondary","R-peak",350,650,-200,-50,"Group/Condition Differences","Amplitude","0","0","t-test","1",5000,"0","","",NA,NA,"ECG, HR, SDNN, Surrogate heartbeats","","pubmed","Yes","Clustering",0,FALSE,TRUE,"Task",FALSE,FALSE,FALSE,NA,FALSE,FALSE,FALSE,FALSE,FALSE,FALSE,"R-peak","Yes","Both","Clustering","Both","Simor et al. (2021)",NA,NA,NA
33870427,"Cortical monitoring of cardiac activity during rapid eye movement sleep: the heartbeat evoked potential in phasic and tonic rapid-eye-movement microstates","Simor P, Bogdány T, Bódizs R, Perakakis P.",2021,0,20,"0","EEG",17,"standard19","F7, F3, Fz, F4, F8, T3, C3, Cz, C4, T4, T5, P3, Pz, P4, T6, O1, O2",6,"2","N/C","Left chest, Right chest","unknown","Linked mastoids","unknown",0.5,35,"1","0","Eye movements",NA,"","","","","F7, F3, Fz, F4, F8, T3, C3, Cz, C4, T4, T5, P3, Pz, P4, T6, O1, O2",1,3,"unknown","Primary","R-peak",350,650,-200,-50,"Group/Condition Differences","Amplitude","0","0","t-test","1",5000,"1","unknown","R-peak",349.8,649.6,"ECG","","pubmed","Yes","Clustering",0,FALSE,TRUE,"Task",FALSE,FALSE,FALSE,NA,FALSE,FALSE,FALSE,FALSE,FALSE,FALSE,"R-peak","Yes","Both","Clustering","Both","Simor et al. (2021)",NA,NA,NA
33870427,"Cortical monitoring of cardiac activity during rapid eye movement sleep: the heartbeat evoked potential in phasic and tonic rapid-eye-movement microstates","Simor P, Bogdány T, Bódizs R, Perakakis P.",2021,0,20,"0","EEG",17,"standard19","F7, F3, Fz, F4, F8, T3, C3, Cz, C4, T4, T5, P3, Pz, P4, T6, O1, O2",6,"2","N/C","Left chest, Right chest","unknown","Linked mastoids","unknown",0.5,35,"1","0","Eye movements",NA,"","","","","F7, F3, Fz, F4, F8, T3, C3, Cz, C4, T4, T5, P3, Pz, P4, T6, O1, O2",1,3,"unknown","Primary","R-peak",350,650,-200,-50,"Group/Condition Differences","Amplitude","0","0","t-test","1",5000,"1","unknown","R-peak",349.8,471.9,"ECG","","pubmed","Yes","Clustering",0,FALSE,TRUE,"Task",FALSE,FALSE,FALSE,NA,FALSE,FALSE,FALSE,FALSE,FALSE,FALSE,"R-peak","Yes","Both","Clustering","Both","Simor et al. (2021)",NA,NA,NA
33870427,"Cortical monitoring of cardiac activity during rapid eye movement sleep: the heartbeat evoked potential in phasic and tonic rapid-eye-movement microstates","Simor P, Bogdány T, Bódizs R, Perakakis P.",2021,0,20,"0","EEG",17,"standard19","F7, F3, Fz, F4, F8, T3, C3, Cz, C4, T4, T5, P3, Pz, P4, T6, O1, O2",6,"2","N/C","Left chest, Right chest","unknown","Linked mastoids","unknown",0.5,35,"1","0","Eye movements",NA,"","","","","F7, F3, Fz, F4, F8, T3, C3, Cz, C4, T4, T5, P3, Pz, P4, T6, O1, O2",1,3,"unknown","Primary","R-peak",350,650,-200,-50,"Group/Condition Differences","Amplitude","0","0","t-test","1",5000,"1","unknown","R-peak",358.6,647.7,"ECG","","pubmed","Yes","Clustering",0,FALSE,TRUE,"Task",FALSE,FALSE,FALSE,NA,FALSE,FALSE,FALSE,FALSE,FALSE,FALSE,"R-peak","Yes","Both","Clustering","Both","Simor et al. (2021)",NA,NA,NA
33870427,"Cortical monitoring of cardiac activity during rapid eye movement sleep: the heartbeat evoked potential in phasic and tonic rapid-eye-movement microstates","Simor P, Bogdány T, Bódizs R, Perakakis P.",2021,0,20,"0","EEG",17,"standard19","F7, F3, Fz, F4, F8, T3, C3, Cz, C4, T4, T5, P3, Pz, P4, T6, O1, O2",6,"2","N/C","Left chest, Right chest","unknown","Linked mastoids","unknown",0.5,35,"1","0","Eye movements",NA,"","","","","F7, F3, Fz, F4, F8, T3, C3, Cz, C4, T4, T5, P3, Pz, P4, T6, O1, O2",1,2,"unknown","Primary","R-peak",350,650,-200,-50,"Group/Condition Differences","Amplitude","0","0","t-test","1",5000,"1","unknown","R-peak",417.2,438.4,"ECG","","pubmed","Yes","Clustering",0,FALSE,TRUE,"Task",FALSE,FALSE,FALSE,NA,FALSE,FALSE,FALSE,FALSE,FALSE,FALSE,"R-peak","Yes","Both","Clustering","Both","Simor et al. (2021)",NA,NA,NA
33827935,"Interoception Primes Emotional Processing: Multimodal Evidence from Neurodegeneration","Salamone PC, Legaz A, Sedeño L, Moguilner S, Fraile-Vazquez M, Campo CG, Fittipaldi S, Yoris A, Miranda M, Birba A, Galiani A, Abrevaya S, Neely A, Caro MM, Alifano F, Villagra R, Anunziata F, Okada de Oliveira M, Pautassi RM, Slachevsky A, Serrano C, García AM, Ibañez A.",2021,0,100,"0","EEG",128,"biosemi128","A1, A2, A3, A4, A5, A6, A7, A8, A9, A10, A15, A16, A17, A18, A19, A20, A21, A22, A23, A28, A29, A30, A31, A32, B1, B2, B3, B4, B5, B6, B7, B11, B12, B13, B14, B15, B16, B17, B18, B19, B20, B21, B22, B23, B24, B25, B26, B27, B28, B29, B30, B31, B32, C1, C2, C3, C4, C5, C6, C7, C8, C9, C10, C11, C12, C13, C14, C15, C16, C17, C18, C19, C20, C21, C22, C23, C24, C25, C26, C27, C28, C29, C30, C31, C32, D1, D2, D3, D4, D5, D6, D7, D8, D9, D10, D11, D12, D13, D14, D15, D16, D17, D18, D19, D20, D21, D22, D23, D24, D25, D26, D27, D28, D29, D30, D31",NA,"unknown","N/M","unknown","unknown","unknown","Common average",0.5,30,"1","0","Eye movements, Blinks",NA,"","","limit analysis to time of minimal artifact","Noisy epochs","A1, A2, A3, A4, A5, A6, A7, A8, A9, A10, A15, A16, A17, A18, A19, A20, A21, A22, A23, A28, A29, A30, A31, A32, B1, B2, B3, B4, B5, B6, B7, B11, B12, B13, B14, B15, B16, B17, B18, B19, B20, B21, B22, B23, B24, B25, B26, B27, B28, B29, B30, B31, B32, C1, C2, C3, C4, C5, C6, C7, C8, C9, C10, C11, C12, C13, C14, C15, C16, C17, C18, C19, C20, C21, C22, C23, C24, C25, C26, C27, C28, C29, C30, C31, C32, D1, D2, D3, D4, D5, D6, D7, D8, D9, D10, D11, D12, D13, D14, D15, D16, D17, D18, D19, D20, D21, D22, D23, D24, D25, D26, D27, D28, D29, D30, D31",1,2,"unknown","Primary","R-peak",200,500,-300,0,"Group/Condition Differences","Amplitude","0","0","t-test","1",5000,"1","C31, C32, C28, C27, C18, C19, C15, C14, C9, C10, C20","R-peak",230,320,"Gender, Age, Education","","pubmed","Yes","Clustering",0,FALSE,TRUE,"Task",TRUE,FALSE,FALSE,NA,FALSE,TRUE,FALSE,FALSE,FALSE,FALSE,"R-peak","Yes","Clustering","Clustering","Primary","Salamone et al. (2021)",NA,NA,NA
33758019,"Neural Responses to Heartbeats Detect Residual Signs of Consciousness during Resting State in Postcomatose Patients","Candia-Rivera D, Annen J, Gosseries O, Martial C, Thibaut A, Laureys S, Tallon-Baudry C.",2021,0,68,"1","EEG",256,"GSN-HydroCel-257","",5,"0","None","none","none","unknown","Common average",1,25,"1","0","CFA",NA,"Manual","Time course, topography","RR at least 500 ms","smoothing with a moving average kernel, noisy epochs, bad channels","Fp1, Fpz, Fp2, AF7, AF3, AFz, AF4, AF8, F7, F5, F3, F1, Fz, F2, F4, F6, F8, FT7, FC5, FC3, FC1, FCz, FC2, FC4, FC6, FT8, T7, C5, C3, C1, Cz, C2, C4, C6, T8, TP7, CP5, CP3, CP1, CPz, CP2, CP4, CP6, TP8, P7, P5, P3, P1, Pz, P2, P4, P6, P8, PO7, PO3, POz, PO4, PO8, O1, Oz, O2, Iz",2,1,"[est350]","Primary","R-peak",0,500,NA,NA,"Group/Condition Differences","Amplitude","1","1","Classification","0",1000,"none","","",NA,NA,"","est number of trials = 5 min / mean IBI of 850 ms across groups","pubmed","Unknown","Averaging",1,TRUE,FALSE,"Rest",TRUE,TRUE,TRUE,500,TRUE,FALSE,FALSE,FALSE,FALSE,FALSE,"R-peak","Unknown","Averaging","Averaging","Both","Candia-Rivera et al. (2021b)",350,NA,NA
33758019,"Neural Responses to Heartbeats Detect Residual Signs of Consciousness during Resting State in Postcomatose Patients","Candia-Rivera D, Annen J, Gosseries O, Martial C, Thibaut A, Laureys S, Tallon-Baudry C.",2021,0,68,"1","EEG",256,"GSN-HydroCel-257","",5,"0","None","none","none","unknown","Common average",1,25,"1","0","CFA",NA,"Manual","Time course, topography","RR at least 500 ms","smoothing with a moving average kernel, noisy epochs, bad channels","Fp1, Fpz, Fp2, AF7, AF3, AFz, AF4, AF8, F7, F5, F3, F1, Fz, F2, F4, F6, F8, FT7, FC5, FC3, FC1, FCz, FC2, FC4, FC6, FT8, T7, C5, C3, C1, Cz, C2, C4, C6, T8, TP7, CP5, CP3, CP1, CPz, CP2, CP4, CP6, TP8, P7, P5, P3, P1, Pz, P2, P4, P6, P8, PO7, PO3, POz, PO4, PO8, O1, Oz, O2, Iz",2,1,"[est350]","Secondary","R-peak",200,400,NA,NA,"Group/Condition Differences","Amplitude","0","0","Classification","0",1000,"none","","",NA,NA,"ECG, Surrogate heartbeats, RR, SDRR, RMSSD, VLF, LF, HF, LF/HF","","pubmed","Unknown","Other",0,TRUE,FALSE,"Rest",TRUE,TRUE,TRUE,500,TRUE,FALSE,FALSE,FALSE,FALSE,FALSE,"R-peak","Unknown","Averaging",NA,"Both","Candia-Rivera et al. (2021b)",350,NA,NA
33758019,"Neural Responses to Heartbeats Detect Residual Signs of Consciousness during Resting State in Postcomatose Patients","Candia-Rivera D, Annen J, Gosseries O, Martial C, Thibaut A, Laureys S, Tallon-Baudry C.",2021,0,68,"1","EEG",256,"GSN-HydroCel-257","",5,"0","None","none","none","unknown","Common average",1,25,"1","0","CFA",NA,"Manual","Time course, topography","RR at least 500 ms","smoothing with a moving average kernel, noisy epochs, bad channels","Fp1, Fpz, Fp2, AF7, AF3, AFz, AF4, AF8, F7, F5, F3, F1, Fz, F2, F4, F6, F8, FT7, FC5, FC3, FC1, FCz, FC2, FC4, FC6, FT8, T7, C5, C3, C1, Cz, C2, C4, C6, T8, TP7, CP5, CP3, CP1, CPz, CP2, CP4, CP6, TP8, P7, P5, P3, P1, Pz, P2, P4, P6, P8, PO7, PO3, POz, PO4, PO8, O1, Oz, O2, Iz",2,1,"[est350]","Secondary","R-peak",200,400,NA,NA,"Group/Condition Differences","Variance","0","0","Classification","0",1000,"none","","",NA,NA,"ECG, Surrogate heartbeats, RR, SDRR, RMSSD, VLF, LF, HF, LF/HF","","pubmed","Unknown","Other",0,TRUE,FALSE,"Rest",TRUE,TRUE,TRUE,500,TRUE,FALSE,FALSE,FALSE,FALSE,FALSE,"R-peak","Unknown","Averaging",NA,"Both","Candia-Rivera et al. (2021b)",350,NA,NA
33450326,"Time is body: Multimodal evidence of crosstalk between interoception and time estimation","Richter F, Ibáñez A.",2021,0,54,"0","EEG",128,"biosemi128","A1, A2, A3, A4, A5, A6, A7, A8, A9, A10, A15, A16, A17, A18, A19, A20, A21, A22, A23, A28, A29, A30, A31, A32, B1, B2, B3, B4, B5, B6, B7, B11, B12, B13, B14, B15, B16, B17, B18, B19, B20, B21, B22, B23, B24, B25, B26, B27, B28, B29, B30, B31, B32, C1, C2, C3, C4, C5, C6, C7, C8, C9, C10, C11, C12, C13, C14, C15, C16, C17, C18, C19, C20, C21, C22, C23, C24, C25, C26, C27, C28, C29, C30, C31, C32, D1, D2, D3, D4, D5, D6, D7, D8, D9, D10, D11, D12, D13, D14, D15, D16, D17, D18, D19, D20, D21, D22, D23, D24, D25, D26, D27, D28, D29, D30, D31",NA,"2","Lead II","Left abdomen, Right clavicle","unknown","Linked mastoids","Common average",0.5,50,"1","0","Eye movements, CFA",NA,"Manual","unknown","limit analysis to time of minimal artifact","Noisy epochs","C3, C4, C5, C6, C7, C9, C10, C11, C12, C13, C14, C15, C18, C19, C20, C21, C22, C23, C24, C25, C26, C27, C28, C31, C32, D3, D4, D5, D6, D7",2,1,"unknown","Primary","R-peak",200,500,-200,0,"Group/Condition Differences","Amplitude","0","0","t-test","1",5000,"1","C3, C4, C5, C6, C7, C9, C10, C11, C12, C13, C14, C15, C18, C19, C20, C21, C22, C23, C24, C25, C26, C27, C28, C31, C32, D3, D4, D5, D6, D7","R-peak",182,222,"HR","","pubmed","Yes","Clustering",0,FALSE,TRUE,"Task",TRUE,FALSE,TRUE,NA,FALSE,TRUE,FALSE,FALSE,FALSE,FALSE,"R-peak","Yes","Both","Clustering","Primary","Richter et al. (2021a)",NA,NA,NA
33450326,"Time is body: Multimodal evidence of crosstalk between interoception and time estimation","Richter F, Ibáñez A.",2021,0,54,"0","EEG",128,"biosemi128","A1, A2, A3, A4, A5, A6, A7, A8, A9, A10, A15, A16, A17, A18, A19, A20, A21, A22, A23, A28, A29, A30, A31, A32, B1, B2, B3, B4, B5, B6, B7, B11, B12, B13, B14, B15, B16, B17, B18, B19, B20, B21, B22, B23, B24, B25, B26, B27, B28, B29, B30, B31, B32, C1, C2, C3, C4, C5, C6, C7, C8, C9, C10, C11, C12, C13, C14, C15, C16, C17, C18, C19, C20, C21, C22, C23, C24, C25, C26, C27, C28, C29, C30, C31, C32, D1, D2, D3, D4, D5, D6, D7, D8, D9, D10, D11, D12, D13, D14, D15, D16, D17, D18, D19, D20, D21, D22, D23, D24, D25, D26, D27, D28, D29, D30, D31",NA,"2","Lead II","Left abdomen, Right clavicle","unknown","Linked mastoids","Common average",0.5,50,"1","0","Eye movements, CFA",NA,"Manual","unknown","limit analysis to time of minimal artifact","Noisy epochs","C3, C4, C5, C6, C7, C9, C10, C11, C12, C13, C14, C15, C18, C19, C20, C21, C22, C23, C24, C25, C26, C27, C28, C31, C32, D3, D4, D5, D6, D7",2,1,"unknown","Primary","R-peak",200,500,-200,0,"Group/Condition Differences","Amplitude","0","0","t-test","1",5000,"1","C3, C4, C5, C6, C7, C9, C10, C11, C12, C13, C14, C15, C18, C19, C20, C21, C22, C23, C24, C25, C26, C27, C28, C31, C32, D3, D4, D5, D6, D7","R-peak",152,238,"HR","","pubmed","Yes","Clustering",0,FALSE,TRUE,"Task",TRUE,FALSE,TRUE,NA,FALSE,TRUE,FALSE,FALSE,FALSE,FALSE,"R-peak","Yes","Both","Clustering","Primary","Richter et al. (2021a)",NA,NA,NA
33450326,"Time is body: Multimodal evidence of crosstalk between interoception and time estimation","Richter F, Ibáñez A.",2021,0,54,"0","EEG",128,"biosemi128","A1, A2, A3, A4, A5, A6, A7, A8, A9, A10, A15, A16, A17, A18, A19, A20, A21, A22, A23, A28, A29, A30, A31, A32, B1, B2, B3, B4, B5, B6, B7, B11, B12, B13, B14, B15, B16, B17, B18, B19, B20, B21, B22, B23, B24, B25, B26, B27, B28, B29, B30, B31, B32, C1, C2, C3, C4, C5, C6, C7, C8, C9, C10, C11, C12, C13, C14, C15, C16, C17, C18, C19, C20, C21, C22, C23, C24, C25, C26, C27, C28, C29, C30, C31, C32, D1, D2, D3, D4, D5, D6, D7, D8, D9, D10, D11, D12, D13, D14, D15, D16, D17, D18, D19, D20, D21, D22, D23, D24, D25, D26, D27, D28, D29, D30, D31",NA,"2","Lead II","Left abdomen, Right clavicle","unknown","Linked mastoids","Common average",0.5,50,"1","0","Eye movements, CFA",NA,"Manual","unknown","limit analysis to time of minimal artifact","Noisy epochs","C3, C4, C5, C6, C7, C9, C10, C11, C12, C13, C14, C15, C18, C19, C20, C21, C22, C23, C24, C25, C26, C27, C28, C31, C32, D3, D4, D5, D6, D7",1,1,"unknown","Primary","R-peak",200,500,-200,0,"Correlation","Amplitude","1","1","Regression","0",NA,"1","C3, C4, C5, C6, C7, C9, C10, C11, C12, C13, C14, C15, C18, C19, C20, C21, C22, C23, C24, C25, C26, C27, C28, C31, C32, D3, D4, D5, D6, D7","",NA,NA,"HR","","pubmed","Yes","Averaging",1,FALSE,TRUE,"Task",TRUE,FALSE,TRUE,NA,FALSE,TRUE,FALSE,FALSE,FALSE,FALSE,"R-peak","Yes","Both","Averaging","Primary","Richter et al. (2021a)",NA,NA,NA
33450326,"Time is body: Multimodal evidence of crosstalk between interoception and time estimation","Richter F, Ibáñez A.",2021,0,54,"0","EEG",128,"biosemi128","A1, A2, A3, A4, A5, A6, A7, A8, A9, A10, A15, A16, A17, A18, A19, A20, A21, A22, A23, A28, A29, A30, A31, A32, B1, B2, B3, B4, B5, B6, B7, B11, B12, B13, B14, B15, B16, B17, B18, B19, B20, B21, B22, B23, B24, B25, B26, B27, B28, B29, B30, B31, B32, C1, C2, C3, C4, C5, C6, C7, C8, C9, C10, C11, C12, C13, C14, C15, C16, C17, C18, C19, C20, C21, C22, C23, C24, C25, C26, C27, C28, C29, C30, C31, C32, D1, D2, D3, D4, D5, D6, D7, D8, D9, D10, D11, D12, D13, D14, D15, D16, D17, D18, D19, D20, D21, D22, D23, D24, D25, D26, D27, D28, D29, D30, D31",NA,"2","Lead II","Left abdomen, Right clavicle","unknown","Linked mastoids","Common average",0.5,50,"1","0","Eye movements, CFA",NA,"Manual","unknown","limit analysis to time of minimal artifact","Noisy epochs","C3, C4, C5, C6, C7, C9, C10, C11, C12, C13, C14, C15, C18, C19, C20, C21, C22, C23, C24, C25, C26, C27, C28, C31, C32, D3, D4, D5, D6, D7",1,1,"unknown","Primary","R-peak",200,500,-200,0,"Correlation","Amplitude","1","1","Regression","0",NA,"0","","",NA,NA,"HR","","pubmed","Yes","Averaging",1,FALSE,TRUE,"Task",TRUE,FALSE,TRUE,NA,FALSE,TRUE,FALSE,FALSE,FALSE,FALSE,"R-peak","Yes","Both","Averaging","Primary","Richter et al. (2021a)",NA,NA,NA
33406407,"Older adults show a higher heartbeat-evoked potential than young adults and a negative association with everyday metacognition","Kamp SM, Schulz A, Forester G, Domes G.",2021,0,77,"1","EEG",32,"standard32","Fp1, Fp2, F7, F3, Fz, F4, F8, T7, C3, Cz, C4, T8, P7, P3, Pz, P4, P8, O1, O2, Fpz, FT9, FC5, FC1, FCz, FC2, FC6, FT10, TP9, CP5, CP1, CP2, CP6, TP10, Oz",3,"2","Lead II","Right wrist, Left abdomen","AFz","FCz","Linked mastoids",0.1,35,"1","0","Eye movements, Blinks",NA,"","","limit analysis to time of minimal artifact","Noisy epochs","Fp1, Fp2, F7, F3, Fz, F4, F8, T7, C3, Cz, C4, T8, P7, P3, Pz, P4, P8, O1, O2, Fpz, FT9, FC5, FC1, FCz, FC2, FC6, FT10, CP5, CP1, CP2, CP6, Oz",2,1,"[est149]","Primary","R-peak",455,595,-300,0,"Group/Condition Differences","Amplitude","0","1","ANOVA","0",NA,"1","Fp1, Fp2, F7, F3, Fz, F4, F8, T7, C3, Cz, C4, T8, P7, P3, Pz, P4, P8, O1, O2, Fpz, FT9, FC5, FC1, FCz, FC2, FC6, FT10, CP5, CP1, CP2, CP6, Oz","",NA,NA,"ECG","est number of trials = 3 min * 60 bpm * (1-0.174 rejection rate)","pubmed","Yes","Averaging",1,TRUE,FALSE,"Rest",TRUE,FALSE,FALSE,NA,FALSE,TRUE,FALSE,FALSE,FALSE,FALSE,"R-peak","Yes","Averaging","Averaging","Primary","Kamp et al. (2021)",149,NA,NA
33406407,"Older adults show a higher heartbeat-evoked potential than young adults and a negative association with everyday metacognition","Kamp SM, Schulz A, Forester G, Domes G.",2021,0,77,"1","EEG",32,"standard32","Fp1, Fp2, F7, F3, Fz, F4, F8, T7, C3, Cz, C4, T8, P7, P3, Pz, P4, P8, O1, O2, Fpz, FT9, FC5, FC1, FCz, FC2, FC6, FT10, TP9, CP5, CP1, CP2, CP6, TP10, Oz",3,"2","Lead II","Right wrist, Left abdomen","AFz","FCz","Linked mastoids",0.1,35,"1","0","Eye movements, Blinks",NA,"","","","Noisy epochs","Fp1, Fp2, F7, F3, Fz, F4, F8, T7, C3, Cz, C4, T8, P7, P3, Pz, P4, P8, O1, O2, Fpz, FT9, FC5, FC1, FCz, FC2, FC6, FT10, CP5, CP1, CP2, CP6, Oz",2,1,"[est149]","Primary","R-peak",180,320,-300,0,"Group/Condition Differences","Amplitude","0","1","ANOVA","0",NA,"0","","",NA,NA,"ECG","","pubmed","Yes","Averaging",1,TRUE,FALSE,"Rest",TRUE,FALSE,FALSE,NA,FALSE,FALSE,FALSE,FALSE,FALSE,FALSE,"R-peak","Yes","Averaging","Averaging","Primary","Kamp et al. (2021)",149,NA,NA
33406407,"Older adults show a higher heartbeat-evoked potential than young adults and a negative association with everyday metacognition","Kamp SM, Schulz A, Forester G, Domes G.",2021,0,77,"1","EEG",32,"standard32","Fp1, Fp2, F7, F3, Fz, F4, F8, T7, C3, Cz, C4, T8, P7, P3, Pz, P4, P8, O1, O2, Fpz, FT9, FC5, FC1, FCz, FC2, FC6, FT10, TP9, CP5, CP1, CP2, CP6, TP10, Oz",3,"2","Lead II","Right wrist, Left abdomen","AFz","FCz","Linked mastoids",0.1,35,"1","0","Eye movements, Blinks",NA,"","","","Noisy epochs","Fp1, Fp2, F7, F3, Fz, F4, F8, T7, C3, Cz, C4, T8, P7, P3, Pz, P4, P8, O1, O2, Fpz, FT9, FC5, FC1, FCz, FC2, FC6, FT10, CP5, CP1, CP2, CP6, Oz",2,1,"[est149]","Primary","R-peak",730,870,-300,0,"Group/Condition Differences","Amplitude","0","1","ANOVA","0",NA,"0","","",NA,NA,"ECG","","pubmed","Yes","Averaging",1,TRUE,FALSE,"Rest",TRUE,FALSE,FALSE,NA,FALSE,FALSE,FALSE,FALSE,FALSE,FALSE,"R-peak","Yes","Averaging","Averaging","Primary","Kamp et al. (2021)",149,NA,NA
33406407,"Older adults show a higher heartbeat-evoked potential than young adults and a negative association with everyday metacognition","Kamp SM, Schulz A, Forester G, Domes G.",2021,0,77,"1","EEG",32,"standard32","Fp1, Fp2, F7, F3, Fz, F4, F8, T7, C3, Cz, C4, T8, P7, P3, Pz, P4, P8, O1, O2, Fpz, FT9, FC5, FC1, FCz, FC2, FC6, FT10, TP9, CP5, CP1, CP2, CP6, TP10, Oz",3,"2","Lead II","Right wrist, Left abdomen","AFz","FCz","Linked mastoids",0.1,35,"1","0","Eye movements, Blinks",NA,"","","limit analysis to time of minimal artifact","Noisy epochs","FCz, Cz, Pz",2,1,"[est149]","Primary","R-peak",455,595,-300,0,"Group/Condition Differences","Amplitude","0","1","t-test","0",NA,"1","FCz, Cz, Pz","",NA,NA,"","","pubmed","Yes","Averaging",1,TRUE,FALSE,"Rest",TRUE,FALSE,FALSE,NA,FALSE,TRUE,FALSE,FALSE,FALSE,FALSE,"R-peak","Yes","Averaging","Averaging","Primary","Kamp et al. (2021)",149,NA,NA
33406407,"Older adults show a higher heartbeat-evoked potential than young adults and a negative association with everyday metacognition","Kamp SM, Schulz A, Forester G, Domes G.",2021,0,28,"1","EEG",32,"standard32","Fp1, Fp2, F7, F3, Fz, F4, F8, T7, C3, Cz, C4, T8, P7, P3, Pz, P4, P8, O1, O2, Fpz, FT9, FC5, FC1, FCz, FC2, FC6, FT10, TP9, CP5, CP1, CP2, CP6, TP10, Oz",3,"2","Lead II","Right wrist, Left abdomen","AFz","FCz","Linked mastoids",0.1,35,"1","0","Eye movements, Blinks",NA,"","","limit analysis to time of minimal artifact","Noisy epochs","FCz, Cz, Pz",1,1,"[est149]","Primary","R-peak",455,595,-300,0,"Correlation","Amplitude","1","1","Correlation","0",NA,"1","FCz, Cz, Pz","",NA,NA,"","","pubmed","Yes","Averaging",1,TRUE,FALSE,"Rest",TRUE,FALSE,FALSE,NA,FALSE,TRUE,FALSE,FALSE,FALSE,FALSE,"R-peak","Yes","Averaging","Averaging","Primary","Kamp et al. (2021)",149,NA,NA
33406407,"Older adults show a higher heartbeat-evoked potential than young adults and a negative association with everyday metacognition","Kamp SM, Schulz A, Forester G, Domes G.",2021,0,49,"1","EEG",32,"standard32","Fp1, Fp2, F7, F3, Fz, F4, F8, T7, C3, Cz, C4, T8, P7, P3, Pz, P4, P8, O1, O2, Fpz, FT9, FC5, FC1, FCz, FC2, FC6, FT10, TP9, CP5, CP1, CP2, CP6, TP10, Oz",3,"2","Lead II","Right wrist, Left abdomen","AFz","FCz","Linked mastoids",0.1,35,"1","0","Eye movements, Blinks",NA,"","","limit analysis to time of minimal artifact","Noisy epochs","FCz, Cz, Pz",1,1,"[est149]","Primary","R-peak",455,595,-300,0,"Correlation","Amplitude","1","1","Regression","0",NA,"1","FCz, Cz, Pz","",NA,NA,"HR, RMSSD, Depression, Age, Gender","","pubmed","Yes","Averaging",1,TRUE,FALSE,"Rest",TRUE,FALSE,FALSE,NA,FALSE,TRUE,FALSE,FALSE,FALSE,FALSE,"R-peak","Yes","Averaging","Averaging","Primary","Kamp et al. (2021)",149,NA,NA
33325575,"Behavioral and neurophysiological signatures of interoceptive enhancements following vagus nerve stimulation","Richter F, García AM, Rodriguez Arriagada N, Yoris A, Birba A, Huepe D, Zimmer H, Ibáñez A, Sedeño L.",2021,0,27,"0","EEG",128,"biosemi128","A1, A2, A3, A4, A5, A6, A7, A8, A9, A10, A15, A16, A17, A18, A19, A20, A21, A22, A23, A28, A29, A30, A31, A32, B1, B2, B3, B4, B5, B6, B7, B11, B12, B13, B14, B15, B16, B17, B18, B19, B20, B21, B22, B23, B24, B25, B26, B27, B28, B29, B30, B31, B32, C1, C2, C3, C4, C5, C6, C7, C8, C9, C10, C11, C12, C13, C14, C15, C16, C17, C18, C19, C20, C21, C22, C23, C24, C25, C26, C27, C28, C29, C30, C31, C32, D1, D2, D3, D4, D5, D6, D7, D8, D9, D10, D11, D12, D13, D14, D15, D16, D17, D18, D19, D20, D21, D22, D23, D24, D25, D26, D27, D28, D29, D30, D31",NA,"2","Lead II","Left abdomen, Right clavicle","unknown","Linked mastoids","Common average",0.5,50,"1","0","CFA, Eye movements",NA,"Manual","unknown","","Noisy epochs","C3, C4, C5, C6, C7, C9, C10, C11, C12, C13, C14, C15, C18, C19, C20, C21, C22, C23, C24, C25, C26, C27, C28, C31, C32, D3, D4, D5, D6, D7",1,2,"192","Primary","R-peak",200,500,-200,0,"Group/Condition Differences","Amplitude","1","0","t-test","1",5000,"1","C11, C12, C18, C19, C20, C21, C22, C23, C24, C25, C26, C27, C28, C31, C32, D3, D4, D5, D6, D7","R-peak",303,499,"","","pubmed","Yes","Clustering",0,FALSE,TRUE,"Task",TRUE,FALSE,TRUE,NA,FALSE,FALSE,FALSE,FALSE,FALSE,FALSE,"R-peak","Yes","Clustering","Clustering","Primary","Richter et al. (2021b)",192,NA,192
33325575,"Behavioral and neurophysiological signatures of interoceptive enhancements following vagus nerve stimulation","Richter F, García AM, Rodriguez Arriagada N, Yoris A, Birba A, Huepe D, Zimmer H, Ibáñez A, Sedeño L.",2021,0,28,"0","EEG",128,"biosemi128","A1, A2, A3, A4, A5, A6, A7, A8, A9, A10, A15, A16, A17, A18, A19, A20, A21, A22, A23, A28, A29, A30, A31, A32, B1, B2, B3, B4, B5, B6, B7, B11, B12, B13, B14, B15, B16, B17, B18, B19, B20, B21, B22, B23, B24, B25, B26, B27, B28, B29, B30, B31, B32, C1, C2, C3, C4, C5, C6, C7, C8, C9, C10, C11, C12, C13, C14, C15, C16, C17, C18, C19, C20, C21, C22, C23, C24, C25, C26, C27, C28, C29, C30, C31, C32, D1, D2, D3, D4, D5, D6, D7, D8, D9, D10, D11, D12, D13, D14, D15, D16, D17, D18, D19, D20, D21, D22, D23, D24, D25, D26, D27, D28, D29, D30, D31",NA,"2","Lead II","Left abdomen, Right clavicle","unknown","Linked mastoids","Common average",0.5,50,"1","0","CFA, Eye movements",NA,"Manual","unknown","","Noisy epochs","C3, C4, C5, C6, C7, C9, C10, C11, C12, C13, C14, C15, C18, C19, C20, C21, C22, C23, C24, C25, C26, C27, C28, C31, C32, D3, D4, D5, D6, D7",1,2,"188","Primary","R-peak",200,500,-200,0,"Group/Condition Differences","Amplitude","1","0","t-test","1",5000,"1","C11, C12, C18, C19, C20, C21, C22, C23, C24, C25, C26, C27, C28, C31, C32, D3, D4, D5, D6, D7","R-peak",354,440,"","","pubmed","Yes","Clustering",0,FALSE,TRUE,"Task",TRUE,FALSE,TRUE,NA,FALSE,FALSE,FALSE,FALSE,FALSE,FALSE,"R-peak","Yes","Clustering","Clustering","Primary","Richter et al. (2021b)",188,NA,188
33325575,"Behavioral and neurophysiological signatures of interoceptive enhancements following vagus nerve stimulation","Richter F, García AM, Rodriguez Arriagada N, Yoris A, Birba A, Huepe D, Zimmer H, Ibáñez A, Sedeño L.",2021,0,27,"0","EEG",128,"biosemi128","A1, A2, A3, A4, A5, A6, A7, A8, A9, A10, A15, A16, A17, A18, A19, A20, A21, A22, A23, A28, A29, A30, A31, A32, B1, B2, B3, B4, B5, B6, B7, B11, B12, B13, B14, B15, B16, B17, B18, B19, B20, B21, B22, B23, B24, B25, B26, B27, B28, B29, B30, B31, B32, C1, C2, C3, C4, C5, C6, C7, C8, C9, C10, C11, C12, C13, C14, C15, C16, C17, C18, C19, C20, C21, C22, C23, C24, C25, C26, C27, C28, C29, C30, C31, C32, D1, D2, D3, D4, D5, D6, D7, D8, D9, D10, D11, D12, D13, D14, D15, D16, D17, D18, D19, D20, D21, D22, D23, D24, D25, D26, D27, D28, D29, D30, D31",NA,"2","Lead II","Left abdomen, Right clavicle","unknown","Linked mastoids","Common average",0.5,50,"1","0","CFA, Eye movements",NA,"Manual","unknown","","Noisy epochs","C3, C4, C5, C6, C7, C9, C10, C11, C12, C13, C14, C15, C18, C19, C20, C21, C22, C23, C24, C25, C26, C27, C28, C31, C32, D3, D4, D5, D6, D7",1,2,"209","Primary","R-peak",200,500,-200,0,"Group/Condition Differences","Amplitude","1","0","t-test","1",5000,"1","C11, C12, C18, C19, C20, C21, C22, C23, C24, C25, C26, C27, C28, C31, C32, D3, D4, D5, D6, D7","R-peak",249,499,"","","pubmed","Yes","Clustering",0,FALSE,TRUE,"Task",TRUE,FALSE,TRUE,NA,FALSE,FALSE,FALSE,FALSE,FALSE,FALSE,"R-peak","Yes","Clustering","Clustering","Primary","Richter et al. (2021b)",209,NA,209
33325575,"Behavioral and neurophysiological signatures of interoceptive enhancements following vagus nerve stimulation","Richter F, García AM, Rodriguez Arriagada N, Yoris A, Birba A, Huepe D, Zimmer H, Ibáñez A, Sedeño L.",2021,0,28,"0","EEG",128,"biosemi128","A1, A2, A3, A4, A5, A6, A7, A8, A9, A10, A15, A16, A17, A18, A19, A20, A21, A22, A23, A28, A29, A30, A31, A32, B1, B2, B3, B4, B5, B6, B7, B11, B12, B13, B14, B15, B16, B17, B18, B19, B20, B21, B22, B23, B24, B25, B26, B27, B28, B29, B30, B31, B32, C1, C2, C3, C4, C5, C6, C7, C8, C9, C10, C11, C12, C13, C14, C15, C16, C17, C18, C19, C20, C21, C22, C23, C24, C25, C26, C27, C28, C29, C30, C31, C32, D1, D2, D3, D4, D5, D6, D7, D8, D9, D10, D11, D12, D13, D14, D15, D16, D17, D18, D19, D20, D21, D22, D23, D24, D25, D26, D27, D28, D29, D30, D31",NA,"2","Lead II","Left abdomen, Right clavicle","unknown","Linked mastoids","Common average",0.5,50,"1","0","CFA, Eye movements",NA,"Manual","unknown","","Noisy epochs","C3, C4, C5, C6, C7, C9, C10, C11, C12, C13, C14, C15, C18, C19, C20, C21, C22, C23, C24, C25, C26, C27, C28, C31, C32, D3, D4, D5, D6, D7",1,2,"200","Primary","R-peak",200,500,-200,0,"Group/Condition Differences","Amplitude","1","0","t-test","1",5000,"1","C11, C12, C18, C19, C20, C21, C22, C23, C24, C25, C26, C27, C28, C31, C32, D3, D4, D5, D6, D7","R-peak",202,499,"","","pubmed","Yes","Clustering",0,FALSE,TRUE,"Task",TRUE,FALSE,TRUE,NA,FALSE,FALSE,FALSE,FALSE,FALSE,FALSE,"R-peak","Yes","Clustering","Clustering","Primary","Richter et al. (2021b)",200,NA,200
33325575,"Behavioral and neurophysiological signatures of interoceptive enhancements following vagus nerve stimulation","Richter F, García AM, Rodriguez Arriagada N, Yoris A, Birba A, Huepe D, Zimmer H, Ibáñez A, Sedeño L.",2021,0,55,"0","EEG",128,"biosemi128","A1, A2, A3, A4, A5, A6, A7, A8, A9, A10, A15, A16, A17, A18, A19, A20, A21, A22, A23, A28, A29, A30, A31, A32, B1, B2, B3, B4, B5, B6, B7, B11, B12, B13, B14, B15, B16, B17, B18, B19, B20, B21, B22, B23, B24, B25, B26, B27, B28, B29, B30, B31, B32, C1, C2, C3, C4, C5, C6, C7, C8, C9, C10, C11, C12, C13, C14, C15, C16, C17, C18, C19, C20, C21, C22, C23, C24, C25, C26, C27, C28, C29, C30, C31, C32, D1, D2, D3, D4, D5, D6, D7, D8, D9, D10, D11, D12, D13, D14, D15, D16, D17, D18, D19, D20, D21, D22, D23, D24, D25, D26, D27, D28, D29, D30, D31",NA,"2","Lead II","Left abdomen, Right clavicle","unknown","Linked mastoids","Common average",0.5,50,"1","0","CFA, Eye movements",NA,"Manual","unknown","","Noisy epochs","C3, C4, C5, C6, C7, C9, C10, C11, C12, C13, C14, C15, C18, C19, C20, C21, C22, C23, C24, C25, C26, C27, C28, C31, C32, D3, D4, D5, D6, D7",2,1,"188","Primary","R-peak",200,500,-200,0,"Group/Condition Differences","Amplitude","1","0","t-test","1",5000,"1","C11, C12, C18, C19, C20, C21, C22, C23, C24, C25, C26, C27, C28, C31, C32, D3, D4, D5, D6, D7","R-peak",397,467,"","","pubmed","Yes","Clustering",0,FALSE,TRUE,"Task",TRUE,FALSE,TRUE,NA,FALSE,FALSE,FALSE,FALSE,FALSE,FALSE,"R-peak","Yes","Clustering","Clustering","Primary","Richter et al. (2021b)",188,NA,188
33325575,"Behavioral and neurophysiological signatures of interoceptive enhancements following vagus nerve stimulation","Richter F, García AM, Rodriguez Arriagada N, Yoris A, Birba A, Huepe D, Zimmer H, Ibáñez A, Sedeño L.",2021,0,55,"0","EEG",128,"biosemi128","A1, A2, A3, A4, A5, A6, A7, A8, A9, A10, A15, A16, A17, A18, A19, A20, A21, A22, A23, A28, A29, A30, A31, A32, B1, B2, B3, B4, B5, B6, B7, B11, B12, B13, B14, B15, B16, B17, B18, B19, B20, B21, B22, B23, B24, B25, B26, B27, B28, B29, B30, B31, B32, C1, C2, C3, C4, C5, C6, C7, C8, C9, C10, C11, C12, C13, C14, C15, C16, C17, C18, C19, C20, C21, C22, C23, C24, C25, C26, C27, C28, C29, C30, C31, C32, D1, D2, D3, D4, D5, D6, D7, D8, D9, D10, D11, D12, D13, D14, D15, D16, D17, D18, D19, D20, D21, D22, D23, D24, D25, D26, D27, D28, D29, D30, D31",NA,"2","Lead II","Left abdomen, Right clavicle","unknown","Linked mastoids","Common average",0.5,50,"1","0","CFA, Eye movements",NA,"Manual","unknown","","Noisy epochs","C3, C4, C5, C6, C7, C9, C10, C11, C12, C13, C14, C15, C18, C19, C20, C21, C22, C23, C24, C25, C26, C27, C28, C31, C32, D3, D4, D5, D6, D7",2,1,"200","Primary","R-peak",200,500,-200,0,"Group/Condition Differences","Amplitude","1","0","t-test","1",5000,"1","C11, C12, C18, C19, C20, C21, C22, C23, C24, C25, C26, C27, C28, C31, C32, D3, D4, D5, D6, D7","R-peak",366,499,"","","pubmed","Yes","Clustering",0,FALSE,TRUE,"Task",TRUE,FALSE,TRUE,NA,FALSE,FALSE,FALSE,FALSE,FALSE,FALSE,"R-peak","Yes","Clustering","Clustering","Primary","Richter et al. (2021b)",200,NA,200
33101689,"Altered interoception in patients with borderline personality disorder: a study using heartbeat-evoked potentials","Flasbeck V, Popkirov S, Ebert A, Brüne M.",2020,0,37,"1","EEG",32,"standard32","Fp1, Fp2, F7, F3, Fz, F4, F8, FC5, FC1, FC2, FC6, T7, C3, Cz, C4, T8, CP5, CP1, CP2, CP6, P7, P3, Pz, P4, P8, O1, Oz, O2",8,"2","Lead I","Right wrist, Left wrist","unknown","unknown","Linked mastoids",0.1,35,"0",NA,"",NA,"","","","Manual removal of artifacts, Gratton-Coles blink detection, Noisy epochs","F3, F4, F7, F8, Fz, Fp1, Fp2, C3, C4, Cz, FC1, FC2, CP1, CP2, P3, P4, Pz, P7, P8, O1, O2",2,1,"533.4+-90.2","Primary","R-peak",455,595,-200,0,"Group/Condition Differences","Amplitude","1","1","ANOVA","0",NA,"1","F3, F4, F7, F8, Fz, Fp1, Fp2, C3, C4, Cz, FC1, FC2, CP1, CP2, P3, P4, Pz, P7, P8, O1, O2","",NA,NA,"ECG","","pubmed","Yes","Averaging",1,TRUE,FALSE,"Rest",TRUE,FALSE,FALSE,NA,FALSE,FALSE,FALSE,FALSE,FALSE,FALSE,"R-peak","Yes","Averaging","Averaging","Primary","Flasbeck et al. (2020)",533.4,90.2,533.4
33101689,"Altered interoception in patients with borderline personality disorder: a study using heartbeat-evoked potentials","Flasbeck V, Popkirov S, Ebert A, Brüne M.",2020,0,37,"1","EEG",32,"standard32","Fp1, Fp2, F7, F3, Fz, F4, F8, FC5, FC1, FC2, FC6, T7, C3, Cz, C4, T8, CP5, CP1, CP2, CP6, P7, P3, Pz, P4, P8, O1, Oz, O2",8,"2","Lead I","Right wrist, Left wrist","unknown","unknown","Linked mastoids",0.1,35,"0",NA,"",NA,"","","","Manual removal of artifacts, Gratton-Coles blink detection, Noisy epochs","F3, F4, F7, F8, Fz, Fp1, Fp2, C3, C4, Cz, FC1, FC2, CP1, CP2, P3, P4, Pz, P7, P8, O1, O2",2,1,"533.4+-90.2","Primary","R-peak",250,450,-200,0,"Group/Condition Differences","Amplitude","1","1","ANOVA","0",NA,"1","F3, F4, F7, F8, Fz, Fp1, Fp2, C3, C4, Cz, FC1, FC2, CP1, CP2, P3, P4, Pz, P7, P8, O1, O2","",NA,NA,"ECG","","pubmed","Yes","Averaging",1,TRUE,FALSE,"Rest",TRUE,FALSE,FALSE,NA,FALSE,FALSE,FALSE,FALSE,FALSE,FALSE,"R-peak","Yes","Averaging","Averaging","Primary","Flasbeck et al. (2020)",533.4,90.2,533.4
33101689,"Altered interoception in patients with borderline personality disorder: a study using heartbeat-evoked potentials","Flasbeck V, Popkirov S, Ebert A, Brüne M.",2020,0,37,"1","EEG",32,"standard32","Fp1, Fp2, F7, F3, Fz, F4, F8, FC5, FC1, FC2, FC6, T7, C3, Cz, C4, T8, CP5, CP1, CP2, CP6, P7, P3, Pz, P4, P8, O1, Oz, O2",8,"2","Lead I","Right wrist, Left wrist","unknown","unknown","Linked mastoids",0.1,35,"0",NA,"",NA,"","","","Manual removal of artifacts, Gratton-Coles blink detection, Noisy epochs","F3, F4, F7, F8, Fz, Fp1, Fp2, C3, C4, Cz, FC1, FC2, CP1, CP2, P3, P4, Pz, P7, P8, O1, O2",2,1,"533.4+-90.2","Primary","R-peak",524,620,-200,0,"Group/Condition Differences","Amplitude","1","1","ANOVA","0",NA,"1","F3, F4, F7, F8, Fz, Fp1, Fp2, C3, C4, Cz, FC1, FC2, CP1, CP2, P3, P4, Pz, P7, P8, O1, O2","",NA,NA,"ECG","","pubmed","Yes","Averaging",1,TRUE,FALSE,"Rest",TRUE,FALSE,FALSE,NA,FALSE,FALSE,FALSE,FALSE,FALSE,FALSE,"R-peak","Yes","Averaging","Averaging","Primary","Flasbeck et al. (2020)",533.4,90.2,533.4
33101689,"Altered interoception in patients with borderline personality disorder: a study using heartbeat-evoked potentials","Flasbeck V, Popkirov S, Ebert A, Brüne M.",2020,0,37,"1","EEG",32,"standard32","Fp1, Fp2, F7, F3, Fz, F4, F8, FC5, FC1, FC2, FC6, T7, C3, Cz, C4, T8, CP5, CP1, CP2, CP6, P7, P3, Pz, P4, P8, O1, Oz, O2",8,"2","Lead I","Right wrist, Left wrist","unknown","unknown","Linked mastoids",0.1,35,"0",NA,"",NA,"","","","Manual removal of artifacts, Gratton-Coles blink detection, Noisy epochs","C3, C4, Cz, FC1, FC2, CP1, CP2",1,1,"533.4+-90.2","Primary","R-peak",455,595,-200,0,"Correlation","Amplitude","1","1","ANOVA","0",NA,"1","C3, C4, Cz, FC1, FC2, CP1, CP2","",NA,NA,"ECG","","pubmed","Yes","Averaging",1,TRUE,FALSE,"Rest",TRUE,FALSE,FALSE,NA,FALSE,FALSE,FALSE,FALSE,FALSE,FALSE,"R-peak","Yes","Averaging","Averaging","Primary","Flasbeck et al. (2020)",533.4,90.2,533.4
33101689,"Altered interoception in patients with borderline personality disorder: a study using heartbeat-evoked potentials","Flasbeck V, Popkirov S, Ebert A, Brüne M.",2020,0,18,"1","EEG",32,"standard32","Fp1, Fp2, F7, F3, Fz, F4, F8, FC5, FC1, FC2, FC6, T7, C3, Cz, C4, T8, CP5, CP1, CP2, CP6, P7, P3, Pz, P4, P8, O1, Oz, O2",8,"2","Lead I","Right wrist, Left wrist","unknown","unknown","Linked mastoids",0.1,35,"0",NA,"",NA,"","","","Manual removal of artifacts, Gratton-Coles blink detection, Noisy epochs","C3, C4, Cz, FC1, FC2, CP1, CP2",1,1,"533.4+-90.2","Primary","R-peak",455,595,-200,0,"Correlation","Amplitude","1","1","ANOVA","0",NA,"1","C3, C4, Cz, FC1, FC2, CP1, CP2","",NA,NA,"ECG","","pubmed","Yes","Averaging",1,TRUE,FALSE,"Rest",TRUE,FALSE,FALSE,NA,FALSE,FALSE,FALSE,FALSE,FALSE,FALSE,"R-peak","Yes","Averaging","Averaging","Primary","Flasbeck et al. (2020)",533.4,90.2,533.4
32965070,"Heart-brain interactions during social and cognitive stress in hypertensive disease: A multidimensional approach","Legaz A, Yoris A, Sedeño L, Abrevaya S, Martorell M, Alifano F, García AM, Ibañez A.",2022,0,52,"0","EEG",128,"biosemi128","A1, A2, A3, A4, A5, A6, A7, A8, A9, A10, A15, A16, A17, A18, A19, A20, A21, A22, A23, A28, A29, A30, A31, A32, B1, B2, B3, B4, B5, B6, B7, B11, B12, B13, B14, B15, B16, B17, B18, B19, B20, B21, B22, B23, B24, B25, B26, B27, B28, B29, B30, B31, B32, C1, C2, C3, C4, C5, C6, C7, C8, C9, C10, C11, C12, C13, C14, C15, C16, C17, C18, C19, C20, C21, C22, C23, C24, C25, C26, C27, C28, C29, C30, C31, C32, D1, D2, D3, D4, D5, D6, D7, D8, D9, D10, D11, D12, D13, D14, D15, D16, D17, D18, D19, D20, D21, D22, D23, D24, D25, D26, D27, D28, D29, D30, D31",15,"unknown","N/M","unknown","unknown","Linked mastoids","Common average",0.3,50,"1","1","Eye Movements, CFA, Muscle",NA,"Manual","Topography","","Noisy Epochs","C1, C2, C3, C4, C5, C6, C7, C8, C9, C10, C11, C12, C13, C14, C15, C16, C17, C18, C19, C20, C21, C22, C23, C24, C25, C26, C27, C28, C29, C30, C31, C32, D1, D2, D3, D4, D5, D6, D7",2,1,"150.94+-55.11","Primary","R-peak",200,700,-200,0,"Group/Condition Differences","Amplitude","0","0","t-test","1",5000,"1","C1, C2, C3, C4, C5, C6, C7, C8, C9, C10, C11, C12, C13, C14, C15, C16, C17, C18, C19, C20, C21, C22, C23, C24, C25, C26, C27, C28, C29, C30, C31, C32, D1, D2, D3, D4, D5, D6, D7","R-peak",566,589,"","","pubmed","Yes","Clustering",0,FALSE,TRUE,"Task",TRUE,FALSE,TRUE,NA,FALSE,FALSE,FALSE,FALSE,FALSE,FALSE,"R-peak","Yes","Both","Clustering","Both","Legaz et al. (2022)",150.94,55.11,150.94
32965070,"Heart-brain interactions during social and cognitive stress in hypertensive disease: A multidimensional approach","Legaz A, Yoris A, Sedeño L, Abrevaya S, Martorell M, Alifano F, García AM, Ibañez A.",2022,0,52,"0","EEG",128,"biosemi128","A1, A2, A3, A4, A5, A6, A7, A8, A9, A10, A15, A16, A17, A18, A19, A20, A21, A22, A23, A28, A29, A30, A31, A32, B1, B2, B3, B4, B5, B6, B7, B11, B12, B13, B14, B15, B16, B17, B18, B19, B20, B21, B22, B23, B24, B25, B26, B27, B28, B29, B30, B31, B32, C1, C2, C3, C4, C5, C6, C7, C8, C9, C10, C11, C12, C13, C14, C15, C16, C17, C18, C19, C20, C21, C22, C23, C24, C25, C26, C27, C28, C29, C30, C31, C32, D1, D2, D3, D4, D5, D6, D7, D8, D9, D10, D11, D12, D13, D14, D15, D16, D17, D18, D19, D20, D21, D22, D23, D24, D25, D26, D27, D28, D29, D30, D31",15,"unknown","N/M","unknown","unknown","Linked mastoids","Common average",0.3,50,"1","1","Eye Movements, CFA, Muscle",NA,"Manual","Topography","","Noisy Epochs","C1, C2, C3, C4, C5, C6, C7, C8, C9, C10, C11, C12, C13, C14, C15, C16, C17, C18, C19, C20, C21, C22, C23, C24, C25, C26, C27, C28, C29, C30, C31, C32, D1, D2, D3, D4, D5, D6, D7",1,1,"150.94+-55.11","Secondary","R-peak",200,700,-200,0,"Correlation","Amplitude","1","1","Correlation","0",NA,"1","C1, C2, C3, C4, C5, C6, C7, C8, C9, C10, C11, C12, C13, C14, C15, C16, C17, C18, C19, C20, C21, C22, C23, C24, C25, C26, C27, C28, C29, C30, C31, C32, D1, D2, D3, D4, D5, D6, D7","",NA,NA,"","","pubmed","Yes","Averaging",1,FALSE,TRUE,"Task",TRUE,FALSE,TRUE,NA,FALSE,FALSE,FALSE,FALSE,FALSE,FALSE,"R-peak","Yes","Both","Averaging","Both","Legaz et al. (2022)",150.94,55.11,150.94
32965070,"Heart-brain interactions during social and cognitive stress in hypertensive disease: A multidimensional approach","Legaz A, Yoris A, Sedeño L, Abrevaya S, Martorell M, Alifano F, García AM, Ibañez A.",2022,0,52,"0","EEG",128,"biosemi128","A1, A2, A3, A4, A5, A6, A7, A8, A9, A10, A15, A16, A17, A18, A19, A20, A21, A22, A23, A28, A29, A30, A31, A32, B1, B2, B3, B4, B5, B6, B7, B11, B12, B13, B14, B15, B16, B17, B18, B19, B20, B21, B22, B23, B24, B25, B26, B27, B28, B29, B30, B31, B32, C1, C2, C3, C4, C5, C6, C7, C8, C9, C10, C11, C12, C13, C14, C15, C16, C17, C18, C19, C20, C21, C22, C23, C24, C25, C26, C27, C28, C29, C30, C31, C32, D1, D2, D3, D4, D5, D6, D7, D8, D9, D10, D11, D12, D13, D14, D15, D16, D17, D18, D19, D20, D21, D22, D23, D24, D25, D26, D27, D28, D29, D30, D31",15,"unknown","N/M","unknown","unknown","Linked mastoids","Common average",0.3,50,"1","1","Eye Movements, CFA, Muscle",NA,"Manual","Topography","","Noisy Epochs","C1, C2, C3, C4, C5, C6, C7, C8, C9, C10, C11, C12, C13",2,1,"150.94+-55.11","Secondary","R-peak",460,480,-200,0,"Group/Condition Differences","Amplitude","1","1","unknown","0",NA,"1","C1, C2, C3, C4, C5, C6, C7, C8, C9, C10, C11, C12, C13","",NA,NA,"","","pubmed","Yes","Averaging",1,FALSE,TRUE,"Task",TRUE,FALSE,TRUE,NA,FALSE,FALSE,FALSE,FALSE,FALSE,FALSE,"R-peak","Yes","Both","Averaging","Both","Legaz et al. (2022)",150.94,55.11,150.94
32965070,"Heart-brain interactions during social and cognitive stress in hypertensive disease: A multidimensional approach","Legaz A, Yoris A, Sedeño L, Abrevaya S, Martorell M, Alifano F, García AM, Ibañez A.",2022,0,52,"0","EEG",128,"biosemi128","A1, A2, A3, A4, A5, A6, A7, A8, A9, A10, A15, A16, A17, A18, A19, A20, A21, A22, A23, A28, A29, A30, A31, A32, B1, B2, B3, B4, B5, B6, B7, B11, B12, B13, B14, B15, B16, B17, B18, B19, B20, B21, B22, B23, B24, B25, B26, B27, B28, B29, B30, B31, B32, C1, C2, C3, C4, C5, C6, C7, C8, C9, C10, C11, C12, C13, C14, C15, C16, C17, C18, C19, C20, C21, C22, C23, C24, C25, C26, C27, C28, C29, C30, C31, C32, D1, D2, D3, D4, D5, D6, D7, D8, D9, D10, D11, D12, D13, D14, D15, D16, D17, D18, D19, D20, D21, D22, D23, D24, D25, D26, D27, D28, D29, D30, D31",15,"unknown","N/M","unknown","unknown","Linked mastoids","Common average",0.3,50,"1","1","Eye Movements, CFA, Muscle",NA,"Manual","Topography","","Noisy Epochs","C1, C2, C3, C4, C5, C6, C7, C8, C9, C10, C11, C12, C13",2,1,"150.94+-55.11","Secondary","R-peak",562,597,-200,0,"Group/Condition Differences","Amplitude","1","1","unknown","0",NA,"1","C1, C2, C3, C4, C5, C6, C7, C8, C9, C10, C11, C12, C13","",NA,NA,"","","pubmed","Yes","Averaging",1,FALSE,TRUE,"Task",TRUE,FALSE,TRUE,NA,FALSE,FALSE,FALSE,FALSE,FALSE,FALSE,"R-peak","Yes","Both","Averaging","Both","Legaz et al. (2022)",150.94,55.11,150.94
32965070,"Heart-brain interactions during social and cognitive stress in hypertensive disease: A multidimensional approach","Legaz A, Yoris A, Sedeño L, Abrevaya S, Martorell M, Alifano F, García AM, Ibañez A.",2022,0,52,"0","EEG",128,"biosemi128","A1, A2, A3, A4, A5, A6, A7, A8, A9, A10, A15, A16, A17, A18, A19, A20, A21, A22, A23, A28, A29, A30, A31, A32, B1, B2, B3, B4, B5, B6, B7, B11, B12, B13, B14, B15, B16, B17, B18, B19, B20, B21, B22, B23, B24, B25, B26, B27, B28, B29, B30, B31, B32, C1, C2, C3, C4, C5, C6, C7, C8, C9, C10, C11, C12, C13, C14, C15, C16, C17, C18, C19, C20, C21, C22, C23, C24, C25, C26, C27, C28, C29, C30, C31, C32, D1, D2, D3, D4, D5, D6, D7, D8, D9, D10, D11, D12, D13, D14, D15, D16, D17, D18, D19, D20, D21, D22, D23, D24, D25, D26, D27, D28, D29, D30, D31",15,"unknown","N/M","unknown","unknown","Linked mastoids","Common average",0.3,50,"1","1","Eye Movements, CFA, Muscle",NA,"Manual","Topography","","Noisy Epochs","C24, C25, C26, C30, C31, C32, D1, D2, D3, D4, D5, D6, D7",2,1,"150.94+-55.11","Secondary","R-peak",570,593,-200,0,"Group/Condition Differences","Amplitude","1","1","unknown","0",NA,"1","C24, C25, C26, C30, C31, C32, D1, D2, D3, D4, D5, D6, D7","",NA,NA,"","","pubmed","Yes","Averaging",1,FALSE,TRUE,"Task",TRUE,FALSE,TRUE,NA,FALSE,FALSE,FALSE,FALSE,FALSE,FALSE,"R-peak","Yes","Both","Averaging","Both","Legaz et al. (2022)",150.94,55.11,150.94
32954340,"Dynamic neurocognitive changes in interoception after heart transplant","Salamone PC, Sedeño L, Legaz A, Bekinschtein T, Martorell M, Adolfi F, Fraile-Vazquez M, Rodríguez Arriagada N, Favaloro L, Peradejordi M, Absi DO, García AM, Favaloro R, Ibáñez A.",2020,0,43,"0","EEG",128,"biosemi128","A1, A2, A3, A4, A5, A6, A7, A8, A9, A10, A15, A16, A17, A18, A19, A20, A21, A22, A23, A28, A29, A30, A31, A32, B1, B2, B3, B4, B5, B6, B7, B11, B12, B13, B14, B15, B16, B17, B18, B19, B20, B21, B22, B23, B24, B25, B26, B27, B28, B29, B30, B31, B32, C1, C2, C3, C4, C5, C6, C7, C8, C9, C10, C11, C12, C13, C14, C15, C16, C17, C18, C19, C20, C21, C22, C23, C24, C25, C26, C27, C28, C29, C30, C31, C32, D1, D2, D3, D4, D5, D6, D7, D8, D9, D10, D11, D12, D13, D14, D15, D16, D17, D18, D19, D20, D21, D22, D23, D24, D25, D26, D27, D28, D29, D30, D31",NA,"unknown","N/M","unknown","unknown","unknown","Common average",0.5,30,"1","0","Eye movements, Blinks",NA,"","","limit analysis to time of minimal artifact","","C3, C4, C5, C10, C11, C12, C13, C14, C19, C20, C21, C22, C24, C25, C26, C27, C32, D3, D4, D5",2,1,"[est1050]","Primary","R-peak",200,550,-300,0,"Group/Condition Differences","Amplitude","1","0","unknown","0",NA,"1","C3, C4, C5, C10, C11, C12, C13, C14, C19, C20, C21, C22, C24, C25, C26, C27, C32, D3, D4, D5","R-peak",260,500,"Sex, Age, Education, BMI","est number of trials = 2.5 min length of block * 7 blocks in the task * 60 bpm","pubmed","Yes","Other",0,FALSE,TRUE,"Task",FALSE,FALSE,FALSE,NA,FALSE,TRUE,FALSE,FALSE,FALSE,FALSE,"R-peak","Yes","None",NA,"Primary","Salamone et al. (2020)",1050,NA,NA
32866840,"Distinctive body perception mechanisms in high versus low symptom reporters: A neurophysiological model for medically-unexplained symptoms","Schulz A, Rost S, Flasinski T, Dierolf AM, Lutz APC, Münch EE, Mertens VC, Witthöft M, Vögele C.",2020,0,58,"0","EEG",64,"standard61","Fp1, Fp2, F7, F3, Fz, F4, F8, T7, C3, Cz, C4, T8, P7, P3, Pz, P4, P8, O1, O2, Fpz, FT9, FC5, FC1, FC2, FC6, FT10, TP9, CP5, CP1, CP2, CP6, TP10, Oz, AF7, AF3, AFz, AF4, AF8, F5, F1, F2, F6, FT7, FC3, FCz, FC4, FT8, C5, C1, C2, C6, TP7, CP3, CPz, CP4, TP8, P5, P1, P2, P6, PO9, PO7, PO3, POz, PO4, PO8, PO10",NA,"2","Lead II","Right wrist, Left leg","unknown","FCz","Linked mastoids",0.1,35,"0",NA,"",NA,"","","limit analysis to time of minimal artifact","Noisy epochs, Gratton-Coles blink detection","Fp1, AF3, AF7, F1, F3, F5, F7, FT7, FT9, FC1, FC3, FC5, Fz, FCz, Fp2, AF4, AF8, F2, F4, F6, F8, FT8, FT10, FC2, FC4, FC6, C1, C3, C5, T7, Cz, C2, C4, C6, T8, CP1, CP3, CP5, P1, P3, P5, P7, PO3, PO7, PO9, O1, TP7, POz, Oz, CP2, CP3, CP6, P2, P4, P6, P8, PO4, PO8, PO10, TP8",2,2,"[est420]","Primary","R-peak",455,595,-200,0,"Group/Condition Differences","Amplitude","1","1","ANOVA","0",NA,"1","Fp1, AF3, AF7, F1, F3, F5, F7, FT7, FT9, FC1, FC3, FC5, Fz, FCz, Fp2, AF4, AF8, F2, F4, F6, F8, FT8, FT10, FC2, FC4, FC6, C1, C3, C5, T7, Cz, C2, C4, C6, T8, CP1, CP3, CP5, P1, P3, P5, P7, PO3, PO7, PO9, O1, TP7, POz, Oz, CP2, CP3, CP6, P2, P4, P6, P8, PO4, PO8, PO10, TP8","",NA,NA,"Respiration, HR, RMSSD, CAR, Anxiety, Depression","est number of trials = 7 min length of block * 60 bpm","pubmed","Yes","Averaging",1,FALSE,TRUE,"Task",TRUE,FALSE,FALSE,NA,FALSE,TRUE,FALSE,FALSE,FALSE,FALSE,"R-peak","Yes","Averaging","Averaging","Primary","Schulz et al. (2020)",420,NA,NA
32866840,"Distinctive body perception mechanisms in high versus low symptom reporters: A neurophysiological model for medically-unexplained symptoms","Schulz A, Rost S, Flasinski T, Dierolf AM, Lutz APC, Münch EE, Mertens VC, Witthöft M, Vögele C.",2020,0,58,"0","EEG",64,"standard61","Fp1, Fp2, F7, F3, Fz, F4, F8, T7, C3, Cz, C4, T8, P7, P3, Pz, P4, P8, O1, O2, Fpz, FT9, FC5, FC1, FC2, FC6, FT10, TP9, CP5, CP1, CP2, CP6, TP10, Oz, AF7, AF3, AFz, AF4, AF8, F5, F1, F2, F6, FT7, FC3, FCz, FC4, FT8, C5, C1, C2, C6, TP7, CP3, CPz, CP4, TP8, P5, P1, P2, P6, PO9, PO7, PO3, POz, PO4, PO8, PO10",NA,"2","Lead II","Right wrist, Left leg","unknown","FCz","Linked mastoids",0.1,35,"0",NA,"",NA,"","","limit analysis to time of minimal artifact","Noisy epochs, Gratton-Coles blink detection","Fp1, AF3, AF7, F1, F3, F5, F7, FT7, FT9, FC1, FC3, FC5, Fz, FCz, Fp2, AF4, AF8, F2, F4, F6, F8, FT8, FT10, FC2, FC4, FC6, C1, C3, C5, T7, Cz, C2, C4, C6, T8, CP1, CP3, CP5, P1, P3, P5, P7, PO3, PO7, PO9, O1, TP7, POz, Oz, CP2, CP3, CP6, P2, P4, P6, P8, PO4, PO8, PO10, TP8",1,1,"[est420]","Primary","R-peak",455,595,-200,0,"Correlation","Amplitude","1","1","Correlation","0",NA,"1","Fp1, AF3, AF7, F1, F3, F5, F7, FT7, FT9, FC1, FC3, FC5, Fz, FCz, Fp2, AF4, AF8, F2, F4, F6, F8, FT8, FT10, FC2, FC4, FC6, C1, C3, C5, T7, Cz, C2, C4, C6, T8, CP1, CP3, CP5, P1, P3, P5, P7, PO3, PO7, PO9, O1, TP7, POz, Oz, CP2, CP3, CP6, P2, P4, P6, P8, PO4, PO8, PO10, TP8","",NA,NA,"Respiration, HR, RMSSD, CAR, Anxiety, Depression","est number of trials = 7 min length of block * 60 bpm","pubmed","Yes","Averaging",1,FALSE,TRUE,"Task",TRUE,FALSE,FALSE,NA,FALSE,TRUE,FALSE,FALSE,FALSE,FALSE,"R-peak","Yes","Averaging","Averaging","Primary","Schulz et al. (2020)",420,NA,NA
32792994,"Alterations of Heartbeat Evoked Magnetic Fields Induced by Sounds of Disgust","Kato Y, Takei Y, Umeda S, Mimura M, Fukuda M.",2020,0,39,"0","MEG",306,"Elekta","na",12,"6","N/M","unknown","unknown","na","na",NA,NA,"1","0","Eye movements, Other",NA,"","","","Noisy Epochs, signal space separation","na",1,1,"410","Primary","R-peak",-200,800,-200,0,"Group/Condition Differences","Source Current Distribution","0","0","unknown","0",NA,"unknown","","",NA,NA,"","","pubmed","Yes","Other",0,FALSE,TRUE,"Task",TRUE,FALSE,FALSE,NA,FALSE,FALSE,FALSE,FALSE,FALSE,FALSE,"R-peak","Yes","None",NA,"Primary","Kato et al. (2020)",410,NA,410
32792994,"Alterations of Heartbeat Evoked Magnetic Fields Induced by Sounds of Disgust","Kato Y, Takei Y, Umeda S, Mimura M, Fukuda M.",2020,0,39,"0","MEG",306,"Elekta","na",12,"6","N/M","unknown","unknown","na","na",NA,NA,"1","0","Eye movements, Other",NA,"","","","Noisy Epochs, signal space separation","na",1,2,"410","Primary","R-peak",-200,800,-200,0,"Group/Condition Differences","Amplitude","0","0","unknown","0",NA,"unknown","","",NA,NA,"","","pubmed","Yes","Other",0,FALSE,TRUE,"Task",TRUE,FALSE,FALSE,NA,FALSE,FALSE,FALSE,FALSE,FALSE,FALSE,"R-peak","Yes","None",NA,"Primary","Kato et al. (2020)",410,NA,410
32438047,"Behavioral and neurophysiological evidence for altered interoceptive bodily processing in chronic pain","Solcà M, Park HD, Bernasconi F, Blanke O.",2020,0,30,"1","EEG",64,"standard61","Fp1, Fp2, F7, F3, Fz, F4, F8, T7, C3, Cz, C4, T8, P7, P3, Pz, P4, P8, O1, O2, Fpz, FC5, FC1, FC2, FC6, CP5, CP1, CP2, CP6, Oz, AF7, AF3, AFz, AF4, AF8, F5, F1, F2, F6, FT7, FC3, FCz, FC4, FT8, C5, C1, C2, C6, TP7, CP3, CPz, CP4, TP8, P9, P5, P1, P2, P6, P10, PO7, PO3, POz, PO4, PO8, Iz",5,"2","Lead II","Right shoulder, Left abdomen","unknown","CMS","Common average",1,40,"1","1","CFA, Eye movements, other",NA,"Automatic","SASICA","","Noisy epochs","Fp1, Fp2, F7, F3, Fz, F4, F8, T7, C3, Cz, C4, T8, P7, P3, Pz, P4, P8, O1, O2, Fpz, FC5, FC1, FC2, FC6, CP5, CP1, CP2, CP6, Oz, AF7, AF3, AFz, AF4, AF8, F5, F1, F2, F6, FT7, FC3, FCz, FC4, FT8, C5, C1, C2, C6, TP7, CP3, CPz, CP4, TP8, P9, P5, P1, P2, P6, P10, PO7, PO3, POz, PO4, PO8, Iz",2,1,"356+-6","Primary","R-peak",200,400,-200,0,"Group/Condition Differences","Amplitude","0","0","t-test","1",NA,"1","FCz, FC4, Cz, C2, CPz, CP2","R-peak",200,330,"ECG, HR, RMSSD, medication","","pubmed","Yes","Clustering",0,TRUE,FALSE,"Rest",TRUE,FALSE,TRUE,NA,FALSE,FALSE,FALSE,FALSE,FALSE,FALSE,"R-peak","Yes","Both","Clustering","Both","Solcà et al. (2020)",356,6,356
32438047,"Behavioral and neurophysiological evidence for altered interoceptive bodily processing in chronic pain","Solcà M, Park HD, Bernasconi F, Blanke O.",2020,0,30,"1","EEG",64,"standard61","Fp1, Fp2, F7, F3, Fz, F4, F8, T7, C3, Cz, C4, T8, P7, P3, Pz, P4, P8, O1, O2, Fpz, FC5, FC1, FC2, FC6, CP5, CP1, CP2, CP6, Oz, AF7, AF3, AFz, AF4, AF8, F5, F1, F2, F6, FT7, FC3, FCz, FC4, FT8, C5, C1, C2, C6, TP7, CP3, CPz, CP4, TP8, P9, P5, P1, P2, P6, P10, PO7, PO3, POz, PO4, PO8, Iz",5,"2","Lead II","Right shoulder, Left abdomen","unknown","CMS","Common average",1,40,"1","1","CFA, Eye movements, other",NA,"Automatic","SASICA","","Noisy epochs","FCz, Cz, CPz, FC2, C2, FC4",1,1,"356+-6","Secondary","R-peak",200,400,-200,0,"Correlation","Amplitude","1","1","Correlation","0",NA,"1","FCz, Cz, CPz, FC2, C2, FC4","",NA,NA,"","","pubmed","Yes","Averaging",1,TRUE,FALSE,"Rest",TRUE,FALSE,TRUE,NA,FALSE,FALSE,FALSE,FALSE,FALSE,FALSE,"R-peak","Yes","Both","Averaging","Both","Solcà et al. (2020)",356,6,356
32341167,"Heart-brain interactions shape somatosensory perception and evoked potentials","Al E, Iliopoulos F, Forschack N, Nierhaus T, Grund M, Motyka P, Gaebler M, Nikulin VV, Villringer A.",2020,0,37,"0","EEG",62,"standard61","Fp1, Fp2, F7, F3, Fz, F4, F8, T7, C3, Cz, C4, T8, P7, P3, Pz, P4, P8, O1, O2, Fpz, FC5, FC1, FC2, FC6, CP5, CP1, CP2, CP6, Oz, AF7, AF3, AFz, AF4, AF8, F5, F1, F2, F6, FT7, FC3, FC4, FT8, C5, C1, C2, C6, TP7, CP3, CPz, CP4, TP8, PO9, P5, P1, P2, P6, PO10, PO7, PO3, POz, PO4, PO8",NA,"1","N/C","Left chest","Sternum","FCz","Common average",0.5,45,"1","0","CFA, Eye movements, Blinks, Muscle",NA,"Manual","Time course","","Bad channels","Fp1, Fp2, F7, F3, Fz, F4, F8, T7, C3, Cz, C4, T8, P7, P3, Pz, P4, P8, O1, O2, Fpz, FC5, FC1, FC2, FC6, CP5, CP1, CP2, CP6, Oz, AF7, AF3, AFz, AF4, AF8, F5, F1, F2, F6, FT7, FC3, FC4, FT8, C5, C1, C2, C6, TP7, CP3, CPz, CP4, TP8, PO9, P5, P1, P2, P6, PO10, PO7, PO3, POz, PO4, PO8",1,2,"338+-51","Primary","R-peak",250,400,NA,NA,"Group/Condition Differences","Amplitude","0","0","t-test","1",1000,"1","FC2, C1, Cz, C2, C4, CP1, CPz, CP2, CP4, P1, Pz, P2, P4","R-peak",296,400,"ECG, SDNN, HR","","pubmed","Unknown","Clustering",0,FALSE,TRUE,"Task",FALSE,TRUE,TRUE,NA,FALSE,FALSE,FALSE,FALSE,FALSE,FALSE,"R-peak","Unknown","Both","Clustering","Both","Al et al. (2020)",338,51,338
32341167,"Heart-brain interactions shape somatosensory perception and evoked potentials","Al E, Iliopoulos F, Forschack N, Nierhaus T, Grund M, Motyka P, Gaebler M, Nikulin VV, Villringer A.",2020,0,37,"0","EEG",62,"standard61","Fp1, Fp2, F7, F3, Fz, F4, F8, T7, C3, Cz, C4, T8, P7, P3, Pz, P4, P8, O1, O2, Fpz, FC5, FC1, FC2, FC6, CP5, CP1, CP2, CP6, Oz, AF7, AF3, AFz, AF4, AF8, F5, F1, F2, F6, FT7, FC3, FC4, FT8, C5, C1, C2, C6, TP7, CP3, CPz, CP4, TP8, PO9, P5, P1, P2, P6, PO10, PO7, PO3, POz, PO4, PO8",NA,"1","N/C","Left chest","Sternum","FCz","Common average",0.5,45,"1","0","CFA, Eye movements, Blinks, Muscle",NA,"Manual","Time course","","Bad channels","FC2, C1, Cz, C2, C4, CP1, CPz, CP2, CP4, P1, Pz, P2, P4",1,2,"338+-51","Secondary","R-peak",296,400,NA,NA,"Group/Condition Differences","Amplitude","1","1","t-test","0",NA,"1","FC2, C1, Cz, C2, C4, CP1, CPz, CP2, CP4, P1, Pz, P2, P4","",NA,NA,"","","pubmed","Unknown","Averaging",1,FALSE,TRUE,"Task",FALSE,TRUE,TRUE,NA,FALSE,FALSE,FALSE,FALSE,FALSE,FALSE,"R-peak","Unknown","Both","Averaging","Both","Al et al. (2020)",338,51,338
32341167,"Heart-brain interactions shape somatosensory perception and evoked potentials","Al E, Iliopoulos F, Forschack N, Nierhaus T, Grund M, Motyka P, Gaebler M, Nikulin VV, Villringer A.",2020,0,37,"0","EEG",62,"standard61","Fp1, Fp2, F7, F3, Fz, F4, F8, T7, C3, Cz, C4, T8, P7, P3, Pz, P4, P8, O1, O2, Fpz, FC5, FC1, FC2, FC6, CP5, CP1, CP2, CP6, Oz, AF7, AF3, AFz, AF4, AF8, F5, F1, F2, F6, FT7, FC3, FC4, FT8, C5, C1, C2, C6, TP7, CP3, CPz, CP4, TP8, PO9, P5, P1, P2, P6, PO10, PO7, PO3, POz, PO4, PO8",NA,"1","N/C","Left chest","Sternum","FCz","Common average",0.5,45,"1","0","CFA, Eye movements, Blinks, Muscle",NA,"Manual","Time course","","Bad channels","FC2, C1, Cz, C2, C4, CP1, CPz, CP2, CP4, P1, Pz, P2, P4",1,2,"338+-51","Secondary","R-peak",296,400,NA,NA,"Group/Condition Differences","Amplitude","1","1","ANOVA","0",NA,"1","FC2, C1, Cz, C2, C4, CP1, CPz, CP2, CP4, P1, Pz, P2, P4","",NA,NA,"","","pubmed","Unknown","Averaging",1,FALSE,TRUE,"Task",FALSE,TRUE,TRUE,NA,FALSE,FALSE,FALSE,FALSE,FALSE,FALSE,"R-peak","Unknown","Both","Averaging","Both","Al et al. (2020)",338,51,338
32101777,"A multidimensional and multi-feature framework for cardiac interoception","Fittipaldi S, Abrevaya S, Fuente A, Pascariello GO, Hesse E, Birba A, Salamone P, Hildebrandt M, Martí SA, Pautassi RM, Huepe D, Martorell MM, Yoris A, Roca M, García AM, Sedeño L, Ibáñez A.",2020,0,114,"1","EEG",128,"biosemi128","A1, A2, A3, A4, A5, A6, A7, A8, A9, A10, A15, A16, A17, A18, A19, A20, A21, A22, A23, A28, A29, A30, A31, A32, B1, B2, B3, B4, B5, B6, B7, B11, B12, B13, B14, B15, B16, B17, B18, B19, B20, B21, B22, B23, B24, B25, B26, B27, B28, B29, B30, B31, B32, C1, C2, C3, C4, C5, C6, C7, C8, C9, C10, C11, C12, C13, C14, C15, C16, C17, C18, C19, C20, C21, C22, C23, C24, C25, C26, C27, C28, C29, C30, C31, C32, D1, D2, D3, D4, D5, D6, D7, D8, D9, D10, D11, D12, D13, D14, D15, D16, D17, D18, D19, D20, D21, D22, D23, D24, D25, D26, D27, D28, D29, D30, D31",5,"2","Lead II","unknown","unknown","unknown","Linked mastoids",0.5,30,"1","0","Eye movements",NA,"","","","Noisy epochs","C26, C27, C28, C31, C32, D3, D4, D5, D6, D7, C11, C12, C18, C19, C20, C21, C22, C23, C24, C25, C26, C27, C28, C31, C32, D3, D4, D5, D6, D7",1,1,"unknown","Primary","R-peak",200,300,-300,-200,"Correlation","Amplitude","1","1","Correlation","0",NA,"0","","",NA,NA,"","","pubmed","Yes","Averaging",1,TRUE,FALSE,"Rest",TRUE,FALSE,FALSE,NA,FALSE,FALSE,FALSE,FALSE,FALSE,FALSE,"R-peak","Yes","Averaging","Averaging","Primary","Fittipaldi et al. (2020)",NA,NA,NA
32101777,"A multidimensional and multi-feature framework for cardiac interoception","Fittipaldi S, Abrevaya S, Fuente A, Pascariello GO, Hesse E, Birba A, Salamone P, Hildebrandt M, Martí SA, Pautassi RM, Huepe D, Martorell MM, Yoris A, Roca M, García AM, Sedeño L, Ibáñez A.",2020,0,114,"1","EEG",128,"biosemi128","A1, A2, A3, A4, A5, A6, A7, A8, A9, A10, A15, A16, A17, A18, A19, A20, A21, A22, A23, A28, A29, A30, A31, A32, B1, B2, B3, B4, B5, B6, B7, B11, B12, B13, B14, B15, B16, B17, B18, B19, B20, B21, B22, B23, B24, B25, B26, B27, B28, B29, B30, B31, B32, C1, C2, C3, C4, C5, C6, C7, C8, C9, C10, C11, C12, C13, C14, C15, C16, C17, C18, C19, C20, C21, C22, C23, C24, C25, C26, C27, C28, C29, C30, C31, C32, D1, D2, D3, D4, D5, D6, D7, D8, D9, D10, D11, D12, D13, D14, D15, D16, D17, D18, D19, D20, D21, D22, D23, D24, D25, D26, D27, D28, D29, D30, D31",5,"2","Lead II","unknown","unknown","unknown","Linked mastoids",0.5,30,"1","0","Eye movements",NA,"","","","Noisy epochs","C26, C27, C28, C31, C32, D3, D4, D5, D6, D7, C11, C12, C18, C19, C20, C21, C22, C23, C24, C25, C26, C27, C28, C31, C32, D3, D4, D5, D6, D7",1,1,"unknown","Primary","R-peak",300,400,-300,-200,"Correlation","Amplitude","1","1","Correlation","0",NA,"1","C26, C27, C28, C31, C32, D3, D4, D5, D6, D7, C11, C12, C18, C19, C20, C21, C22, C23, C24, C25, C26, C27, C28, C31, C32, D3, D4, D5, D6, D7","",NA,NA,"","","pubmed","Yes","Averaging",1,TRUE,FALSE,"Rest",TRUE,FALSE,FALSE,NA,FALSE,FALSE,FALSE,FALSE,FALSE,FALSE,"R-peak","Yes","Averaging","Averaging","Primary","Fittipaldi et al. (2020)",NA,NA,NA
31846808,"Heart and brain: Cortical representation of cardiac signals is disturbed in borderline personality disorder, but unaffected by oxytocin administration","Schmitz M, Müller LE, Schulz A, Kleindienst N, Herpertz SC, Bertsch K.",2020,0,26,"1","EEG",60,"easycap-M10","",2,"2","Lead II","Right wrist, Left leg","unknown","Common average","Common average",0.1,35,"0",NA,"",NA,"","","","Gratton-Coles blink detection","",4,2,"[est120]","Primary","R-peak",455,595,-200,0,"Group/Condition Differences","Amplitude","1","1","ANOVA","0",NA,"1","","",NA,NA,"Age, BMI, HR, Hormones, Anxiety, Affective disorders","est number of trials = 2 min per condition * 60 bpm","pubmed","Yes","Averaging",1,TRUE,FALSE,"Rest",FALSE,FALSE,FALSE,NA,FALSE,FALSE,FALSE,FALSE,FALSE,FALSE,"R-peak","Yes","Averaging","Averaging","Primary","Schmitz et al. (2020)",120,NA,NA
31846808,"Heart and brain: Cortical representation of cardiac signals is disturbed in borderline personality disorder, but unaffected by oxytocin administration","Schmitz M, Müller LE, Schulz A, Kleindienst N, Herpertz SC, Bertsch K.",2020,0,113,"1","EEG",60,"easycap-M10","",2,"2","Lead II","Right wrist, Left leg","unknown","Common average","Common average",0.1,35,"0",NA,"",NA,"","","","Gratton-Coles blink detection","",1,1,"[est120]","Primary","R-peak",455,595,-200,0,"Correlation","Amplitude","1","1","Correlation","0",NA,"1","","",NA,NA,"","est number of trials = 2 min per condition * 60 bpm","pubmed","Yes","Averaging",1,TRUE,FALSE,"Rest",FALSE,FALSE,FALSE,NA,FALSE,FALSE,FALSE,FALSE,FALSE,FALSE,"R-peak","Yes","Averaging","Averaging","Primary","Schmitz et al. (2020)",120,NA,NA
31846808,"Heart and brain: Cortical representation of cardiac signals is disturbed in borderline personality disorder, but unaffected by oxytocin administration","Schmitz M, Müller LE, Schulz A, Kleindienst N, Herpertz SC, Bertsch K.",2020,0,26,"1","EEG",60,"easycap-M10","",2,"2","Lead II","Right wrist, Left leg","unknown","Common average","Common average",0.1,35,"0",NA,"",NA,"","","","Gratton-Coles blink detection","",1,1,"[est120]","Primary","R-peak",455,595,-200,0,"Correlation","Amplitude","1","1","Correlation","0",NA,"0","","",NA,NA,"","est number of trials = 2 min per condition * 60 bpm","pubmed","Yes","Averaging",1,TRUE,FALSE,"Rest",FALSE,FALSE,FALSE,NA,FALSE,FALSE,FALSE,FALSE,FALSE,FALSE,"R-peak","Yes","Averaging","Averaging","Primary","Schmitz et al. (2020)",120,NA,NA
31543837,"Altered Interoceptive Processing in Generalized Anxiety Disorder-A Heartbeat-Evoked Potential Research","Pang J, Tang X, Li H, Hu Q, Cui H, Zhang L, Li W, Zhu Z, Wang J, Li C.",2019,0,40,"0","EEG",64,"standard61","Fp1, Fp2, F7, F3, Fz, F4, F8, T7, C3, Cz, C4, T8, P7, P3, Pz, P4, P8, O1, O2, Fpz, FC5, FC1, FC2, FC6, CP5, CP1, CP2, CP6, Oz, AF7, AF3, AF4, AF8, F5, F1, F2, F6, FT7, FC3, FCz, FC4, FT8, C5, C1, C2, C6, TP7, CP3, CPz, CP4, TP8, P5, P1, P2, P6, PO7, PO3, POz, PO4, PO8",3,"2","Lead II","unknown","unknown","Nose","unknown",0.1,30,"1","0","Eye movements, Blinks, CFA",NA,"Manual","Topography, Time course","","Noisy epochs, Bad channels","Fp1, Fp2, F7, F3, Fz, F4, F8, T7, C3, Cz, C4, T8, P7, P3, Pz, P4, P8, O1, O2, Fpz, FC5, FC1, FC2, FC6, CP5, CP1, CP2, CP6, Oz, AF7, AF3, AF4, AF8, F5, F1, F2, F6, FT7, FC3, FCz, FC4, FT8, C5, C1, C2, C6, TP7, CP3, CPz, CP4, TP8, P5, P1, P2, P6, PO7, PO3, POz, PO4, PO8",2,2,"[est180]","Primary","R-peak",-200,800,-200,0,"Group/Condition Differences","Amplitude","0","0","t-test","1",5000,"1","Fpz, Fp2, AF4, AF8, F6, F8","R-peak",240,460,"","est number of trials = 3 min per condition * 60 bpm","pubmed","Yes","Clustering",0,FALSE,TRUE,"Task",TRUE,TRUE,TRUE,NA,FALSE,FALSE,FALSE,FALSE,FALSE,FALSE,"R-peak","Yes","Both","Clustering","Both","Pang et al. (2019)",180,NA,NA
31543837,"Altered Interoceptive Processing in Generalized Anxiety Disorder-A Heartbeat-Evoked Potential Research","Pang J, Tang X, Li H, Hu Q, Cui H, Zhang L, Li W, Zhu Z, Wang J, Li C.",2019,0,40,"0","EEG",64,"standard61","Fp1, Fp2, F7, F3, Fz, F4, F8, T7, C3, Cz, C4, T8, P7, P3, Pz, P4, P8, O1, O2, Fpz, FC5, FC1, FC2, FC6, CP5, CP1, CP2, CP6, Oz, AF7, AF3, AF4, AF8, F5, F1, F2, F6, FT7, FC3, FCz, FC4, FT8, C5, C1, C2, C6, TP7, CP3, CPz, CP4, TP8, P5, P1, P2, P6, PO7, PO3, POz, PO4, PO8",3,"2","Lead II","unknown","unknown","Nose","unknown",0.1,30,"1","0","Eye movements, Blinks, CFA",NA,"Manual","Topography, Time course","","Noisy epochs, Bad channels","Fpz, Fp2, AF4, AF8, F6, F8",2,2,"[est180]","Secondary","R-peak",240,460,-200,0,"Group/Condition Differences","Amplitude","1","1","ANOVA","0",NA,"1","Fpz, Fp2, AF4, AF8, F6, F8","",NA,NA,"","est number of trials = 3 min per condition * 60 bpm","pubmed","Yes","Averaging",1,FALSE,TRUE,"Task",TRUE,TRUE,TRUE,NA,FALSE,FALSE,FALSE,FALSE,FALSE,FALSE,"R-peak","Yes","Both","Averaging","Both","Pang et al. (2019)",180,NA,NA
31543837,"Altered Interoceptive Processing in Generalized Anxiety Disorder-A Heartbeat-Evoked Potential Research","Pang J, Tang X, Li H, Hu Q, Cui H, Zhang L, Li W, Zhu Z, Wang J, Li C.",2019,0,40,"0","EEG",64,"standard61","Fp1, Fp2, F7, F3, Fz, F4, F8, T7, C3, Cz, C4, T8, P7, P3, Pz, P4, P8, O1, O2, Fpz, FC5, FC1, FC2, FC6, CP5, CP1, CP2, CP6, Oz, AF7, AF3, AF4, AF8, F5, F1, F2, F6, FT7, FC3, FCz, FC4, FT8, C5, C1, C2, C6, TP7, CP3, CPz, CP4, TP8, P5, P1, P2, P6, PO7, PO3, POz, PO4, PO8",3,"2","Lead II","unknown","unknown","Nose","unknown",0.1,30,"1","0","Eye movements, Blinks, CFA",NA,"Manual","Topography, Time course","","Noisy epochs, Bad channels","Fpz, Fp2, AF4, AF8, F6, F8",1,1,"[est180]","Secondary","R-peak",240,460,-200,0,"Correlation","Amplitude","1","1","Correlation","0",NA,"1","Fpz, Fp2, AF4, AF8, F6, F8","",NA,NA,"","est number of trials = 3 min per condition * 60 bpm","pubmed","Yes","Averaging",1,FALSE,TRUE,"Task",TRUE,TRUE,TRUE,NA,FALSE,FALSE,FALSE,FALSE,FALSE,FALSE,"R-peak","Yes","Both","Averaging","Both","Pang et al. (2019)",180,NA,NA
31323488,"Enhanced cortical processing of cardio-afferent signals in anorexia nervosa","Lutz APC, Schulz A, Voderholzer U, Koch S, van Dyck Z, Vögele C.",2019,0,38,"0","EEG",64,"standard61","Fp1, Fp2, F7, F3, Fz, F4, F8, T7, C3, Cz, C4, T8, P7, P3, Pz, P4, P8, O1, O2, FC5, FC1, FC2, FC6, CP5, CP1, CP2, CP6, Oz, AF7, AF3, AF4, AF8, F5, F1, F2, F6, FT7, FC3, FCz, FC4, FT8, C5, C1, C2, C6, TP7, CP3, CPz, CP4, TP8, P5, P1, P2, P6, PO7, PO3, POz, PO4, PO8",NA,"2","Lead II","Right wrist, Left leg","unknown","FCz","Linked mastoids",0.1,35,"0",NA,"",NA,"","","","Gratton-Coles blink detection","Fp1, Fp2, F7, F3, Fz, F4, F8, T7, C3, Cz, C4, T8, P7, P3, Pz, P4, P8, O1, O2, FC5, FC1, FC2, FC6, CP5, CP1, CP2, CP6, Oz, AF7, AF3, AF4, AF8, F5, F1, F2, F6, FT7, FC3, FCz, FC4, FT8, C5, C1, C2, C6, TP7, CP3, CPz, CP4, TP8, P5, P1, P2, P6, PO7, PO3, POz, PO4, PO8",2,2,"unknown","Primary","R-peak",180,320,NA,NA,"Group/Condition Differences","Amplitude","1","1","ANOVA","0",NA,"0","","",NA,NA,"Depression","","pubmed","Unknown","Averaging",1,FALSE,TRUE,"Task",FALSE,FALSE,FALSE,NA,FALSE,FALSE,FALSE,FALSE,FALSE,FALSE,"R-peak","Unknown","Averaging","Averaging","Primary","Lutz et al. (2019)",NA,NA,NA
31323488,"Enhanced cortical processing of cardio-afferent signals in anorexia nervosa","Lutz APC, Schulz A, Voderholzer U, Koch S, van Dyck Z, Vögele C.",2019,0,38,"0","EEG",64,"standard61","Fp1, Fp2, F7, F3, Fz, F4, F8, T7, C3, Cz, C4, T8, P7, P3, Pz, P4, P8, O1, O2, FC5, FC1, FC2, FC6, CP5, CP1, CP2, CP6, Oz, AF7, AF3, AF4, AF8, F5, F1, F2, F6, FT7, FC3, FCz, FC4, FT8, C5, C1, C2, C6, TP7, CP3, CPz, CP4, TP8, P5, P1, P2, P6, PO7, PO3, POz, PO4, PO8",NA,"2","Lead II","Right wrist, Left leg","unknown","FCz","Linked mastoids",0.1,35,"0",NA,"",NA,"","","","Gratton-Coles blink detection","Fp1, Fp2, F7, F3, Fz, F4, F8, T7, C3, Cz, C4, T8, P7, P3, Pz, P4, P8, O1, O2, FC5, FC1, FC2, FC6, CP5, CP1, CP2, CP6, Oz, AF7, AF3, AF4, AF8, F5, F1, F2, F6, FT7, FC3, FCz, FC4, FT8, C5, C1, C2, C6, TP7, CP3, CPz, CP4, TP8, P5, P1, P2, P6, PO7, PO3, POz, PO4, PO8",2,2,"unknown","Primary","R-peak",455,595,NA,NA,"Group/Condition Differences","Amplitude","1","1","ANOVA","0",NA,"1","Fp1, Fp2, F7, F3, Fz, F4, F8, T7, C3, Cz, C4, T8, P7, P3, Pz, P4, P8, O1, O2, FC5, FC1, FC2, FC6, CP5, CP1, CP2, CP6, Oz, AF7, AF3, AF4, AF8, F5, F1, F2, F6, FT7, FC3, FCz, FC4, FT8, C5, C1, C2, C6, TP7, CP3, CPz, CP4, TP8, P5, P1, P2, P6, PO7, PO3, POz, PO4, PO8","",NA,NA,"Depression","","pubmed","Unknown","Averaging",1,FALSE,TRUE,"Task",FALSE,FALSE,FALSE,NA,FALSE,FALSE,FALSE,FALSE,FALSE,FALSE,"R-peak","Unknown","Averaging","Averaging","Primary","Lutz et al. (2019)",NA,NA,NA
31323488,"Enhanced cortical processing of cardio-afferent signals in anorexia nervosa","Lutz APC, Schulz A, Voderholzer U, Koch S, van Dyck Z, Vögele C.",2019,0,38,"0","EEG",64,"standard61","Fp1, Fp2, F7, F3, Fz, F4, F8, T7, C3, Cz, C4, T8, P7, P3, Pz, P4, P8, O1, O2, FC5, FC1, FC2, FC6, CP5, CP1, CP2, CP6, Oz, AF7, AF3, AF4, AF8, F5, F1, F2, F6, FT7, FC3, FCz, FC4, FT8, C5, C1, C2, C6, TP7, CP3, CPz, CP4, TP8, P5, P1, P2, P6, PO7, PO3, POz, PO4, PO8",NA,"2","Lead II","Right wrist, Left leg","unknown","FCz","Linked mastoids",0.1,35,"0",NA,"",NA,"","","","Gratton-Coles blink detection","Fp1, Fp2, F7, F3, Fz, F4, F8, T7, C3, Cz, C4, T8, P7, P3, Pz, P4, P8, O1, O2, FC5, FC1, FC2, FC6, CP5, CP1, CP2, CP6, Oz, AF7, AF3, AF4, AF8, F5, F1, F2, F6, FT7, FC3, FCz, FC4, FT8, C5, C1, C2, C6, TP7, CP3, CPz, CP4, TP8, P5, P1, P2, P6, PO7, PO3, POz, PO4, PO8",2,2,"unknown","Primary","R-peak",660,800,NA,NA,"Group/Condition Differences","Amplitude","1","1","ANOVA","0",NA,"0","","",NA,NA,"Depression","","pubmed","Unknown","Averaging",1,FALSE,TRUE,"Task",FALSE,FALSE,FALSE,NA,FALSE,FALSE,FALSE,FALSE,FALSE,FALSE,"R-peak","Unknown","Averaging","Averaging","Primary","Lutz et al. (2019)",NA,NA,NA
31323488,"Enhanced cortical processing of cardio-afferent signals in anorexia nervosa","Lutz APC, Schulz A, Voderholzer U, Koch S, van Dyck Z, Vögele C.",2019,0,38,"0","EEG",64,"standard61","Fp1, Fp2, F7, F3, Fz, F4, F8, T7, C3, Cz, C4, T8, P7, P3, Pz, P4, P8, O1, O2, FC5, FC1, FC2, FC6, CP5, CP1, CP2, CP6, Oz, AF7, AF3, AF4, AF8, F5, F1, F2, F6, FT7, FC3, FCz, FC4, FT8, C5, C1, C2, C6, TP7, CP3, CPz, CP4, TP8, P5, P1, P2, P6, PO7, PO3, POz, PO4, PO8",NA,"2","Lead II","Right wrist, Left leg","unknown","FCz","Linked mastoids",0.1,35,"0",NA,"",NA,"","","","Gratton-Coles blink detection","Fp1, Fp2, F7, F3, Fz, F4, F8, T7, C3, Cz, C4, T8, P7, P3, Pz, P4, P8, O1, O2, FC5, FC1, FC2, FC6, CP5, CP1, CP2, CP6, Oz, AF7, AF3, AF4, AF8, F5, F1, F2, F6, FT7, FC3, FCz, FC4, FT8, C5, C1, C2, C6, TP7, CP3, CPz, CP4, TP8, P5, P1, P2, P6, PO7, PO3, POz, PO4, PO8",1,1,"unknown","Primary","R-peak",455,595,NA,NA,"Correlation","Amplitude","1","1","Correlation","0",NA,"0","","",NA,NA,"","","pubmed","Unknown","Averaging",1,FALSE,TRUE,"Task",FALSE,FALSE,FALSE,NA,FALSE,FALSE,FALSE,FALSE,FALSE,FALSE,"R-peak","Unknown","Averaging","Averaging","Primary","Lutz et al. (2019)",NA,NA,NA
31259589,"Interoceptive cardiac expectations to emotional stimuli predict visual perception","Marshall AC, Gentsch A, Schütz-Bosbach S.",2020,0,30,"0","EEG",64,"standard61","Fp1, Fp2, F7, F3, Fz, F4, F8, T7, C3, Cz, C4, T8, P7, P3, Pz, P4, P8, O1, O2, FC5, FC1, FC2, FC6, TP9, CP5, CP1, CP2, CP6, TP10, AF7, AF3, AF4, AF8, F9, F5, F1, F2, F6, F10, FT7, FC3, FC4, FT8, C5, C1, C2, C6, TP7, CP3, CPz, CP4, TP8, P5, P1, P2, P6, PO9, PO7, PO3, POz, PO4, PO8, PO10",NA,"2","N/C","Left clavicle, Left chest","unknown","unknown","Laplacian reference",0.1,40,"1","0","CFA, Eye movements, Blinks",1.58,"Manual","Topography, Time course, Power spectrum","CSD","","Fp1, Fp2, F7, F3, Fz, F4, F8, T7, C3, Cz, C4, T8, P7, P3, Pz, P4, P8, O1, O2, FC5, FC1, FC2, FC6, TP9, CP5, CP1, CP2, CP6, TP10, AF7, AF3, AF4, AF8, F9, F5, F1, F2, F6, F10, FT7, FC3, FC4, FT8, C5, C1, C2, C6, TP7, CP3, CPz, CP4, TP8, P5, P1, P2, P6, PO9, PO7, PO3, POz, PO4, PO8, PO10",1,2,"unknown","Primary","R-peak",-100,600,-100,0,"Group/Condition Differences","Amplitude","0","0","F-test","0",1000,"1","F8, FC6, FT8, C4, C6, T8, CP4, CP6, TP8","R-peak",200,300,"Surrogate heartbeats, Respiration, ECG, RR","","pubmed","Yes","Other",0,FALSE,TRUE,"Task",FALSE,FALSE,TRUE,NA,FALSE,FALSE,TRUE,FALSE,FALSE,FALSE,"R-peak","Yes","Averaging",NA,"Both","Marshall et al. (2020)",NA,NA,NA
31259589,"Interoceptive cardiac expectations to emotional stimuli predict visual perception","Marshall AC, Gentsch A, Schütz-Bosbach S.",2020,0,30,"0","EEG",64,"standard61","Fp1, Fp2, F7, F3, Fz, F4, F8, T7, C3, Cz, C4, T8, P7, P3, Pz, P4, P8, O1, O2, FC5, FC1, FC2, FC6, TP9, CP5, CP1, CP2, CP6, TP10, AF7, AF3, AF4, AF8, F9, F5, F1, F2, F6, F10, FT7, FC3, FC4, FT8, C5, C1, C2, C6, TP7, CP3, CPz, CP4, TP8, P5, P1, P2, P6, PO9, PO7, PO3, POz, PO4, PO8, PO10",NA,"2","N/C","Left clavicle, Left chest","unknown","unknown","Laplacian reference",0.1,40,"1","0","CFA, Eye movements, Blinks",1.58,"Manual","Topography, Time course, Power spectrum","CSD","","F8, FC6, FT8, C4, C6, T8, CP4, CP6, TP8",1,2,"unknown","Secondary","R-peak",200,300,-100,0,"Correlation","Amplitude","1","1","Regression","0",NA,"1","F8, FC6, FT8, C4, C6, T8, CP4, CP6, TP8","",NA,NA,"Surrogate heartbeats, Respiration, ECG, RR","","pubmed","Yes","Averaging",1,FALSE,TRUE,"Task",FALSE,FALSE,TRUE,NA,FALSE,FALSE,TRUE,FALSE,FALSE,FALSE,"R-peak","Yes","Averaging","Averaging","Both","Marshall et al. (2020)",NA,NA,NA
31153913,"Affective and temporal orientation of thoughts: Electrophysiological evidence","Ito Y, Shibata M, Tanaka Y, Terasawa Y, Umeda S.",2019,0,27,"0","EEG",64,"GSN-HydroCel-65","",NA,"2","Lead I","Left clavicle, Right clavicle","unknown","Cz","unknown",0.1,30,"1","0","Other",NA,"","","","EMSE ocular artefact correction algorithm","Fp1",1,2,"128","Primary","R-peak",200,300,-200,0,"Group/Condition Differences","Amplitude","0","1","ANOVA","0",NA,"1","Fp1","",NA,NA,"","","pubmed","Yes","Averaging",1,FALSE,TRUE,"Task",FALSE,FALSE,FALSE,NA,FALSE,FALSE,FALSE,FALSE,FALSE,FALSE,"R-peak","Yes","Averaging","Averaging","Primary","Ito et al. (2019)",128,NA,128
31153913,"Affective and temporal orientation of thoughts: Electrophysiological evidence","Ito Y, Shibata M, Tanaka Y, Terasawa Y, Umeda S.",2019,0,27,"0","EEG",64,"GSN-HydroCel-65","",NA,"2","Lead I","Left clavicle, Right clavicle","unknown","Cz","unknown",0.1,30,"1","0","Other",NA,"","","","EMSE ocular artefact correction algorithm","AFz",1,2,"128","Primary","R-peak",200,300,-200,0,"Group/Condition Differences","Amplitude","0","1","ANOVA","0",NA,"1","AFz","",NA,NA,"","","pubmed","Yes","Averaging",1,FALSE,TRUE,"Task",FALSE,FALSE,FALSE,NA,FALSE,FALSE,FALSE,FALSE,FALSE,FALSE,"R-peak","Yes","Averaging","Averaging","Primary","Ito et al. (2019)",128,NA,128
30867552,"Multimodal neurocognitive markers of interoceptive tuning in smoked cocaine","de la Fuente A, Sedeño L, Vignaga SS, Ellmann C, Sonzogni S, Belluscio L, García-Cordero I, Castagnaro E, Boano M, Cetkovich M, Torralva T, Cánepa ET, Tagliazucchi E, Garcia AM, Ibañez A.",2019,0,50,"0","EEG",128,"biosemi128","A1, A2, A3, A4, A5, A6, A7, A8, A9, A10, A15, A16, A17, A18, A19, A20, A21, A22, A23, A28, A29, A30, A31, A32, B1, B2, B3, B4, B5, B6, B7, B11, B12, B13, B14, B15, B16, B17, B18, B19, B20, B21, B22, B23, B24, B25, B26, B27, B28, B29, B30, B31, B32, C1, C2, C3, C4, C5, C6, C7, C8, C9, C10, C11, C12, C13, C14, C15, C16, C17, C18, C19, C20, C21, C22, C23, C24, C25, C26, C27, C28, C29, C30, C31, C32, D1, D2, D3, D4, D5, D6, D7, D8, D9, D10, D11, D12, D13, D14, D15, D16, D17, D18, D19, D20, D21, D22, D23, D24, D25, D26, D27, D28, D29, D30, D31",NA,"2","Lead II","unknown","unknown","unknown","Linked Mastoids",0.5,30,"1","0","Eye movements",NA,"","","","Noisy Epochs","C18, C19, C20, D4, D3, C24, C11, C3, C4",2,1,"unknown","Primary","R-peak",300,800,-200,0,"Group/Condition Differences","Amplitude","1","0","t-test","1",5000,"1","C18, C19, C20, D4, D3, C24, C11, C3, C4","R-peak",671,722,"HR, LF/HF","","pubmed","Yes","Clustering",0,FALSE,TRUE,"Task",TRUE,FALSE,FALSE,NA,FALSE,FALSE,FALSE,FALSE,FALSE,FALSE,"R-peak","Yes","Clustering","Clustering","Primary","de et al. (2019)",NA,NA,NA
30867552,"Multimodal neurocognitive markers of interoceptive tuning in smoked cocaine","de la Fuente A, Sedeño L, Vignaga SS, Ellmann C, Sonzogni S, Belluscio L, García-Cordero I, Castagnaro E, Boano M, Cetkovich M, Torralva T, Cánepa ET, Tagliazucchi E, Garcia AM, Ibañez A.",2019,0,50,"0","EEG",128,"biosemi128","A1, A2, A3, A4, A5, A6, A7, A8, A9, A10, A15, A16, A17, A18, A19, A20, A21, A22, A23, A28, A29, A30, A31, A32, B1, B2, B3, B4, B5, B6, B7, B11, B12, B13, B14, B15, B16, B17, B18, B19, B20, B21, B22, B23, B24, B25, B26, B27, B28, B29, B30, B31, B32, C1, C2, C3, C4, C5, C6, C7, C8, C9, C10, C11, C12, C13, C14, C15, C16, C17, C18, C19, C20, C21, C22, C23, C24, C25, C26, C27, C28, C29, C30, C31, C32, D1, D2, D3, D4, D5, D6, D7, D8, D9, D10, D11, D12, D13, D14, D15, D16, D17, D18, D19, D20, D21, D22, D23, D24, D25, D26, D27, D28, D29, D30, D31",NA,"2","Lead II","unknown","unknown","unknown","Linked Mastoids",0.5,30,"1","0","Eye movements",NA,"","","","Noisy Epochs","C11, C3, C4",2,1,"unknown","Primary","R-peak",300,800,-200,0,"Group/Condition Differences","Amplitude","1","0","t-test","1",5000,"1","C11, C3, C4","R-peak",650,750,"HR, LF/HF","","pubmed","Yes","Clustering",0,FALSE,TRUE,"Task",TRUE,FALSE,FALSE,NA,FALSE,FALSE,FALSE,FALSE,FALSE,FALSE,"R-peak","Yes","Clustering","Clustering","Primary","de et al. (2019)",NA,NA,NA
30867552,"Multimodal neurocognitive markers of interoceptive tuning in smoked cocaine","de la Fuente A, Sedeño L, Vignaga SS, Ellmann C, Sonzogni S, Belluscio L, García-Cordero I, Castagnaro E, Boano M, Cetkovich M, Torralva T, Cánepa ET, Tagliazucchi E, Garcia AM, Ibañez A.",2019,0,50,"0","EEG",128,"biosemi128","A1, A2, A3, A4, A5, A6, A7, A8, A9, A10, A15, A16, A17, A18, A19, A20, A21, A22, A23, A28, A29, A30, A31, A32, B1, B2, B3, B4, B5, B6, B7, B11, B12, B13, B14, B15, B16, B17, B18, B19, B20, B21, B22, B23, B24, B25, B26, B27, B28, B29, B30, B31, B32, C1, C2, C3, C4, C5, C6, C7, C8, C9, C10, C11, C12, C13, C14, C15, C16, C17, C18, C19, C20, C21, C22, C23, C24, C25, C26, C27, C28, C29, C30, C31, C32, D1, D2, D3, D4, D5, D6, D7, D8, D9, D10, D11, D12, D13, D14, D15, D16, D17, D18, D19, D20, D21, D22, D23, D24, D25, D26, D27, D28, D29, D30, D31",NA,"2","Lead II","unknown","unknown","unknown","Linked Mastoids",0.5,30,"1","0","Eye movements",NA,"","","","Noisy Epochs","D4, D3, C24",2,1,"unknown","Primary","R-peak",300,800,-200,0,"Group/Condition Differences","Amplitude","1","0","t-test","1",5000,"1","D4, D3, C24","R-peak",650,750,"HR, LF/HF","","pubmed","Yes","Clustering",0,FALSE,TRUE,"Task",TRUE,FALSE,FALSE,NA,FALSE,FALSE,FALSE,FALSE,FALSE,FALSE,"R-peak","Yes","Clustering","Clustering","Primary","de et al. (2019)",NA,NA,NA
30867552,"Multimodal neurocognitive markers of interoceptive tuning in smoked cocaine","de la Fuente A, Sedeño L, Vignaga SS, Ellmann C, Sonzogni S, Belluscio L, García-Cordero I, Castagnaro E, Boano M, Cetkovich M, Torralva T, Cánepa ET, Tagliazucchi E, Garcia AM, Ibañez A.",2019,0,50,"0","EEG",128,"biosemi128","A1, A2, A3, A4, A5, A6, A7, A8, A9, A10, A15, A16, A17, A18, A19, A20, A21, A22, A23, A28, A29, A30, A31, A32, B1, B2, B3, B4, B5, B6, B7, B11, B12, B13, B14, B15, B16, B17, B18, B19, B20, B21, B22, B23, B24, B25, B26, B27, B28, B29, B30, B31, B32, C1, C2, C3, C4, C5, C6, C7, C8, C9, C10, C11, C12, C13, C14, C15, C16, C17, C18, C19, C20, C21, C22, C23, C24, C25, C26, C27, C28, C29, C30, C31, C32, D1, D2, D3, D4, D5, D6, D7, D8, D9, D10, D11, D12, D13, D14, D15, D16, D17, D18, D19, D20, D21, D22, D23, D24, D25, D26, D27, D28, D29, D30, D31",NA,"2","Lead II","unknown","unknown","unknown","Linked Mastoids",0.5,30,"1","0","Eye movements",NA,"","","","Noisy Epochs","C18, C19, C20",2,1,"unknown","Primary","R-peak",300,800,-200,0,"Group/Condition Differences","Amplitude","1","0","t-test","1",5000,"1","C18, C19, C20","R-peak",650,750,"HR, LF/HF","","pubmed","Yes","Clustering",0,FALSE,TRUE,"Task",TRUE,FALSE,FALSE,NA,FALSE,FALSE,FALSE,FALSE,FALSE,FALSE,"R-peak","Yes","Clustering","Clustering","Primary","de et al. (2019)",NA,NA,NA
30776528,"I feel what I do: Relating interoceptive processes and reward-related behavior","Marshall AC, Gentsch A, Blum AL, Broering C, Schütz-Bosbach S.",2019,0,27,"0","EEG",64,"standard61","Fp1, Fp2, F7, F3, Fz, F4, F8, T7, C3, Cz, C4, T8, P7, P3, Pz, P4, P8, O1, O2, FT9, FC5, FC1, FC2, FC6, FT10, CP5, CP1, CP2, CP6, Oz, AF7, AF3, AFz, AF4, AF8, F5, F1, F2, F6, FT7, FC3, FCz, FC4, FT8, C5, C1, C2, C6, TP7, CP3, CPz, CP4, TP8, P9, P5, P1, P2, P6, P10, PO9, PO7, PO3, POz, PO4, PO8, PO10",NA,"2","N/C","Left clavicle, Left chest","Right clavicle","unknown","Laplacian reference",0.1,40,"1","0","CFA, Eye movements",3,"Manual","Topography, time course","CSD","","Fp1, Fp2, F7, F3, Fz, F4, F8, T7, C3, Cz, C4, T8, P7, P3, Pz, P4, P8, O1, O2, FT9, FC5, FC1, FC2, FC6, FT10, CP5, CP1, CP2, CP6, Oz, AF7, AF3, AFz, AF4, AF8, F5, F1, F2, F6, FT7, FC3, FCz, FC4, FT8, C5, C1, C2, C6, TP7, CP3, CPz, CP4, TP8, P9, P5, P1, P2, P6, P10, PO9, PO7, PO3, POz, PO4, PO8, PO10",1,2,"96","Primary","R-peak",-100,600,-100,0,"Group/Condition Differences","Amplitude","0","0","F-test","1",1000,"1","C1, Cz, C2, CPz, CP2","R-peak",200,300,"Surrogate heartbeats, ECG, Respiration","","pubmed","Yes","Clustering",0,FALSE,TRUE,"Task",FALSE,FALSE,TRUE,NA,FALSE,FALSE,TRUE,FALSE,FALSE,FALSE,"R-peak","Yes","Both","Clustering","Both","Marshall et al. (2019)",96,NA,96
30776528,"I feel what I do: Relating interoceptive processes and reward-related behavior","Marshall AC, Gentsch A, Blum AL, Broering C, Schütz-Bosbach S.",2019,0,27,"0","EEG",64,"standard61","Fp1, Fp2, F7, F3, Fz, F4, F8, T7, C3, Cz, C4, T8, P7, P3, Pz, P4, P8, O1, O2, FT9, FC5, FC1, FC2, FC6, FT10, CP5, CP1, CP2, CP6, Oz, AF7, AF3, AFz, AF4, AF8, F5, F1, F2, F6, FT7, FC3, FCz, FC4, FT8, C5, C1, C2, C6, TP7, CP3, CPz, CP4, TP8, P9, P5, P1, P2, P6, P10, PO9, PO7, PO3, POz, PO4, PO8, PO10",NA,"2","N/C","Left clavicle, Left chest","Right clavicle","unknown","Laplacian reference",0.1,40,"1","0","CFA, Eye movements",3,"Manual","Topography, time course","CSD","","C1, Cz, C2, CPz, CP2",1,3,"96","Secondary","R-peak",200,300,-100,0,"Group/Condition Differences","Amplitude","1","1","Regression","0",NA,"0","","",NA,NA,"Surrogate heartbeats, ECG, Respiration","","pubmed","Yes","Averaging",1,FALSE,TRUE,"Task",FALSE,FALSE,TRUE,NA,FALSE,FALSE,TRUE,FALSE,FALSE,FALSE,"R-peak","Yes","Both","Averaging","Both","Marshall et al. (2019)",96,NA,96
30739843,"Increased heartbeat-evoked potential during REM sleep in nightmare disorder","Perogamvros L, Park HD, Bayer L, Perrault AA, Blanke O, Schwartz S.",2019,0,22,"1","EEG",19,"standard19","Fp1, Fp2, F7, F3, Fz, F4, F8, T3, C3, Cz, C4, T4, T5, P3, Pz, P4, T6, O1, O2",NA,"2","N/M","unknown","unknown","Fpz","Common average",1,40,"1","0","Eye movements, Blinks",NA,"","","","Noisy Epochs","Fp1, Fp2, F3, F4, F7, F8, C3, C4, P3, P4, O1, O2, T3, T4, T5, T6, Fz, Cz, Pz",2,1,"[est256]","Primary","R-peak",200,600,NA,NA,"Group/Condition Differences","Amplitude","0","0","t-test","1",1000,"1","Fp2, Fz, F4, F8","R-peak",449,504,"ECG, RR, SDNN, Surrogate heartbeats","est number of trials = 2819 (min. over conditions & groups) / 11 participants per group","pubmed","Unknown","Clustering",0,TRUE,FALSE,"Rest",TRUE,FALSE,FALSE,NA,FALSE,FALSE,FALSE,FALSE,FALSE,FALSE,"R-peak","Unknown","Both","Clustering","Both","Perogamvros et al. (2019)",256,NA,NA
30739843,"Increased heartbeat-evoked potential during REM sleep in nightmare disorder","Perogamvros L, Park HD, Bayer L, Perrault AA, Blanke O, Schwartz S.",2019,0,22,"1","EEG",19,"standard19","Fp1, Fp2, F7, F3, Fz, F4, F8, T3, C3, Cz, C4, T4, T5, P3, Pz, P4, T6, O1, O2",NA,"2","N/M","unknown","unknown","Fpz","Common average",1,40,"1","0","Eye movements, Blinks",NA,"","","","Noisy Epochs","Fp2, Fz, F4, F8",2,2,"[est256]","Secondary","R-peak",449,504,NA,NA,"Group/Condition Differences","Amplitude","1","1","t-test","0",NA,"1","Fp2, Fz, F4, F8","",NA,NA,"","est number of trials = 2819 (min. over conditions & groups) / 11 participants per group","pubmed","Unknown","Averaging",1,TRUE,FALSE,"Rest",TRUE,FALSE,FALSE,NA,FALSE,FALSE,FALSE,FALSE,FALSE,FALSE,"R-peak","Unknown","Both","Averaging","Both","Perogamvros et al. (2019)",256,NA,NA
30739843,"Increased heartbeat-evoked potential during REM sleep in nightmare disorder","Perogamvros L, Park HD, Bayer L, Perrault AA, Blanke O, Schwartz S.",2019,0,11,"1","EEG",19,"standard19","Fp1, Fp2, F7, F3, Fz, F4, F8, T3, C3, Cz, C4, T4, T5, P3, Pz, P4, T6, O1, O2",NA,"2","N/M","unknown","unknown","Fpz","Common average",1,40,"1","0","Eye movements, Blinks",NA,"","","","Noisy Epochs","Fp2, Fz, F4, F8",1,1,"[est256]","Secondary","R-peak",449,504,NA,NA,"Correlation","Amplitude","1","1","Correlation","0",NA,"1","Fp2, Fz, F4, F8","",NA,NA,"","est number of trials = 2819 (min. over conditions & groups) / 11 participants per group","pubmed","Unknown","Averaging",1,TRUE,FALSE,"Rest",TRUE,FALSE,FALSE,NA,FALSE,FALSE,FALSE,FALSE,FALSE,FALSE,"R-peak","Unknown","Both","Averaging","Both","Perogamvros et al. (2019)",256,NA,NA
30738205,"Neural responses to heartbeats distinguish self from other during imagination","Babo-Rebelo M, Buot A, Tallon-Baudry C.",2019,0,23,"0","MEG",306,"Elekta","na",NA,"7","Multiple
leads","Left clavicle, Right clavicle, Left shoulder, Right shoulder, Sternum","Neck","na","na",0.5,30,"1","1","CFA, Eye movements, Muscle",1,"Automatic","Phase consistency","","","na",2,1,"189.1+-5.94","Primary","T-peak",80,350,NA,NA,"Group/Condition Differences","Amplitude","0","0","t-test","1",10000,"1","na","T-peak",307,326,"Arousal, Interoception, Daydreaming, RR, HRV, Surrogate heartbeats, Pupil diameter, HR, ECG","","pubmed","Unknown","Clustering",0,FALSE,TRUE,"Task",FALSE,FALSE,TRUE,NA,FALSE,FALSE,FALSE,FALSE,FALSE,FALSE,"T-peak","Unknown","Both","Clustering","Both","Babo-Rebelo et al. (2019)",189.1,5.94,189.1
30738205,"Neural responses to heartbeats distinguish self from other during imagination","Babo-Rebelo M, Buot A, Tallon-Baudry C.",2019,0,23,"0","MEG",306,"Elekta","na",NA,"7","Multiple
leads","Left clavicle, Right clavicle, Left shoulder, Right shoulder, Sternum","Neck","na","na",0.5,30,"1","1","CFA, Eye movements, Muscle",1,"Automatic","Phase consistency","","","na",1,1,"189.1+-5.94","Secondary","T-peak",307,326,NA,NA,"Correlation","Amplitude","1","1","Correlation","1",10000,"1","na","T-peak",307,326,"Arousal, Interoception, Daydreaming, RR, HRV, Surrogate heartbeats, Pupil diameter","","pubmed","Unknown","Other",0,FALSE,TRUE,"Task",FALSE,FALSE,TRUE,NA,FALSE,FALSE,FALSE,FALSE,FALSE,FALSE,"T-peak","Unknown","Both",NA,"Both","Babo-Rebelo et al. (2019)",189.1,5.94,189.1
30738205,"Neural responses to heartbeats distinguish self from other during imagination","Babo-Rebelo M, Buot A, Tallon-Baudry C.",2019,0,23,"0","MEG",306,"Elekta","na",NA,"7","Multiple
leads","Left clavicle, Right clavicle, Left shoulder, Right shoulder, Sternum","Neck","na","na",0.5,30,"1","1","CFA, Eye movements, Muscle",1,"Automatic","Phase consistency","","","na",1,6,"189.1+-5.94","Secondary","T-peak",80,350,NA,NA,"Group/Condition Differences","Amplitude","1","1","Regression","0",NA,"1","na","",NA,NA,"","","pubmed","Unknown","Averaging",1,FALSE,TRUE,"Task",FALSE,FALSE,TRUE,NA,FALSE,FALSE,FALSE,FALSE,FALSE,FALSE,"T-peak","Unknown","Both","Averaging","Both","Babo-Rebelo et al. (2019)",189.1,5.94,189.1
30674995,"Sad faces increase the heartbeat-associated interoceptive information flow within the salience network: a MEG study","Kim J, Park HD, Kim KW, Shin DW, Lim S, Kwon H, Kim MY, Kim K, Jeong B.",2019,0,32,"0","MEG",152,"KRISS","na",NA,"unknown","N/M","unknown","unknown","na","na",1,30,"1","0","CFA, Eye movements",2.23,"Automatic","Time course, Power spectrum, Correlation","RR at least 600 ms","Noisy epochs","na",1,2,"114","Primary","R-peak",200,600,-150,0,"Group/Condition Differences","Amplitude","0","0","t-test","1",2000,"1","na","R-peak",494,504,"ECG, RR, Surrogate heartbeats","","pubmed","Yes","Clustering",0,FALSE,TRUE,"Task",TRUE,FALSE,TRUE,600,TRUE,FALSE,FALSE,FALSE,FALSE,FALSE,"R-peak","Yes","Clustering","Clustering","Primary","Kim et al. (2019)",114,NA,114
30472370,"Focus of attention modulates the heartbeat evoked potential","Petzschner FH, Weber LA, Wellstein KV, Paolini G, Do CT, Stephan KE.",2019,0,19,"0","EEG",64,"standard61","Fp1, Fp2, F7, F3, Fz, F4, F8, T7, C3, Cz, C4, T8, P7, P3, Pz, P4, P8, O1, O2, FT9, FC5, FC1, FC2, FC6, FT10, TP9, CP5, CP1, CP2, CP6, TP10, Oz, AF7, AF3, AF4, AF8, F5, F1, F2, F6, FT7, FC3, FCz, FC4, FT8, C5, C1, C2, C6, TP7, CP3, CPz, CP4, TP8, P5, P1, P2, P6, PO7, PO3, POz, PO4, PO8",NA,"4","Lead II","Right clavicle, Left abdomen, Left clavicle, right abdomen","upper back","Nose","unknown",0.3,30,"0",NA,"",NA,"","","RR at least 700 ms","","Fp1, Fp2, F7, F3, Fz, F4, F8, T7, C3, Cz, C4, T8, P7, P3, Pz, P4, P8, O1, O2, FT9, FC5, FC1, FC2, FC6, FT10, TP9, CP5, CP1, CP2, CP6, TP10, Oz, AF7, AF3, AF4, AF8, F5, F1, F2, F6, FT7, FC3, FCz, FC4, FT8, C5, C1, C2, C6, TP7, CP3, CPz, CP4, TP8, P5, P1, P2, P6, PO7, PO3, POz, PO4, PO8",1,2,"unknown","Primary","R-peak",200,652,-100,0,"Group/Condition Differences","Amplitude","0","0","t-test","0",0,"1","C2","R-peak",524,620,"ECG, HR","","pubmed","Yes","Other",0,FALSE,TRUE,"Task",FALSE,FALSE,FALSE,700,TRUE,FALSE,FALSE,FALSE,FALSE,FALSE,"R-peak","Yes","None",NA,"Both","Petzschner et al. (2019)",NA,NA,NA
30472370,"Focus of attention modulates the heartbeat evoked potential","Petzschner FH, Weber LA, Wellstein KV, Paolini G, Do CT, Stephan KE.",2019,0,19,"0","EEG",64,"standard61","Fp1, Fp2, F7, F3, Fz, F4, F8, T7, C3, Cz, C4, T8, P7, P3, Pz, P4, P8, O1, O2, FT9, FC5, FC1, FC2, FC6, FT10, TP9, CP5, CP1, CP2, CP6, TP10, Oz, AF7, AF3, AF4, AF8, F5, F1, F2, F6, FT7, FC3, FCz, FC4, FT8, C5, C1, C2, C6, TP7, CP3, CPz, CP4, TP8, P5, P1, P2, P6, PO7, PO3, POz, PO4, PO8",NA,"4","Lead II","Right clavicle, Left abdomen, Left clavicle, right abdomen","upper back","Nose","unknown",0.3,30,"0",NA,"",NA,"","","RR at least 700 ms","","C2",1,1,"unknown","Secondary","R-peak",548,548,-100,0,"Correlation","Amplitude","0","0","Non-parametric comparison","0",0,"0","","",NA,NA,"ECG, HR","","pubmed","Yes","Other",0,FALSE,TRUE,"Task",FALSE,FALSE,FALSE,700,TRUE,FALSE,FALSE,FALSE,FALSE,FALSE,"R-peak","Yes","None",NA,"Both","Petzschner et al. (2019)",NA,NA,NA
30472370,"Focus of attention modulates the heartbeat evoked potential","Petzschner FH, Weber LA, Wellstein KV, Paolini G, Do CT, Stephan KE.",2019,0,19,"0","EEG",64,"standard61","Fp1, Fp2, F7, F3, Fz, F4, F8, T7, C3, Cz, C4, T8, P7, P3, Pz, P4, P8, O1, O2, FT9, FC5, FC1, FC2, FC6, FT10, TP9, CP5, CP1, CP2, CP6, TP10, Oz, AF7, AF3, AF4, AF8, F5, F1, F2, F6, FT7, FC3, FCz, FC4, FT8, C5, C1, C2, C6, TP7, CP3, CPz, CP4, TP8, P5, P1, P2, P6, PO7, PO3, POz, PO4, PO8",NA,"4","Lead II","Right clavicle, Left abdomen, Left clavicle, right abdomen","upper back","Nose","unknown",0.3,30,"0",NA,"",NA,"","","RR at least 700 ms","","C2",1,1,"unknown","Secondary","R-peak",548,548,-100,0,"Correlation","Amplitude","0","0","Regression","0",0,"1","","",NA,NA,"ECG, HR","","pubmed","Yes","Other",0,FALSE,TRUE,"Task",FALSE,FALSE,FALSE,700,TRUE,FALSE,FALSE,FALSE,FALSE,FALSE,"R-peak","Yes","None",NA,"Both","Petzschner et al. (2019)",NA,NA,NA
30290212,"The relationship between social anxiety and heartbeat evoked potential amplitude","Judah MR, Shurkova EY, Hager NM, White EJ, Taylor DL, Grant DM.",2018,0,38,"0","EEG",32,"standard32","Fp1, Fp2, AF3, AF4, F7, F3, Fz, F4, F8, FC5, FC1, FC2, FC6, T7, C3, Cz, C4, T8, CP5, CP1, CP2, CP6, P7, P3, Pz, P4, P8, PO3, PO4, O1, Oz, O2",NA,"2","Lead II","Left abdomen, Right clavicle","unknown","CMS","Linked mastoids",0.1,30,"1","0","Eye Movements",NA,"","","subtract/regress ECG from EEG, limit analysis to time of minimal artifact","","Fz",2,2,"3218+-702","Primary","R-peak",200,350,-200,0,"Group/Condition Differences","Amplitude","0","1","ANOVA","0",0,"1","Fz","",NA,NA,"HR, ECG, Anxiety","","pubmed","Yes","Averaging",1,FALSE,TRUE,"Task",FALSE,FALSE,FALSE,NA,FALSE,TRUE,FALSE,TRUE,FALSE,FALSE,"R-peak","Yes","Averaging","Averaging","Primary","Judah et al. (2018)",3218,702,3218
30290212,"The relationship between social anxiety and heartbeat evoked potential amplitude","Judah MR, Shurkova EY, Hager NM, White EJ, Taylor DL, Grant DM.",2018,0,38,"0","EEG",32,"standard32","Fp1, Fp2, AF3, AF4, F7, F3, Fz, F4, F8, FC5, FC1, FC2, FC6, T7, C3, Cz, C4, T8, CP5, CP1, CP2, CP6, P7, P3, Pz, P4, P8, PO3, PO4, O1, Oz, O2",NA,"2","Lead II","Left abdomen, Right clavicle","unknown","CMS","Linked mastoids",0.1,30,"1","0","Eye Movements",NA,"","","subtract/regress ECG from EEG, limit analysis to time of minimal artifact","","Fz",1,1,"3218+-702","Primary","R-peak",200,350,-200,0,"Correlation","Amplitude","0","1","Correlation","0",0,"1","Fz","R-peak",223,305,"","","pubmed","Yes","Averaging",1,FALSE,TRUE,"Task",FALSE,FALSE,FALSE,NA,FALSE,TRUE,FALSE,TRUE,FALSE,FALSE,"R-peak","Yes","Averaging","Averaging","Primary","Judah et al. (2018)",3218,702,3218
30159945,"Affective interoceptive inference: Evidence from heart-beat evoked brain potentials","Gentsch A, Sel A, Marshall AC, Schütz-Bosbach S.",2019,0,17,"0","EEG",63,"standard61","Fp1, Fp2, F7, F3, Fz, F4, F8, T7, C3, Cz, C4, T8, P7, P3, Pz, P4, P8, O1, O2, Fpz, FC5, FC1, FC2, FC6, CP5, CP1, CP2, CP6, Oz, AF7, AF3, AFz, AF4, AF8, F5, F1, F2, F6, FT7, FC3, FCz, FC4, FT8, C5, C1, C2, C6, TP7, CP3, CPz, CP4, TP8, P9, P5, P1, P2, P6, P10, PO7, PO3, POz, PO4, PO8, Iz",NA,"2","N/C","Left clavicle, Left Chest","unknown","CMS","Common average",1,40,"1","1","CFA, muscle",3,"Semi-automatic","Time course, Topography, Power spectrum","","noisy epochs","Fp1, Fp2, F7, F3, Fz, F4, F8, T7, C3, Cz, C4, T8, P7, P3, Pz, P4, P8, O1, O2, Fpz, FC5, FC1, FC2, FC6, CP5, CP1, CP2, CP6, Oz, AF7, AF3, AFz, AF4, AF8, F5, F1, F2, F6, FT7, FC3, FCz, FC4, FT8, C5, C1, C2, C6, TP7, CP3, CPz, CP4, TP8, P9, P5, P1, P2, P6, P10, PO7, PO3, POz, PO4, PO8, Iz",1,2,"320","Primary","R-peak",100,600,-100,0,"Group/Condition Differences","Amplitude","0","0","t-test","1",2500,"1","Fz, F2, FCz, FC2, Cz","R-peak",200,300,"ECG, surrogate heartbeats","","pubmed","Yes","Clustering",0,FALSE,TRUE,"Task",TRUE,FALSE,TRUE,NA,FALSE,FALSE,FALSE,FALSE,FALSE,FALSE,"R-peak","Yes","Both","Clustering","Both","Gentsch et al. (2019)",320,NA,320
30159945,"Affective interoceptive inference: Evidence from heart-beat evoked brain potentials","Gentsch A, Sel A, Marshall AC, Schütz-Bosbach S.",2019,0,17,"0","EEG",63,"standard61","Fp1, Fp2, F7, F3, Fz, F4, F8, T7, C3, Cz, C4, T8, P7, P3, Pz, P4, P8, O1, O2, Fpz, FC5, FC1, FC2, FC6, CP5, CP1, CP2, CP6, Oz, AF7, AF3, AFz, AF4, AF8, F5, F1, F2, F6, FT7, FC3, FCz, FC4, FT8, C5, C1, C2, C6, TP7, CP3, CPz, CP4, TP8, P9, P5, P1, P2, P6, P10, PO7, PO3, POz, PO4, PO8, Iz",NA,"2","N/C","Left clavicle, Left Chest","unknown","CMS","Common average",1,40,"1","1","CFA, muscle",3,"Semi-automatic","Time course, Topography, Power spectrum","","noisy epochs","Fz, F2, FCz, FC2, Cz",1,1,"320","Secondary","R-peak",200,300,-100,0,"Correlation","Amplitude","1","1","Correlation","0",NA,"0","","",NA,NA,"","","pubmed","Yes","Averaging",1,FALSE,TRUE,"Task",TRUE,FALSE,TRUE,NA,FALSE,FALSE,FALSE,FALSE,FALSE,FALSE,"R-peak","Yes","Both","Averaging","Both","Gentsch et al. (2019)",320,NA,320
30076770,"Altered neural signatures of interoception in multiple sclerosis","Salamone PC, Esteves S, Sinay VJ, García-Cordero I, Abrevaya S, Couto B, Adolfi F, Martorell M, Petroni A, Yoris A, Torquati K, Alifano F, Legaz A, Cassará FP, Bruno D, Kemp AH, Herrera E, García AM, Ibáñez A, Sedeño L.",2018,0,80,"0","EEG",128,"biosemi128","A1, A2, A3, A4, A5, A6, A7, A8, A9, A10, A15, A16, A17, A18, A19, A20, A21, A22, A23, A28, A29, A30, A31, A32, B1, B2, B3, B4, B5, B6, B7, B11, B12, B13, B14, B15, B16, B17, B18, B19, B20, B21, B22, B23, B24, B25, B26, B27, B28, B29, B30, B31, B32, C1, C2, C3, C4, C5, C6, C7, C8, C9, C10, C11, C12, C13, C14, C15, C16, C17, C18, C19, C20, C21, C22, C23, C24, C25, C26, C27, C28, C29, C30, C31, C32, D1, D2, D3, D4, D5, D6, D7, D8, D9, D10, D11, D12, D13, D14, D15, D16, D17, D18, D19, D20, D21, D22, D23, D24, D25, D26, D27, D28, D29, D30, D31",8,"unknown","N/M","unknown","unknown","unknown","Linked mastoids",0.5,30,"1","0","CFA, Eye movements",NA,"Manual","Time course","","noisy epochs","C27, C28, C31, C32",2,2,"unknown","Primary","R-peak",100,500,-200,0,"Group/Condition Differences","Amplitude","1","0","t-test","1",NA,"1","C27, C28, C31, C32","R-peak",100,500,"","","pubmed","Yes","Clustering",0,FALSE,TRUE,"Task",TRUE,FALSE,TRUE,NA,FALSE,FALSE,FALSE,FALSE,FALSE,FALSE,"R-peak","Yes","Both","Clustering","Both","Salamone et al. (2018)",NA,NA,NA
30076770,"Altered neural signatures of interoception in multiple sclerosis","Salamone PC, Esteves S, Sinay VJ, García-Cordero I, Abrevaya S, Couto B, Adolfi F, Martorell M, Petroni A, Yoris A, Torquati K, Alifano F, Legaz A, Cassará FP, Bruno D, Kemp AH, Herrera E, García AM, Ibáñez A, Sedeño L.",2018,0,80,"0","EEG",128,"biosemi128","A1, A2, A3, A4, A5, A6, A7, A8, A9, A10, A15, A16, A17, A18, A19, A20, A21, A22, A23, A28, A29, A30, A31, A32, B1, B2, B3, B4, B5, B6, B7, B11, B12, B13, B14, B15, B16, B17, B18, B19, B20, B21, B22, B23, B24, B25, B26, B27, B28, B29, B30, B31, B32, C1, C2, C3, C4, C5, C6, C7, C8, C9, C10, C11, C12, C13, C14, C15, C16, C17, C18, C19, C20, C21, C22, C23, C24, C25, C26, C27, C28, C29, C30, C31, C32, D1, D2, D3, D4, D5, D6, D7, D8, D9, D10, D11, D12, D13, D14, D15, D16, D17, D18, D19, D20, D21, D22, D23, D24, D25, D26, D27, D28, D29, D30, D31",8,"unknown","N/M","unknown","unknown","unknown","Linked mastoids",0.5,30,"1","0","CFA, Eye movements",NA,"Manual","Time course","","noisy epochs","C19, C20, C21, C22",2,2,"unknown","Primary","R-peak",100,500,-200,0,"Group/Condition Differences","Amplitude","1","0","t-test","1",NA,"1","C19, C20, C21, C22","R-peak",100,500,"","","pubmed","Yes","Clustering",0,FALSE,TRUE,"Task",TRUE,FALSE,TRUE,NA,FALSE,FALSE,FALSE,FALSE,FALSE,FALSE,"R-peak","Yes","Both","Clustering","Both","Salamone et al. (2018)",NA,NA,NA
30076770,"Altered neural signatures of interoception in multiple sclerosis","Salamone PC, Esteves S, Sinay VJ, García-Cordero I, Abrevaya S, Couto B, Adolfi F, Martorell M, Petroni A, Yoris A, Torquati K, Alifano F, Legaz A, Cassará FP, Bruno D, Kemp AH, Herrera E, García AM, Ibáñez A, Sedeño L.",2018,0,80,"0","EEG",128,"biosemi128","A1, A2, A3, A4, A5, A6, A7, A8, A9, A10, A15, A16, A17, A18, A19, A20, A21, A22, A23, A28, A29, A30, A31, A32, B1, B2, B3, B4, B5, B6, B7, B11, B12, B13, B14, B15, B16, B17, B18, B19, B20, B21, B22, B23, B24, B25, B26, B27, B28, B29, B30, B31, B32, C1, C2, C3, C4, C5, C6, C7, C8, C9, C10, C11, C12, C13, C14, C15, C16, C17, C18, C19, C20, C21, C22, C23, C24, C25, C26, C27, C28, C29, C30, C31, C32, D1, D2, D3, D4, D5, D6, D7, D8, D9, D10, D11, D12, D13, D14, D15, D16, D17, D18, D19, D20, D21, D22, D23, D24, D25, D26, D27, D28, D29, D30, D31",8,"unknown","N/M","unknown","unknown","unknown","Linked mastoids",0.5,30,"1","0","CFA, Eye movements",NA,"Manual","Time course","","noisy epochs","C9, C10, C14, C15",2,1,"unknown","Primary","R-peak",100,500,-200,0,"Group/Condition Differences","Amplitude","1","0","t-test","1",NA,"1","C9, C10, C14, C15","R-peak",100,500,"","","pubmed","Yes","Clustering",0,FALSE,TRUE,"Task",TRUE,FALSE,TRUE,NA,FALSE,FALSE,FALSE,FALSE,FALSE,FALSE,"R-peak","Yes","Both","Clustering","Both","Salamone et al. (2018)",NA,NA,NA
30076770,"Altered neural signatures of interoception in multiple sclerosis","Salamone PC, Esteves S, Sinay VJ, García-Cordero I, Abrevaya S, Couto B, Adolfi F, Martorell M, Petroni A, Yoris A, Torquati K, Alifano F, Legaz A, Cassará FP, Bruno D, Kemp AH, Herrera E, García AM, Ibáñez A, Sedeño L.",2018,0,80,"0","EEG",128,"biosemi128","A1, A2, A3, A4, A5, A6, A7, A8, A9, A10, A15, A16, A17, A18, A19, A20, A21, A22, A23, A28, A29, A30, A31, A32, B1, B2, B3, B4, B5, B6, B7, B11, B12, B13, B14, B15, B16, B17, B18, B19, B20, B21, B22, B23, B24, B25, B26, B27, B28, B29, B30, B31, B32, C1, C2, C3, C4, C5, C6, C7, C8, C9, C10, C11, C12, C13, C14, C15, C16, C17, C18, C19, C20, C21, C22, C23, C24, C25, C26, C27, C28, C29, C30, C31, C32, D1, D2, D3, D4, D5, D6, D7, D8, D9, D10, D11, D12, D13, D14, D15, D16, D17, D18, D19, D20, D21, D22, D23, D24, D25, D26, D27, D28, D29, D30, D31",8,"unknown","N/M","unknown","unknown","unknown","Linked mastoids",0.5,30,"1","0","CFA, Eye movements",NA,"Manual","Time course","","noisy epochs","A1, A2, A3, A4, A5, A6, A7, A8, A9, A10, A15, A16, A17, A18, A19, A20, A21, A22, A23, A28, A29, A30, A31, A32, B1, B2, B3, B4, B5, B6, B7, B11, B12, B13, B14, B15, B16, B17, B18, B19, B20, B21, B22, B23, B24, B25, B26, B27, B28, B29, B30, B31, B32, C1, C2, C3, C4, C5, C6, C7, C8, C9, C10, C11, C12, C13, C14, C15, C16, C17, C18, C19, C20, C21, C22, C23, C24, C25, C26, C27, C28, C29, C30, C31, C32, D1, D2, D3, D4, D5, D6, D7, D8, D9, D10, D11, D12, D13, D14, D15, D16, D17, D18, D19, D20, D21, D22, D23, D24, D25, D26, D27, D28, D29, D30, D31",2,1,"unknown","Primary","R-peak",100,500,-200,0,"Group/Condition Differences","Amplitude","1","1","t-test","1",5000,"1","unknown","R-peak",200,402,"","","pubmed","Yes","Other",0,FALSE,TRUE,"Task",TRUE,FALSE,TRUE,NA,FALSE,FALSE,FALSE,FALSE,FALSE,FALSE,"R-peak","Yes","Both",NA,"Both","Salamone et al. (2018)",NA,NA,NA
30076770,"Altered neural signatures of interoception in multiple sclerosis","Salamone PC, Esteves S, Sinay VJ, García-Cordero I, Abrevaya S, Couto B, Adolfi F, Martorell M, Petroni A, Yoris A, Torquati K, Alifano F, Legaz A, Cassará FP, Bruno D, Kemp AH, Herrera E, García AM, Ibáñez A, Sedeño L.",2018,0,80,"0","EEG",128,"biosemi128","A1, A2, A3, A4, A5, A6, A7, A8, A9, A10, A15, A16, A17, A18, A19, A20, A21, A22, A23, A28, A29, A30, A31, A32, B1, B2, B3, B4, B5, B6, B7, B11, B12, B13, B14, B15, B16, B17, B18, B19, B20, B21, B22, B23, B24, B25, B26, B27, B28, B29, B30, B31, B32, C1, C2, C3, C4, C5, C6, C7, C8, C9, C10, C11, C12, C13, C14, C15, C16, C17, C18, C19, C20, C21, C22, C23, C24, C25, C26, C27, C28, C29, C30, C31, C32, D1, D2, D3, D4, D5, D6, D7, D8, D9, D10, D11, D12, D13, D14, D15, D16, D17, D18, D19, D20, D21, D22, D23, D24, D25, D26, D27, D28, D29, D30, D31",8,"unknown","N/M","unknown","unknown","unknown","Linked mastoids",0.5,30,"1","0","CFA, Eye movements",NA,"Manual","Time course","","noisy epochs","C27, C28, C31, C32",1,1,"unknown","Secondary","R-peak",200,250,-200,0,"Correlation","Amplitude","1","1","Correlation","0",NA,"1","C27, C28, C31, C32","",NA,NA,"","","pubmed","Yes","Averaging",1,FALSE,TRUE,"Task",TRUE,FALSE,TRUE,NA,FALSE,FALSE,FALSE,FALSE,FALSE,FALSE,"R-peak","Yes","Both","Averaging","Both","Salamone et al. (2018)",NA,NA,NA
29944962,"Interoception is associated with heartbeat-evoked brain potentials (HEPs) in adolescents","Mai S, Wong CK, Georgiou E, Pollatos O.",2018,0,46,"1","EEG",62,"easycap-M10","",5,"2","N/C","Right clavicle, left chest","unknown","Cz","unknown",0.05,20,"1","0","CFA, Eye movements",NA,"Semi-automatic","Power spectrum, topography, time course","subtract/regress ECG from EEG","noisy epochs","Fp1, AF3, F1, F5, F7, F9, FT7, FT9, Fpz, AFz, Fz, Fp2, AF4, F2, F6, F8, F10, FT10, FT8, FC3, FC5, FCz, FC4, FC6, C1, C2, C3, C4, C5, C6, CP1, CP2, CP3, CP4, CP5, CP6, CPz, P1, P2, P5, P6, P7, P8, P9, P10, Pz, T7, T8, TP7, TP8, TP9, TP10, PO3, PO4, O1, O2, O9, O10, Oz",1,11,"unknown","Primary","R-peak",360,500,-200,0,"Group/Condition Differences","Amplitude","1","1","ANOVA","0",NA,"0","","",NA,NA,"","","pubmed","Yes","Averaging",1,TRUE,FALSE,"Rest",TRUE,FALSE,TRUE,NA,FALSE,FALSE,FALSE,TRUE,FALSE,FALSE,"R-peak","Yes","Averaging","Averaging","Primary","Mai et al. (2018)",NA,NA,NA
29944962,"Interoception is associated with heartbeat-evoked brain potentials (HEPs) in adolescents","Mai S, Wong CK, Georgiou E, Pollatos O.",2018,0,46,"1","EEG",62,"easycap-M10","",5,"2","N/C","Right clavicle, left chest","unknown","Cz","unknown",0.05,20,"1","0","CFA, Eye movements",NA,"Semi-automatic","Power spectrum, topography, time course","subtract/regress ECG from EEG","noisy epochs","Fp1, AF3, F1, F5, F7, F9, FT7, FT9, Fpz, AFz, Fz, Fp2, AF4, F2, F6, F8, F10, FT10, FT8, FC3, FC5, FCz, FC4, FC6, C1, C2, C3, C4, C5, C6, CP1, CP2, CP3, CP4, CP5, CP6, CPz, P1, P2, P5, P6, P7, P8, P9, P10, Pz, T7, T8, TP7, TP8, TP9, TP10, PO3, PO4, O1, O2, O9, O10, Oz",1,2,"unknown","Primary","R-peak",360,500,-200,0,"Group/Condition Differences","Amplitude","1","1","t-test","0",NA,"1","Fp1, AF3, F1, F5, F7, F9, FT7, FT9, Fpz, AFz, Fz, Fp2, AF4, F2, F6, F8, F10, FT10, FT8, FC3, FC5, FCz, FC4, FC6, C1, C2, C3, C4, C5, C6, CP1, CP2, CP3, CP4, CP5, CP6, CPz, P1, P2, P5, P6, P7, P8, P9, P10, Pz, T7, T8, TP7, TP8, TP9, TP10, PO3, PO4, O1, O2, O9, O10, Oz","",NA,NA,"","","pubmed","Yes","Averaging",1,TRUE,FALSE,"Rest",TRUE,FALSE,TRUE,NA,FALSE,FALSE,FALSE,TRUE,FALSE,FALSE,"R-peak","Yes","Averaging","Averaging","Primary","Mai et al. (2018)",NA,NA,NA
29944962,"Interoception is associated with heartbeat-evoked brain potentials (HEPs) in adolescents","Mai S, Wong CK, Georgiou E, Pollatos O.",2018,0,46,"1","EEG",62,"easycap-M10","",5,"2","N/C","Right clavicle, left chest","unknown","Cz","unknown",0.05,20,"1","0","CFA, Eye movements",NA,"Semi-automatic","Power spectrum, topography, time course","subtract/regress ECG from EEG","noisy epochs","Fp1, AF3, F1, F5, F7, F9, FT7, FT9, Fpz, AFz, Fz, Fp2, AF4, F2, F6, F8, F10, FT10, FT8, FC3, FC5, FCz, FC4, FC6, C1, C2, C3, C4, C5, C6, CP1, CP2, CP3, CP4, CP5, CP6, CPz, P1, P2, P5, P6, P7, P8, P9, P10, Pz, T7, T8, TP7, TP8, TP9, TP10, PO3, PO4, O1, O2, O9, O10, Oz",1,1,"unknown","Primary","R-peak",360,500,-200,0,"Group/Condition Differences","Amplitude","1","1","Correlation","0",NA,"1","Fp1, AF3, F1, F5, F7, F9, FT7, FT9, Fpz, AFz, Fz, Fp2, AF4, F2, F6, F8, F10, FT10, FT8, FC3, FC5, FCz, FC4, FC6, C1, C2, C3, C4, C5, C6, CP1, CP2, CP3, CP4, CP5, CP6, CPz, P1, P2, P5, P6, P7, P8, P9, P10, Pz, T7, T8, TP7, TP8, TP9, TP10, PO3, PO4, O1, O2, O9, O10, Oz","",NA,NA,"","","pubmed","Yes","Averaging",1,TRUE,FALSE,"Rest",TRUE,FALSE,TRUE,NA,FALSE,FALSE,FALSE,TRUE,FALSE,FALSE,"R-peak","Yes","Averaging","Averaging","Primary","Mai et al. (2018)",NA,NA,NA
29868834,"Cardiac interoceptive learning is modulated by emotional valence perceived from facial expressions","Marshall AC, Gentsch A, Schröder L, Schütz-Bosbach S.",2018,0,25,"0","EEG",64,"standard61","Fp1, Fp2, F7, F3, Fz, F4, F8, T7, C3, Cz, C4, T8, P7, P3, Pz, P4, P8, O1, O2, FT9, FC5, FC1, FC2, FC6, FT10, TP9, P5, CP1, CP2, CP6, TP10, Oz, AF7, AF3, AFz, AF4, AF8, F5, F1, F2, F6, FT7, FC3, FCz, FC4, FT8, C5, C1, C2, C6, TP7, CP3, CPz, CP4, TP8, P5, P1, P2, P6, PO9, PO7, PO3, POz, PO4, PO8, PO10",NA,"2","Lead III","Left clavicle, Left chest","unknown","unknown","Laplacian reference",0.1,40,"1","0","CFA, Eye movements, Blinks",1.72,"Manual","Topography, Time course, Power spectrum","CSD","","Fp1, Fp2, F7, F3, Fz, F4, F8, T7, C3, Cz, C4, T8, P7, P3, Pz, P4, P8, O1, O2, FT9, FC5, FC1, FC2, FC6, FT10, TP9, P5, CP1, CP2, CP6, TP10, Oz, AF7, AF3, AFz, AF4, AF8, F5, F1, F2, F6, FT7, FC3, FCz, FC4, FT8, C5, C1, C2, C6, TP7, CP3, CPz, CP4, TP8, P5, P1, P2, P6, PO9, PO7, PO3, POz, PO4, PO8, PO10",1,2,"104","Primary","R-peak",-100,600,-100,0,"Group/Condition Differences","Amplitude","0","0","F-test","0",1000,"1","F1, Fz, F2, FC1, FCz, FC2","R-peak",200,300,"ECG, RR","","pubmed","Yes","Other",0,FALSE,TRUE,"Task",FALSE,FALSE,TRUE,NA,FALSE,FALSE,TRUE,FALSE,FALSE,FALSE,"R-peak","Yes","Averaging",NA,"Both","Marshall et al. (2018)",104,NA,104
29868834,"Cardiac interoceptive learning is modulated by emotional valence perceived from facial expressions","Marshall AC, Gentsch A, Schröder L, Schütz-Bosbach S.",2018,0,25,"0","EEG",64,"standard61","Fp1, Fp2, F7, F3, Fz, F4, F8, T7, C3, Cz, C4, T8, P7, P3, Pz, P4, P8, O1, O2, FT9, FC5, FC1, FC2, FC6, FT10, TP9, P5, CP1, CP2, CP6, TP10, Oz, AF7, AF3, AFz, AF4, AF8, F5, F1, F2, F6, FT7, FC3, FCz, FC4, FT8, C5, C1, C2, C6, TP7, CP3, CPz, CP4, TP8, P5, P1, P2, P6, PO9, PO7, PO3, POz, PO4, PO8, PO10",NA,"2","Lead III","Left clavicle, Left chest","unknown","unknown","Laplacian reference",0.1,40,"1","0","CFA, Eye movements, Blinks",1.72,"Manual","Topography, Time course, Power spectrum","CSD","","F1, Fz, F2, FC1, FCz, FC2",1,2,"104","Secondary","R-peak",200,300,-100,0,"Group/Condition Differences","Amplitude","1","1","ANOVA","0",NA,"1","F1, Fz, F2, FC1, FCz, FC2","",NA,NA,"ECG, RR","","pubmed","Yes","Averaging",1,FALSE,TRUE,"Task",FALSE,FALSE,TRUE,NA,FALSE,FALSE,TRUE,FALSE,FALSE,FALSE,"R-peak","Yes","Averaging","Averaging","Both","Marshall et al. (2018)",104,NA,104
29868834,"Cardiac interoceptive learning is modulated by emotional valence perceived from facial expressions","Marshall AC, Gentsch A, Schröder L, Schütz-Bosbach S.",2018,0,25,"0","EEG",64,"standard61","Fp1, Fp2, F7, F3, Fz, F4, F8, T7, C3, Cz, C4, T8, P7, P3, Pz, P4, P8, O1, O2, FT9, FC5, FC1, FC2, FC6, FT10, TP9, P5, CP1, CP2, CP6, TP10, Oz, AF7, AF3, AFz, AF4, AF8, F5, F1, F2, F6, FT7, FC3, FCz, FC4, FT8, C5, C1, C2, C6, TP7, CP3, CPz, CP4, TP8, P5, P1, P2, P6, PO9, PO7, PO3, POz, PO4, PO8, PO10",NA,"2","Lead III","Left clavicle, Left chest","unknown","unknown","Laplacian reference",0.1,40,"1","0","CFA, Eye movements, Blinks",1.72,"Manual","Topography, Time course, Power spectrum","CSD","","F1, Fz, F2, FC1, FCz, FC2",1,2,"104","Secondary","R-peak",200,300,-100,0,"Group/Condition Differences","Amplitude","1","1","Correlation","0",NA,"1","F1, Fz, F2, FC1, FCz, FC2","",NA,NA,"ECG, RR","","pubmed","Yes","Averaging",1,FALSE,TRUE,"Task",FALSE,FALSE,TRUE,NA,FALSE,FALSE,TRUE,FALSE,FALSE,FALSE,"R-peak","Yes","Averaging","Averaging","Both","Marshall et al. (2018)",104,NA,104
29447999,"Late heartbeat-evoked potentials are associated with survival after cardiac arrest","Schulz A, Stammet P, Dierolf AM, Vögele C, Beyenburg S, Werer C, Devaux Y.",2018,0,55,"1","EEG",14,"standard19","Fp1, Fp2, F3, F4, C3, C4, P3, P4, T3, T4, O1, O2, A1, A2",15,"2","Lead II","unknown","unknown","linked mastoids","unknown",1,35,"0",NA,"",NA,"","","","","Fp1, Fp2, F3, F4, C3, P3, P4, T3, T4, O1, O2, A1, A2",2,1,"1087+-384","Primary","R-peak",455,595,-200,0,"Group/Condition Differences","Amplitude","1","1","ANOVA","0",NA,"0","","",NA,NA,"HR, RMSSD, SDNN","","pubmed","Yes","Averaging",1,TRUE,FALSE,"Rest",FALSE,FALSE,FALSE,NA,FALSE,FALSE,FALSE,FALSE,FALSE,FALSE,"R-peak","Yes","Averaging","Averaging","Primary","Schulz et al. (2018)",1087,384,1087
29447999,"Late heartbeat-evoked potentials are associated with survival after cardiac arrest","Schulz A, Stammet P, Dierolf AM, Vögele C, Beyenburg S, Werer C, Devaux Y.",2018,0,55,"1","EEG",14,"standard19","Fp1, Fp2, F3, F4, C3, C4, P3, P4, T3, T4, O1, O2, A1, A2",15,"2","Lead II","unknown","unknown","linked mastoids","unknown",1,35,"0",NA,"",NA,"","","","","Fp1, Fp2, F3, F4, C3, P3, P4, T3, T4, O1, O2, A1, A2",2,1,"1087+-384","Primary","R-peak",180,320,-200,0,"Group/Condition Differences","Amplitude","1","1","ANOVA","0",NA,"0","","",NA,NA,"HR, RMSSD, SDNN","","pubmed","Yes","Averaging",1,TRUE,FALSE,"Rest",FALSE,FALSE,FALSE,NA,FALSE,FALSE,FALSE,FALSE,FALSE,FALSE,"R-peak","Yes","Averaging","Averaging","Primary","Schulz et al. (2018)",1087,384,1087
29447999,"Late heartbeat-evoked potentials are associated with survival after cardiac arrest","Schulz A, Stammet P, Dierolf AM, Vögele C, Beyenburg S, Werer C, Devaux Y.",2018,0,55,"1","EEG",14,"standard19","Fp1, Fp2, F3, F4, C3, C4, P3, P4, T3, T4, O1, O2, A1, A2",15,"2","Lead II","unknown","unknown","linked mastoids","unknown",1,35,"0",NA,"",NA,"","","","","Fp1, Fp2, F3, F4, C3, P3, P4, T3, T4, O1, O2, A1, A2",2,1,"1087+-384","Primary","R-peak",860,1000,-200,0,"Group/Condition Differences","Amplitude","1","1","ANOVA","0",NA,"1","Fp1, Fp2, F3, F4, C3, P3, P4, T3, T4, O1, O2, A1, A2","",NA,NA,"HR, RMSSD, SDNN","","pubmed","Yes","Averaging",1,TRUE,FALSE,"Rest",FALSE,FALSE,FALSE,NA,FALSE,FALSE,FALSE,FALSE,FALSE,FALSE,"R-peak","Yes","Averaging","Averaging","Primary","Schulz et al. (2018)",1087,384,1087
29271093,"Multilevel convergence of interoceptive impairments in hypertension: New evidence of disrupted body-brain interactions","Yoris A, Abrevaya S, Esteves S, Salamone P, Lori N, Martorell M, Legaz A, Alifano F, Petroni A, Sánchez R, Sedeño L, García AM, Ibáñez A.",2018,0,50,"0","EEG",128,"biosemi128","A1, A2, A3, A4, A5, A6, A7, A8, A9, A10, A15, A16, A17, A18, A19, A20, A21, A22, A23, A28, A29, A30, A31, A32, B1, B2, B3, B4, B5, B6, B7, B11, B12, B13, B14, B15, B16, B17, B18, B19, B20, B21, B22, B23, B24, B25, B26, B27, B28, B29, B30, B31, B32, C1, C2, C3, C4, C5, C6, C7, C8, C9, C10, C11, C12, C13, C14, C15, C16, C17, C18, C19, C20, C21, C22, C23, C24, C25, C26, C27, C28, C29, C30, C31, C32, D1, D2, D3, D4, D5, D6, D7, D8, D9, D10, D11, D12, D13, D14, D15, D16, D17, D18, D19, D20, D21, D22, D23, D24, D25, D26, D27, D28, D29, D30, D31",NA,"2","N/M","unknown","unknown","Linked mastoids","Common average",0.3,50,"1","1","Eye movements",NA,"","","limit analysis to time of minimal artifact","Noisy epochs","C3, C4, C5, C6, C7, C9, C10, C13, C14, C15, C26, C27, C28, C31, C32, D3, D4, D5, D6, D7, C11, C12, C18, C19, C20, C21, C22, C23, C24, C25",2,1,"[est300]","Primary","R-peak",200,500,-200,0,"Group/Condition Differences","Amplitude","1","0","t-test","1",5000,"1","C3, C4, C5, C6, C7, C9, C10, C13, C14, C15, C26, C27, C28, C31, C32, D3, D4, D5, D6, D7, C11, C12, C18, C19, C20, C21, C22, C23, C24, C25","R-peak",200,500,"Age, Gender, BMI, Education, Handedness","est number of trials = 2 blocks * 2.5 min * 60 bpm per condition (internal/external)","pubmed","Yes","Clustering",0,FALSE,TRUE,"Task",TRUE,FALSE,FALSE,NA,FALSE,TRUE,FALSE,FALSE,FALSE,FALSE,"R-peak","Yes","Clustering","Clustering","Primary","Yoris et al. (2018)",300,NA,NA
29184095,"Exteroceptive expectations modulate interoceptive processing: repetition-suppression effects for visual and heartbeat evoked potentials","Marshall AC, Gentsch A, Jelinčić V, Schütz-Bosbach S.",2017,0,25,"0","EEG",64,"standard61","Fp1, Fp2, F7, F3, Fz, F4, F8, T7, C3, Cz, C4, T8, P7, P3, Pz, P4, P8, O1, O2, FC5, FC1, FCz, FC2, FC6, CP5, CP1, CP2, CP6, Oz, AF7, AF3, AF4, AF8, F5, F1, F2, F6, FT7, FC3, FC4, FT8, C5, C1, C2, C6, TP7, CP3, CPz, CP4, TP8, P5, P1, P2, P6, PO7, PO3, POz, PO4, PO8",NA,"2","Lead III","Left clavicle, Left chest","unknown","CMS","Laplacian reference",1,40,"1","0","Eye movements, Blinks, CFA",1.75,"Manual","Time course, topography, power spectrum","CSD","","Fp1, Fp2, F7, F3, Fz, F4, F8, T7, C3, Cz, C4, T8, P7, P3, Pz, P4, P8, O1, O2, FC5, FC1, FCz, FC2, FC6, CP5, CP1, CP2, CP6, Oz, AF7, AF3, AF4, AF8, F5, F1, F2, F6, FT7, FC3, FC4, FT8, C5, C1, C2, C6, TP7, CP3, CPz, CP4, TP8, P5, P1, P2, P6, PO7, PO3, POz, PO4, PO8",1,2,"unknown","Primary","R-peak",-100,0,-100,0,"Group/Condition Differences","Amplitude","0","1","F-test","0",1000,"0","","",NA,NA,"ECG, RR, LF, HF, Surrogate heartbeats","","pubmed","Yes","Averaging",1,FALSE,TRUE,"Task",FALSE,FALSE,TRUE,NA,FALSE,FALSE,TRUE,FALSE,FALSE,FALSE,"R-peak","Yes","Averaging","Averaging","Both","Marshall et al. (2017)",NA,NA,NA
29184095,"Exteroceptive expectations modulate interoceptive processing: repetition-suppression effects for visual and heartbeat evoked potentials","Marshall AC, Gentsch A, Jelinčić V, Schütz-Bosbach S.",2017,0,25,"0","EEG",64,"standard61","Fp1, Fp2, F7, F3, Fz, F4, F8, T7, C3, Cz, C4, T8, P7, P3, Pz, P4, P8, O1, O2, FC5, FC1, FCz, FC2, FC6, CP5, CP1, CP2, CP6, Oz, AF7, AF3, AF4, AF8, F5, F1, F2, F6, FT7, FC3, FC4, FT8, C5, C1, C2, C6, TP7, CP3, CPz, CP4, TP8, P5, P1, P2, P6, PO7, PO3, POz, PO4, PO8",NA,"2","Lead III","Left clavicle, Left chest","unknown","CMS","Laplacian reference",1,40,"1","0","Eye movements, Blinks, CFA",1.75,"Manual","Time course, topography, power spectrum","CSD","","Fp1, Fp2, F7, F3, Fz, F4, F8, T7, C3, Cz, C4, T8, P7, P3, Pz, P4, P8, O1, O2, FC5, FC1, FCz, FC2, FC6, CP5, CP1, CP2, CP6, Oz, AF7, AF3, AF4, AF8, F5, F1, F2, F6, FT7, FC3, FC4, FT8, C5, C1, C2, C6, TP7, CP3, CPz, CP4, TP8, P5, P1, P2, P6, PO7, PO3, POz, PO4, PO8",1,2,"unknown","Primary","R-peak",0,100,-100,0,"Group/Condition Differences","Amplitude","0","1","F-test","0",1000,"0","","",NA,NA,"ECG, RR, LF, HF, Surrogate heartbeats","","pubmed","Yes","Averaging",1,FALSE,TRUE,"Task",FALSE,FALSE,TRUE,NA,FALSE,FALSE,TRUE,FALSE,FALSE,FALSE,"R-peak","Yes","Averaging","Averaging","Both","Marshall et al. (2017)",NA,NA,NA
29184095,"Exteroceptive expectations modulate interoceptive processing: repetition-suppression effects for visual and heartbeat evoked potentials","Marshall AC, Gentsch A, Jelinčić V, Schütz-Bosbach S.",2017,0,25,"0","EEG",64,"standard61","Fp1, Fp2, F7, F3, Fz, F4, F8, T7, C3, Cz, C4, T8, P7, P3, Pz, P4, P8, O1, O2, FC5, FC1, FCz, FC2, FC6, CP5, CP1, CP2, CP6, Oz, AF7, AF3, AF4, AF8, F5, F1, F2, F6, FT7, FC3, FC4, FT8, C5, C1, C2, C6, TP7, CP3, CPz, CP4, TP8, P5, P1, P2, P6, PO7, PO3, POz, PO4, PO8",NA,"2","Lead III","Left clavicle, Left chest","unknown","CMS","Laplacian reference",1,40,"1","0","Eye movements, Blinks, CFA",1.75,"Manual","Time course, topography, power spectrum","CSD","","Fp1, Fp2, F7, F3, Fz, F4, F8, T7, C3, Cz, C4, T8, P7, P3, Pz, P4, P8, O1, O2, FC5, FC1, FCz, FC2, FC6, CP5, CP1, CP2, CP6, Oz, AF7, AF3, AF4, AF8, F5, F1, F2, F6, FT7, FC3, FC4, FT8, C5, C1, C2, C6, TP7, CP3, CPz, CP4, TP8, P5, P1, P2, P6, PO7, PO3, POz, PO4, PO8",1,2,"unknown","Primary","R-peak",100,200,-100,0,"Group/Condition Differences","Amplitude","0","1","F-test","0",1000,"0","","",NA,NA,"ECG, RR, LF, HF, Surrogate heartbeats","","pubmed","Yes","Averaging",1,FALSE,TRUE,"Task",FALSE,FALSE,TRUE,NA,FALSE,FALSE,TRUE,FALSE,FALSE,FALSE,"R-peak","Yes","Averaging","Averaging","Both","Marshall et al. (2017)",NA,NA,NA
29184095,"Exteroceptive expectations modulate interoceptive processing: repetition-suppression effects for visual and heartbeat evoked potentials","Marshall AC, Gentsch A, Jelinčić V, Schütz-Bosbach S.",2017,0,25,"0","EEG",64,"standard61","Fp1, Fp2, F7, F3, Fz, F4, F8, T7, C3, Cz, C4, T8, P7, P3, Pz, P4, P8, O1, O2, FC5, FC1, FCz, FC2, FC6, CP5, CP1, CP2, CP6, Oz, AF7, AF3, AF4, AF8, F5, F1, F2, F6, FT7, FC3, FC4, FT8, C5, C1, C2, C6, TP7, CP3, CPz, CP4, TP8, P5, P1, P2, P6, PO7, PO3, POz, PO4, PO8",NA,"2","Lead III","Left clavicle, Left chest","unknown","CMS","Laplacian reference",1,40,"1","0","Eye movements, Blinks, CFA",1.75,"Manual","Time course, topography, power spectrum","CSD","","Fp1, Fp2, F7, F3, Fz, F4, F8, T7, C3, Cz, C4, T8, P7, P3, Pz, P4, P8, O1, O2, FC5, FC1, FCz, FC2, FC6, CP5, CP1, CP2, CP6, Oz, AF7, AF3, AF4, AF8, F5, F1, F2, F6, FT7, FC3, FC4, FT8, C5, C1, C2, C6, TP7, CP3, CPz, CP4, TP8, P5, P1, P2, P6, PO7, PO3, POz, PO4, PO8",1,2,"unknown","Primary","R-peak",200,300,-100,0,"Group/Condition Differences","Amplitude","0","1","F-test","0",1000,"1","Fp1, Fp2, F7, F3, Fz, F4, F8, T7, C3, Cz, C4, T8, P7, P3, Pz, P4, P8, O1, O2, FC5, FC1, FCz, FC2, FC6, CP5, CP1, CP2, CP6, Oz, AF7, AF3, AF4, AF8, F5, F1, F2, F6, FT7, FC3, FC4, FT8, C5, C1, C2, C6, TP7, CP3, CPz, CP4, TP8, P5, P1, P2, P6, PO7, PO3, POz, PO4, PO8","",NA,NA,"ECG, RR, LF, HF, Surrogate heartbeats","","pubmed","Yes","Averaging",1,FALSE,TRUE,"Task",FALSE,FALSE,TRUE,NA,FALSE,FALSE,TRUE,FALSE,FALSE,FALSE,"R-peak","Yes","Averaging","Averaging","Both","Marshall et al. (2017)",NA,NA,NA
29184095,"Exteroceptive expectations modulate interoceptive processing: repetition-suppression effects for visual and heartbeat evoked potentials","Marshall AC, Gentsch A, Jelinčić V, Schütz-Bosbach S.",2017,0,25,"0","EEG",64,"standard61","Fp1, Fp2, F7, F3, Fz, F4, F8, T7, C3, Cz, C4, T8, P7, P3, Pz, P4, P8, O1, O2, FC5, FC1, FCz, FC2, FC6, CP5, CP1, CP2, CP6, Oz, AF7, AF3, AF4, AF8, F5, F1, F2, F6, FT7, FC3, FC4, FT8, C5, C1, C2, C6, TP7, CP3, CPz, CP4, TP8, P5, P1, P2, P6, PO7, PO3, POz, PO4, PO8",NA,"2","Lead III","Left clavicle, Left chest","unknown","CMS","Laplacian reference",1,40,"1","0","Eye movements, Blinks, CFA",1.75,"Manual","Time course, topography, power spectrum","CSD","","Fp1, Fp2, F7, F3, Fz, F4, F8, T7, C3, Cz, C4, T8, P7, P3, Pz, P4, P8, O1, O2, FC5, FC1, FCz, FC2, FC6, CP5, CP1, CP2, CP6, Oz, AF7, AF3, AF4, AF8, F5, F1, F2, F6, FT7, FC3, FC4, FT8, C5, C1, C2, C6, TP7, CP3, CPz, CP4, TP8, P5, P1, P2, P6, PO7, PO3, POz, PO4, PO8",1,2,"unknown","Primary","R-peak",300,400,-100,0,"Group/Condition Differences","Amplitude","0","1","F-test","0",1000,"0","","",NA,NA,"ECG, RR, LF, HF, Surrogate heartbeats","","pubmed","Yes","Averaging",1,FALSE,TRUE,"Task",FALSE,FALSE,TRUE,NA,FALSE,FALSE,TRUE,FALSE,FALSE,FALSE,"R-peak","Yes","Averaging","Averaging","Both","Marshall et al. (2017)",NA,NA,NA
29184095,"Exteroceptive expectations modulate interoceptive processing: repetition-suppression effects for visual and heartbeat evoked potentials","Marshall AC, Gentsch A, Jelinčić V, Schütz-Bosbach S.",2017,0,25,"0","EEG",64,"standard61","Fp1, Fp2, F7, F3, Fz, F4, F8, T7, C3, Cz, C4, T8, P7, P3, Pz, P4, P8, O1, O2, FC5, FC1, FCz, FC2, FC6, CP5, CP1, CP2, CP6, Oz, AF7, AF3, AF4, AF8, F5, F1, F2, F6, FT7, FC3, FC4, FT8, C5, C1, C2, C6, TP7, CP3, CPz, CP4, TP8, P5, P1, P2, P6, PO7, PO3, POz, PO4, PO8",NA,"2","Lead III","Left clavicle, Left chest","unknown","CMS","Laplacian reference",1,40,"1","0","Eye movements, Blinks, CFA",1.75,"Manual","Time course, topography, power spectrum","CSD","","Fp1, Fp2, F7, F3, Fz, F4, F8, T7, C3, Cz, C4, T8, P7, P3, Pz, P4, P8, O1, O2, FC5, FC1, FCz, FC2, FC6, CP5, CP1, CP2, CP6, Oz, AF7, AF3, AF4, AF8, F5, F1, F2, F6, FT7, FC3, FC4, FT8, C5, C1, C2, C6, TP7, CP3, CPz, CP4, TP8, P5, P1, P2, P6, PO7, PO3, POz, PO4, PO8",1,2,"unknown","Primary","R-peak",400,500,-100,0,"Group/Condition Differences","Amplitude","0","1","F-test","0",1000,"0","","",NA,NA,"ECG, RR, LF, HF, Surrogate heartbeats","","pubmed","Yes","Averaging",1,FALSE,TRUE,"Task",FALSE,FALSE,TRUE,NA,FALSE,FALSE,TRUE,FALSE,FALSE,FALSE,"R-peak","Yes","Averaging","Averaging","Both","Marshall et al. (2017)",NA,NA,NA
29184095,"Exteroceptive expectations modulate interoceptive processing: repetition-suppression effects for visual and heartbeat evoked potentials","Marshall AC, Gentsch A, Jelinčić V, Schütz-Bosbach S.",2017,0,25,"0","EEG",64,"standard61","Fp1, Fp2, F7, F3, Fz, F4, F8, T7, C3, Cz, C4, T8, P7, P3, Pz, P4, P8, O1, O2, FC5, FC1, FCz, FC2, FC6, CP5, CP1, CP2, CP6, Oz, AF7, AF3, AF4, AF8, F5, F1, F2, F6, FT7, FC3, FC4, FT8, C5, C1, C2, C6, TP7, CP3, CPz, CP4, TP8, P5, P1, P2, P6, PO7, PO3, POz, PO4, PO8",NA,"2","Lead III","Left clavicle, Left chest","unknown","CMS","Laplacian reference",1,40,"1","0","Eye movements, Blinks, CFA",1.75,"Manual","Time course, topography, power spectrum","CSD","","Fp1, Fp2, F7, F3, Fz, F4, F8, T7, C3, Cz, C4, T8, P7, P3, Pz, P4, P8, O1, O2, FC5, FC1, FCz, FC2, FC6, CP5, CP1, CP2, CP6, Oz, AF7, AF3, AF4, AF8, F5, F1, F2, F6, FT7, FC3, FC4, FT8, C5, C1, C2, C6, TP7, CP3, CPz, CP4, TP8, P5, P1, P2, P6, PO7, PO3, POz, PO4, PO8",1,2,"unknown","Primary","R-peak",500,600,-100,0,"Group/Condition Differences","Amplitude","0","1","F-test","0",1000,"0","","",NA,NA,"ECG, RR, LF, HF, Surrogate heartbeats","","pubmed","Yes","Averaging",1,FALSE,TRUE,"Task",FALSE,FALSE,TRUE,NA,FALSE,FALSE,TRUE,FALSE,FALSE,FALSE,"R-peak","Yes","Averaging","Averaging","Both","Marshall et al. (2017)",NA,NA,NA
29184095,"Exteroceptive expectations modulate interoceptive processing: repetition-suppression effects for visual and heartbeat evoked potentials","Marshall AC, Gentsch A, Jelinčić V, Schütz-Bosbach S.",2017,0,25,"0","EEG",64,"standard61","Fp1, Fp2, F7, F3, Fz, F4, F8, T7, C3, Cz, C4, T8, P7, P3, Pz, P4, P8, O1, O2, FC5, FC1, FCz, FC2, FC6, CP5, CP1, CP2, CP6, Oz, AF7, AF3, AF4, AF8, F5, F1, F2, F6, FT7, FC3, FC4, FT8, C5, C1, C2, C6, TP7, CP3, CPz, CP4, TP8, P5, P1, P2, P6, PO7, PO3, POz, PO4, PO8",NA,"2","Lead III","Left clavicle, Left chest","unknown","CMS","Laplacian reference",1,40,"1","0","Eye movements, Blinks, CFA",1.75,"Manual","Time course, topography, power spectrum","CSD","","F1, Fz, F2, FC1, FCz, FC2",1,8,"unknown","Secondary","R-peak",200,300,-100,0,"Group/Condition Differences","Amplitude","1","1","ANOVA","0",NA,"1","F1, Fz, F2, FC1, FCz, FC2","",NA,NA,"","","pubmed","Yes","Averaging",1,FALSE,TRUE,"Task",FALSE,FALSE,TRUE,NA,FALSE,FALSE,TRUE,FALSE,FALSE,FALSE,"R-peak","Yes","Averaging","Averaging","Both","Marshall et al. (2017)",NA,NA,NA
29184095,"Exteroceptive expectations modulate interoceptive processing: repetition-suppression effects for visual and heartbeat evoked potentials","Marshall AC, Gentsch A, Jelinčić V, Schütz-Bosbach S.",2017,0,25,"0","EEG",64,"standard61","Fp1, Fp2, F7, F3, Fz, F4, F8, T7, C3, Cz, C4, T8, P7, P3, Pz, P4, P8, O1, O2, FC5, FC1, FCz, FC2, FC6, CP5, CP1, CP2, CP6, Oz, AF7, AF3, AF4, AF8, F5, F1, F2, F6, FT7, FC3, FC4, FT8, C5, C1, C2, C6, TP7, CP3, CPz, CP4, TP8, P5, P1, P2, P6, PO7, PO3, POz, PO4, PO8",NA,"2","Lead III","Left clavicle, Left chest","unknown","CMS","Laplacian reference",1,40,"1","0","Eye movements, Blinks",NA,"","","CSD","","F1, Fz, F2, FC1, FCz, FC2",1,8,"unknown","Secondary","R-peak",200,300,-100,0,"Group/Condition Differences","Amplitude","1","1","ANOVA","0",NA,"1","F1, Fz, F2, FC1, FCz, FC2","",NA,NA,"","","pubmed","Yes","Averaging",1,FALSE,TRUE,"Task",FALSE,FALSE,FALSE,NA,FALSE,FALSE,TRUE,FALSE,FALSE,FALSE,"R-peak","Yes","Averaging","Averaging","Both","Marshall et al. (2017)",NA,NA,NA
29184095,"Exteroceptive expectations modulate interoceptive processing: repetition-suppression effects for visual and heartbeat evoked potentials","Marshall AC, Gentsch A, Jelinčić V, Schütz-Bosbach S.",2017,0,25,"0","EEG",64,"standard61","Fp1, Fp2, F7, F3, Fz, F4, F8, T7, C3, Cz, C4, T8, P7, P3, Pz, P4, P8, O1, O2, FC5, FC1, FCz, FC2, FC6, CP5, CP1, CP2, CP6, Oz, AF7, AF3, AF4, AF8, F5, F1, F2, F6, FT7, FC3, FC4, FT8, C5, C1, C2, C6, TP7, CP3, CPz, CP4, TP8, P5, P1, P2, P6, PO7, PO3, POz, PO4, PO8",NA,"2","Lead III","Left clavicle, Left chest","unknown","CMS","Laplacian reference",1,40,"1","0","Eye movements, Blinks, CFA",1.75,"Manual","Time course, topography, power spectrum","CSD","","F1, Fz, F2, FC1, FCz, FC2",1,1,"unknown","Secondary","R-peak",200,300,-100,0,"Correlation","Amplitude","1","1","Correlation","0",NA,"0","","",NA,NA,"","","pubmed","Yes","Averaging",1,FALSE,TRUE,"Task",FALSE,FALSE,TRUE,NA,FALSE,FALSE,TRUE,FALSE,FALSE,FALSE,"R-peak","Yes","Averaging","Averaging","Both","Marshall et al. (2017)",NA,NA,NA
29184095,"Exteroceptive expectations modulate interoceptive processing: repetition-suppression effects for visual and heartbeat evoked potentials","Marshall AC, Gentsch A, Jelinčić V, Schütz-Bosbach S.",2017,0,25,"0","EEG",64,"standard61","Fp1, Fp2, F7, F3, Fz, F4, F8, T7, C3, Cz, C4, T8, P7, P3, Pz, P4, P8, O1, O2, FC5, FC1, FCz, FC2, FC6, CP5, CP1, CP2, CP6, Oz, AF7, AF3, AF4, AF8, F5, F1, F2, F6, FT7, FC3, FC4, FT8, C5, C1, C2, C6, TP7, CP3, CPz, CP4, TP8, P5, P1, P2, P6, PO7, PO3, POz, PO4, PO8",NA,"2","Lead III","Left clavicle, Left chest","unknown","CMS","Laplacian reference",1,40,"1","0","Eye movements, Blinks, CFA",1.75,"Manual","Time course, topography, power spectrum","CSD","","F1, Fz, F2, FC1, FCz, FC2",1,1,"unknown","Secondary","R-peak",200,300,-100,0,"Correlation","Amplitude","1","1","t-test","0",NA,"1","F1, Fz, F2, FC1, FCz, FC2","",NA,NA,"","","pubmed","Yes","Averaging",1,FALSE,TRUE,"Task",FALSE,FALSE,TRUE,NA,FALSE,FALSE,TRUE,FALSE,FALSE,FALSE,"R-peak","Yes","Averaging","Averaging","Both","Marshall et al. (2017)",NA,NA,NA
28784203,"Neurobehavioral evidence of interoceptive sensitivity in early infancy","Maister L, Tang T, Tsakiris M.",2017,0,22,"0","EEG",64,"standard61","Fp1, Fp2, F7, F3, Fz, F4, F8, T7, C3, Cz, C4, T8, P7, P3, Pz, P4, P8, O1, O2, Fpz, FC5, FC1, FC2, FC6, CP5, CP1, CP2, CP6, Oz, AF7, AF3, AFz, AF4, AF8, F5, F1, F2, F6, FT7, FC3, FCz, FC4, FT8, C5, C1, C2, C6, TP7, CP3, CPz, CP4, TP8, P9, P5, P1, P2, P6, P10, PO7, PO3, POz, PO4, PO8, Iz",NA,"3","Multiple
leads","Left clavicle, Right clavicle, Left abdomen","3-lead","CMS","Common average",0.1,30,"1","0","Eye movements, CFA",NA,"Automatic","Topography, CORRMAP","","Bad channels, Noisy epochs","Fp1, Fp2, F7, F3, Fz, F4, F8, T7, C3, Cz, C4, T8, P7, P3, Pz, P4, P8, O1, O2, Fpz, FC5, FC1, FC2, FC6, CP5, CP1, CP2, CP6, Oz, AF7, AF3, AFz, AF4, AF8, F5, F1, F2, F6, FT7, FC3, FCz, FC4, FT8, C5, C1, C2, C6, TP7, CP3, CPz, CP4, TP8, P9, P5, P1, P2, P6, P10, PO7, PO3, POz, PO4, PO8, Iz",1,2,"22+-14","Primary","R-peak",150,300,-200,-50,"Group/Condition Differences","Amplitude","0","0","t-test","1",2000,"1","F1, Fp1, Fp2, AF8, AF7, Fz, Fpz, AFz, F2, F4, F8","R-peak",150,300,"ECG","","pubmed","Yes","Clustering",0,FALSE,TRUE,"Task",TRUE,TRUE,TRUE,NA,FALSE,FALSE,FALSE,FALSE,FALSE,FALSE,"R-peak","Yes","Clustering","Clustering","Primary","Maister et al. (2017)",22,14,22
28784203,"Neurobehavioral evidence of interoceptive sensitivity in early infancy","Maister L, Tang T, Tsakiris M.",2017,0,22,"0","EEG",64,"standard61","Fp1, Fp2, F7, F3, Fz, F4, F8, T7, C3, Cz, C4, T8, P7, P3, Pz, P4, P8, O1, O2, Fpz, FC5, FC1, FC2, FC6, CP5, CP1, CP2, CP6, Oz, AF7, AF3, AFz, AF4, AF8, F5, F1, F2, F6, FT7, FC3, FCz, FC4, FT8, C5, C1, C2, C6, TP7, CP3, CPz, CP4, TP8, P9, P5, P1, P2, P6, P10, PO7, PO3, POz, PO4, PO8, Iz",NA,"3","Multiple
leads","Left clavicle, Right clavicle, Left abdomen","3-lead","CMS","Common average",0.1,30,"1","0","Eye movements, CFA",NA,"Automatic","Topography, CORRMAP","","Bad channels, Noisy epochs","Fp1, Fp2, F7, F3, Fz, F4, F8, T7, C3, Cz, C4, T8, P7, P3, Pz, P4, P8, O1, O2, Fpz, FC5, FC1, FC2, FC6, CP5, CP1, CP2, CP6, Oz, AF7, AF3, AFz, AF4, AF8, F5, F1, F2, F6, FT7, FC3, FCz, FC4, FT8, C5, C1, C2, C6, TP7, CP3, CPz, CP4, TP8, P9, P5, P1, P2, P6, P10, PO7, PO3, POz, PO4, PO8, Iz",1,1,"22+-14","Primary","R-peak",150,300,-200,-50,"Correlation","Amplitude","0","0","Correlation","1",2000,"1","P2, POz, Pz","R-peak",206,272,"ECG","","pubmed","Yes","Clustering",0,FALSE,TRUE,"Task",TRUE,TRUE,TRUE,NA,FALSE,FALSE,FALSE,FALSE,FALSE,FALSE,"R-peak","Yes","Clustering","Clustering","Primary","Maister et al. (2017)",22,14,22
28778551,"Brain responses and self-reported indices of interoception: Heartbeat evoked potentials are inversely associated with worrying about body sensations","Baranauskas M, Grabauskaitė A, Griškova-Bulanova I.",2017,0,30,"0","EEG",16,"standard19","Fp1, Fp2, F3, Fz, F4, C3, Cz, C4, P3, Pz, P4, O1, Oz, O2, M1, M2",NA,"2","Lead I","Right wrist, Left wrist","unknown","Cz","Linked mastoids",0.3,30,"1","0","Eye movements",NA,"","","RR at least 750 ms, limit analysis to time of minimal artifact","Bad channels, Noisy epochs","F3, Fz, F4, C3, Cz, C4, P3, Pz, P4, O1, Oz, O2",1,1,"444+-111","Primary","R-peak",400,600,-200,-50,"Correlation","Amplitude","0","0","Correlation","1",20000,"1","Cz, C4, Pz, P4","R-peak",400,545,"Sex, HRV","","pubmed","Yes","Clustering",0,FALSE,TRUE,"Task",TRUE,TRUE,FALSE,750,TRUE,TRUE,FALSE,FALSE,FALSE,FALSE,"R-peak","Yes","Clustering","Clustering","Primary","Baranauskas et al. (2017)",444,111,444
28769749,"Attention, in and Out: Scalp-Level and Intracranial EEG Correlates of Interoception and Exteroception","García-Cordero I, Esteves S, Mikulan EP, Hesse E, Baglivo FH, Silva W, García MDC, Vaucheret E, Ciraolo C, García HS, Adolfi F, Pietto M, Herrera E, Legaz A, Manes F, García AM, Sigman M, Bekinschtein TA, Ibáñez A, Sedeño L.",2017,0,50,"0","EEG",128,"biosemi128","A1, A2, A3, A4, A5, A6, A7, A8, A9, A10, A15, A16, A17, A18, A19, A20, A21, A22, A23, A28, A29, A30, A31, A32, B1, B2, B3, B4, B5, B6, B7, B11, B12, B13, B14, B15, B16, B17, B18, B19, B20, B21, B22, B23, B24, B25, B26, B27, B28, B29, B30, B31, B32, C1, C2, C3, C4, C5, C6, C7, C8, C9, C10, C11, C12, C13, C14, C15, C16, C17, C18, C19, C20, C21, C22, C23, C24, C25, C26, C27, C28, C29, C30, C31, C32, D1, D2, D3, D4, D5, D6, D7, D8, D9, D10, D11, D12, D13, D14, D15, D16, D17, D18, D19, D20, D21, D22, D23, D24, D25, D26, D27, D28, D29, D30, D31",NA,"2","Lead II","unknown","unknown","CMS","Linked mastoids",0.5,30,"1","0","Eye movements, CFA",NA,"Manual","Topography, time course","","noisy epochs","C3, C4, C5",1,2,"unknown","Primary","R-peak",100,500,NA,NA,"Group/Condition Differences","Amplitude","1","0","t-test","0",5000,"1","","",NA,NA,"","","pubmed","Unknown","Other",0,FALSE,TRUE,"Task",TRUE,FALSE,TRUE,NA,FALSE,FALSE,FALSE,FALSE,FALSE,FALSE,"R-peak","Unknown","None",NA,"Primary","García-Cordero et al. (2017)",NA,NA,NA
28769749,"Attention, in and Out: Scalp-Level and Intracranial EEG Correlates of Interoception and Exteroception","García-Cordero I, Esteves S, Mikulan EP, Hesse E, Baglivo FH, Silva W, García MDC, Vaucheret E, Ciraolo C, García HS, Adolfi F, Pietto M, Herrera E, Legaz A, Manes F, García AM, Sigman M, Bekinschtein TA, Ibáñez A, Sedeño L.",2017,0,50,"0","EEG",128,"biosemi128","A1, A2, A3, A4, A5, A6, A7, A8, A9, A10, A15, A16, A17, A18, A19, A20, A21, A22, A23, A28, A29, A30, A31, A32, B1, B2, B3, B4, B5, B6, B7, B11, B12, B13, B14, B15, B16, B17, B18, B19, B20, B21, B22, B23, B24, B25, B26, B27, B28, B29, B30, B31, B32, C1, C2, C3, C4, C5, C6, C7, C8, C9, C10, C11, C12, C13, C14, C15, C16, C17, C18, C19, C20, C21, C22, C23, C24, C25, C26, C27, C28, C29, C30, C31, C32, D1, D2, D3, D4, D5, D6, D7, D8, D9, D10, D11, D12, D13, D14, D15, D16, D17, D18, D19, D20, D21, D22, D23, D24, D25, D26, D27, D28, D29, D30, D31",NA,"2","Lead II","unknown","unknown","CMS","Linked mastoids",0.5,30,"1","0","Eye movements, CFA",NA,"Manual","Topography, time course","","noisy epochs","C17, C18, C19",1,2,"unknown","Primary","R-peak",100,500,NA,NA,"Group/Condition Differences","Amplitude","1","0","t-test","0",5000,"1","","",NA,NA,"","","pubmed","Unknown","Other",0,FALSE,TRUE,"Task",TRUE,FALSE,TRUE,NA,FALSE,FALSE,FALSE,FALSE,FALSE,FALSE,"R-peak","Unknown","None",NA,"Primary","García-Cordero et al. (2017)",NA,NA,NA
28769749,"Attention, in and Out: Scalp-Level and Intracranial EEG Correlates of Interoception and Exteroception","García-Cordero I, Esteves S, Mikulan EP, Hesse E, Baglivo FH, Silva W, García MDC, Vaucheret E, Ciraolo C, García HS, Adolfi F, Pietto M, Herrera E, Legaz A, Manes F, García AM, Sigman M, Bekinschtein TA, Ibáñez A, Sedeño L.",2017,0,50,"0","EEG",128,"biosemi128","A1, A2, A3, A4, A5, A6, A7, A8, A9, A10, A15, A16, A17, A18, A19, A20, A21, A22, A23, A28, A29, A30, A31, A32, B1, B2, B3, B4, B5, B6, B7, B11, B12, B13, B14, B15, B16, B17, B18, B19, B20, B21, B22, B23, B24, B25, B26, B27, B28, B29, B30, B31, B32, C1, C2, C3, C4, C5, C6, C7, C8, C9, C10, C11, C12, C13, C14, C15, C16, C17, C18, C19, C20, C21, C22, C23, C24, C25, C26, C27, C28, C29, C30, C31, C32, D1, D2, D3, D4, D5, D6, D7, D8, D9, D10, D11, D12, D13, D14, D15, D16, D17, D18, D19, D20, D21, D22, D23, D24, D25, D26, D27, D28, D29, D30, D31",NA,"2","Lead II","unknown","unknown","CMS","Linked mastoids",0.5,30,"1","0","Eye movements, CFA",NA,"Manual","Topography, time course","","noisy epochs","D3, D4, D5",1,2,"unknown","Primary","R-peak",100,500,NA,NA,"Group/Condition Differences","Amplitude","1","0","t-test","0",5000,"1","","",NA,NA,"","","pubmed","Unknown","Other",0,FALSE,TRUE,"Task",TRUE,FALSE,TRUE,NA,FALSE,FALSE,FALSE,FALSE,FALSE,FALSE,"R-peak","Unknown","None",NA,"Primary","García-Cordero et al. (2017)",NA,NA,NA
28560781,"Attending to the heart is associated with posterior alpha band increase and a reduction in sensitivity to concurrent visual stimuli","Villena-González M, Moënne-Loccoz C, Lagos RA, Alliende LM, Billeke P, Aboitiz F, López V, Cosmelli D.",2017,0,8,"0","EEG",64,"standard61","Fp1, Fp2, F7, F3, Fz, F4, F8, T7, C3, Cz, C4, T8, P7, P3, Pz, P4, P8, O1, O2, Fpz, FC5, FC1, FC2, FC6, CP5, CP1, CP2, CP6, Oz, AF7, AF3, AFz, AF4, AF8, F5, F1, F2, F6, FT7, FC3, FCz, FC4, FT8, C5, C1, C2, C6, TP7, CP3, CPz, CP4, TP8, P9, P5, P1, P2, P6, P10, PO7, PO3, POz, PO4, PO8, Iz",NA,"2","N/C","Left clavicle, Left chest","unknown","CMS","Linked mastoids",0.5,30,"1","1","CFA",NA,"Semi-automatic","Topography, CORRMAP","","","C3, Cz, FCz, C4",1,2,"unknown","Primary","R-peak",350,450,-200,0,"Group/Condition Differences","Amplitude","0","1","ANOVA","0",NA,"1","C3, Cz, FCz, C4","",NA,NA,"HR","","pubmed","Yes","Averaging",1,FALSE,TRUE,"Task",FALSE,FALSE,TRUE,NA,FALSE,FALSE,FALSE,FALSE,FALSE,FALSE,"R-peak","Yes","Averaging","Averaging","Primary","Villena-González et al. (2017)",NA,NA,NA
28560781,"Attending to the heart is associated with posterior alpha band increase and a reduction in sensitivity to concurrent visual stimuli","Villena-González M, Moënne-Loccoz C, Lagos RA, Alliende LM, Billeke P, Aboitiz F, López V, Cosmelli D.",2017,0,8,"0","EEG",64,"standard61","Fp1, Fp2, F7, F3, Fz, F4, F8, T7, C3, Cz, C4, T8, P7, P3, Pz, P4, P8, O1, O2, Fpz, FC5, FC1, FC2, FC6, CP5, CP1, CP2, CP6, Oz, AF7, AF3, AFz, AF4, AF8, F5, F1, F2, F6, FT7, FC3, FCz, FC4, FT8, C5, C1, C2, C6, TP7, CP3, CPz, CP4, TP8, P9, P5, P1, P2, P6, P10, PO7, PO3, POz, PO4, PO8, Iz",NA,"2","N/C","Left clavicle, Left chest","unknown","CMS","Linked mastoids",0.5,30,"1","1","CFA",NA,"Semi-automatic","Topography, CORRMAP","","","C3, Cz, FCz, C4",1,2,"unknown","Primary","R-peak",450,550,-200,0,"Group/Condition Differences","Amplitude","0","1","ANOVA","0",NA,"1","C3, Cz, FCz, C4","",NA,NA,"HR","","pubmed","Yes","Averaging",1,FALSE,TRUE,"Task",FALSE,FALSE,TRUE,NA,FALSE,FALSE,FALSE,FALSE,FALSE,FALSE,"R-peak","Yes","Averaging","Averaging","Primary","Villena-González et al. (2017)",NA,NA,NA
28374658,"The inner world of overactive monitoring: neural markers of interoception in obsessive-compulsive disorder","Yoris A, García AM, Traiber L, Santamaría-García H, Martorell M, Alifano F, Kichic R, Moser JS, Cetkovich M, Manes F, Ibáñez A, Sedeño L.",2017,0,55,"0","EEG",128,"biosemi128","A1, A2, A3, A4, A5, A6, A7, A8, A9, A10, A15, A16, A17, A18, A19, A20, A21, A22, A23, A28, A29, A30, A31, A32, B1, B2, B3, B4, B5, B6, B7, B11, B12, B13, B14, B15, B16, B17, B18, B19, B20, B21, B22, B23, B24, B25, B26, B27, B28, B29, B30, B31, B32, C1, C2, C3, C4, C5, C6, C7, C8, C9, C10, C11, C12, C13, C14, C15, C16, C17, C18, C19, C20, C21, C22, C23, C24, C25, C26, C27, C28, C29, C30, C31, C32, D1, D2, D3, D4, D5, D6, D7, D8, D9, D10, D11, D12, D13, D14, D15, D16, D17, D18, D19, D20, D21, D22, D23, D24, D25, D26, D27, D28, D29, D30, D31",NA,"2","N/M","unknown","unknown","Linked mastoids","Common average",0.3,50,"1","0","Eye movements, CFA",NA,"Manual","unknown","","","C14, C15, C16, C10",3,1,"unknown","Primary","R-peak",NA,NA,-200,NA,"Group/Condition Differences","Amplitude","1","0","t-test","1",NA,"1","C14, C15, C16, C10","R-peak",200,300,"Age, gender, education, handedness, BMI","","pubmed","Unknown","Clustering",0,FALSE,TRUE,"Task",FALSE,FALSE,TRUE,NA,FALSE,FALSE,FALSE,FALSE,FALSE,FALSE,"R-peak","Unknown","Clustering","Clustering","Primary","Yoris et al. (2017)",NA,NA,NA
28374658,"The inner world of overactive monitoring: neural markers of interoception in obsessive-compulsive disorder","Yoris A, García AM, Traiber L, Santamaría-García H, Martorell M, Alifano F, Kichic R, Moser JS, Cetkovich M, Manes F, Ibáñez A, Sedeño L.",2017,0,55,"0","EEG",128,"biosemi128","A1, A2, A3, A4, A5, A6, A7, A8, A9, A10, A15, A16, A17, A18, A19, A20, A21, A22, A23, A28, A29, A30, A31, A32, B1, B2, B3, B4, B5, B6, B7, B11, B12, B13, B14, B15, B16, B17, B18, B19, B20, B21, B22, B23, B24, B25, B26, B27, B28, B29, B30, B31, B32, C1, C2, C3, C4, C5, C6, C7, C8, C9, C10, C11, C12, C13, C14, C15, C16, C17, C18, C19, C20, C21, C22, C23, C24, C25, C26, C27, C28, C29, C30, C31, C32, D1, D2, D3, D4, D5, D6, D7, D8, D9, D10, D11, D12, D13, D14, D15, D16, D17, D18, D19, D20, D21, D22, D23, D24, D25, D26, D27, D28, D29, D30, D31",NA,"2","N/M","unknown","unknown","Linked mastoids","Common average",0.3,50,"1","0","Eye movements, CFA",NA,"Manual","unknown","","","C14, C15, C16, C10",3,1,"unknown","Primary","R-peak",-50,800,-200,NA,"Group/Condition Differences","Amplitude","1","0","t-test","1",NA,"1","C14, C15, C16, C10","R-peak",160,230,"Age, gender, education, handedness, BMI","","pubmed","Unknown","Clustering",0,FALSE,TRUE,"Task",FALSE,FALSE,TRUE,NA,FALSE,FALSE,FALSE,FALSE,FALSE,FALSE,"R-peak","Unknown","Clustering","Clustering","Primary","Yoris et al. (2017)",NA,NA,NA
28374658,"The inner world of overactive monitoring: neural markers of interoception in obsessive-compulsive disorder","Yoris A, García AM, Traiber L, Santamaría-García H, Martorell M, Alifano F, Kichic R, Moser JS, Cetkovich M, Manes F, Ibáñez A, Sedeño L.",2017,0,55,"0","EEG",128,"biosemi128","A1, A2, A3, A4, A5, A6, A7, A8, A9, A10, A15, A16, A17, A18, A19, A20, A21, A22, A23, A28, A29, A30, A31, A32, B1, B2, B3, B4, B5, B6, B7, B11, B12, B13, B14, B15, B16, B17, B18, B19, B20, B21, B22, B23, B24, B25, B26, B27, B28, B29, B30, B31, B32, C1, C2, C3, C4, C5, C6, C7, C8, C9, C10, C11, C12, C13, C14, C15, C16, C17, C18, C19, C20, C21, C22, C23, C24, C25, C26, C27, C28, C29, C30, C31, C32, D1, D2, D3, D4, D5, D6, D7, D8, D9, D10, D11, D12, D13, D14, D15, D16, D17, D18, D19, D20, D21, D22, D23, D24, D25, D26, D27, D28, D29, D30, D31",NA,"2","N/M","unknown","unknown","Linked mastoids","Common average",0.3,50,"1","0","Eye movements, CFA",NA,"Manual","unknown","","","C14, C15, C16, C10",1,1,"unknown","Primary","R-peak",200,300,-200,NA,"Correlation","Amplitude","1","0","Regression","0",NA,"0","","",NA,NA,"Age, gender, education, handedness, BMI","","pubmed","Unknown","Other",0,FALSE,TRUE,"Task",FALSE,FALSE,TRUE,NA,FALSE,FALSE,FALSE,FALSE,FALSE,FALSE,"R-peak","Unknown","Clustering",NA,"Primary","Yoris et al. (2017)",NA,NA,NA
28374658,"The inner world of overactive monitoring: neural markers of interoception in obsessive-compulsive disorder","Yoris A, García AM, Traiber L, Santamaría-García H, Martorell M, Alifano F, Kichic R, Moser JS, Cetkovich M, Manes F, Ibáñez A, Sedeño L.",2017,0,55,"0","EEG",128,"biosemi128","A1, A2, A3, A4, A5, A6, A7, A8, A9, A10, A15, A16, A17, A18, A19, A20, A21, A22, A23, A28, A29, A30, A31, A32, B1, B2, B3, B4, B5, B6, B7, B11, B12, B13, B14, B15, B16, B17, B18, B19, B20, B21, B22, B23, B24, B25, B26, B27, B28, B29, B30, B31, B32, C1, C2, C3, C4, C5, C6, C7, C8, C9, C10, C11, C12, C13, C14, C15, C16, C17, C18, C19, C20, C21, C22, C23, C24, C25, C26, C27, C28, C29, C30, C31, C32, D1, D2, D3, D4, D5, D6, D7, D8, D9, D10, D11, D12, D13, D14, D15, D16, D17, D18, D19, D20, D21, D22, D23, D24, D25, D26, D27, D28, D29, D30, D31",NA,"2","N/M","unknown","unknown","Linked mastoids","Common average",0.3,50,"1","0","Eye movements, CFA",NA,"Manual","unknown","","","C14, C15, C16, C10",1,1,"unknown","Primary","R-peak",300,400,-200,NA,"Correlation","Amplitude","1","0","Regression","0",NA,"1","","",NA,NA,"Age, gender, education, handedness, BMI","","pubmed","Unknown","Other",0,FALSE,TRUE,"Task",FALSE,FALSE,TRUE,NA,FALSE,FALSE,FALSE,FALSE,FALSE,FALSE,"R-peak","Unknown","Clustering",NA,"Primary","Yoris et al. (2017)",NA,NA,NA
28334126,"Heartfelt Self: Cardio-Visual Integration Affects Self-Face Recognition and Interoceptive Cortical Processing","Sel A, Azevedo RT, Tsakiris M.",2017,0,29,"0","EEG",64,"standard61","Fp1, Fp2, F7, F3, Fz, F4, F8, T7, C3, Cz, C4, T8, P7, P3, Pz, P4, P8, O1, O2, Fpz, FC5, FC1, FC2, FC6, CP5, CP1, CP2, CP6, Oz, AF7, AF3, AFz, AF4, AF8, F5, F1, F2, F6, FT7, FC3, FCz, FC4, FT8, C5, C1, C2, C6, TP7, CP3, CPz, CP4, TP8, P9, P5, P1, P2, P6, P10, PO7, PO3, POz, PO4, PO8, Iz",72,"3","Multiple
leads","Left clavicle, Right clavicle, Left abdomen","3-lead","CMS","Common average",0.16,30,"1","0","Eye movements, CFA",1.5,"Manual","Time Course, Topography","limit analysis to time of minimal artifact","noisy epochs","AF7, AF3, F5, F3, AF4, AF8, F4, F6, FC5, FC3, C5, C3, FC6, FC4, C6, C4, CP5, CP3, P5, P3, CP6, CP4, P6, P4",2,2,"4186","Primary","R-peak",200,400,-150,-50,"Group/Condition Differences","Amplitude","1","0","Regression","1",5000,"1","CP6, CP4, P6, P4","R-peak",195,289,"ECG","","pubmed","Yes","Clustering",0,FALSE,TRUE,"Task",TRUE,FALSE,TRUE,NA,FALSE,TRUE,FALSE,FALSE,FALSE,FALSE,"R-peak","Yes","Both","Clustering","Both","Sel et al. (2017)",4186,NA,4186
28334126,"Heartfelt Self: Cardio-Visual Integration Affects Self-Face Recognition and Interoceptive Cortical Processing","Sel A, Azevedo RT, Tsakiris M.",2017,0,29,"0","EEG",64,"standard61","Fp1, Fp2, F7, F3, Fz, F4, F8, T7, C3, Cz, C4, T8, P7, P3, Pz, P4, P8, O1, O2, Fpz, FC5, FC1, FC2, FC6, CP5, CP1, CP2, CP6, Oz, AF7, AF3, AFz, AF4, AF8, F5, F1, F2, F6, FT7, FC3, FCz, FC4, FT8, C5, C1, C2, C6, TP7, CP3, CPz, CP4, TP8, P9, P5, P1, P2, P6, P10, PO7, PO3, POz, PO4, PO8, Iz",72,"3","Multiple
leads","Left clavicle, Right clavicle, Left abdomen","3-lead","CMS","Common average",0.16,30,"1","0","Eye movements, CFA",1.5,"Manual","Time Course, Topography","limit analysis to time of minimal artifact","noisy epochs","AF7, AF3, F5, F3, AF4, AF8, F4, F6, FC5, FC3, C5, C3, FC6, FC4, C6, C4, CP5, CP3, P5, P3, CP6, CP4, P6, P4",1,1,"4186","Secondary","R-peak",195,289,-150,-50,"Correlation","Amplitude","1","1","Correlation","0",NA,"1","AF7, AF3, F5, F3, AF4, AF8, F4, F6, FC5, FC3, C5, C3, FC6, FC4, C6, C4, CP5, CP3, P5, P3, CP6, CP4, P6, P4","",NA,NA,"","","pubmed","Yes","Averaging",1,FALSE,TRUE,"Task",TRUE,FALSE,TRUE,NA,FALSE,TRUE,FALSE,FALSE,FALSE,FALSE,"R-peak","Yes","Both","Averaging","Both","Sel et al. (2017)",4186,NA,4186
28080973,"Changes in interoceptive processes following brain stimulation","Pollatos O, Herbert BM, Mai S, Kammer T.",2016,0,15,"0","EEG",32,"standard61","Fp1, Fpz, Fp2, AF3, AFz, AF4, F7, F5, Fz, F6, F8, FC5, FCz, FC6, C5, C1, Cz, C2, C6, CP5, CP1, CPz, CP2, CP6, P5, Pz, P6, PO3, PO4, O1, Oz, O2",NA,"2","N/C","Right clavicle, Left chest ","unknown","Cz","unknown",0.05,20,"0",NA,"",NA,"","","limit analysis to time of minimal artifact","Noisy epochs","FC6, C6",1,3,"unknown","Primary","R-peak",400,600,-200,0,"Group/Condition Differences","Amplitude","0","1","ANOVA","0",NA,"1","FC6, C6","",NA,NA,"","","pubmed","Yes","Averaging",1,FALSE,TRUE,"Task",TRUE,FALSE,FALSE,NA,FALSE,TRUE,FALSE,FALSE,FALSE,FALSE,"R-peak","Yes","Averaging","Averaging","Primary","Pollatos et al. (2016)",NA,NA,NA
28080965,"Feeling, learning from and being aware of inner states: interoceptive dimensions in neurodegeneration and stroke","García-Cordero I, Sedeño L, de la Fuente L, Slachevsky A, Forno G, Klein F, Lillo P, Ferrari J, Rodriguez C, Bustin J, Torralva T, Baez S, Yoris A, Esteves S, Melloni M, Salamone P, Huepe D, Manes F, García AM, Ibañez A.",2016,0,47,"0","EEG",128,"biosemi128","A1, A2, A3, A4, A5, A6, A7, A8, A9, A10, A15, A16, A17, A18, A19, A20, A21, A22, A23, A28, A29, A30, A31, A32, B1, B2, B3, B4, B5, B6, B7, B11, B12, B13, B14, B15, B16, B17, B18, B19, B20, B21, B22, B23, B24, B25, B26, B27, B28, B29, B30, B31, B32, C1, C2, C3, C4, C5, C6, C7, C8, C9, C10, C11, C12, C13, C14, C15, C16, C17, C18, C19, C20, C21, C22, C23, C24, C25, C26, C27, C28, C29, C30, C31, C32, D1, D2, D3, D4, D5, D6, D7, D8, D9, D10, D11, D12, D13, D14, D15, D16, D17, D18, D19, D20, D21, D22, D23, D24, D25, D26, D27, D28, D29, D30, D31",10,"2","Lead II","unknown","unknown","Common average","Common average",0.5,30,"1","0","Eye movements, CFA",NA,"unknown","unknown","","Noisy epochs, linear trend removal","D1, D2, D13, D12, D11, D10, C24, D3, D4, D5, C25, C26, C32, C27, C19, C20, C21, C22, C23, C1, C2, B32, B31, B30, B29, C11, C3, C4, C5, C12, C13, C14, C10",2,1,"unknown","Primary","R-peak",100,400,-200,0,"Group/Condition Differences","Amplitude","1","0","t-test","1",5000,"1","D1, D2, D13, D12, D11, D10, C24, D3, D4, D5, C25, C26, C32, C27, C19, C20, C21, C22, C23, C1, C2, B32, B31, B30, B29, C11, C3, C4, C5, C12, C13, C14, C10","R-peak",191,355,"","","pubmed","Yes","Clustering",0,FALSE,TRUE,"Task",TRUE,FALSE,TRUE,NA,FALSE,FALSE,FALSE,FALSE,FALSE,FALSE,"R-peak","Yes","Clustering","Clustering","Primary","García-Cordero et al. (2016)",NA,NA,NA
28080965,"Feeling, learning from and being aware of inner states: interoceptive dimensions in neurodegeneration and stroke","García-Cordero I, Sedeño L, de la Fuente L, Slachevsky A, Forno G, Klein F, Lillo P, Ferrari J, Rodriguez C, Bustin J, Torralva T, Baez S, Yoris A, Esteves S, Melloni M, Salamone P, Huepe D, Manes F, García AM, Ibañez A.",2016,0,47,"0","EEG",128,"biosemi128","A1, A2, A3, A4, A5, A6, A7, A8, A9, A10, A15, A16, A17, A18, A19, A20, A21, A22, A23, A28, A29, A30, A31, A32, B1, B2, B3, B4, B5, B6, B7, B11, B12, B13, B14, B15, B16, B17, B18, B19, B20, B21, B22, B23, B24, B25, B26, B27, B28, B29, B30, B31, B32, C1, C2, C3, C4, C5, C6, C7, C8, C9, C10, C11, C12, C13, C14, C15, C16, C17, C18, C19, C20, C21, C22, C23, C24, C25, C26, C27, C28, C29, C30, C31, C32, D1, D2, D3, D4, D5, D6, D7, D8, D9, D10, D11, D12, D13, D14, D15, D16, D17, D18, D19, D20, D21, D22, D23, D24, D25, D26, D27, D28, D29, D30, D31",10,"2","Lead II","unknown","unknown","Common average","Common average",0.5,30,"1","0","Eye movements, CFA",NA,"unknown","unknown","","Noisy epochs, linear trend removal","C24, C25, C26, C27",2,1,"unknown","Primary","R-peak",100,400,-200,0,"Group/Condition Differences","Amplitude","1","0","t-test","1",5000,"1","C24, C25, C26, C27","R-peak",183,351,"","","pubmed","Yes","Clustering",0,FALSE,TRUE,"Task",TRUE,FALSE,TRUE,NA,FALSE,FALSE,FALSE,FALSE,FALSE,FALSE,"R-peak","Yes","Clustering","Clustering","Primary","García-Cordero et al. (2016)",NA,NA,NA
28080965,"Feeling, learning from and being aware of inner states: interoceptive dimensions in neurodegeneration and stroke","García-Cordero I, Sedeño L, de la Fuente L, Slachevsky A, Forno G, Klein F, Lillo P, Ferrari J, Rodriguez C, Bustin J, Torralva T, Baez S, Yoris A, Esteves S, Melloni M, Salamone P, Huepe D, Manes F, García AM, Ibañez A.",2016,0,47,"0","EEG",128,"biosemi128","A1, A2, A3, A4, A5, A6, A7, A8, A9, A10, A15, A16, A17, A18, A19, A20, A21, A22, A23, A28, A29, A30, A31, A32, B1, B2, B3, B4, B5, B6, B7, B11, B12, B13, B14, B15, B16, B17, B18, B19, B20, B21, B22, B23, B24, B25, B26, B27, B28, B29, B30, B31, B32, C1, C2, C3, C4, C5, C6, C7, C8, C9, C10, C11, C12, C13, C14, C15, C16, C17, C18, C19, C20, C21, C22, C23, C24, C25, C26, C27, C28, C29, C30, C31, C32, D1, D2, D3, D4, D5, D6, D7, D8, D9, D10, D11, D12, D13, D14, D15, D16, D17, D18, D19, D20, D21, D22, D23, D24, D25, D26, D27, D28, D29, D30, D31",10,"2","Lead II","unknown","unknown","Common average","Common average",0.5,30,"1","0","Eye movements, CFA",NA,"unknown","unknown","","Noisy epochs, linear trend removal","C18, C19, C20, C21",2,1,"unknown","Primary","R-peak",100,400,-200,0,"Group/Condition Differences","Amplitude","1","0","t-test","1",5000,"1","C18, C19, C20, C21","R-peak",183,343,"","","pubmed","Yes","Clustering",0,FALSE,TRUE,"Task",TRUE,FALSE,TRUE,NA,FALSE,FALSE,FALSE,FALSE,FALSE,FALSE,"R-peak","Yes","Clustering","Clustering","Primary","García-Cordero et al. (2016)",NA,NA,NA
28080965,"Feeling, learning from and being aware of inner states: interoceptive dimensions in neurodegeneration and stroke","García-Cordero I, Sedeño L, de la Fuente L, Slachevsky A, Forno G, Klein F, Lillo P, Ferrari J, Rodriguez C, Bustin J, Torralva T, Baez S, Yoris A, Esteves S, Melloni M, Salamone P, Huepe D, Manes F, García AM, Ibañez A.",2016,0,47,"0","EEG",128,"biosemi128","A1, A2, A3, A4, A5, A6, A7, A8, A9, A10, A15, A16, A17, A18, A19, A20, A21, A22, A23, A28, A29, A30, A31, A32, B1, B2, B3, B4, B5, B6, B7, B11, B12, B13, B14, B15, B16, B17, B18, B19, B20, B21, B22, B23, B24, B25, B26, B27, B28, B29, B30, B31, B32, C1, C2, C3, C4, C5, C6, C7, C8, C9, C10, C11, C12, C13, C14, C15, C16, C17, C18, C19, C20, C21, C22, C23, C24, C25, C26, C27, C28, C29, C30, C31, C32, D1, D2, D3, D4, D5, D6, D7, D8, D9, D10, D11, D12, D13, D14, D15, D16, D17, D18, D19, D20, D21, D22, D23, D24, D25, D26, D27, D28, D29, D30, D31",10,"2","Lead II","unknown","unknown","Common average","Common average",0.5,30,"1","0","Eye movements, CFA",NA,"unknown","unknown","","Noisy epochs, linear trend removal","C11, C12, C13, C14",2,1,"unknown","Primary","R-peak",100,400,-200,0,"Group/Condition Differences","Amplitude","1","0","t-test","1",5000,"1","C11, C12, C13, C14","R-peak",199,363,"","","pubmed","Yes","Clustering",0,FALSE,TRUE,"Task",TRUE,FALSE,TRUE,NA,FALSE,FALSE,FALSE,FALSE,FALSE,FALSE,"R-peak","Yes","Clustering","Clustering","Primary","García-Cordero et al. (2016)",NA,NA,NA
28080963,"Is the cardiac monitoring function related to the self in both the default network and right anterior insula?","Babo-Rebelo M, Wolpert N, Adam C, Hasboun D, Tallon-Baudry C.",2016,0,16,"0","MEG",306,"Elekta","na",NA,"7","Multiple
leads","Neck","unknown","na","na",0.5,25,"1","0","CFA",NA,"unknown","unknown","","","na",1,2,"unknown","Primary","R-peak",300,600,NA,NA,"Group/Condition Differences","Amplitude","0","0","t-test","1",NA,"1","na","R-peak",384,486,"Surrogate Heartbeats","","pubmed","Unknown","Clustering",0,FALSE,TRUE,"Task",FALSE,FALSE,TRUE,NA,FALSE,FALSE,FALSE,FALSE,FALSE,FALSE,"R-peak","Unknown","Clustering","Clustering","Primary","Babo-Rebelo et al. (2016a)",NA,NA,NA
27634787,"I Keep a Close Watch on This Heart of Mine: Increased Interoception in Insomnia","Wei Y, Ramautar JR, Colombo MA, Stoffers D, Gómez-Herrero G, van der Meijden WP, Te Lindert BH, van der Werf YD, Van Someren EJ.",2016,0,64,"0","EEG",256,"GSN-HydroCel-257","",10,"2","Lead II","unknown","unknown","Cz","Common average",0.5,62.5,"1","0","Line noise, Eye movements, CFA",NA,"Manual","Topography, Time course, Power spectrum","","LPA-ICI algorithm, Noisy epochs, Bad channels","unknown",1,2,"[est300]","Primary","R-peak",200,600,-300,-100,"Group/Condition Differences","Amplitude","0","0","t-test","1",10000,"1","E90, E131, E143, E155, E164, E154, E163, E172, E130, E142, E153, E162, E171, E129, E141, E152, E161, E101, E128, E140, E151, E160, E110, E119, E127, E139, E150, E98, E109, E118, E108, E117, E126, E107, E116, E125, E138, E17, E8, E198, E185, E24, E16, E7, E207, E197, E206, E215, E6, E15, E23, E30, E42, E51, E205, E214, E224, E5, E14, E22, E29, E36, E41, E50, E213, E223, E4, E13, E21, E28, E35, E40, E49, E57, E56, E222, E3, E12, E20, E27, E34, E33, E26, E19","R-peak",364,500,"","est number of trials = 5 min rest recording per condition (eyes closed/opened) * 60 bpm","pubmed","Yes","Clustering",0,FALSE,TRUE,"Task",TRUE,TRUE,TRUE,NA,FALSE,FALSE,FALSE,FALSE,FALSE,FALSE,"R-peak","Yes","Both","Clustering","Both","Wei et al. (2016)",300,NA,NA
27634787,"I Keep a Close Watch on This Heart of Mine: Increased Interoception in Insomnia","Wei Y, Ramautar JR, Colombo MA, Stoffers D, Gómez-Herrero G, van der Meijden WP, Te Lindert BH, van der Werf YD, Van Someren EJ.",2016,0,64,"0","EEG",256,"GSN-HydroCel-257","",10,"2","Lead II","unknown","unknown","Cz","Common average",0.5,62.5,"1","0","Line noise, Eye movements, CFA",NA,"Manual","Topography, Time course, Power spectrum","","LPA-ICI algorithm, Noisy epochs, Bad channels","unknown",2,1,"[est300]","Secondary","R-peak",376,500,-300,-100,"Group/Condition Differences","Amplitude","0","1","t-test","1",10000,"1","E52, E43, E24, E16, E7, E42, E30, E23, E15, E6, E5, E14, E22, E29, E36, E40, E39","R-peak",376,500,"","est number of trials = 5 min rest recording per condition (eyes closed/opened) * 60 bpm","pubmed","Yes","Other",0,FALSE,TRUE,"Task",TRUE,TRUE,TRUE,NA,FALSE,FALSE,FALSE,FALSE,FALSE,FALSE,"R-peak","Yes","Both",NA,"Both","Wei et al. (2016)",300,NA,NA
27634787,"I Keep a Close Watch on This Heart of Mine: Increased Interoception in Insomnia","Wei Y, Ramautar JR, Colombo MA, Stoffers D, Gómez-Herrero G, van der Meijden WP, Te Lindert BH, van der Werf YD, Van Someren EJ.",2016,0,64,"0","EEG",256,"GSN-HydroCel-257","",10,"2","Lead II","unknown","unknown","Cz","Common average",0.5,62.5,"1","0","Line noise, Eye movements, CFA",NA,"Manual","Topography, Time course, Power spectrum","","LPA-ICI algorithm, Noisy epochs, Bad channels","E38, E33, E26, E19, E11, E39, E34, E27, E20, E12, E3, E40, E35, E28, E21, E13, E4, E223, E41, E36, E29, E22, E14, E5, E224, E214, E42, E30, E23, E15, E6, E215, E206, E43, E24, E16, E7, E207, E197, E17, E8, E198",1,1,"[est600]","Secondary","R-peak",376,500,-300,-100,"Correlation","Amplitude","1","1","Correlation","0",NA,"0","","",NA,NA,"","est number of trials = 10 min rest recording for both conditions (eyes closed/opened) * 60 bpm","pubmed","Yes","Averaging",1,FALSE,TRUE,"Task",TRUE,TRUE,TRUE,NA,FALSE,FALSE,FALSE,FALSE,FALSE,FALSE,"R-peak","Yes","Both","Averaging","Both","Wei et al. (2016)",600,NA,NA
27511016,"Transient Modulations of Neural Responses to Heartbeats Covary with Bodily Self-Consciousness","Park HD, Bernasconi F, Bello-Ruiz J, Pfeiffer C, Salomon R, Blanke O.",2016,0,16,"0","EEG",64,"standard61","Fp1, Fp2, F7, F3, Fz, F4, F8, T7, C3, Cz, C4, T8, P7, P3, Pz, P4, P8, O1, O2, Fpz, FC5, FC1, FC2, FC6, CP5, CP1, CP2, CP6, Oz, AF7, AF3, AFz, AF4, AF8, F5, F1, F2, F6, FT7, FC3, FCz, FC4, FT8, C5, C1, C2, C6, TP7, CP3, CPz, CP4, TP8, P9, P5, P1, P2, P6, P10, PO7, PO3, POz, PO4, PO8, Iz",NA,"2","Lead II","Right shoulder, Left abdomen","unknown","CMS","Common average",1,40,"1","0","Blinks, Eye movements",NA,"","","","Manual removal of artifacts","Fp1, Fp2, F7, F3, Fz, F4, F8, T7, C3, Cz, C4, T8, P7, P3, Pz, P4, P8, O1, O2, Fpz, FC5, FC1, FC2, FC6, CP5, CP1, CP2, CP6, Oz, AF7, AF3, AFz, AF4, AF8, F5, F1, F2, F6, FT7, FC3, FCz, FC4, FT8, C5, C1, C2, C6, TP7, CP3, CPz, CP4, TP8, P9, P5, P1, P2, P6, P10, PO7, PO3, POz, PO4, PO8, Iz",1,2,"667+-28","Primary","R-peak",0,600,NA,NA,"Group/Condition Differences","Amplitude","0","0","t-test","1",1000,"1","Fpz, AFz, AF4, F1, Fz, F2, F4, FC3, FC1, FCz, FC2, C3, C1, Cz","R-peak",250,305,"ECG, RR, HRV, Respiration, Surrogate heartbeats","","pubmed","Unknown","Clustering",0,FALSE,TRUE,"Task",FALSE,FALSE,FALSE,NA,FALSE,FALSE,FALSE,FALSE,FALSE,FALSE,"R-peak","Unknown","Both","Clustering","Both","Park et al. (2016)",667,28,667
27511016,"Transient Modulations of Neural Responses to Heartbeats Covary with Bodily Self-Consciousness","Park HD, Bernasconi F, Bello-Ruiz J, Pfeiffer C, Salomon R, Blanke O.",2016,0,16,"0","EEG",64,"standard61","Fp1, Fp2, F7, F3, Fz, F4, F8, T7, C3, Cz, C4, T8, P7, P3, Pz, P4, P8, O1, O2, Fpz, FC5, FC1, FC2, FC6, CP5, CP1, CP2, CP6, Oz, AF7, AF3, AFz, AF4, AF8, F5, F1, F2, F6, FT7, FC3, FCz, FC4, FT8, C5, C1, C2, C6, TP7, CP3, CPz, CP4, TP8, P9, P5, P1, P2, P6, P10, PO7, PO3, POz, PO4, PO8, Iz",NA,"2","Lead II","Right shoulder, Left abdomen","unknown","CMS","Common average",1,40,"1","0","Blinks, Eye movements",NA,"","","","Manual removal of artifacts","Fpz, AFz, AF4, F1, Fz, F2, F4, FC3, FC1, FCz, FC2, C3, C1, Cz",1,2,"667+-28","Secondary","R-peak",250,305,NA,NA,"Group/Condition Differences","Amplitude","1","1","ANOVA","0",NA,"0","","",NA,NA,"","","pubmed","Unknown","Averaging",1,FALSE,TRUE,"Task",FALSE,FALSE,FALSE,NA,FALSE,FALSE,FALSE,FALSE,FALSE,FALSE,"R-peak","Unknown","Both","Averaging","Both","Park et al. (2016)",667,28,667
27511016,"Transient Modulations of Neural Responses to Heartbeats Covary with Bodily Self-Consciousness","Park HD, Bernasconi F, Bello-Ruiz J, Pfeiffer C, Salomon R, Blanke O.",2016,0,16,"0","EEG",64,"standard61","Fp1, Fp2, F7, F3, Fz, F4, F8, T7, C3, Cz, C4, T8, P7, P3, Pz, P4, P8, O1, O2, Fpz, FC5, FC1, FC2, FC6, CP5, CP1, CP2, CP6, Oz, AF7, AF3, AFz, AF4, AF8, F5, F1, F2, F6, FT7, FC3, FCz, FC4, FT8, C5, C1, C2, C6, TP7, CP3, CPz, CP4, TP8, P9, P5, P1, P2, P6, P10, PO7, PO3, POz, PO4, PO8, Iz",NA,"2","Lead II","Right shoulder, Left abdomen","unknown","CMS","Common average",1,40,"1","0","Blinks, Eye movements",NA,"","","","Manual removal of artifacts","Fpz, AFz, AF4, F1, Fz, F2, F4, FC3, FC1, FCz, FC2, C3, C1, Cz",1,1,"667+-28","Secondary","R-peak",250,305,NA,NA,"Correlation","Amplitude","1","1","Correlation","0",1000,"1","Fpz, AFz, AF4, F1, Fz, F2, F4, FC3, FC1, FCz, FC2, C3, C1, Cz","",NA,NA,"","","pubmed","Unknown","Averaging",1,FALSE,TRUE,"Task",FALSE,FALSE,FALSE,NA,FALSE,FALSE,FALSE,FALSE,FALSE,FALSE,"R-peak","Unknown","Both","Averaging","Both","Park et al. (2016)",667,28,667
27466329,"Neural Responses to Heartbeats in the Default Network Encode the Self in Spontaneous Thoughts","Babo-Rebelo M, Richter CG, Tallon-Baudry C.",2016,0,16,"0","MEG",306,"Elekta","na",NA,"7","Lead II","Right clavicle, Left abdomen, Sternum, Right shoulder, Left shoulder, Left clavicle","unknown","na","na",0.5,25,"1","1","Muscle, Blinks, Eye movements, CFA",1,"Automatic","Phase consistency","","Manual removal of artifacts","na",1,2,"80","Primary","T-peak",80,350,NA,NA,"Group/Condition Differences","Amplitude","0","0","t-test","1",10000,"1","na","T-peak",298,327,"Surrogate heartbeats, Respiration","","pubmed","Unknown","Clustering",0,FALSE,TRUE,"Task",FALSE,FALSE,TRUE,NA,FALSE,FALSE,FALSE,FALSE,FALSE,FALSE,"T-peak","Unknown","Both","Clustering","Both","Babo-Rebelo et al. (2016b)",80,NA,80
27466329,"Neural Responses to Heartbeats in the Default Network Encode the Self in Spontaneous Thoughts","Babo-Rebelo M, Richter CG, Tallon-Baudry C.",2016,0,16,"0","MEG",306,"Elekta","na",NA,"7","Lead II","Right clavicle, Left abdomen, Sternum, Right shoulder, Left shoulder, Left clavicle","unknown","na","na",0.5,25,"1","1","Muscle, Blinks, Eye movements, CFA",1,"Automatic","Phase consistency","","Manual removal of artifacts","na",1,2,"80","Primary","T-peak",80,350,NA,NA,"Group/Condition Differences","Amplitude","0","0","t-test","1",10000,"1","na","T-peak",94,169,"Surrogate heartbeats, Respiration","","pubmed","Unknown","Clustering",0,FALSE,TRUE,"Task",FALSE,FALSE,TRUE,NA,FALSE,FALSE,FALSE,FALSE,FALSE,FALSE,"T-peak","Unknown","Both","Clustering","Both","Babo-Rebelo et al. (2016b)",80,NA,80
27466329,"Neural Responses to Heartbeats in the Default Network Encode the Self in Spontaneous Thoughts","Babo-Rebelo M, Richter CG, Tallon-Baudry C.",2016,0,16,"0","MEG",306,"Elekta","na",NA,"7","Lead II","Right clavicle, Left abdomen, Sternum, Right shoulder, Left shoulder, Left clavicle","unknown","na","na",0.5,25,"1","1","Muscle, Blinks, Eye movements, CFA",1,"Automatic","Phase consistency","","Manual removal of artifacts","na",1,2,"80","Secondary","T-peak",298,327,NA,NA,"Correlation","Amplitude","1","1","Regression","0",NA,"0","","",NA,NA,"Surrogate heartbeats, Respiration","","pubmed","Unknown","Averaging",1,FALSE,TRUE,"Task",FALSE,FALSE,TRUE,NA,FALSE,FALSE,FALSE,FALSE,FALSE,FALSE,"T-peak","Unknown","Both","Averaging","Both","Babo-Rebelo et al. (2016b)",80,NA,80
27466329,"Neural Responses to Heartbeats in the Default Network Encode the Self in Spontaneous Thoughts","Babo-Rebelo M, Richter CG, Tallon-Baudry C.",2016,0,16,"0","MEG",306,"Elekta","na",NA,"7","Lead II","Right clavicle, Left abdomen, Sternum, Right shoulder, Left shoulder, Left clavicle","unknown","na","na",0.5,25,"1","1","Muscle, Blinks, Eye movements, CFA",1,"Automatic","Phase consistency","","Manual removal of artifacts","na",1,2,"80","Secondary","T-peak",94,169,NA,NA,"Correlation","Amplitude","1","1","Regression","0",NA,"0","","",NA,NA,"Surrogate heartbeats, Respiration","","pubmed","Unknown","Averaging",1,FALSE,TRUE,"Task",FALSE,FALSE,TRUE,NA,FALSE,FALSE,FALSE,FALSE,FALSE,FALSE,"T-peak","Unknown","Both","Averaging","Both","Babo-Rebelo et al. (2016b)",80,NA,80
26503014,"Aroused with heart: Modulation of heartbeat evoked potential by arousal induction and its oscillatory correlates","Luft CD, Bhattacharya J.",2015,0,16,"0","EEG",64,"standard61","Fp1, Fp2, F7, F3, Fz, F4, F8, T7, C3, Cz, C4, T8, P7, P3, Pz, P4, P8, O1, O2, Fpz, FC5, FC1, FC2, FC6, CP5, CP1, CP2, CP6, Oz, AF7, AF3, AFz, AF4, AF8, F5, F1, F2, F6, FT7, FC3, FCz, FC4, FT8, C5, C1, C2, C6, TP7, CP3, CPz, CP4, TP8, P9, P5, P1, P2, P6, P10, PO7, PO3, POz, PO4, PO8, Iz",20,"2","Lead II","unknown","unknown","Linked earlobes","Laplacian reference",0.5,15,"1","0","Blinks, CFA",1.5,"Manual","Time course, Topography","CSD","Manual removal of artifacts","Fp1, Fp2, F7, F3, Fz, F4, F8, T7, C3, Cz, C4, T8, P7, P3, Pz, P4, P8, O1, O2, Fpz, FC5, FC1, FC2, FC6, CP5, CP1, CP2, CP6, Oz, AF7, AF3, AFz, AF4, AF8, F5, F1, F2, F6, FT7, FC3, FCz, FC4, FT8, C5, C1, C2, C6, TP7, CP3, CPz, CP4, TP8, P9, P5, P1, P2, P6, P10, PO7, PO3, POz, PO4, PO8, Iz",1,2,"[est604]","Primary","R-peak",-200,1000,NA,NA,"Group/Condition Differences","Amplitude","0","0","t-test","1",500,"1","P6, P8","R-peak",380,460,"ECG, RR, SDRR, RMSSD, PNN50, LF, HF, LF/HF","est number of trials = 302 seconds per epoch * 2 epochs per condition (HA or LA) * 1 beat per second","pubmed","Unknown","Clustering",0,FALSE,TRUE,"Task",FALSE,FALSE,TRUE,NA,FALSE,FALSE,TRUE,FALSE,FALSE,FALSE,"R-peak","Unknown","Clustering","Clustering","Primary","Luft et al. (2015)",604,NA,NA
26376409,"Cortical Representation of Afferent Bodily Signals in Borderline Personality Disorder: Neural Correlates and Relationship to Emotional Dysregulation","Müller LE, Schulz A, Andermann M, Gäbel A, Gescher DM, Spohn A, Herpertz SC, Bertsch K.",2015,0,82,"1","EEG",60,"easycap-M10","",5,"2","Lead II","Right wrist, Left leg","unknown","Common average","Common average",0.1,35,"0",NA,"",NA,"","","","Gratton-Coles blink detection, noisy epochs","",2,1,"unknown","Primary","R-peak",455,595,NA,NA,"Group/Condition Differences","Amplitude","1","1","ANOVA","0",NA,"1","","",NA,NA,"Age, sex, HR, BMI, Affective disorders, Anxiety","","pubmed","Unknown","Averaging",1,TRUE,FALSE,"Rest",TRUE,FALSE,FALSE,NA,FALSE,FALSE,FALSE,FALSE,FALSE,FALSE,"R-peak","Unknown","Averaging","Averaging","Primary","Müller et al. (2015)",NA,NA,NA
26376409,"Cortical Representation of Afferent Bodily Signals in Borderline Personality Disorder: Neural Correlates and Relationship to Emotional Dysregulation","Müller LE, Schulz A, Andermann M, Gäbel A, Gescher DM, Spohn A, Herpertz SC, Bertsch K.",2015,0,82,"1","EEG",60,"easycap-M10","",5,"2","Lead II","Right wrist, Left leg","unknown","Common average","Common average",0.1,35,"0",NA,"",NA,"","","","Gratton-Coles blink detection, noisy epochs","",3,1,"unknown","Primary","R-peak",455,595,NA,NA,"Group/Condition Differences","Amplitude","1","1","ANOVA","0",NA,"1","","",NA,NA,"Age, sex, HR, BMI, Affective disorders, Anxiety","","pubmed","Unknown","Averaging",1,TRUE,FALSE,"Rest",TRUE,FALSE,FALSE,NA,FALSE,FALSE,FALSE,FALSE,FALSE,FALSE,"R-peak","Unknown","Averaging","Averaging","Primary","Müller et al. (2015)",NA,NA,NA
26376409,"Cortical Representation of Afferent Bodily Signals in Borderline Personality Disorder: Neural Correlates and Relationship to Emotional Dysregulation","Müller LE, Schulz A, Andermann M, Gäbel A, Gescher DM, Spohn A, Herpertz SC, Bertsch K.",2015,0,82,"1","EEG",60,"easycap-M10","",5,"2","Lead II","Right wrist, Left leg","unknown","Common average","Common average",0.1,35,"0",NA,"",NA,"","","","Gratton-Coles blink detection, noisy epochs","Fz, Cz, Pz, Oz",2,1,"unknown","Primary","R-peak",455,595,NA,NA,"Group/Condition Differences","Amplitude","0","1","ANOVA","0",NA,"1","Fz, Cz, Pz, Oz","",NA,NA,"","","pubmed","Unknown","Averaging",1,TRUE,FALSE,"Rest",TRUE,FALSE,FALSE,NA,FALSE,FALSE,FALSE,FALSE,FALSE,FALSE,"R-peak","Unknown","Averaging","Averaging","Primary","Müller et al. (2015)",NA,NA,NA
26376409,"Cortical Representation of Afferent Bodily Signals in Borderline Personality Disorder: Neural Correlates and Relationship to Emotional Dysregulation","Müller LE, Schulz A, Andermann M, Gäbel A, Gescher DM, Spohn A, Herpertz SC, Bertsch K.",2015,0,82,"1","EEG",60,"easycap-M10","",5,"2","Lead II","Right wrist, Left leg","unknown","Common average","Common average",0.1,35,"0",NA,"",NA,"","","","Gratton-Coles blink detection, noisy epochs","",1,1,"unknown","Primary","R-peak",455,595,NA,NA,"Correlation","Amplitude","1","1","Correlation","0",NA,"1","","",NA,NA,"","","pubmed","Unknown","Averaging",1,TRUE,FALSE,"Rest",TRUE,FALSE,FALSE,NA,FALSE,FALSE,FALSE,FALSE,FALSE,FALSE,"R-peak","Unknown","Averaging","Averaging","Primary","Müller et al. (2015)",NA,NA,NA
26268858,"Heartbeat-related EEG amplitude and phase modulations from wakefulness to deep sleep: Interactions with sleep spindles and slow oscillations","Lechinger J, Heib DP, Gruber W, Schabus M, Klimesch W.",2015,0,22,"1","EEG",22,"standard19","Fp1, Fpz, Fp2, F7, F3, Fz, F4, F8, T3, C3, Cz, C4, T4, T5, P3, Pz, P4, T6, O1, Oz, O2, A1, A2",NA,"unknown","N/M","unknown","unknown","FCz","Linked mastoids",0.3,40,"0",NA,"",NA,"","","","Manual removal of artifacts","F7, F3, Fz, F4, F8, C3, Cz, C4",1,6,"1000","Primary","R-peak",200,450,NA,NA,"Group/Condition Differences","Peak-to-peak Amplitude","0","0","ANOVA","0",NA,"1","","",NA,NA,"ECG","","pubmed","Unknown","Other",0,TRUE,FALSE,"Rest",FALSE,FALSE,FALSE,NA,FALSE,FALSE,FALSE,FALSE,FALSE,FALSE,"R-peak","Unknown","None",NA,"Primary","Lechinger et al. (2015)",1000,NA,1000
26268858,"Heartbeat-related EEG amplitude and phase modulations from wakefulness to deep sleep: Interactions with sleep spindles and slow oscillations","Lechinger J, Heib DP, Gruber W, Schabus M, Klimesch W.",2015,0,22,"1","EEG",22,"standard19","Fp1, Fpz, Fp2, F7, F3, Fz, F4, F8, T3, C3, Cz, C4, T4, T5, P3, Pz, P4, T6, O1, Oz, O2, A1, A2",NA,"unknown","N/M","unknown","unknown","FCz","Linked mastoids",0.3,40,"0",NA,"",NA,"","","","Manual removal of artifacts","F7, F3, Fz, F4, F8, C3, Cz, C4",1,2,"1000","Primary","R-peak",200,450,NA,NA,"Group/Condition Differences","Peak-to-peak Amplitude","0","0","t-test","0",NA,"1","","",NA,NA,"ECG","","pubmed","Unknown","Other",0,TRUE,FALSE,"Rest",FALSE,FALSE,FALSE,NA,FALSE,FALSE,FALSE,FALSE,FALSE,FALSE,"R-peak","Unknown","None",NA,"Primary","Lechinger et al. (2015)",1000,NA,1000
26188392,"Heart evoked potential triggers brain responses to natural affective scenes: A preliminary study","Couto B, Adolfi F, Velasquez M, Mesow M, Feinstein J, Canales-Johnson A, Mikulan E, Martínez-Pernía D, Bekinschtein T, Sigman M, Manes F, Ibanez A.",2015,0,10,"0","EEG",128,"biosemi128","A1, A2, A3, A4, A5, A6, A7, A8, A9, A10, A15, A16, A17, A18, A19, A20, A21, A22, A23, A28, A29, A30, A31, A32, B1, B2, B3, B4, B5, B6, B7, B11, B12, B13, B14, B15, B16, B17, B18, B19, B20, B21, B22, B23, B24, B25, B26, B27, B28, B29, B30, B31, B32, C1, C2, C3, C4, C5, C6, C7, C8, C9, C10, C11, C12, C13, C14, C15, C16, C17, C18, C19, C20, C21, C22, C23, C24, C25, C26, C27, C28, C29, C30, C31, C32, D1, D2, D3, D4, D5, D6, D7, D8, D9, D10, D11, D12, D13, D14, D15, D16, D17, D18, D19, D20, D21, D22, D23, D24, D25, D26, D27, D28, D29, D30, D31",NA,"unknown","N/M","unknown","unknown","Linked mastoids","Common average",0.3,50,"1","1","Eye Movements",NA,"","","","","C27, C28, C29, C17, C18, C19, C14, C15, C16",1,2,"unknown","Primary","R-peak",200,400,NA,NA,"Group/Condition Differences","Amplitude","0","0","t-test","1",5000,"1","C27, C28, C29, C17, C18, C19, C14, C15, C16","R-peak",216,572,"","","pubmed","Unknown","Clustering",0,FALSE,TRUE,"Task",FALSE,FALSE,FALSE,NA,FALSE,FALSE,FALSE,FALSE,FALSE,FALSE,"R-peak","Unknown","Clustering","Clustering","Primary","Couto et al. (2015)",NA,NA,NA
26188392,"Heart evoked potential triggers brain responses to natural affective scenes: A preliminary study","Couto B, Adolfi F, Velasquez M, Mesow M, Feinstein J, Canales-Johnson A, Mikulan E, Martínez-Pernía D, Bekinschtein T, Sigman M, Manes F, Ibanez A.",2015,0,10,"0","EEG",128,"biosemi128","A1, A2, A3, A4, A5, A6, A7, A8, A9, A10, A15, A16, A17, A18, A19, A20, A21, A22, A23, A28, A29, A30, A31, A32, B1, B2, B3, B4, B5, B6, B7, B11, B12, B13, B14, B15, B16, B17, B18, B19, B20, B21, B22, B23, B24, B25, B26, B27, B28, B29, B30, B31, B32, C1, C2, C3, C4, C5, C6, C7, C8, C9, C10, C11, C12, C13, C14, C15, C16, C17, C18, C19, C20, C21, C22, C23, C24, C25, C26, C27, C28, C29, C30, C31, C32, D1, D2, D3, D4, D5, D6, D7, D8, D9, D10, D11, D12, D13, D14, D15, D16, D17, D18, D19, D20, D21, D22, D23, D24, D25, D26, D27, D28, D29, D30, D31",NA,"unknown","N/M","unknown","unknown","Linked mastoids","Common average",0.3,50,"1","1","Eye Movements",NA,"","","","","A5, A17, A18, A30, A31, A32",1,2,"unknown","Primary","R-peak",200,400,NA,NA,"Group/Condition Differences","Amplitude","0","0","t-test","1",5000,"1","A5, A17, A18, A30, A31, A32","R-peak",248,648,"","","pubmed","Unknown","Clustering",0,FALSE,TRUE,"Task",FALSE,FALSE,FALSE,NA,FALSE,FALSE,FALSE,FALSE,FALSE,FALSE,"R-peak","Unknown","Clustering","Clustering","Primary","Couto et al. (2015)",NA,NA,NA
25984819,"Altered patterns of heartbeat-evoked potentials in depersonalization/derealization disorder: neurophysiological evidence for impaired cortical representation of bodily signals","Schulz A, Köster S, Beutel ME, Schächinger H, Vögele C, Rost S, Rauh M, Michal M.",2015,0,47,"0","EEG",2,"standard19","Fz, Cz",NA,"unknown","Lead II","unknown","unknown","unknown","unknown",0.1,35,"0",NA,"",NA,"","","limit analysis to time of minimal artifact","Noisy epochs, Gratton-Coles blink detection","Fz, Cz",2,2,"[est300]","Primary","R-peak",455,595,NA,NA,"Group/Condition Differences","Amplitude","0","1","ANOVA","0",NA,"1","Fz, Cz","",NA,NA,"Age, BMI, LF/HF, Cortisol","est number of trials = 300 s in resting condition * 1 beat per second","pubmed","Unknown","Averaging",1,FALSE,TRUE,"Task",TRUE,FALSE,FALSE,NA,FALSE,TRUE,FALSE,FALSE,FALSE,FALSE,"R-peak","Unknown","Averaging","Averaging","Primary","Schulz et al. (2015a)",300,NA,NA
25984819,"Altered patterns of heartbeat-evoked potentials in depersonalization/derealization disorder: neurophysiological evidence for impaired cortical representation of bodily signals","Schulz A, Köster S, Beutel ME, Schächinger H, Vögele C, Rost S, Rauh M, Michal M.",2015,0,47,"0","EEG",2,"standard19","Fz, Cz",NA,"unknown","Lead II","unknown","unknown","unknown","unknown",0.1,35,"0",NA,"",NA,"","","limit analysis to time of minimal artifact","Noisy epochs, Gratton-Coles blink detection","Fz, Cz",1,1,"[est620]","Primary","R-peak",455,595,NA,NA,"Correlation","Amplitude","1","1","Correlation","0",NA,"1","Fz, Cz","",NA,NA,"Age, BMI, LF/HF, Cortisol","est number of trials = (300 s in resting condition + 320 s in heartbeat counting) * 1 beat per second","pubmed","Unknown","Averaging",1,FALSE,TRUE,"Task",TRUE,FALSE,FALSE,NA,FALSE,TRUE,FALSE,FALSE,FALSE,FALSE,"R-peak","Unknown","Averaging","Averaging","Primary","Schulz et al. (2015a)",620,NA,NA
25899708,"Auditory Feedback Differentially Modulates Behavioral and Neural Markers of Objective and Subjective Performance When Tapping to Your Heartbeat","Canales-Johnson A, Silva C, Huepe D, Rivera-Rei Á, Noreika V, Garcia Mdel C, Silva W, Ciraolo C, Vaucheret E, Sedeño L, Couto B, Kargieman L, Baglivo F, Sigman M, Chennu S, Ibáñez A, Rodríguez E, Bekinschtein TA.",2015,0,33,"0","EEG",128,"GSN-HydroCel-129","",NA,"2","Lead II","Right clavicle, Left abdomen","unknown","Cz","Linked mastoids",0.5,40,"1","0","Eye movements, CFA, Other",NA,"Semi-automatic","Topography, CORRMAP","","Noisy epochs","E7, E30, E36, E35, E29, E13, E28, E20, E27, E24, E6, E12, E5, E19, E11, E4, E18, E16, E10, E106, E105, E104, E112, E111, E110, E118, E117, E124, E123",1,2,"unknown","Primary","R-peak",-200,600,-200,-50,"Group/Condition Differences","Amplitude","0","0","t-test","1",1000,"1","E7, E30, E36, E35, E29, E13, E28, E20, E27, E24, E6, E12, E5, E19, E11, E4, E18, E16, E10, E106, E105, E104, E112, E111, E110, E118, E117, E124, E123","R-peak",173,356,"","","pubmed","Yes","Clustering",0,FALSE,TRUE,"Task",TRUE,FALSE,TRUE,NA,FALSE,FALSE,FALSE,FALSE,FALSE,FALSE,"R-peak","Yes","Both","Clustering","Primary","Canales-Johnson et al. (2015)",NA,NA,NA
25899708,"Auditory Feedback Differentially Modulates Behavioral and Neural Markers of Objective and Subjective Performance When Tapping to Your Heartbeat","Canales-Johnson A, Silva C, Huepe D, Rivera-Rei Á, Noreika V, Garcia Mdel C, Silva W, Ciraolo C, Vaucheret E, Sedeño L, Couto B, Kargieman L, Baglivo F, Sigman M, Chennu S, Ibáñez A, Rodríguez E, Bekinschtein TA.",2015,0,33,"0","EEG",128,"GSN-HydroCel-129","",NA,"2","Lead II","Right clavicle, Left abdomen","unknown","Cz","Linked mastoids",0.5,40,"1","0","Eye movements, CFA, Other",NA,"Semi-automatic","Topography, CORRMAP","","Noisy epochs","E7, E30, E36, E35, E29, E13, E28, E20, E27, E24, E6, E12, E5, E19, E11, E4, E18, E16, E10, E106, E105, E104, E112, E111, E110, E118, E117, E124, E123",2,1,"unknown","Primary","R-peak",-200,600,-200,-50,"Group/Condition Differences","Amplitude","0","0","t-test","1",1000,"1","E7, E30, E36, E35, E29, E13, E28, E20, E27, E24, E6, E12, E5, E19, E11, E4, E18, E16, E10, E106, E105, E104, E112, E111, E110, E118, E117, E124, E123","R-peak",168,500,"","","pubmed","Yes","Clustering",0,FALSE,TRUE,"Task",TRUE,FALSE,TRUE,NA,FALSE,FALSE,FALSE,FALSE,FALSE,FALSE,"R-peak","Yes","Both","Clustering","Primary","Canales-Johnson et al. (2015)",NA,NA,NA
25899708,"Auditory Feedback Differentially Modulates Behavioral and Neural Markers of Objective and Subjective Performance When Tapping to Your Heartbeat","Canales-Johnson A, Silva C, Huepe D, Rivera-Rei Á, Noreika V, Garcia Mdel C, Silva W, Ciraolo C, Vaucheret E, Sedeño L, Couto B, Kargieman L, Baglivo F, Sigman M, Chennu S, Ibáñez A, Rodríguez E, Bekinschtein TA.",2015,0,33,"0","EEG",128,"GSN-HydroCel-129","",NA,"2","Lead II","Right clavicle, Left abdomen","unknown","Cz","Linked mastoids",0.5,40,"1","0","Eye movements, CFA, Other",NA,"Semi-automatic","Topography, CORRMAP","","Noisy epochs","E7, E30, E36, E35, E29, E13, E28, E20, E27, E24, E6, E12, E5, E19, E11, E4, E18, E16, E10, E106, E105, E104, E112, E111, E110, E118, E117, E124, E123",1,2,"unknown","Primary","R-peak",200,450,-200,-50,"Group/Condition Differences","Amplitude","1","1","ANOVA","0",NA,"1","E7, E30, E36, E35, E29, E13, E28, E20, E27, E24, E6, E12, E5, E19, E11, E4, E18, E16, E10, E106, E105, E104, E112, E111, E110, E118, E117, E124, E123","",NA,NA,"Tapping accuracy","","pubmed","Yes","Averaging",1,FALSE,TRUE,"Task",TRUE,FALSE,TRUE,NA,FALSE,FALSE,FALSE,FALSE,FALSE,FALSE,"R-peak","Yes","Both","Averaging","Primary","Canales-Johnson et al. (2015)",NA,NA,NA
25431244,"Short-term food deprivation increases amplitudes of heartbeat-evoked potentials","Schulz A, Ferreira de Sá DS, Dierolf AM, Lutz A, van Dyck Z, Vögele C, Schächinger H.",2015,0,16,"0","EEG",13,"standard19","F7, F3, Fz, F4, F8, C3, Cz, C4, P3, Pz, P4, A1, A2",8,"2","Lead II","unknown","unknown","linked mastoids","unknown",0.1,35,"0",NA,"",NA,"","","limit analysis to time of minimal artifact","Gratton-Coles blink detection","F7, F3, Fz, F4, F8, C3, Cz, C4, P3, Pz, P4, A1, A2",1,2,"589+-60","Primary","R-peak",455,595,-200,0,"Group/Condition Differences","Amplitude","0","1","ANOVA","0",NA,"0","","",NA,NA,"Menstrual Cycle Phase, HR, HRV","","pubmed","Yes","Averaging",1,FALSE,TRUE,"Task",FALSE,FALSE,FALSE,NA,FALSE,TRUE,FALSE,FALSE,FALSE,FALSE,"R-peak","Yes","Averaging","Averaging","Primary","Schulz et al. (2015b)",589,60,589
25317937,"Heartbeat evoked potentials during sleep and daytime behavior in children with sleep-disordered breathing","Immanuel SA, Pamula Y, Kohler M, Martin J, Kennedy D, Nalivaiko E, Saint DA, Baumert M.",2014,0,80,"0","EEG",2,"standard19","C3, C4",NA,"2","Lead II","unknown","unknown","Linked mastoids","unknown",NA,NA,"0",NA,"",NA,"","","limit analysis to time of minimal artifact","","C3, C4",2,1,"unknown","Primary","R-peak",400,550,NA,NA,"Group/Condition Differences","Amplitude","0","1","ANOVA","0",NA,"1","C3, C4","",NA,NA,"Surrogate heartbeats, RR","","pubmed","Unknown","Averaging",1,FALSE,TRUE,"Task",FALSE,FALSE,FALSE,NA,FALSE,TRUE,FALSE,FALSE,FALSE,FALSE,"R-peak","Unknown","Averaging","Averaging","Primary","Immanuel et al. (2014)",NA,NA,NA
25317937,"Heartbeat evoked potentials during sleep and daytime behavior in children with sleep-disordered breathing","Immanuel SA, Pamula Y, Kohler M, Martin J, Kennedy D, Nalivaiko E, Saint DA, Baumert M.",2014,0,80,"0","EEG",2,"standard19","C3, C4",NA,"2","Lead II","unknown","unknown","Linked mastoids","unknown",NA,NA,"0",NA,"",NA,"","","limit analysis to time of minimal artifact","","C3, C4",2,1,"unknown","Primary","R-peak",400,550,NA,NA,"Group/Condition Differences","Latency","0","1","ANOVA","0",NA,"1","C3, C4","",NA,NA,"Surrogate heartbeats, RR","","pubmed","Unknown","Averaging",1,FALSE,TRUE,"Task",FALSE,FALSE,FALSE,NA,FALSE,TRUE,FALSE,FALSE,FALSE,FALSE,"R-peak","Unknown","Averaging","Averaging","Primary","Immanuel et al. (2014)",NA,NA,NA
25317937,"Heartbeat evoked potentials during sleep and daytime behavior in children with sleep-disordered breathing","Immanuel SA, Pamula Y, Kohler M, Martin J, Kennedy D, Nalivaiko E, Saint DA, Baumert M.",2014,0,80,"0","EEG",2,"standard19","C3, C4",NA,"2","Lead II","unknown","unknown","Linked mastoids","unknown",NA,NA,"0",NA,"",NA,"","","limit analysis to time of minimal artifact","","C3, C4",2,1,"unknown","Primary","R-peak",400,550,NA,NA,"Group/Condition Differences","Amplitude","0","1","t-test","0",NA,"1","C3, C4","",NA,NA,"","","pubmed","Unknown","Averaging",1,FALSE,TRUE,"Task",FALSE,FALSE,FALSE,NA,FALSE,TRUE,FALSE,FALSE,FALSE,FALSE,"R-peak","Unknown","Averaging","Averaging","Primary","Immanuel et al. (2014)",NA,NA,NA
25317937,"Heartbeat evoked potentials during sleep and daytime behavior in children with sleep-disordered breathing","Immanuel SA, Pamula Y, Kohler M, Martin J, Kennedy D, Nalivaiko E, Saint DA, Baumert M.",2014,0,80,"0","EEG",2,"standard19","C3, C4",NA,"2","Lead II","unknown","unknown","Linked mastoids","unknown",NA,NA,"0",NA,"",NA,"","","limit analysis to time of minimal artifact","","C3, C4",2,1,"unknown","Primary","R-peak",400,550,NA,NA,"Group/Condition Differences","Latency","0","1","t-test","0",NA,"1","C3, C4","",NA,NA,"","","pubmed","Unknown","Averaging",1,FALSE,TRUE,"Task",FALSE,FALSE,FALSE,NA,FALSE,TRUE,FALSE,FALSE,FALSE,FALSE,"R-peak","Unknown","Averaging","Averaging","Primary","Immanuel et al. (2014)",NA,NA,NA
25317937,"Heartbeat evoked potentials during sleep and daytime behavior in children with sleep-disordered breathing","Immanuel SA, Pamula Y, Kohler M, Martin J, Kennedy D, Nalivaiko E, Saint DA, Baumert M.",2014,0,80,"0","EEG",2,"standard19","C3, C4",NA,"2","Lead II","unknown","unknown","Linked mastoids","unknown",NA,NA,"0",NA,"",NA,"","","limit analysis to time of minimal artifact","","C3, C4",1,1,"unknown","Primary","R-peak",400,550,NA,NA,"Correlation","Amplitude","0","1","Correlation","0",NA,"1","C3, C4","",NA,NA,"","","pubmed","Unknown","Averaging",1,FALSE,TRUE,"Task",FALSE,FALSE,FALSE,NA,FALSE,TRUE,FALSE,FALSE,FALSE,FALSE,"R-peak","Unknown","Averaging","Averaging","Primary","Immanuel et al. (2014)",NA,NA,NA
25317937,"Heartbeat evoked potentials during sleep and daytime behavior in children with sleep-disordered breathing","Immanuel SA, Pamula Y, Kohler M, Martin J, Kennedy D, Nalivaiko E, Saint DA, Baumert M.",2014,0,80,"0","EEG",2,"standard19","C3, C4",NA,"2","Lead II","unknown","unknown","Linked mastoids","unknown",NA,NA,"0",NA,"",NA,"","","limit analysis to time of minimal artifact","","C3, C4",1,1,"unknown","Primary","R-peak",400,550,NA,NA,"Correlation","Latency","0","1","Correlation","0",NA,"0","","",NA,NA,"","","pubmed","Unknown","Averaging",1,FALSE,TRUE,"Task",FALSE,FALSE,FALSE,NA,FALSE,TRUE,FALSE,FALSE,FALSE,FALSE,"R-peak","Unknown","Averaging","Averaging","Primary","Immanuel et al. (2014)",NA,NA,NA
24609466,"Spontaneous fluctuations in neural responses to heartbeats predict visual detection","Park HD, Correia S, Ducorps A, Tallon-Baudry C.",2014,0,17,"0","MEG",306,"Elekta","na",NA,"8","Lead II","Right clavicle, Left abdomen, Left clavicle, Sternum, Right shoulder, Left shoulder","Upper back","na","na",1,40,"1","1","CFA",NA,"Automatic","Phase consistency","limit analysis to time of minimal artifact","Noisy epochs","na",1,2,"unknown","Primary","T-peak",50,350,NA,NA,"Group/Condition Differences","Amplitude","0","0","t-test","1",1000,"1","na","T-peak",135,171,"RR, HR, ECG, Surrogate heartbeats, Alpha power, Respiration, Systolic blood pressure, Diastolic blood pressure, HRV","","pubmed","Unknown","Clustering",0,FALSE,TRUE,"Task",TRUE,FALSE,TRUE,NA,FALSE,TRUE,FALSE,FALSE,FALSE,FALSE,"T-peak","Unknown","Both","Clustering","Both","Park et al. (2014)",NA,NA,NA
24609466,"Spontaneous fluctuations in neural responses to heartbeats predict visual detection","Park HD, Correia S, Ducorps A, Tallon-Baudry C.",2014,0,17,"0","MEG",306,"Elekta","na",NA,"8","Lead II","Right clavicle, Left abdomen, Left clavicle, Sternum, Right shoulder, Left shoulder","Upper back","na","na",1,40,"1","1","CFA",NA,"Automatic","Phase consistency","limit analysis to time of minimal artifact","Noisy epochs","na",1,1,"unknown","Secondary","T-peak",135,171,NA,NA,"Correlation","Amplitude","1","1","Regression","0",NA,"1","na","",NA,NA,"RR, HR, ECG, Surrogate heartbeats, Alpha power, Respiration, Systolic blood pressure, Diastolic blood pressure, HRV","","pubmed","Unknown","Averaging",1,FALSE,TRUE,"Task",TRUE,FALSE,TRUE,NA,FALSE,TRUE,FALSE,FALSE,FALSE,FALSE,"T-peak","Unknown","Both","Averaging","Both","Park et al. (2014)",NA,NA,NA
24609466,"Spontaneous fluctuations in neural responses to heartbeats predict visual detection","Park HD, Correia S, Ducorps A, Tallon-Baudry C.",2014,0,17,"0","MEG",306,"Elekta","na",NA,"8","Lead II","Right clavicle, Left abdomen, Left clavicle, Sternum, Right shoulder, Left shoulder","Upper back","na","na",1,40,"1","1","CFA",NA,"Automatic","Phase consistency","limit analysis to time of minimal artifact","Noisy epochs","na",1,1,"unknown","Secondary","T-peak",135,171,NA,NA,"Correlation","Amplitude","1","1","Correlation","0",NA,"1","na","",NA,NA,"RR, HR, ECG, Surrogate heartbeats, Alpha power, Respiration, Systolic blood pressure, Diastolic blood pressure, HRV","","pubmed","Unknown","Averaging",1,FALSE,TRUE,"Task",TRUE,FALSE,TRUE,NA,FALSE,TRUE,FALSE,FALSE,FALSE,FALSE,"T-peak","Unknown","Both","Averaging","Both","Park et al. (2014)",NA,NA,NA
23887813,"The man who feels two hearts: the different pathways of interoception","Couto B, Salles A, Sedeño L, Peradejordi M, Barttfeld P, Canales-Johnson A, Dos Santos YV, Huepe D, Bekinschtein T, Sigman M, Favaloro R, Manes F, Ibanez A.",2014,0,6,"0","EEG",128,"biosemi128","A1, A2, A3, A4, A5, A6, A7, A8, A9, A10, A15, A16, A17, A18, A19, A20, A21, A22, A23, A28, A29, A30, A31, A32, B1, B2, B3, B4, B5, B6, B7, B11, B12, B13, B14, B15, B16, B17, B18, B19, B20, B21, B22, B23, B24, B25, B26, B27, B28, B29, B30, B31, B32, C1, C2, C3, C4, C5, C6, C7, C8, C9, C10, C11, C12, C13, C14, C15, C16, C17, C18, C19, C20, C21, C22, C23, C24, C25, C26, C27, C28, C29, C30, C31, C32, D1, D2, D3, D4, D5, D6, D7, D8, D9, D10, D11, D12, D13, D14, D15, D16, D17, D18, D19, D20, D21, D22, D23, D24, D25, D26, D27, D28, D29, D30, D31",21,"2","Lead II","unknown","unknown","Linked mastoids","Common average",0.3,40,"0",NA,"",NA,"","","subtract/regress ECG from EEG","noisy epochs","A1, A2, A3, A4, A5, A6, A7, A8, A9, A10, A15, A16, A17, A18, A19, A20, A21, A22, A23, A28, A29, A30, A31, A32, B1, B2, B3, B4, B5, B6, B7, B11, B12, B13, B14, B15, B16, B17, B18, B19, B20, B21, B22, B23, B24, B25, B26, B27, B28, B29, B30, B31, B32, C1, C2, C3, C4, C5, C6, C7, C8, C9, C10, C11, C12, C13, C14, C15, C16, C17, C18, C19, C20, C21, C22, C23, C24, C25, C26, C27, C28, C29, C30, C31, C32, D1, D2, D3, D4, D5, D6, D7, D8, D9, D10, D11, D12, D13, D14, D15, D16, D17, D18, D19, D20, D21, D22, D23, D24, D25, D26, D27, D28, D29, D30, D31",1,2,"422+-53.75","Primary","R-peak",-200,800,NA,NA,"Group/Condition Differences","Amplitude","0","0","t-test","1",5000,"1","unknown","R-peak",193,233,"","","pubmed","Unknown","Clustering",0,FALSE,TRUE,"Task",TRUE,FALSE,FALSE,NA,FALSE,FALSE,FALSE,TRUE,FALSE,FALSE,"R-peak","Unknown","Clustering","Clustering","Primary","Couto et al. (2014)",422,53.75,422
23887813,"The man who feels two hearts: the different pathways of interoception","Couto B, Salles A, Sedeño L, Peradejordi M, Barttfeld P, Canales-Johnson A, Dos Santos YV, Huepe D, Bekinschtein T, Sigman M, Favaloro R, Manes F, Ibanez A.",2014,0,6,"0","EEG",128,"biosemi128","A1, A2, A3, A4, A5, A6, A7, A8, A9, A10, A15, A16, A17, A18, A19, A20, A21, A22, A23, A28, A29, A30, A31, A32, B1, B2, B3, B4, B5, B6, B7, B11, B12, B13, B14, B15, B16, B17, B18, B19, B20, B21, B22, B23, B24, B25, B26, B27, B28, B29, B30, B31, B32, C1, C2, C3, C4, C5, C6, C7, C8, C9, C10, C11, C12, C13, C14, C15, C16, C17, C18, C19, C20, C21, C22, C23, C24, C25, C26, C27, C28, C29, C30, C31, C32, D1, D2, D3, D4, D5, D6, D7, D8, D9, D10, D11, D12, D13, D14, D15, D16, D17, D18, D19, D20, D21, D22, D23, D24, D25, D26, D27, D28, D29, D30, D31",21,"2","Lead II","unknown","unknown","Linked mastoids","Common average",0.3,40,"0",NA,"",NA,"","","subtract/regress ECG from EEG","noisy epochs","A1, A2, A3, A4, A5, A6, A7, A8, A9, A10, A15, A16, A17, A18, A19, A20, A21, A22, A23, A28, A29, A30, A31, A32, B1, B2, B3, B4, B5, B6, B7, B11, B12, B13, B14, B15, B16, B17, B18, B19, B20, B21, B22, B23, B24, B25, B26, B27, B28, B29, B30, B31, B32, C1, C2, C3, C4, C5, C6, C7, C8, C9, C10, C11, C12, C13, C14, C15, C16, C17, C18, C19, C20, C21, C22, C23, C24, C25, C26, C27, C28, C29, C30, C31, C32, D1, D2, D3, D4, D5, D6, D7, D8, D9, D10, D11, D12, D13, D14, D15, D16, D17, D18, D19, D20, D21, D22, D23, D24, D25, D26, D27, D28, D29, D30, D31",1,2,"422+-53.75","Primary","R-peak",-200,800,NA,NA,"Group/Condition Differences","Amplitude","0","0","t-test","1",5000,"1","unknown","R-peak",250,270,"","","pubmed","Unknown","Clustering",0,FALSE,TRUE,"Task",TRUE,FALSE,FALSE,NA,FALSE,FALSE,FALSE,TRUE,FALSE,FALSE,"R-peak","Unknown","Clustering","Clustering","Primary","Couto et al. (2014)",422,53.75,422
23887813,"The man who feels two hearts: the different pathways of interoception","Couto B, Salles A, Sedeño L, Peradejordi M, Barttfeld P, Canales-Johnson A, Dos Santos YV, Huepe D, Bekinschtein T, Sigman M, Favaloro R, Manes F, Ibanez A.",2014,0,6,"0","EEG",128,"biosemi128","A1, A2, A3, A4, A5, A6, A7, A8, A9, A10, A15, A16, A17, A18, A19, A20, A21, A22, A23, A28, A29, A30, A31, A32, B1, B2, B3, B4, B5, B6, B7, B11, B12, B13, B14, B15, B16, B17, B18, B19, B20, B21, B22, B23, B24, B25, B26, B27, B28, B29, B30, B31, B32, C1, C2, C3, C4, C5, C6, C7, C8, C9, C10, C11, C12, C13, C14, C15, C16, C17, C18, C19, C20, C21, C22, C23, C24, C25, C26, C27, C28, C29, C30, C31, C32, D1, D2, D3, D4, D5, D6, D7, D8, D9, D10, D11, D12, D13, D14, D15, D16, D17, D18, D19, D20, D21, D22, D23, D24, D25, D26, D27, D28, D29, D30, D31",21,"2","Lead II","unknown","unknown","Linked mastoids","Common average",0.3,40,"0",NA,"",NA,"","","subtract/regress ECG from EEG","noisy epochs","A1, A2, A3, A4, A5, A6, A7, A8, A9, A10, A15, A16, A17, A18, A19, A20, A21, A22, A23, A28, A29, A30, A31, A32, B1, B2, B3, B4, B5, B6, B7, B11, B12, B13, B14, B15, B16, B17, B18, B19, B20, B21, B22, B23, B24, B25, B26, B27, B28, B29, B30, B31, B32, C1, C2, C3, C4, C5, C6, C7, C8, C9, C10, C11, C12, C13, C14, C15, C16, C17, C18, C19, C20, C21, C22, C23, C24, C25, C26, C27, C28, C29, C30, C31, C32, D1, D2, D3, D4, D5, D6, D7, D8, D9, D10, D11, D12, D13, D14, D15, D16, D17, D18, D19, D20, D21, D22, D23, D24, D25, D26, D27, D28, D29, D30, D31",1,2,"422+-53.75","Primary","R-peak",-200,800,NA,NA,"Group/Condition Differences","Amplitude","0","0","t-test","1",5000,"1","unknown","R-peak",288,298,"","","pubmed","Unknown","Clustering",0,FALSE,TRUE,"Task",TRUE,FALSE,FALSE,NA,FALSE,FALSE,FALSE,TRUE,FALSE,FALSE,"R-peak","Unknown","Clustering","Clustering","Primary","Couto et al. (2014)",422,53.75,422
23887813,"The man who feels two hearts: the different pathways of interoception","Couto B, Salles A, Sedeño L, Peradejordi M, Barttfeld P, Canales-Johnson A, Dos Santos YV, Huepe D, Bekinschtein T, Sigman M, Favaloro R, Manes F, Ibanez A.",2014,0,6,"0","EEG",128,"biosemi128","A1, A2, A3, A4, A5, A6, A7, A8, A9, A10, A15, A16, A17, A18, A19, A20, A21, A22, A23, A28, A29, A30, A31, A32, B1, B2, B3, B4, B5, B6, B7, B11, B12, B13, B14, B15, B16, B17, B18, B19, B20, B21, B22, B23, B24, B25, B26, B27, B28, B29, B30, B31, B32, C1, C2, C3, C4, C5, C6, C7, C8, C9, C10, C11, C12, C13, C14, C15, C16, C17, C18, C19, C20, C21, C22, C23, C24, C25, C26, C27, C28, C29, C30, C31, C32, D1, D2, D3, D4, D5, D6, D7, D8, D9, D10, D11, D12, D13, D14, D15, D16, D17, D18, D19, D20, D21, D22, D23, D24, D25, D26, D27, D28, D29, D30, D31",21,"2","Lead II","unknown","unknown","Linked mastoids","Common average",0.3,40,"0",NA,"",NA,"","","subtract/regress ECG from EEG","noisy epochs","A1, A2, A3, A4, A5, A6, A7, A8, A9, A10, A15, A16, A17, A18, A19, A20, A21, A22, A23, A28, A29, A30, A31, A32, B1, B2, B3, B4, B5, B6, B7, B11, B12, B13, B14, B15, B16, B17, B18, B19, B20, B21, B22, B23, B24, B25, B26, B27, B28, B29, B30, B31, B32, C1, C2, C3, C4, C5, C6, C7, C8, C9, C10, C11, C12, C13, C14, C15, C16, C17, C18, C19, C20, C21, C22, C23, C24, C25, C26, C27, C28, C29, C30, C31, C32, D1, D2, D3, D4, D5, D6, D7, D8, D9, D10, D11, D12, D13, D14, D15, D16, D17, D18, D19, D20, D21, D22, D23, D24, D25, D26, D27, D28, D29, D30, D31",1,2,"422+-53.75","Primary","R-peak",-200,800,NA,NA,"Group/Condition Differences","Amplitude","0","0","t-test","1",5000,"1","unknown","R-peak",193,272,"","","pubmed","Unknown","Clustering",0,FALSE,TRUE,"Task",TRUE,FALSE,FALSE,NA,FALSE,FALSE,FALSE,TRUE,FALSE,FALSE,"R-peak","Unknown","Clustering","Clustering","Primary","Couto et al. (2014)",422,53.75,422
23887813,"The man who feels two hearts: the different pathways of interoception","Couto B, Salles A, Sedeño L, Peradejordi M, Barttfeld P, Canales-Johnson A, Dos Santos YV, Huepe D, Bekinschtein T, Sigman M, Favaloro R, Manes F, Ibanez A.",2014,0,6,"0","EEG",128,"biosemi128","A1, A2, A3, A4, A5, A6, A7, A8, A9, A10, A15, A16, A17, A18, A19, A20, A21, A22, A23, A28, A29, A30, A31, A32, B1, B2, B3, B4, B5, B6, B7, B11, B12, B13, B14, B15, B16, B17, B18, B19, B20, B21, B22, B23, B24, B25, B26, B27, B28, B29, B30, B31, B32, C1, C2, C3, C4, C5, C6, C7, C8, C9, C10, C11, C12, C13, C14, C15, C16, C17, C18, C19, C20, C21, C22, C23, C24, C25, C26, C27, C28, C29, C30, C31, C32, D1, D2, D3, D4, D5, D6, D7, D8, D9, D10, D11, D12, D13, D14, D15, D16, D17, D18, D19, D20, D21, D22, D23, D24, D25, D26, D27, D28, D29, D30, D31",21,"2","Lead II","unknown","unknown","Linked mastoids","Common average",0.3,40,"0",NA,"",NA,"","","subtract/regress ECG from EEG","noisy epochs","A1, A2, A3, A4, A5, A6, A7, A8, A9, A10, A15, A16, A17, A18, A19, A20, A21, A22, A23, A28, A29, A30, A31, A32, B1, B2, B3, B4, B5, B6, B7, B11, B12, B13, B14, B15, B16, B17, B18, B19, B20, B21, B22, B23, B24, B25, B26, B27, B28, B29, B30, B31, B32, C1, C2, C3, C4, C5, C6, C7, C8, C9, C10, C11, C12, C13, C14, C15, C16, C17, C18, C19, C20, C21, C22, C23, C24, C25, C26, C27, C28, C29, C30, C31, C32, D1, D2, D3, D4, D5, D6, D7, D8, D9, D10, D11, D12, D13, D14, D15, D16, D17, D18, D19, D20, D21, D22, D23, D24, D25, D26, D27, D28, D29, D30, D31",1,2,"422+-53.75","Primary","R-peak",-200,800,NA,NA,"Group/Condition Differences","Amplitude","0","0","t-test","1",5000,"1","unknown","R-peak",224,254,"","","pubmed","Unknown","Clustering",0,FALSE,TRUE,"Task",TRUE,FALSE,FALSE,NA,FALSE,FALSE,FALSE,TRUE,FALSE,FALSE,"R-peak","Unknown","Clustering","Clustering","Primary","Couto et al. (2014)",422,53.75,422
23887813,"The man who feels two hearts: the different pathways of interoception","Couto B, Salles A, Sedeño L, Peradejordi M, Barttfeld P, Canales-Johnson A, Dos Santos YV, Huepe D, Bekinschtein T, Sigman M, Favaloro R, Manes F, Ibanez A.",2014,0,6,"0","EEG",128,"biosemi128","A1, A2, A3, A4, A5, A6, A7, A8, A9, A10, A15, A16, A17, A18, A19, A20, A21, A22, A23, A28, A29, A30, A31, A32, B1, B2, B3, B4, B5, B6, B7, B11, B12, B13, B14, B15, B16, B17, B18, B19, B20, B21, B22, B23, B24, B25, B26, B27, B28, B29, B30, B31, B32, C1, C2, C3, C4, C5, C6, C7, C8, C9, C10, C11, C12, C13, C14, C15, C16, C17, C18, C19, C20, C21, C22, C23, C24, C25, C26, C27, C28, C29, C30, C31, C32, D1, D2, D3, D4, D5, D6, D7, D8, D9, D10, D11, D12, D13, D14, D15, D16, D17, D18, D19, D20, D21, D22, D23, D24, D25, D26, D27, D28, D29, D30, D31",21,"2","Lead II","unknown","unknown","Linked mastoids","Common average",0.3,40,"0",NA,"",NA,"","","subtract/regress ECG from EEG","noisy epochs","A1, A2, A3, A4, A5, A6, A7, A8, A9, A10, A15, A16, A17, A18, A19, A20, A21, A22, A23, A28, A29, A30, A31, A32, B1, B2, B3, B4, B5, B6, B7, B11, B12, B13, B14, B15, B16, B17, B18, B19, B20, B21, B22, B23, B24, B25, B26, B27, B28, B29, B30, B31, B32, C1, C2, C3, C4, C5, C6, C7, C8, C9, C10, C11, C12, C13, C14, C15, C16, C17, C18, C19, C20, C21, C22, C23, C24, C25, C26, C27, C28, C29, C30, C31, C32, D1, D2, D3, D4, D5, D6, D7, D8, D9, D10, D11, D12, D13, D14, D15, D16, D17, D18, D19, D20, D21, D22, D23, D24, D25, D26, D27, D28, D29, D30, D31",1,2,"422+-53.75","Primary","R-peak",-200,800,NA,NA,"Group/Condition Differences","Amplitude","0","0","t-test","1",5000,"1","unknown","R-peak",221,237,"","","pubmed","Unknown","Clustering",0,FALSE,TRUE,"Task",TRUE,FALSE,FALSE,NA,FALSE,FALSE,FALSE,TRUE,FALSE,FALSE,"R-peak","Unknown","Clustering","Clustering","Primary","Couto et al. (2014)",422,53.75,422
23887813,"The man who feels two hearts: the different pathways of interoception","Couto B, Salles A, Sedeño L, Peradejordi M, Barttfeld P, Canales-Johnson A, Dos Santos YV, Huepe D, Bekinschtein T, Sigman M, Favaloro R, Manes F, Ibanez A.",2014,0,6,"0","EEG",128,"biosemi128","A1, A2, A3, A4, A5, A6, A7, A8, A9, A10, A15, A16, A17, A18, A19, A20, A21, A22, A23, A28, A29, A30, A31, A32, B1, B2, B3, B4, B5, B6, B7, B11, B12, B13, B14, B15, B16, B17, B18, B19, B20, B21, B22, B23, B24, B25, B26, B27, B28, B29, B30, B31, B32, C1, C2, C3, C4, C5, C6, C7, C8, C9, C10, C11, C12, C13, C14, C15, C16, C17, C18, C19, C20, C21, C22, C23, C24, C25, C26, C27, C28, C29, C30, C31, C32, D1, D2, D3, D4, D5, D6, D7, D8, D9, D10, D11, D12, D13, D14, D15, D16, D17, D18, D19, D20, D21, D22, D23, D24, D25, D26, D27, D28, D29, D30, D31",21,"2","Lead II","unknown","unknown","Linked mastoids","Common average",0.3,40,"0",NA,"",NA,"","","subtract/regress ECG from EEG","noisy epochs","A1, A2, A3, A4, A5, A6, A7, A8, A9, A10, A15, A16, A17, A18, A19, A20, A21, A22, A23, A28, A29, A30, A31, A32, B1, B2, B3, B4, B5, B6, B7, B11, B12, B13, B14, B15, B16, B17, B18, B19, B20, B21, B22, B23, B24, B25, B26, B27, B28, B29, B30, B31, B32, C1, C2, C3, C4, C5, C6, C7, C8, C9, C10, C11, C12, C13, C14, C15, C16, C17, C18, C19, C20, C21, C22, C23, C24, C25, C26, C27, C28, C29, C30, C31, C32, D1, D2, D3, D4, D5, D6, D7, D8, D9, D10, D11, D12, D13, D14, D15, D16, D17, D18, D19, D20, D21, D22, D23, D24, D25, D26, D27, D28, D29, D30, D31",1,2,"422+-53.75","Primary","R-peak",-200,800,NA,NA,"Group/Condition Differences","Amplitude","0","0","t-test","1",5000,"1","unknown","R-peak",224,242,"","","pubmed","Unknown","Clustering",0,FALSE,TRUE,"Task",TRUE,FALSE,FALSE,NA,FALSE,FALSE,FALSE,TRUE,FALSE,FALSE,"R-peak","Unknown","Clustering","Clustering","Primary","Couto et al. (2014)",422,53.75,422
23887813,"The man who feels two hearts: the different pathways of interoception","Couto B, Salles A, Sedeño L, Peradejordi M, Barttfeld P, Canales-Johnson A, Dos Santos YV, Huepe D, Bekinschtein T, Sigman M, Favaloro R, Manes F, Ibanez A.",2014,0,6,"0","EEG",128,"biosemi128","A1, A2, A3, A4, A5, A6, A7, A8, A9, A10, A15, A16, A17, A18, A19, A20, A21, A22, A23, A28, A29, A30, A31, A32, B1, B2, B3, B4, B5, B6, B7, B11, B12, B13, B14, B15, B16, B17, B18, B19, B20, B21, B22, B23, B24, B25, B26, B27, B28, B29, B30, B31, B32, C1, C2, C3, C4, C5, C6, C7, C8, C9, C10, C11, C12, C13, C14, C15, C16, C17, C18, C19, C20, C21, C22, C23, C24, C25, C26, C27, C28, C29, C30, C31, C32, D1, D2, D3, D4, D5, D6, D7, D8, D9, D10, D11, D12, D13, D14, D15, D16, D17, D18, D19, D20, D21, D22, D23, D24, D25, D26, D27, D28, D29, D30, D31",21,"2","Lead II","unknown","unknown","Linked mastoids","Common average",0.3,40,"0",NA,"",NA,"","","subtract/regress ECG from EEG","noisy epochs","A1, A2, A3, A4, A5, A6, A7, A8, A9, A10, A15, A16, A17, A18, A19, A20, A21, A22, A23, A28, A29, A30, A31, A32, B1, B2, B3, B4, B5, B6, B7, B11, B12, B13, B14, B15, B16, B17, B18, B19, B20, B21, B22, B23, B24, B25, B26, B27, B28, B29, B30, B31, B32, C1, C2, C3, C4, C5, C6, C7, C8, C9, C10, C11, C12, C13, C14, C15, C16, C17, C18, C19, C20, C21, C22, C23, C24, C25, C26, C27, C28, C29, C30, C31, C32, D1, D2, D3, D4, D5, D6, D7, D8, D9, D10, D11, D12, D13, D14, D15, D16, D17, D18, D19, D20, D21, D22, D23, D24, D25, D26, D27, D28, D29, D30, D31",1,2,"422+-53.75","Primary","R-peak",-200,800,NA,NA,"Group/Condition Differences","Amplitude","0","0","t-test","1",5000,"1","unknown","R-peak",214,256,"","","pubmed","Unknown","Clustering",0,FALSE,TRUE,"Task",TRUE,FALSE,FALSE,NA,FALSE,FALSE,FALSE,TRUE,FALSE,FALSE,"R-peak","Unknown","Clustering","Clustering","Primary","Couto et al. (2014)",422,53.75,422
23887813,"The man who feels two hearts: the different pathways of interoception","Couto B, Salles A, Sedeño L, Peradejordi M, Barttfeld P, Canales-Johnson A, Dos Santos YV, Huepe D, Bekinschtein T, Sigman M, Favaloro R, Manes F, Ibanez A.",2014,0,6,"0","EEG",128,"biosemi128","A1, A2, A3, A4, A5, A6, A7, A8, A9, A10, A15, A16, A17, A18, A19, A20, A21, A22, A23, A28, A29, A30, A31, A32, B1, B2, B3, B4, B5, B6, B7, B11, B12, B13, B14, B15, B16, B17, B18, B19, B20, B21, B22, B23, B24, B25, B26, B27, B28, B29, B30, B31, B32, C1, C2, C3, C4, C5, C6, C7, C8, C9, C10, C11, C12, C13, C14, C15, C16, C17, C18, C19, C20, C21, C22, C23, C24, C25, C26, C27, C28, C29, C30, C31, C32, D1, D2, D3, D4, D5, D6, D7, D8, D9, D10, D11, D12, D13, D14, D15, D16, D17, D18, D19, D20, D21, D22, D23, D24, D25, D26, D27, D28, D29, D30, D31",21,"2","Lead II","unknown","unknown","Linked mastoids","Common average",0.3,40,"0",NA,"",NA,"","","subtract/regress ECG from EEG","noisy epochs","C2, C3, C4, C10, C11, C12, C13, C14",1,2,"422+-53.75","Primary","R-peak",-200,800,NA,NA,"Group/Condition Differences","Amplitude","0","0","t-test","1",5000,"unknown","","",NA,NA,"","","pubmed","Unknown","Clustering",0,FALSE,TRUE,"Task",TRUE,FALSE,FALSE,NA,FALSE,FALSE,FALSE,TRUE,FALSE,FALSE,"R-peak","Unknown","Clustering","Clustering","Primary","Couto et al. (2014)",422,53.75,422
23850227,"Cortisol rapidly affects amplitudes of heartbeat-evoked brain potentials--implications for the contribution of stress to an altered perception of physical sensations?","Schulz A, Strelzyk F, Ferreira de Sá DS, Naumann E, Vögele C, Schächinger H.",2013,0,16,"0","EEG",32,"standard61","Fp1, Fp2, F3, Fz, F4, FC7, FC2, FC4, FC8, T7, C3, Cz, C4, T8, CP5, CP1, CP2, CP6, P7, P3, Pz, P4, P8, O1, Oz, O2, A1, A2, T1, T2",30,"2","Lead II","unknown","unknown","FCz","Linked mastoids",0.1,35,"0",NA,"",NA,"","","limit analysis to time of minimal artifact","Manual removal of artifacts, Gratton-Coles blink detection","Fp1, Fp2, F3, Fz, F4, FC7, FC2, FC4, FC8, T7, C3, Cz, C4, T8, CP5, CP1, CP2, CP6, P7, P3, Pz, P4, P8, O1, Oz, O2, A1, A2, T1, T2",1,20,"[est180]","Primary","R-peak",455,595,NA,NA,"Group/Condition Differences","Amplitude","1","1","ANOVA","0",NA,"1","Fp1, Fp2, F3, Fz, F4, FC7, FC2, FC4, FC8, T7, C3, Cz, C4, T8, CP5, CP1, CP2, CP6, P7, P3, Pz, P4, P8, O1, Oz, O2, A1, A2, T1, T2","",NA,NA,"HR","est number of trials = 3 minutes of rest (seprately for closed-opended eyes) * 60 bpm","pubmed","Unknown","Averaging",1,FALSE,TRUE,"Task",FALSE,FALSE,FALSE,NA,FALSE,TRUE,FALSE,FALSE,FALSE,FALSE,"R-peak","Unknown","Averaging","Averaging","Primary","Schulz et al. (2013)",180,NA,NA
23824262,"Utilizing heartbeat evoked potentials to identify cardiac regulation of vagal afferents during emotion and resonant breathing","MacKinnon S, Gevirtz R, McCraty R, Brown M.",2013,0,27,"0","EEG",3,"standard19","C3, Cz, C4",NA,"2","N/C","V5, right chest","left abdomen","Linked earlobes","unknown",NA,NA,"0",NA,"",NA,"","","limit analysis to time of minimal artifact","Noisy epochs","Cz, C3, C4",1,3,"260","Primary","R-peak",20,240,-75,0,"Group/Condition Differences","Amplitude","0","1","ANOVA","0",NA,"1","Cz, C3, C4","",NA,NA,"SDNN, RMSSD, LF, HF, LF/HF, PNN50, Gender","","pubmed","Yes","Averaging",1,FALSE,TRUE,"Task",TRUE,FALSE,FALSE,NA,FALSE,TRUE,FALSE,FALSE,FALSE,FALSE,"R-peak","Yes","Averaging","Averaging","Primary","MacKinnon et al. (2013)",260,NA,260
22541740,"Heartbeat evoked potentials mirror altered body perception in depressed patients","Terhaar J, Viola FC, Bär KJ, Debener S.",2012,0,30,"0","EEG",62,"easycap-M10","",NA,"2","N/C","Lower back","unknown","Cz","Laplacian reference",1,40,"1","0","Blinks, CFA",NA,"Semi-automatic","Topography, CORRMAP","CSD","","unknown",2,1,"unknown","Primary","R-peak",-200,800,-200,0,"Group/Condition Differences","Global Field Power","0","0","t-test","0",NA,"1","","",NA,NA,"ECG, Medication","","pubmed","Yes","Other",0,FALSE,TRUE,"Task",FALSE,FALSE,TRUE,NA,FALSE,FALSE,TRUE,FALSE,FALSE,FALSE,"R-peak","Yes","Averaging",NA,"Both","Terhaar et al. (2012)",NA,NA,NA
22541740,"Heartbeat evoked potentials mirror altered body perception in depressed patients","Terhaar J, Viola FC, Bär KJ, Debener S.",2012,0,30,"0","EEG",62,"easycap-M10","",NA,"2","N/C","Lower back","unknown","Cz","Laplacian reference",1,40,"1","0","Blinks, CFA",NA,"Semi-automatic","Topography, CORRMAP","CSD","","unknown",2,2,"unknown","Secondary","R-peak",128,264,-200,0,"Group/Condition Differences","Global Field Power","0","1","ANOVA","0",NA,"1","unknown","",NA,NA,"ECG, Medication","","pubmed","Yes","Averaging",1,FALSE,TRUE,"Task",FALSE,FALSE,TRUE,NA,FALSE,FALSE,TRUE,FALSE,FALSE,FALSE,"R-peak","Yes","Averaging","Averaging","Both","Terhaar et al. (2012)",NA,NA,NA
22541740,"Heartbeat evoked potentials mirror altered body perception in depressed patients","Terhaar J, Viola FC, Bär KJ, Debener S.",2012,0,30,"0","EEG",62,"easycap-M10","",NA,"2","N/C","Lower back","unknown","Cz","Laplacian reference",1,40,"1","0","Blinks, CFA",NA,"Semi-automatic","Topography, CORRMAP","CSD","","unknown",2,2,"unknown","Secondary","R-peak",356,456,-200,0,"Group/Condition Differences","Global Field Power","0","1","ANOVA","0",NA,"1","unknown","",NA,NA,"ECG, Medication","","pubmed","Yes","Averaging",1,FALSE,TRUE,"Task",FALSE,FALSE,TRUE,NA,FALSE,FALSE,TRUE,FALSE,FALSE,FALSE,"R-peak","Yes","Averaging","Averaging","Both","Terhaar et al. (2012)",NA,NA,NA
22541740,"Heartbeat evoked potentials mirror altered body perception in depressed patients","Terhaar J, Viola FC, Bär KJ, Debener S.",2012,0,30,"0","EEG",62,"easycap-M10","",NA,"2","N/C","Lower back","unknown","Cz","Laplacian reference",1,40,"1","0","Blinks, CFA",NA,"Semi-automatic","Topography, CORRMAP","CSD","","unknown",2,2,"unknown","Secondary","R-peak",536,592,-200,0,"Group/Condition Differences","Global Field Power","0","1","ANOVA","0",NA,"1","unknown","",NA,NA,"ECG, Medication","","pubmed","Yes","Averaging",1,FALSE,TRUE,"Task",FALSE,FALSE,TRUE,NA,FALSE,FALSE,TRUE,FALSE,FALSE,FALSE,"R-peak","Yes","Averaging","Averaging","Both","Terhaar et al. (2012)",NA,NA,NA
22541740,"Heartbeat evoked potentials mirror altered body perception in depressed patients","Terhaar J, Viola FC, Bär KJ, Debener S.",2012,0,30,"0","EEG",62,"easycap-M10","",NA,"2","N/C","Lower back","unknown","Cz","Laplacian reference",1,40,"1","0","Blinks, CFA",NA,"Semi-automatic","Topography, CORRMAP","CSD","","unknown",1,1,"unknown","Secondary","R-peak",128,264,-200,0,"Correlation","Global Field Power","0","1","Correlation","0",NA,"0","","",NA,NA,"ECG, Medication","","pubmed","Yes","Averaging",1,FALSE,TRUE,"Task",FALSE,FALSE,TRUE,NA,FALSE,FALSE,TRUE,FALSE,FALSE,FALSE,"R-peak","Yes","Averaging","Averaging","Both","Terhaar et al. (2012)",NA,NA,NA
22541740,"Heartbeat evoked potentials mirror altered body perception in depressed patients","Terhaar J, Viola FC, Bär KJ, Debener S.",2012,0,30,"0","EEG",62,"easycap-M10","",NA,"2","N/C","Lower back","unknown","Cz","Laplacian reference",1,40,"1","0","Blinks, CFA",NA,"Semi-automatic","Topography, CORRMAP","CSD","","unknown",1,1,"unknown","Secondary","R-peak",356,456,-200,0,"Correlation","Global Field Power","0","1","Correlation","0",NA,"0","","",NA,NA,"ECG, Medication","","pubmed","Yes","Averaging",1,FALSE,TRUE,"Task",FALSE,FALSE,TRUE,NA,FALSE,FALSE,TRUE,FALSE,FALSE,FALSE,"R-peak","Yes","Averaging","Averaging","Both","Terhaar et al. (2012)",NA,NA,NA
22541740,"Heartbeat evoked potentials mirror altered body perception in depressed patients","Terhaar J, Viola FC, Bär KJ, Debener S.",2012,0,30,"0","EEG",62,"easycap-M10","",NA,"2","N/C","Lower back","unknown","Cz","Laplacian reference",1,40,"1","0","Blinks, CFA",NA,"Semi-automatic","Topography, CORRMAP","CSD","","unknown",1,1,"unknown","Secondary","R-peak",536,592,-200,0,"Correlation","Global Field Power","0","1","Correlation","0",NA,"0","","",NA,NA,"ECG, Medication","","pubmed","Yes","Averaging",1,FALSE,TRUE,"Task",FALSE,FALSE,TRUE,NA,FALSE,FALSE,TRUE,FALSE,FALSE,FALSE,"R-peak","Yes","Averaging","Averaging","Both","Terhaar et al. (2012)",NA,NA,NA
21396887,"Effect of pain perception on the heartbeat evoked potential","Shao S, Shen K, Wilder-Smith EP, Li X.",2011,0,21,"0","EEG",32,"standard61","Fp1, F7, F3, Fp2, F8, F4, FT7, FC3, T7, C3, TP7, CP3, FT8, FC4, T8, C4, TP8, CP4, P7, P3, O1, P8, P4, O2, Fz, FCz, Cz, CPz, Pz, Oz, A1, A2",NA,"2","Lead II","Right wrist, left leg","unknown","Linked mastoids","Laplacian reference",0.5,15,"1","0","Blinks, eye movements",NA,"","","CSD","","Fp1, F7, F3, Fp2, F8, F4, FT7, FC3, T7, C3, TP7, CP3, FT8, FC4, T8, C4, TP8, CP4, P7, P3, O1, P8, P4, O2, Fz, FCz, Cz, CPz, Pz, Oz",1,4,"unknown","Primary","R-peak",200,600,-100,0,"Group/Condition Differences","Amplitude","1","1","ANOVA","0",NA,"1","Fp1, F7, F3, Fp2, F8, F4, FT7, FC3, T7, C3, TP7, CP3, FT8, FC4, T8, C4, TP8, CP4, P7, P3, O1, P8, P4, O2, Fz, FCz, Cz, CPz, Pz, Oz","",NA,NA,"HR","","pubmed","Yes","Averaging",1,FALSE,TRUE,"Task",FALSE,FALSE,FALSE,NA,FALSE,FALSE,TRUE,FALSE,FALSE,FALSE,"R-peak","Yes","Averaging","Averaging","Primary","Shao et al. (2011)",NA,NA,NA
21396887,"Effect of pain perception on the heartbeat evoked potential","Shao S, Shen K, Wilder-Smith EP, Li X.",2011,0,21,"0","EEG",32,"standard61","Fp1, F7, F3, Fp2, F8, F4, FT7, FC3, T7, C3, TP7, CP3, FT8, FC4, T8, C4, TP8, CP4, P7, P3, O1, P8, P4, O2, Fz, FCz, Cz, CPz, Pz, Oz, A1, A2",NA,"2","Lead II","Right wrist, left leg","unknown","Linked mastoids","Laplacian reference",0.5,15,"1","0","Blinks, eye movements",NA,"","","CSD","","Fp1, F7, F3, Fp2, F8, F4, FT7, FC3, T7, C3, TP7, CP3, FT8, FC4, T8, C4, TP8, CP4, P7, P3, O1, P8, P4, O2, Fz, FCz, Cz, CPz, Pz, Oz",1,1,"unknown","Primary","R-peak",200,600,-100,0,"Correlation","Amplitude","1","1","Correlation","0",NA,"0","","",NA,NA,"","","pubmed","Yes","Averaging",1,FALSE,TRUE,"Task",FALSE,FALSE,FALSE,NA,FALSE,FALSE,TRUE,FALSE,FALSE,FALSE,"R-peak","Yes","Averaging","Averaging","Primary","Shao et al. (2011)",NA,NA,NA
21055427,"Association between interoception and empathy: evidence from heartbeat-evoked brain potential","Fukushima H, Terasawa Y, Umeda S.",2011,0,21,"0","EEG",10,"standard19","F3, Fz, F4, FCz, Cz, C3, C4, Pz, T5, T6",NA,"2","Lead I","Left wrist, right wrist","unknown","Linked mastoids","unknown",NA,30,"0",NA,"",NA,"","","","noisy epochs","Fz, F3, F4, FCz, Cz, C3, C4, Pz, T5, T6",1,2,"unknown","Primary","R-peak",-100,800,-100,0,"Group/Condition Differences","Amplitude","0","0","t-test","1",1000,"1","F3, Fz","R-peak",250,285,"ECG","","pubmed","Yes","Clustering",0,FALSE,TRUE,"Task",TRUE,FALSE,FALSE,NA,FALSE,FALSE,FALSE,FALSE,FALSE,FALSE,"R-peak","Yes","Both","Clustering","Both","Fukushima et al. (2011)",NA,NA,NA
21055427,"Association between interoception and empathy: evidence from heartbeat-evoked brain potential","Fukushima H, Terasawa Y, Umeda S.",2011,0,21,"0","EEG",10,"standard19","F3, Fz, F4, FCz, Cz, C3, C4, Pz, T5, T6",NA,"2","Lead I","Left wrist, right wrist","unknown","Linked mastoids","unknown",NA,30,"0",NA,"",NA,"","","subtract/regress ECG from EEG","noisy epochs","Fz, F3, F4, FCz, Cz, C3, C4, Pz, T5, T6",1,2,"unknown","Primary","R-peak",-100,800,-100,0,"Group/Condition Differences","Amplitude","0","0","t-test","1",1000,"1","F3, Fz, F4, FCz, C3, F3","R-peak",245,430,"ECG","","pubmed","Yes","Clustering",0,FALSE,TRUE,"Task",TRUE,FALSE,FALSE,NA,FALSE,FALSE,FALSE,TRUE,FALSE,FALSE,"R-peak","Yes","Both","Clustering","Both","Fukushima et al. (2011)",NA,NA,NA
21055427,"Association between interoception and empathy: evidence from heartbeat-evoked brain potential","Fukushima H, Terasawa Y, Umeda S.",2011,0,21,"0","EEG",10,"standard19","F3, Fz, F4, FCz, Cz, C3, C4, Pz, T5, T6",NA,"2","Lead I","Left wrist, right wrist","unknown","Linked mastoids","unknown",NA,30,"0",NA,"",NA,"","","subtract/regress ECG from EEG","noisy epochs","F3, C3, Fz, FCz, F4",1,1,"unknown","Secondary","R-peak",245,430,-100,0,"Group/Condition Differences","Amplitude","1","1","Correlation","0",NA,"1","F3, C3, Fz, FCz, F4","",NA,NA,"","","pubmed","Yes","Averaging",1,FALSE,TRUE,"Task",TRUE,FALSE,FALSE,NA,FALSE,FALSE,FALSE,TRUE,FALSE,FALSE,"R-peak","Yes","Both","Averaging","Both","Fukushima et al. (2011)",NA,NA,NA
18064066,"Effect of heartbeat perception on heartbeat evoked potential waves","Yuan H, Yan HM, Xu XG, Han F, Yan Q.",2007,0,22,"0","EEG",30,"standard61","Fp1, Fp2, F7, F8, F3, F4, Fz, FT7, FT8, FC3, FC4, FCz, T7, T8, C3, C4, Cz, TP7, TP8, CP3, CP4, CPz, P7, P8, P3, P4, Pz, O1, O2, Oz",NA,"2","Lead I","Right clavicle, Left clavicle","unknown","Linked mastoids","Common average",1,40,"0",NA,"",NA,"","","PCA on HEP","Manual removal of artifacts","Fp1, Fp2, F7, F8, F3, F4, Fz, FT7, FT8, FC3, FC4, FCz, T7, T8, C3, C4, Cz, TP7, TP8, CP3, CP4, CPz, P7, P8, P3, P4, Pz, O1, O2, Oz",2,2,"unknown","Primary","R-peak",-200,600,NA,NA,"Group/Condition Differences","Amplitude","0","0","none","0",NA,"none","","",NA,NA,"","","pubmed","Unknown","Other",0,FALSE,TRUE,"Task",FALSE,FALSE,FALSE,NA,FALSE,FALSE,FALSE,FALSE,TRUE,FALSE,"R-peak","Unknown","None",NA,"Primary","Yuan et al. (2007)",NA,NA,NA
17420478,"A cortical potential reflecting cardiac function","Gray MA, Taggart P, Sutton PM, Groves D, Holdright DR, Bradbury D, Brull D, Critchley HD.",2007,0,10,"0","EEG",128,"biosemi128","A1, A2, A3, A4, A5, A6, A7, A8, A9, A10, A15, A16, A17, A18, A19, A20, A21, A22, A23, A28, A29, A30, A31, A32, B1, B2, B3, B4, B5, B6, B7, B11, B12, B13, B14, B15, B16, B17, B18, B19, B20, B21, B22, B23, B24, B25, B26, B27, B28, B29, B30, B31, B32, C1, C2, C3, C4, C5, C6, C7, C8, C9, C10, C11, C12, C13, C14, C15, C16, C17, C18, C19, C20, C21, C22, C23, C24, C25, C26, C27, C28, C29, C30, C31, C32, D1, D2, D3, D4, D5, D6, D7, D8, D9, D10, D11, D12, D13, D14, D15, D16, D17, D18, D19, D20, D21, D22, D23, D24, D25, D26, D27, D28, D29, D30, D31",NA,"6","Multiple
leads","Left clavicle, Right clavicle, Neck","unknown","CMS","Linked earlobes",0.7,24,"1","0","Eye movements, blinks",NA,"","","","","A1, A2, A3, A4, A5, A6, A7, A8, A9, A10, A15, A16, A17, A18, A19, A20, A21, A22, A23, A28, A29, A30, A31, A32, B1, B2, B3, B4, B5, B6, B7, B11, B12, B13, B14, B15, B16, B17, B18, B19, B20, B21, B22, B23, B24, B25, B26, B27, B28, B29, B30, B31, B32, C1, C2, C3, C4, C5, C6, C7, C8, C9, C10, C11, C12, C13, C14, C15, C16, C17, C18, C19, C20, C21, C22, C23, C24, C25, C26, C27, C28, C29, C30, C31, C32, D1, D2, D3, D4, D5, D6, D7, D8, D9, D10, D11, D12, D13, D14, D15, D16, D17, D18, D19, D20, D21, D22, D23, D24, D25, D26, D27, D28, D29, D30, D31",1,2,"unknown","Primary","R-peak",455,595,NA,NA,"Group/Condition Differences","Amplitude","1","1","t-test","0",NA,"1","A1, A2, A3, A4, A5, A6, A7, A8, A9, A10, A15, A16, A17, A18, A19, A20, A21, A22, A23, A28, A29, A30, A31, A32, B1, B2, B3, B4, B5, B6, B7, B11, B12, B13, B14, B15, B16, B17, B18, B19, B20, B21, B22, B23, B24, B25, B26, B27, B28, B29, B30, B31, B32, C1, C2, C3, C4, C5, C6, C7, C8, C9, C10, C11, C12, C13, C14, C15, C16, C17, C18, C19, C20, C21, C22, C23, C24, C25, C26, C27, C28, C29, C30, C31, C32, D1, D2, D3, D4, D5, D6, D7, D8, D9, D10, D11, D12, D13, D14, D15, D16, D17, D18, D19, D20, D21, D22, D23, D24, D25, D26, D27, D28, D29, D30, D31","",NA,NA,"ECG","","pubmed","Unknown","Averaging",1,FALSE,TRUE,"Task",FALSE,FALSE,FALSE,NA,FALSE,FALSE,FALSE,FALSE,FALSE,FALSE,"R-peak","Unknown","Averaging","Averaging","Primary","Gray et al. (2007)",NA,NA,NA
17420478,"A cortical potential reflecting cardiac function","Gray MA, Taggart P, Sutton PM, Groves D, Holdright DR, Bradbury D, Brull D, Critchley HD.",2007,0,10,"0","EEG",128,"biosemi128","A1, A2, A3, A4, A5, A6, A7, A8, A9, A10, A15, A16, A17, A18, A19, A20, A21, A22, A23, A28, A29, A30, A31, A32, B1, B2, B3, B4, B5, B6, B7, B11, B12, B13, B14, B15, B16, B17, B18, B19, B20, B21, B22, B23, B24, B25, B26, B27, B28, B29, B30, B31, B32, C1, C2, C3, C4, C5, C6, C7, C8, C9, C10, C11, C12, C13, C14, C15, C16, C17, C18, C19, C20, C21, C22, C23, C24, C25, C26, C27, C28, C29, C30, C31, C32, D1, D2, D3, D4, D5, D6, D7, D8, D9, D10, D11, D12, D13, D14, D15, D16, D17, D18, D19, D20, D21, D22, D23, D24, D25, D26, D27, D28, D29, D30, D31",NA,"6","Multiple
leads","Left clavicle, Right clavicle, Neck","unknown","CMS","Linked earlobes",0.7,24,"1","0","Eye movements, blinks",NA,"","","","","A1, A2, A3, A4, A5, A6, A7, A8, A9, A10, A15, A16, A17, A18, A19, A20, A21, A22, A23, A28, A29, A30, A31, A32, B1, B2, B3, B4, B5, B6, B7, B11, B12, B13, B14, B15, B16, B17, B18, B19, B20, B21, B22, B23, B24, B25, B26, B27, B28, B29, B30, B31, B32, C1, C2, C3, C4, C5, C6, C7, C8, C9, C10, C11, C12, C13, C14, C15, C16, C17, C18, C19, C20, C21, C22, C23, C24, C25, C26, C27, C28, C29, C30, C31, C32, D1, D2, D3, D4, D5, D6, D7, D8, D9, D10, D11, D12, D13, D14, D15, D16, D17, D18, D19, D20, D21, D22, D23, D24, D25, D26, D27, D28, D29, D30, D31",1,1,"unknown","Primary","R-peak",455,595,NA,NA,"Correlation","Amplitude","0","1","Correlation","0",NA,"1","A1, A2, A3, A4, A5, A6, A7, A8, A9, A10, A15, A16, A17, A18, A19, A20, A21, A22, A23, A28, A29, A30, A31, A32, B1, B2, B3, B4, B5, B6, B7, B11, B12, B13, B14, B15, B16, B17, B18, B19, B20, B21, B22, B23, B24, B25, B26, B27, B28, B29, B30, B31, B32, C1, C2, C3, C4, C5, C6, C7, C8, C9, C10, C11, C12, C13, C14, C15, C16, C17, C18, C19, C20, C21, C22, C23, C24, C25, C26, C27, C28, C29, C30, C31, C32, D1, D2, D3, D4, D5, D6, D7, D8, D9, D10, D11, D12, D13, D14, D15, D16, D17, D18, D19, D20, D21, D22, D23, D24, D25, D26, D27, D28, D29, D30, D31","",NA,NA,"Medication","","pubmed","Unknown","Averaging",1,FALSE,TRUE,"Task",FALSE,FALSE,FALSE,NA,FALSE,FALSE,FALSE,FALSE,FALSE,FALSE,"R-peak","Unknown","Averaging","Averaging","Primary","Gray et al. (2007)",NA,NA,NA
15852466,"Brain structures involved in interoceptive awareness and cardioafferent signal processing: a dipole source localization study","Pollatos O, Kirsch W, Schandry R.",2005,0,44,"0","EEG",62,"easycap-M10","",30,"2","N/C","Left chest, Right clavicle","unknown","Nose","Laplacian reference",0.01,100,"0",NA,"",NA,"","","CSD","Gratton-Coles blink detection, Noisy epochs","",2,1,"[est1800]","Primary","R-peak",250,450,NA,NA,"Group/Condition Differences","Amplitude","1","1","ANOVA","0",NA,"1","","",NA,NA,"Age, gender","est number of trials = 30 min task * 60 bpm","pubmed","Unknown","Averaging",1,FALSE,TRUE,"Task",TRUE,FALSE,FALSE,NA,FALSE,FALSE,TRUE,FALSE,FALSE,FALSE,"R-peak","Unknown","Averaging","Averaging","Primary","Pollatos et al. (2005)",1800,NA,NA
15165413,"Electrophysiological evidence of intuition: Part 2. A system-wide process?","McCraty R, Atkinson M, Bradley RT.",2004,0,11,"0","EEG",19,"standard19","Fp1, Fp2, F7, F3, Fz, F4, F8, T3, C3, Cz, C4, T4, T5, P3, Pz, P4, T6, O1, O2",NA,"unknown","N/M","unknown","unknown","Linked mastoids","Linked mastoids",1,30,"1","0","Eye movements, Muscle",NA,"","","","","Fp1, Fp2, F7, F3, Fz, F4, F8, T3, C3, Cz, C4, T4, T5, P3, Pz, P4, T6, O1, O2",1,2,"unknown","Primary","R-peak",0,600,-100,0,"Group/Condition Differences","Amplitude","0","0","t-test","1",10000,"1","P4","R-peak",NA,NA,"","","pubmed","Yes","Clustering",0,FALSE,TRUE,"Task",FALSE,FALSE,FALSE,NA,FALSE,FALSE,FALSE,FALSE,FALSE,FALSE,"R-peak","Yes","Clustering","Clustering","Primary","McCraty et al. (2004)",NA,NA,NA
15165413,"Electrophysiological evidence of intuition: Part 2. A system-wide process?","McCraty R, Atkinson M, Bradley RT.",2004,0,15,"0","EEG",19,"standard19","Fp1, Fp2, F7, F3, Fz, F4, F8, T3, C3, Cz, C4, T4, T5, P3, Pz, P4, T6, O1, O2",NA,"unknown","N/M","unknown","unknown","Linked mastoids","Linked mastoids",1,30,"1","0","Eye movements, Muscle",NA,"","","","","Fp1, Fp2, F7, F3, Fz, F4, F8, T3, C3, Cz, C4, T4, T5, P3, Pz, P4, T6, O1, O2",1,2,"unknown","Primary","R-peak",0,600,-100,0,"Group/Condition Differences","Amplitude","0","0","t-test","1",10000,"1","Fp1, Fp2, F8, T3","R-peak",NA,NA,"","","pubmed","Yes","Clustering",0,FALSE,TRUE,"Task",FALSE,FALSE,FALSE,NA,FALSE,FALSE,FALSE,FALSE,FALSE,FALSE,"R-peak","Yes","Clustering","Clustering","Primary","McCraty et al. (2004)",NA,NA,NA
15102134,"Accuracy of heartbeat perception is reflected in the amplitude of the heartbeat-evoked brain potential","Pollatos O, Schandry R.",2004,0,44,"0","EEG",27,"standard32","Fp1, Fp2, F7, F3, Fz, F4, F8, FC5, FC1, FC2, FC6, T7, C3, Cz, C4, T8, CP1, CP2, CP5, CP6, P7, P3, Pz, P4, P8, O1, O2",NA,"2","Lead I","Right wrist, Left wrist","unknown","Linked mastoids","Laplacian reference",0.1,30,"0",NA,"",NA,"","","CSD","Gratton-Coles blink detection, Noisy epochs","F3, F4, F7, F8, Fp1, Fp2, FC1, FC2, FC5, FC6, C3, C4, CP1, CP2, CP5, CP6, P3, P4, P7, P8, T7, T8, O1, O2",2,1,"unknown","Primary","R-peak",250,350,NA,NA,"Group/Condition Differences","Amplitude","1","1","ANOVA","0",NA,"1","F3, F4, F7, F8, Fp1, Fp2, FC1, FC2, FC5, FC6, C3, C4, CP1, CP2, CP5, CP6, P3, P4, P7, P8, T7, T8, O1, O2","",NA,NA,"ECG","","pubmed","Unknown","Averaging",1,FALSE,TRUE,"Task",TRUE,FALSE,FALSE,NA,FALSE,FALSE,TRUE,FALSE,FALSE,FALSE,"R-peak","Unknown","Averaging","Averaging","Primary","Pollatos et al. (2004)",NA,NA,NA
15102134,"Accuracy of heartbeat perception is reflected in the amplitude of the heartbeat-evoked brain potential","Pollatos O, Schandry R.",2004,0,44,"0","EEG",27,"standard32","Fp1, Fp2, F7, F3, Fz, F4, F8, FC5, FC1, FC2, FC6, T7, C3, Cz, C4, T8, CP1, CP2, CP5, CP6, P7, P3, Pz, P4, P8, O1, O2",NA,"2","Lead I","Right wrist, Left wrist","unknown","Linked mastoids","Laplacian reference",0.1,30,"0",NA,"",NA,"","","CSD","Gratton-Coles blink detection, Noisy epochs","C4",1,1,"unknown","Primary","R-peak",250,350,NA,NA,"Correlation","Amplitude","0","1","Correlation","0",NA,"1","C4","",NA,NA,"","","pubmed","Unknown","Averaging",1,FALSE,TRUE,"Task",TRUE,FALSE,FALSE,NA,FALSE,FALSE,TRUE,FALSE,FALSE,FALSE,"R-peak","Unknown","Averaging","Averaging","Primary","Pollatos et al. (2004)",NA,NA,NA
11275540,"The heartbeat-evoked brain potential in patients suffering from diabetic neuropathy and in healthy control persons","Leopold C, Schandry R.",2001,0,25,"0","EEG",18,"standard19","Fp1, Fp2, F7, F3, Fz, F4, F8, T3, C3, Cz, C4, T4, T5, P3, Pz, P4, T6, Oz",NA,"2","Lead II","Left abdomen, Right clavicle","unknown","Linked earlobes","Linked earlobes",0.016,70,"0",NA,"",NA,"","","","noisy epochs","F3, F4, F7, F8, Fp1, Fp2, Fz, C3, C4, Cz, P3, P4, Pz, T3, T4, T5, T6",2,1,"unknown","Primary","R-peak",230,530,NA,NA,"Group/Condition Differences","Amplitude","1","1","ANOVA","0",NA,"1","F3, F4, F7, F8, Fp1, Fp2, Fz, C3, C4, Cz, P3, P4, Pz, T3, T4, T5, T6","R-peak",280,330,"ECG, HRV","","pubmed","Unknown","Averaging",1,FALSE,TRUE,"Task",TRUE,FALSE,FALSE,NA,FALSE,FALSE,FALSE,FALSE,FALSE,FALSE,"R-peak","Unknown","Averaging","Averaging","Primary","Leopold et al. (2001)",NA,NA,NA
11275540,"The heartbeat-evoked brain potential in patients suffering from diabetic neuropathy and in healthy control persons","Leopold C, Schandry R.",2001,0,25,"0","EEG",18,"standard19","Fp1, Fp2, F7, F3, Fz, F4, F8, T3, C3, Cz, C4, T4, T5, P3, Pz, P4, T6, Oz",NA,"2","Lead II","Left abdomen, Right clavicle","unknown","Linked earlobes","Linked earlobes",0.016,70,"0",NA,"",NA,"","","","noisy epochs","F3, F4, F7, F8, Fp1, Fp2, Fz, C3, C4, Cz, T3, T4, T5, T6",2,1,"unknown","Primary","R-peak",280,330,NA,NA,"Correlation","Amplitude","1","1","Correlation","0",NA,"1","F3, F4, F7, F8, Fp1, Fp2, Fz, C3, C4, Cz, T3, T4, T5, T6","",NA,NA,"","","pubmed","Unknown","Averaging",1,FALSE,TRUE,"Task",TRUE,FALSE,FALSE,NA,FALSE,FALSE,FALSE,FALSE,FALSE,FALSE,"R-peak","Unknown","Averaging","Averaging","Primary","Leopold et al. (2001)",NA,NA,NA
8770371,"Event-related brain potentials and the processing of cardiac activity","Schandry R, Montoya P.",1996,0,28,"0","EEG",19,"standard19","Fp1, Fp2, F7, F3, Fz, F4, F8, T3, C3, Cz, C4, T4, T5, P3, Pz, P4, T6, O1, O2",NA,"2","N/C","unknown","unknown","Linked mastoids","Linked mastoids",0.01,100,"0",NA,"",NA,"","","subtract/regress ECG from EEG","","Fz, F3, F4, F7, F8, Cz, C3, C4, Pz, P3, P4",1,1,"1000","Primary","R-peak",450,550,NA,NA,"Correlation","Amplitude","0","1","Correlation","0",NA,"1","Fz, F3, F4, F7, F8, Cz, C3, C4, Pz, P3, P4","",NA,NA,"","","pubmed","Unknown","Averaging",1,FALSE,TRUE,"Task",FALSE,FALSE,FALSE,NA,FALSE,FALSE,FALSE,TRUE,FALSE,FALSE,"R-peak","Unknown","Averaging","Averaging","Primary","Schandry et al. (1996)",1000,NA,1000
8770371,"Event-related brain potentials and the processing of cardiac activity","Schandry R, Montoya P.",1996,0,28,"0","EEG",19,"standard19","Fp1, Fp2, F7, F3, Fz, F4, F8, T3, C3, Cz, C4, T4, T5, P3, Pz, P4, T6, O1, O2",NA,"2","N/C","unknown","unknown","Linked mastoids","Linked mastoids",0.01,100,"0",NA,"",NA,"","","subtract/regress ECG from EEG","","Fz, Cz, F7, F8",1,2,"400","Primary","R-peak",250,400,NA,NA,"Group/Condition Differences","Amplitude","0","1","ANOVA","0",NA,"1","Fz, Cz, F7, F8","",NA,NA,"","","pubmed","Unknown","Averaging",1,FALSE,TRUE,"Task",FALSE,FALSE,FALSE,NA,FALSE,FALSE,FALSE,TRUE,FALSE,FALSE,"R-peak","Unknown","Averaging","Averaging","Primary","Schandry et al. (1996)",400,NA,400
7684965,"Heartbeat evoked potentials (HEP): topography and influence of cardiac awareness and focus of attention","Montoya P, Schandry R, Müller A.",1993,0,27,"0","EEG",19,"standard19","Fp1, Fp2, F7, F3, Fz, F4, F8, T3, C3, Cz, C4, T4, T5, P3, Pz, P4, T6, O1, O2",NA,"2","Lead II","Left abdomen, Right clavicle","Forehead","Linked mastoids","Linked mastoids",0.016,15,"0",NA,"",NA,"","","subtract/regress ECG from EEG","Noisy epochs","Fz, F3, F4, F7, F8, Fp1, Fp2",2,2,"1000","Primary","R-peak",350,450,-75,0,"Group/Condition Differences","Amplitude","1","1","ANOVA","0",NA,"0","","",NA,NA,"ECG","","pubmed","Yes","Averaging",1,FALSE,TRUE,"Task",TRUE,FALSE,FALSE,NA,FALSE,FALSE,FALSE,TRUE,FALSE,FALSE,"R-peak","Yes","Averaging","Averaging","Primary","Montoya et al. (1993)",1000,NA,1000
7684965,"Heartbeat evoked potentials (HEP): topography and influence of cardiac awareness and focus of attention","Montoya P, Schandry R, Müller A.",1993,0,27,"0","EEG",19,"standard19","Fp1, Fp2, F7, F3, Fz, F4, F8, T3, C3, Cz, C4, T4, T5, P3, Pz, P4, T6, O1, O2",NA,"2","Lead II","Left abdomen, Right clavicle","Forehead","Linked mastoids","Linked mastoids",0.016,15,"0",NA,"",NA,"","","subtract/regress ECG from EEG","Noisy epochs","Cz, C3, C4, T3, T4, Pz",2,2,"1000","Primary","R-peak",350,450,-75,0,"Group/Condition Differences","Amplitude","1","1","ANOVA","0",NA,"0","","",NA,NA,"ECG","","pubmed","Yes","Averaging",1,FALSE,TRUE,"Task",TRUE,FALSE,FALSE,NA,FALSE,FALSE,FALSE,TRUE,FALSE,FALSE,"R-peak","Yes","Averaging","Averaging","Primary","Montoya et al. (1993)",1000,NA,1000
7684965,"Heartbeat evoked potentials (HEP): topography and influence of cardiac awareness and focus of attention","Montoya P, Schandry R, Müller A.",1993,0,27,"0","EEG",19,"standard19","Fp1, Fp2, F7, F3, Fz, F4, F8, T3, C3, Cz, C4, T4, T5, P3, Pz, P4, T6, O1, O2",NA,"2","Lead II","Left abdomen, Right clavicle","Forehead","Linked mastoids","Linked mastoids",0.016,15,"0",NA,"",NA,"","","subtract/regress ECG from EEG","Noisy epochs","Pz, P3, P4, T5, T6, O1, O2",2,2,"1000","Primary","R-peak",350,450,-75,0,"Group/Condition Differences","Amplitude","1","1","ANOVA","0",NA,"0","","",NA,NA,"ECG","","pubmed","Yes","Averaging",1,FALSE,TRUE,"Task",TRUE,FALSE,FALSE,NA,FALSE,FALSE,FALSE,TRUE,FALSE,FALSE,"R-peak","Yes","Averaging","Averaging","Primary","Montoya et al. (1993)",1000,NA,1000
7684965,"Heartbeat evoked potentials (HEP): topography and influence of cardiac awareness and focus of attention","Montoya P, Schandry R, Müller A.",1993,0,27,"0","EEG",19,"standard19","Fp1, Fp2, F7, F3, Fz, F4, F8, T3, C3, Cz, C4, T4, T5, P3, Pz, P4, T6, O1, O2",NA,"2","Lead II","Left abdomen, Right clavicle","Forehead","Linked mastoids","Linked mastoids",0.016,15,"0",NA,"",NA,"","","subtract/regress ECG from EEG","Noisy epochs","Fz, F3, F4, F7, F8, Fp1, Fp2, Cz, C3, C4, T3, T4, Pz, P3, P4, T5, T6, O1, O2",2,2,"1000","Primary","R-peak",350,450,-75,0,"Group/Condition Differences","Amplitude","1","1","ANOVA","0",NA,"0","","",NA,NA,"ECG","","pubmed","Yes","Averaging",1,FALSE,TRUE,"Task",TRUE,FALSE,FALSE,NA,FALSE,FALSE,FALSE,TRUE,FALSE,FALSE,"R-peak","Yes","Averaging","Averaging","Primary","Montoya et al. (1993)",1000,NA,1000
7684965,"Heartbeat evoked potentials (HEP): topography and influence of cardiac awareness and focus of attention","Montoya P, Schandry R, Müller A.",1993,0,27,"0","EEG",19,"standard19","Fp1, Fp2, F7, F3, Fz, F4, F8, T3, C3, Cz, C4, T4, T5, P3, Pz, P4, T6, O1, O2",NA,"2","Lead II","Left abdomen, Right clavicle","Forehead","Linked mastoids","Linked mastoids",0.016,15,"0",NA,"",NA,"","","subtract/regress ECG from EEG","Noisy epochs","Fz, F3, F4, F7, F8, Fp1, Fp2",2,2,"1000","Primary","R-peak",450,550,-75,0,"Group/Condition Differences","Amplitude","1","1","ANOVA","0",NA,"0","","",NA,NA,"ECG","","pubmed","Yes","Averaging",1,FALSE,TRUE,"Task",TRUE,FALSE,FALSE,NA,FALSE,FALSE,FALSE,TRUE,FALSE,FALSE,"R-peak","Yes","Averaging","Averaging","Primary","Montoya et al. (1993)",1000,NA,1000
7684965,"Heartbeat evoked potentials (HEP): topography and influence of cardiac awareness and focus of attention","Montoya P, Schandry R, Müller A.",1993,0,27,"0","EEG",19,"standard19","Fp1, Fp2, F7, F3, Fz, F4, F8, T3, C3, Cz, C4, T4, T5, P3, Pz, P4, T6, O1, O2",NA,"2","Lead II","Left abdomen, Right clavicle","Forehead","Linked mastoids","Linked mastoids",0.016,15,"0",NA,"",NA,"","","subtract/regress ECG from EEG","Noisy epochs","Cz, C3, C4, T3, T4, Pz",2,2,"1000","Primary","R-peak",450,550,-75,0,"Group/Condition Differences","Amplitude","1","1","ANOVA","0",NA,"0","","",NA,NA,"ECG","","pubmed","Yes","Averaging",1,FALSE,TRUE,"Task",TRUE,FALSE,FALSE,NA,FALSE,FALSE,FALSE,TRUE,FALSE,FALSE,"R-peak","Yes","Averaging","Averaging","Primary","Montoya et al. (1993)",1000,NA,1000
7684965,"Heartbeat evoked potentials (HEP): topography and influence of cardiac awareness and focus of attention","Montoya P, Schandry R, Müller A.",1993,0,27,"0","EEG",19,"standard19","Fp1, Fp2, F7, F3, Fz, F4, F8, T3, C3, Cz, C4, T4, T5, P3, Pz, P4, T6, O1, O2",NA,"2","Lead II","Left abdomen, Right clavicle","Forehead","Linked mastoids","Linked mastoids",0.016,15,"0",NA,"",NA,"","","subtract/regress ECG from EEG","Noisy epochs","Pz, P3, P4, T5, T6, O1, O2",2,2,"1000","Primary","R-peak",450,550,-75,0,"Group/Condition Differences","Amplitude","1","1","ANOVA","0",NA,"0","","",NA,NA,"ECG","","pubmed","Yes","Averaging",1,FALSE,TRUE,"Task",TRUE,FALSE,FALSE,NA,FALSE,FALSE,FALSE,TRUE,FALSE,FALSE,"R-peak","Yes","Averaging","Averaging","Primary","Montoya et al. (1993)",1000,NA,1000
7684965,"Heartbeat evoked potentials (HEP): topography and influence of cardiac awareness and focus of attention","Montoya P, Schandry R, Müller A.",1993,0,27,"0","EEG",19,"standard19","Fp1, Fp2, F7, F3, Fz, F4, F8, T3, C3, Cz, C4, T4, T5, P3, Pz, P4, T6, O1, O2",NA,"2","Lead II","Left abdomen, Right clavicle","Forehead","Linked mastoids","Linked mastoids",0.016,15,"0",NA,"",NA,"","","subtract/regress ECG from EEG","Noisy epochs","Fz, F3, F4, F7, F8, Fp1, Fp2, Cz, C3, C4, T3, T4, Pz, P3, P4, T5, T6, O1, O2",2,2,"1000","Primary","R-peak",450,550,-75,0,"Group/Condition Differences","Amplitude","1","1","ANOVA","0",NA,"0","","",NA,NA,"ECG","","pubmed","Yes","Averaging",1,FALSE,TRUE,"Task",TRUE,FALSE,FALSE,NA,FALSE,FALSE,FALSE,TRUE,FALSE,FALSE,"R-peak","Yes","Averaging","Averaging","Primary","Montoya et al. (1993)",1000,NA,1000
2265945,"Enhancement of heartbeat-related brain potentials through cardiac awareness training","Schandry R, Weitkunat R.",1990,0,42,"0","EEG",4,"standard19","Fz, Cz, F7, F8",NA,"2","Lead II","Right clavicle, Left abdomen","Left leg","Linked mastoids","Linked mastoids",0.03,30,"0",NA,"",NA,"","","subtract/regress ECG from EEG","","F7, Fz, F8, Cz",2,2,"200","Primary","R-peak",200,350,-75,0,"Group/Condition Differences","Amplitude","0","1","ANOVA","0",NA,"1","F7, Fz, F8, Cz","",NA,NA,"ECG","","pubmed","Yes","Averaging",1,FALSE,TRUE,"Task",FALSE,FALSE,FALSE,NA,FALSE,FALSE,FALSE,TRUE,FALSE,FALSE,"R-peak","Yes","Averaging","Averaging","Primary","Schandry et al. (1990)",200,NA,200
1824389,"Individual differences in cortical evoked potentials as a function of heartbeat detection ability","Katkin ES, Cestaro VL, Weitkunat R.",1991,0,12,"0","EEG",4,"standard19","Fz, Cz, F7, F8",NA,"2","Lead II","Right clavicle, Left abdomen; Right clavicle, Left leg","unknown","Linked Mastoids","Linked Mastoids",0.8,35,"0",NA,"",NA,"","","subtract/regress ECG from EEG","","Fz, Cz, F7, F8",1,1,"400","Primary","R-peak",NA,NA,-75,0,"Correlation","Amplitude","0","0","Correlation","0",NA,"1","","",NA,NA,"ECG","","pubmed","Yes","Other",0,FALSE,TRUE,"Task",FALSE,FALSE,FALSE,NA,FALSE,FALSE,FALSE,TRUE,FALSE,FALSE,"R-peak","Yes","None",NA,"Primary","Katkin et al. (1991)",400,NA,400
3793380,"From the heart to the brain: a study of heartbeat contingent scalp potentials","Schandry R, Sparrer B, Weitkunat R.",1986,0,22,"0","EEG",3,"standard19","Fz, Cz, Pz",NA,"2","Lead II","Right clavicle, Left chest","Forehead","Linked mastoids","Linked mastoids",0.03,100,"0","0","",NA,"","","PCA on HEP","noisy epochs","Fz, Cz, Pz",2,4,"170","Primary","R-peak",200,300,-100,-25,"Group/Condition Differences","Latency","0","0","ANOVA","0",NA,"1","","",NA,NA,"ECG","","manual","Yes","Other",0,FALSE,TRUE,"Task",TRUE,FALSE,FALSE,NA,FALSE,FALSE,FALSE,FALSE,TRUE,FALSE,"R-peak","Yes","None",NA,"Primary","Schandry et al. (1986)",170,NA,170
3793380,"From the heart to the brain: a study of heartbeat contingent scalp potentials","Schandry R, Sparrer B, Weitkunat R.",1986,0,22,"0","EEG",3,"standard19","Fz, Cz, Pz",NA,"2","Lead II","Right clavicle, Left chest","Forehead","Linked mastoids","Linked mastoids",0.03,100,"0","0","",NA,"","","PCA on HEP","noisy epochs","Fz, Cz, Pz",1,1,"170","Primary","R-peak",-100,600,-100,-25,"Correlation","Stability","0","0","Correlation","0",NA,"1","","",NA,NA,"","","manual","Yes","Other",0,FALSE,TRUE,"Task",TRUE,FALSE,FALSE,NA,FALSE,FALSE,FALSE,FALSE,TRUE,FALSE,"R-peak","Yes","None",NA,"Primary","Schandry et al. (1986)",170,NA,170
9146492,"Cardiac field effects on the EEG","Dirlich G, Vogl L, Plaschke M, Strian F.",1997,0,9,"0","EEG",26,"standard19","Fp1, Fp2, F7, F3, Fz, F4, F8, A1, T3, C3, C4, T4, A2, T5, P3, Pz, P4, T6, O1, O2, Ad1, Ad2, Ad3, Ad4",60,"6","Multiple
leads","Right wrist, Left leg, Right chest, Left chest, V4, Upper back","unknown","Cz","Cz",NA,100,"0","0","",NA,"","","","Manual removal of artifacts, Gratton-Coles blink detection","Fp1, Fp2, F7, F3, Fz, F4, F8, A1, T3, C3, C4, T4, A2, T5, P3, Pz, P4, T6, O1, O2, Ad1, Ad2, Ad3, Ad4",1,1,"[est1346]","Primary","R-peak",-50,500,NA,NA,"Correlation","Amplitude","1","1","Correlation","0",NA,"unknown","","",NA,NA,"ECG","est number of trials = 12120 for all participants / 9 participants","manual","Unknown","Averaging",1,FALSE,TRUE,"Task",FALSE,FALSE,FALSE,NA,FALSE,FALSE,FALSE,FALSE,FALSE,FALSE,"R-peak","Unknown","Averaging","Averaging","Primary","Dirlich et al. (1997)",1346,NA,NA
9146492,"Cardiac field effects on the EEG","Dirlich G, Vogl L, Plaschke M, Strian F.",1997,0,9,"0","EEG",26,"standard19","Fp1, Fp2, F7, F3, Fz, F4, F8, A1, T3, C3, C4, T4, A2, T5, P3, Pz, P4, T6, O1, O2, Ad1, Ad2, Ad3, Ad4",60,"6","Multiple
leads","Right wrist, Left leg, Right chest, Left chest, V4, Upper back","unknown","Cz","Cz",NA,100,"0","0","",NA,"","","","Manual removal of artifacts, Gratton-Coles blink detection","Fp1, Fp2, F7, F3, Fz, F4, F8, A1, T3, C3, C4, T4, A2, T5, P3, Pz, P4, T6, O1, O2, Ad1, Ad2, Ad3, Ad4",1,1,"[est1346]","Primary","R-peak",-50,500,NA,NA,"Correlation","Amplitude","1","1","Regression","0",NA,"unknown","","",NA,NA,"ECG","est number of trials = 12120 for all participants / 9 participants","manual","Unknown","Averaging",1,FALSE,TRUE,"Task",FALSE,FALSE,FALSE,NA,FALSE,FALSE,FALSE,FALSE,FALSE,FALSE,"R-peak","Unknown","Averaging","Averaging","Primary","Dirlich et al. (1997)",1346,NA,NA
9607519,"Topography and morphology of heart action-related EEG potentials","G Dirlich, T Dietl, L Vogl, F Strian",1998,0,22,"1","EEG",26,"standard19","Fp1, Fp2, F7, F3, Fz, F4, F8, A1, T3, C3, C4, T4, A2, T5, P3, Pz, P4, T6, O1, O2, Ad1, Ad2, Ad3, Ad4",90,"6","Multiple
leads","Right wrist, Left leg, Right chest, Left chest, V4, upper back","unknown","Cz","Linked earlobes",NA,NA,"0","0","",NA,"","","","Noisy Epochs","Fp1, Fp2, F7, F3, Fz, F4, F8, A1, T3, C3, C4, T4, A2, T5, P3, Pz, P4, T6, O1, O2, Ad1, Ad2, Ad3, Ad4",1,1,"2000","Primary","R-peak",350,480,NA,NA,"Group/Condition Differences","Amplitude","0","0","Non-parametric comparison","0",NA,"1","T3, C3, C4, T4, F8, T5, P3, Pz, P4, T6, O1, O2","R-peak",350,480,"","","manual","Unknown","Other",0,TRUE,FALSE,"Rest",TRUE,FALSE,FALSE,NA,FALSE,FALSE,FALSE,FALSE,FALSE,FALSE,"R-peak","Unknown","None",NA,"Primary","G et al. (1998)",2000,NA,2000
16411629,"Suppression of the cardiac electric field artifact from the heart action evoked potential","Pérez JJ, Guijarro E, Barcia JA",2005,0,11,"1","EEG",4,"standard61","Fpz, C5, C6, Oz",15,"5","Multiple
leads","Right wrist, Left wrist, Left leg, Sternum, Upper back","unknown","Cz","Cz",0.1,35,"0","0","",NA,"","","subtract/regress ECG from EEG","","Fpz, Oz",1,1,"[est758]","Primary","R-peak",-100,700,NA,NA,"Correlation","Amplitude","1","0","Correlation","0",NA,"unknown","","",NA,NA,"ECG","est number of trials = 8348 for all participants / 11 participants","manual","Unknown","Other",0,TRUE,FALSE,"Rest",FALSE,FALSE,FALSE,NA,FALSE,FALSE,FALSE,TRUE,FALSE,FALSE,"R-peak","Unknown","None",NA,"Primary","Pérez et al. (2005)",758,NA,NA
16411629,"Suppression of the cardiac electric field artifact from the heart action evoked potential","Pérez JJ, Guijarro E, Barcia JA",2005,0,11,"1","EEG",4,"standard61","Fpz, C5, C6, Oz",15,"5","Multiple
leads","Right wrist, Left wrist, Left leg, Sternum, Upper back","unknown","Cz","Cz",0.1,35,"0","0","",NA,"","","subtract/regress ECG from EEG","","C5, C6",1,1,"[est758]","Primary","R-peak",-100,700,NA,NA,"Correlation","Amplitude","1","0","Correlation","0",NA,"unknown","","",NA,NA,"ECG","est number of trials = 8348 for all participants / 11 participants","manual","Unknown","Other",0,TRUE,FALSE,"Rest",FALSE,FALSE,FALSE,NA,FALSE,FALSE,FALSE,TRUE,FALSE,FALSE,"R-peak","Unknown","None",NA,"Primary","Pérez et al. (2005)",758,NA,NA
38582905,"Timing along the cardiac cycle modulates neural signals of reward-based learning","Fouragnan EF, Hosking B, Cheung Y, Prakash B, Rushworth M, Sel A",2024,0,32,"0","EEG",62,"standard61","Fp1, Fpz, Fp2, AF7, AF3, AF4, AF8, F7, F5, F3, F1, Fz, F2, F4, F6, F8, FT7, FC5, FC3, FC1, FCz, FC2, FC4, FC6, FT8, T7, C5, C3, C1, Cz, C2, C4, C6, T8, TP9, TP7, CP5, CP3, CP1, CPz, CP2, CP4, CP6, TP8, TP10, P7, P5, P3, P1, Pz, P2, P4, P6, P8, PO7, PO3, POz, PO4, PO8, O1, Oz, O2",NA,"1","N/C","Left chest","unknown","Right mastoid","Common average",0.5,40,"1","1","Blinks, CFA, Eye movements",NA,"Manual","Topography, Time course","","Noisy Epochs, Manual removal of artifacts","Fp1, Fpz, Fp2, AF7, AF3, AF4, AF8, F7, F5, F3, F1, Fz, F2, F4, F6, F8, FT7, FC5, FC3, FC1, FCz, FC2, FC4, FC6, FT8, T7, C5, C3, C1, Cz, C2, C4, C6, T8, TP9, TP7, CP5, CP3, CP1, CPz, CP2, CP4, CP6, TP8, TP10, P7, P5, P3, P1, Pz, P2, P4, P6, P8, PO7, PO3, POz, PO4, PO8, O1, Oz, O2",1,1,"480","Primary","R-peak",100,500,-150,-50,"Group/Condition Differences","Amplitude","0","0","t-test","1",5000,"1","F1, Fz, F2, FC1, FCz, FC2, C1, Cz, C2, CP1, CPz, CP2","R-peak",100,500,"","","manual","Yes","Clustering",0,FALSE,TRUE,"Task",TRUE,FALSE,TRUE,NA,FALSE,FALSE,FALSE,FALSE,FALSE,FALSE,"R-peak","Yes","Both","Clustering","Both","Fouragnan et al. (2024)",480,NA,480
38582905,"Timing along the cardiac cycle modulates neural signals of reward-based learning","Fouragnan EF, Hosking B, Cheung Y, Prakash B, Rushworth M, Sel A",2024,0,32,"0","EEG",62,"standard61","Fp1, Fpz, Fp2, AF7, AF3, AF4, AF8, F7, F5, F3, F1, Fz, F2, F4, F6, F8, FT7, FC5, FC3, FC1, FCz, FC2, FC4, FC6, FT8, T7, C5, C3, C1, Cz, C2, C4, C6, T8, TP9, TP7, CP5, CP3, CP1, CPz, CP2, CP4, CP6, TP8, TP10, P7, P5, P3, P1, Pz, P2, P4, P6, P8, PO7, PO3, POz, PO4, PO8, O1, Oz, O2",NA,"1","N/C","Left chest","unknown","Right mastoid","Common average",0.5,40,"1","1","Blinks, CFA, Eye movements",NA,"Manual","Topography, Time course","","Noisy Epochs, Manual removal of artifacts","F1, Fz, F2, FC1, FCz, FC2",1,2,"unknown","Secondary","R-peak",100,600,-150,-50,"Group/Condition Differences","Amplitude","1","0","t-test","1",5000,"1","F1, Fz, F2, FC1, FCz, FC2","R-peak",198,252,"Surrogate heartbeats","","manual","Yes","Clustering",0,FALSE,TRUE,"Task",TRUE,FALSE,TRUE,NA,FALSE,FALSE,FALSE,FALSE,FALSE,FALSE,"R-peak","Yes","Both","Clustering","Both","Fouragnan et al. (2024)",NA,NA,NA
38582905,"Timing along the cardiac cycle modulates neural signals of reward-based learning","Fouragnan EF, Hosking B, Cheung Y, Prakash B, Rushworth M, Sel A",2024,0,32,"0","EEG",62,"standard61","Fp1, Fpz, Fp2, AF7, AF3, AF4, AF8, F7, F5, F3, F1, Fz, F2, F4, F6, F8, FT7, FC5, FC3, FC1, FCz, FC2, FC4, FC6, FT8, T7, C5, C3, C1, Cz, C2, C4, C6, T8, TP9, TP7, CP5, CP3, CP1, CPz, CP2, CP4, CP6, TP8, TP10, P7, P5, P3, P1, Pz, P2, P4, P6, P8, PO7, PO3, POz, PO4, PO8, O1, Oz, O2",NA,"1","N/C","Left chest","unknown","Right mastoid","Common average",0.5,40,"1","1","Blinks, CFA, Eye movements",NA,"Manual","Topography, Time course","","Noisy Epochs, Manual removal of artifacts","C1, Cz, C2, CP1, CPz, CP2",1,2,"unknown","Secondary","R-peak",100,600,-150,-50,"Group/Condition Differences","Amplitude","1","0","t-test","1",5000,"1","C1, Cz, C2, CP1, CPz, CP2","R-peak",252,464,"Surrogate heartbeats","","manual","Yes","Clustering",0,FALSE,TRUE,"Task",TRUE,FALSE,TRUE,NA,FALSE,FALSE,FALSE,FALSE,FALSE,FALSE,"R-peak","Yes","Both","Clustering","Both","Fouragnan et al. (2024)",NA,NA,NA
38582905,"Timing along the cardiac cycle modulates neural signals of reward-based learning","Fouragnan EF, Hosking B, Cheung Y, Prakash B, Rushworth M, Sel A",2024,0,32,"0","EEG",62,"standard61","Fp1, Fpz, Fp2, AF7, AF3, AF4, AF8, F7, F5, F3, F1, Fz, F2, F4, F6, F8, FT7, FC5, FC3, FC1, FCz, FC2, FC4, FC6, FT8, T7, C5, C3, C1, Cz, C2, C4, C6, T8, TP9, TP7, CP5, CP3, CP1, CPz, CP2, CP4, CP6, TP8, TP10, P7, P5, P3, P1, Pz, P2, P4, P6, P8, PO7, PO3, POz, PO4, PO8, O1, Oz, O2",NA,"1","N/C","Left chest","unknown","Right mastoid","Common average",0.5,40,"1","1","Blinks, CFA, Eye movements",NA,"Manual","Topography, Time course","","Noisy Epochs, Manual removal of artifacts","Fp1, Fpz, Fp2, AF7, AF3, AF4, AF8, F7, F5, F3, F1, Fz, F2, F4, F6, F8, FT7, FC5, FC3, FC1, FCz, FC2, FC4, FC6, FT8, T7, C5, C3, C1, Cz, C2, C4, C6, T8, TP9, TP7, CP5, CP3, CP1, CPz, CP2, CP4, CP6, TP8, TP10, P7, P5, P3, P1, Pz, P2, P4, P6, P8, PO7, PO3, POz, PO4, PO8, O1, Oz, O2",1,2,"unknown","Primary","R-peak",-100,600,-150,-50,"Group/Condition Differences","Amplitude","0","0","Classification","0",NA,"1","","",NA,NA,"","","manual","Yes","Other",0,FALSE,TRUE,"Task",TRUE,FALSE,TRUE,NA,FALSE,FALSE,FALSE,FALSE,FALSE,FALSE,"R-peak","Yes","Both",NA,"Both","Fouragnan et al. (2024)",NA,NA,NA
38582905,"Timing along the cardiac cycle modulates neural signals of reward-based learning","Fouragnan EF, Hosking B, Cheung Y, Prakash B, Rushworth M, Sel A",2024,0,32,"0","EEG",62,"standard61","Fp1, Fpz, Fp2, AF7, AF3, AF4, AF8, F7, F5, F3, F1, Fz, F2, F4, F6, F8, FT7, FC5, FC3, FC1, FCz, FC2, FC4, FC6, FT8, T7, C5, C3, C1, Cz, C2, C4, C6, T8, TP9, TP7, CP5, CP3, CP1, CPz, CP2, CP4, CP6, TP8, TP10, P7, P5, P3, P1, Pz, P2, P4, P6, P8, PO7, PO3, POz, PO4, PO8, O1, Oz, O2",NA,"1","N/C","Left chest","unknown","Right mastoid","Common average",0.5,40,"1","1","Blinks, CFA, Eye movements",NA,"Manual","Topography, Time course","","Noisy Epochs, Manual removal of artifacts","F1, Fz, F2, FC1, FCz, FC2",1,2,"unknown","Secondary","R-peak",198,252,-150,-50,"Group/Condition Differences","Amplitude","1","1","Regression","0",NA,"none","","",NA,NA,"","","manual","Yes","Averaging",1,FALSE,TRUE,"Task",TRUE,FALSE,TRUE,NA,FALSE,FALSE,FALSE,FALSE,FALSE,FALSE,"R-peak","Yes","Both","Averaging","Both","Fouragnan et al. (2024)",NA,NA,NA
38582905,"Timing along the cardiac cycle modulates neural signals of reward-based learning","Fouragnan EF, Hosking B, Cheung Y, Prakash B, Rushworth M, Sel A",2024,0,32,"0","EEG",62,"standard61","Fp1, Fpz, Fp2, AF7, AF3, AF4, AF8, F7, F5, F3, F1, Fz, F2, F4, F6, F8, FT7, FC5, FC3, FC1, FCz, FC2, FC4, FC6, FT8, T7, C5, C3, C1, Cz, C2, C4, C6, T8, TP9, TP7, CP5, CP3, CP1, CPz, CP2, CP4, CP6, TP8, TP10, P7, P5, P3, P1, Pz, P2, P4, P6, P8, PO7, PO3, POz, PO4, PO8, O1, Oz, O2",NA,"1","N/C","Left chest","unknown","Right mastoid","Common average",0.5,40,"1","1","Blinks, CFA, Eye movements",NA,"Manual","Topography, Time course","","Noisy Epochs, Manual removal of artifacts","C1, Cz, C2, CP1, CPz, CP2",1,2,"unknown","Secondary","R-peak",252,464,-150,-50,"Group/Condition Differences","Amplitude","1","1","Regression","0",NA,"none","","",NA,NA,"","","manual","Yes","Averaging",1,FALSE,TRUE,"Task",TRUE,FALSE,TRUE,NA,FALSE,FALSE,FALSE,FALSE,FALSE,FALSE,"R-peak","Yes","Both","Averaging","Both","Fouragnan et al. (2024)",NA,NA,NA
